solid OpenSCAD_Model
  facet normal 0.995189 1.35322e-05 -0.0979787
    outer loop
      vertex 23.9385 4.70698 -1.67187
      vertex 23.9486 1.9 -1.56967
      vertex 23.9062 4.32645 -2
    endloop
  endfacet
  facet normal 0.995152 0 -0.0983467
    outer loop
      vertex 23.9486 1.9 -1.56967
      vertex 23.9385 4.70698 -1.67187
      vertex 23.9486 4.83092 -1.56967
    endloop
  endfacet
  facet normal 0.995187 1.09471e-05 -0.0979931
    outer loop
      vertex 23.7947 1.9 -3.13263
      vertex 23.9062 4.32645 -2
      vertex 23.9486 1.9 -1.56967
    endloop
  endfacet
  facet normal 0.995189 0 -0.0979699
    outer loop
      vertex 23.9062 4.32645 -2
      vertex 23.7947 1.9 -3.13263
      vertex 23.7947 4.40639 -3.13263
    endloop
  endfacet
  facet normal 0.995187 -1.09469e-05 -0.0979931
    outer loop
      vertex 23.9486 18.1 -1.56967
      vertex 23.9062 15.6735 -2
      vertex 23.7947 18.1 -3.13263
    endloop
  endfacet
  facet normal 0.995189 -1.35322e-05 -0.0979787
    outer loop
      vertex 23.9486 18.1 -1.56967
      vertex 23.9385 15.293 -1.67187
      vertex 23.9062 15.6735 -2
    endloop
  endfacet
  facet normal 0.995152 0 -0.0983467
    outer loop
      vertex 23.9385 15.293 -1.67187
      vertex 23.9486 18.1 -1.56967
      vertex 23.9486 15.1691 -1.56967
    endloop
  endfacet
  facet normal 0.995189 0 -0.0979699
    outer loop
      vertex 23.7947 18.1 -3.13263
      vertex 23.9062 15.6735 -2
      vertex 23.7947 15.5936 -3.13263
    endloop
  endfacet
  facet normal 0.999464 0 -0.0327282
    outer loop
      vertex 24 18.1 0
      vertex 23.9486 15.1691 -1.56967
      vertex 23.9486 18.1 -1.56967
    endloop
  endfacet
  facet normal 0.999466 -2.35822e-05 -0.0326842
    outer loop
      vertex 24 18.1 0
      vertex 23.958 14.8046 -1.28196
      vertex 23.9486 15.1691 -1.56967
    endloop
  endfacet
  facet normal 0.999466 -2.95264e-05 -0.0326689
    outer loop
      vertex 24 18.1 0
      vertex 23.9632 14.6028 -1.12269
      vertex 23.958 14.8046 -1.28196
    endloop
  endfacet
  facet normal 0.999462 7.07439e-06 -0.0327828
    outer loop
      vertex 24 18.1 0
      vertex 23.9646 14.5457 -1.08002
      vertex 23.9632 14.6028 -1.12269
    endloop
  endfacet
  facet normal 0.999441 0.000208148 -0.0334438
    outer loop
      vertex 24 18.1 0
      vertex 23.9673 14.4385 -1
      vertex 23.9646 14.5457 -1.08002
    endloop
  endfacet
  facet normal 0.999466 0 -0.0326825
    outer loop
      vertex 24 18.1 0
      vertex 23.9673 5.5615 -1
      vertex 23.9673 14.4385 -1
    endloop
  endfacet
  facet normal 0.999466 0 -0.0326825
    outer loop
      vertex 24 1.9 0
      vertex 23.9673 5.5615 -1
      vertex 24 18.1 0
    endloop
  endfacet
  facet normal 0.999441 -0.000208153 -0.0334439
    outer loop
      vertex 24 1.9 0
      vertex 23.9646 5.45431 -1.08002
      vertex 23.9673 5.5615 -1
    endloop
  endfacet
  facet normal 0.999462 -7.07223e-06 -0.0327828
    outer loop
      vertex 24 1.9 0
      vertex 23.9632 5.39715 -1.12269
      vertex 23.9646 5.45431 -1.08002
    endloop
  endfacet
  facet normal 0.999466 2.95284e-05 -0.0326689
    outer loop
      vertex 24 1.9 0
      vertex 23.958 5.19539 -1.28196
      vertex 23.9632 5.39715 -1.12269
    endloop
  endfacet
  facet normal 0.999466 2.35829e-05 -0.0326842
    outer loop
      vertex 24 1.9 0
      vertex 23.9486 4.83092 -1.56967
      vertex 23.958 5.19539 -1.28196
    endloop
  endfacet
  facet normal 0.999464 0 -0.0327282
    outer loop
      vertex 23.9486 4.83092 -1.56967
      vertex 24 1.9 0
      vertex 23.9486 1.9 -1.56967
    endloop
  endfacet
  facet normal 0.986646 0 -0.16288
    outer loop
      vertex 23.7947 1.9 -3.13263
      vertex 23.7387 4.44653 -3.47185
      vertex 23.7947 4.40639 -3.13263
    endloop
  endfacet
  facet normal 0.986636 -8.04071e-06 -0.162939
    outer loop
      vertex 23.5388 1.9 -4.68217
      vertex 23.7387 4.44653 -3.47185
      vertex 23.7947 1.9 -3.13263
    endloop
  endfacet
  facet normal 0.986633 0 -0.162955
    outer loop
      vertex 23.7387 4.44653 -3.47185
      vertex 23.5388 1.9 -4.68217
      vertex 23.5388 4.61052 -4.68217
    endloop
  endfacet
  facet normal 0.986646 0 -0.16288
    outer loop
      vertex 23.7387 15.5535 -3.47185
      vertex 23.7947 18.1 -3.13263
      vertex 23.7947 15.5936 -3.13263
    endloop
  endfacet
  facet normal 0.986636 8.04081e-06 -0.162939
    outer loop
      vertex 23.7947 18.1 -3.13263
      vertex 23.7387 15.5535 -3.47185
      vertex 23.5388 18.1 -4.68217
    endloop
  endfacet
  facet normal 0.986633 0 -0.162955
    outer loop
      vertex 23.5388 18.1 -4.68217
      vertex 23.7387 15.5535 -3.47185
      vertex 23.5388 15.3895 -4.68217
    endloop
  endfacet
  facet normal 0.849216 0 -0.528046
    outer loop
      vertex 20.7846 1.9 -12
      vertex 19.9553 18.1 -13.3337
      vertex 20.7846 18.1 -12
    endloop
  endfacet
  facet normal 0.849216 0 -0.528046
    outer loop
      vertex 19.9553 18.1 -13.3337
      vertex 20.7846 1.9 -12
      vertex 19.9553 1.9 -13.3337
    endloop
  endfacet
  facet normal -0.290287 0 -0.95694
    outer loop
      vertex -7.71455 1.9 -22.7263
      vertex -6.21166 18.1 -23.1822
      vertex -6.21166 1.9 -23.1822
    endloop
  endfacet
  facet normal -0.290287 0 -0.95694
    outer loop
      vertex -6.21166 18.1 -23.1822
      vertex -7.71455 1.9 -22.7263
      vertex -7.71455 18.1 -22.7263
    endloop
  endfacet
  facet normal 0.352243 0 -0.935909
    outer loop
      vertex 7.71455 1.9 -22.7263
      vertex 9.1844 18.1 -22.1731
      vertex 9.1844 1.9 -22.1731
    endloop
  endfacet
  facet normal 0.352243 0 -0.935909
    outer loop
      vertex 9.1844 18.1 -22.1731
      vertex 7.71455 1.9 -22.7263
      vertex 7.71455 18.1 -22.7263
    endloop
  endfacet
  facet normal -0.22706 0 -0.973881
    outer loop
      vertex -6.21166 1.9 -23.1822
      vertex -4.68217 18.1 -23.5388
      vertex -4.68217 1.9 -23.5388
    endloop
  endfacet
  facet normal -0.22706 0 -0.973881
    outer loop
      vertex -4.68217 18.1 -23.5388
      vertex -6.21166 1.9 -23.1822
      vertex -6.21166 18.1 -23.1822
    endloop
  endfacet
  facet normal 0.471371 0 -0.881935
    outer loop
      vertex 10.6149 1.9 -21.5249
      vertex 12 18.1 -20.7846
      vertex 12 1.9 -20.7846
    endloop
  endfacet
  facet normal 0.471371 0 -0.881935
    outer loop
      vertex 12 18.1 -20.7846
      vertex 10.6149 1.9 -21.5249
      vertex 10.6149 18.1 -21.5249
    endloop
  endfacet
  facet normal -0.986633 0 -0.162955
    outer loop
      vertex -23.5388 1.9 -4.68217
      vertex -23.7387 4.44653 -3.47185
      vertex -23.5388 4.61052 -4.68217
    endloop
  endfacet
  facet normal -0.986636 -8.04071e-06 -0.162939
    outer loop
      vertex -23.7947 1.9 -3.13263
      vertex -23.7387 4.44653 -3.47185
      vertex -23.5388 1.9 -4.68217
    endloop
  endfacet
  facet normal -0.986646 0 -0.16288
    outer loop
      vertex -23.7387 4.44653 -3.47185
      vertex -23.7947 1.9 -3.13263
      vertex -23.7947 4.40639 -3.13263
    endloop
  endfacet
  facet normal -0.986636 8.04081e-06 -0.162939
    outer loop
      vertex -23.7387 15.5535 -3.47185
      vertex -23.7947 18.1 -3.13263
      vertex -23.5388 18.1 -4.68217
    endloop
  endfacet
  facet normal -0.986646 -0 -0.16288
    outer loop
      vertex -23.7947 18.1 -3.13263
      vertex -23.7387 15.5535 -3.47185
      vertex -23.7947 15.5936 -3.13263
    endloop
  endfacet
  facet normal -0.986633 0 -0.162955
    outer loop
      vertex -23.7387 15.5535 -3.47185
      vertex -23.5388 18.1 -4.68217
      vertex -23.5388 15.3895 -4.68217
    endloop
  endfacet
  facet normal 0.0327282 0 -0.999464
    outer loop
      vertex 0 1.9 -24
      vertex 1.56967 18.1 -23.9486
      vertex 1.56967 1.9 -23.9486
    endloop
  endfacet
  facet normal 0.0327282 0 -0.999464
    outer loop
      vertex 1.56967 18.1 -23.9486
      vertex 0 1.9 -24
      vertex 0 18.1 -24
    endloop
  endfacet
  facet normal 0.683583 0 -0.729873
    outer loop
      vertex 15.8243 1.9 -18.0442
      vertex 16.9706 18.1 -16.9706
      vertex 16.9706 1.9 -16.9706
    endloop
  endfacet
  facet normal 0.683583 0 -0.729873
    outer loop
      vertex 16.9706 18.1 -16.9706
      vertex 15.8243 1.9 -18.0442
      vertex 15.8243 18.1 -18.0442
    endloop
  endfacet
  facet normal 0.528046 0 -0.849216
    outer loop
      vertex 12 1.9 -20.7846
      vertex 13.3337 18.1 -19.9553
      vertex 13.3337 1.9 -19.9553
    endloop
  endfacet
  facet normal 0.528046 0 -0.849216
    outer loop
      vertex 13.3337 18.1 -19.9553
      vertex 12 1.9 -20.7846
      vertex 12 18.1 -20.7846
    endloop
  endfacet
  facet normal -0.849216 0 -0.528046
    outer loop
      vertex -19.9553 1.9 -13.3337
      vertex -20.7846 18.1 -12
      vertex -19.9553 18.1 -13.3337
    endloop
  endfacet
  facet normal -0.849216 -0 -0.528046
    outer loop
      vertex -20.7846 18.1 -12
      vertex -19.9553 1.9 -13.3337
      vertex -20.7846 1.9 -12
    endloop
  endfacet
  facet normal 0.973898 0 -0.226984
    outer loop
      vertex 23.5388 1.9 -4.68217
      vertex 23.3846 4.73712 -5.34378
      vertex 23.5388 4.61052 -4.68217
    endloop
  endfacet
  facet normal 0.973881 -1.85756e-05 -0.22706
    outer loop
      vertex 23.1822 1.9 -6.21166
      vertex 23.3846 4.73712 -5.34378
      vertex 23.5388 1.9 -4.68217
    endloop
  endfacet
  facet normal 0.973867 0 -0.227118
    outer loop
      vertex 23.3846 4.73712 -5.34378
      vertex 23.1822 1.9 -6.21166
      vertex 23.1822 4.92665 -6.21166
    endloop
  endfacet
  facet normal 0.973898 0 -0.226984
    outer loop
      vertex 23.3846 15.2629 -5.34378
      vertex 23.5388 18.1 -4.68217
      vertex 23.5388 15.3895 -4.68217
    endloop
  endfacet
  facet normal 0.973881 1.85758e-05 -0.22706
    outer loop
      vertex 23.5388 18.1 -4.68217
      vertex 23.3846 15.2629 -5.34378
      vertex 23.1822 18.1 -6.21166
    endloop
  endfacet
  facet normal 0.973867 0 -0.227118
    outer loop
      vertex 23.1822 18.1 -6.21166
      vertex 23.3846 15.2629 -5.34378
      vertex 23.1822 15.0733 -6.21166
    endloop
  endfacet
  facet normal 0.910852 0 -0.412733
    outer loop
      vertex 22.1731 13.5292 -9.1844
      vertex 21.5249 18.1 -10.6149
      vertex 22.1731 18.1 -9.1844
    endloop
  endfacet
  facet normal 0.910551 -0.000250801 -0.413398
    outer loop
      vertex 22.162 13.4651 -9.20881
      vertex 21.5249 18.1 -10.6149
      vertex 22.1731 13.5292 -9.1844
    endloop
  endfacet
  facet normal 0.911246 0.000310828 -0.411862
    outer loop
      vertex 22.1472 13.3791 -9.24162
      vertex 21.5249 18.1 -10.6149
      vertex 22.162 13.4651 -9.20881
    endloop
  endfacet
  facet normal 0.910652 -0.000149363 -0.413174
    outer loop
      vertex 22.1293 13.2621 -9.28103
      vertex 21.5249 18.1 -10.6149
      vertex 22.1472 13.3791 -9.24162
    endloop
  endfacet
  facet normal 0.910833 -1.69735e-05 -0.412776
    outer loop
      vertex 22.0772 12.9208 -9.39598
      vertex 21.5249 18.1 -10.6149
      vertex 22.1293 13.2621 -9.28103
    endloop
  endfacet
  facet normal 0.910877 1.10034e-05 -0.412677
    outer loop
      vertex 22.0436 12.6669 -9.47015
      vertex 21.5249 18.1 -10.6149
      vertex 22.0772 12.9208 -9.39598
    endloop
  endfacet
  facet normal 0.911112 0.000142489 -0.412159
    outer loop
      vertex 22.0186 12.4775 -9.52548
      vertex 21.5249 18.1 -10.6149
      vertex 22.0436 12.6669 -9.47015
    endloop
  endfacet
  facet normal 0.910625 -0.000108291 -0.413233
    outer loop
      vertex 21.996 12.2764 -9.57523
      vertex 21.5249 18.1 -10.6149
      vertex 22.0186 12.4775 -9.52548
    endloop
  endfacet
  facet normal 0.910969 5.47928e-05 -0.412475
    outer loop
      vertex 21.9703 12.0468 -9.63202
      vertex 21.5249 18.1 -10.6149
      vertex 21.996 12.2764 -9.57523
    endloop
  endfacet
  facet normal 0.910733 -4.72202e-05 -0.412997
    outer loop
      vertex 21.9449 11.7703 -9.688
      vertex 21.5249 18.1 -10.6149
      vertex 21.9703 12.0468 -9.63202
    endloop
  endfacet
  facet normal 0.911158 0.000118679 -0.412057
    outer loop
      vertex 21.9317 11.626 -9.71723
      vertex 21.5249 18.1 -10.6149
      vertex 21.9449 11.7703 -9.688
    endloop
  endfacet
  facet normal 0.910372 -0.000171197 -0.413791
    outer loop
      vertex 21.9229 11.5035 -9.73654
      vertex 21.5249 18.1 -10.6149
      vertex 21.9317 11.626 -9.71723
    endloop
  endfacet
  facet normal 0.911015 5.62682e-05 -0.412374
    outer loop
      vertex 21.9022 11.213 -9.78231
      vertex 21.5249 18.1 -10.6149
      vertex 21.9229 11.5035 -9.73654
    endloop
  endfacet
  facet normal 0.911023 5.89107e-05 -0.412356
    outer loop
      vertex 21.8857 10.8887 -9.81881
      vertex 21.5249 18.1 -10.6149
      vertex 21.9022 11.213 -9.78231
    endloop
  endfacet
  facet normal 0.909751 -0.000313787 -0.415155
    outer loop
      vertex 21.8814 10.8056 -9.82817
      vertex 21.5249 18.1 -10.6149
      vertex 21.8857 10.8887 -9.81881
    endloop
  endfacet
  facet normal 0.911934 0.000312732 -0.410336
    outer loop
      vertex 21.8791 10.7289 -9.83334
      vertex 21.5249 18.1 -10.6149
      vertex 21.8814 10.8056 -9.82817
    endloop
  endfacet
  facet normal 0.910923 2.65954e-05 -0.412576
    outer loop
      vertex 21.8691 10.4018 -9.85544
      vertex 21.5249 18.1 -10.6149
      vertex 21.8791 10.7289 -9.83334
    endloop
  endfacet
  facet normal 0.910548 -7.18829e-05 -0.413404
    outer loop
      vertex 21.8656 10.0627 -9.86309
      vertex 21.5249 18.1 -10.6149
      vertex 21.8691 10.4018 -9.85544
    endloop
  endfacet
  facet normal 0.912666 0.000457355 -0.408706
    outer loop
      vertex 21.865 10 -9.8645
      vertex 21.5249 18.1 -10.6149
      vertex 21.8656 10.0627 -9.86309
    endloop
  endfacet
  facet normal 0.912666 -0.000457472 -0.408705
    outer loop
      vertex 21.5249 1.9 -10.6149
      vertex 21.865 10 -9.8645
      vertex 21.8656 9.93732 -9.86309
    endloop
  endfacet
  facet normal 0.910548 7.18863e-05 -0.413404
    outer loop
      vertex 21.5249 1.9 -10.6149
      vertex 21.8656 9.93732 -9.86309
      vertex 21.8691 9.59824 -9.85544
    endloop
  endfacet
  facet normal 0.910923 -2.65915e-05 -0.412576
    outer loop
      vertex 21.5249 1.9 -10.6149
      vertex 21.8691 9.59824 -9.85544
      vertex 21.8791 9.27106 -9.83334
    endloop
  endfacet
  facet normal 0.911935 -0.000312858 -0.410335
    outer loop
      vertex 21.5249 1.9 -10.6149
      vertex 21.8791 9.27106 -9.83334
      vertex 21.8814 9.19441 -9.82817
    endloop
  endfacet
  facet normal 0.911023 -5.89143e-05 -0.412356
    outer loop
      vertex 21.5249 1.9 -10.6149
      vertex 21.8857 9.1113 -9.81881
      vertex 21.9022 8.78704 -9.78231
    endloop
  endfacet
  facet normal 0.910852 0 -0.412733
    outer loop
      vertex 21.5249 1.9 -10.6149
      vertex 22.1731 6.47083 -9.1844
      vertex 22.1731 1.9 -9.1844
    endloop
  endfacet
  facet normal 0.91055 0.000250941 -0.413398
    outer loop
      vertex 22.1731 6.47083 -9.1844
      vertex 21.5249 1.9 -10.6149
      vertex 22.162 6.53485 -9.20881
    endloop
  endfacet
  facet normal 0.911246 -0.000310766 -0.411862
    outer loop
      vertex 22.162 6.53485 -9.20881
      vertex 21.5249 1.9 -10.6149
      vertex 22.1472 6.62089 -9.24162
    endloop
  endfacet
  facet normal 0.910652 0.000149375 -0.413174
    outer loop
      vertex 22.1472 6.62089 -9.24162
      vertex 21.5249 1.9 -10.6149
      vertex 22.1293 6.73787 -9.28103
    endloop
  endfacet
  facet normal 0.910833 1.69734e-05 -0.412776
    outer loop
      vertex 22.1293 6.73787 -9.28103
      vertex 21.5249 1.9 -10.6149
      vertex 22.0772 7.07918 -9.39598
    endloop
  endfacet
  facet normal 0.910877 -1.10036e-05 -0.412677
    outer loop
      vertex 22.0772 7.07918 -9.39598
      vertex 21.5249 1.9 -10.6149
      vertex 22.0436 7.33307 -9.47015
    endloop
  endfacet
  facet normal 0.911112 -0.000142496 -0.412159
    outer loop
      vertex 22.0436 7.33307 -9.47015
      vertex 21.5249 1.9 -10.6149
      vertex 22.0186 7.52245 -9.52548
    endloop
  endfacet
  facet normal 0.910625 0.000108277 -0.413233
    outer loop
      vertex 22.0186 7.52245 -9.52548
      vertex 21.5249 1.9 -10.6149
      vertex 21.996 7.72361 -9.57523
    endloop
  endfacet
  facet normal 0.910969 -5.47947e-05 -0.412475
    outer loop
      vertex 21.996 7.72361 -9.57523
      vertex 21.5249 1.9 -10.6149
      vertex 21.9703 7.95319 -9.63202
    endloop
  endfacet
  facet normal 0.910733 4.72225e-05 -0.412997
    outer loop
      vertex 21.9703 7.95319 -9.63202
      vertex 21.5249 1.9 -10.6149
      vertex 21.9449 8.22966 -9.688
    endloop
  endfacet
  facet normal 0.911158 -0.000118673 -0.412057
    outer loop
      vertex 21.9449 8.22966 -9.688
      vertex 21.5249 1.9 -10.6149
      vertex 21.9317 8.37398 -9.71723
    endloop
  endfacet
  facet normal 0.910372 0.000171171 -0.413791
    outer loop
      vertex 21.9317 8.37398 -9.71723
      vertex 21.5249 1.9 -10.6149
      vertex 21.9229 8.49652 -9.73654
    endloop
  endfacet
  facet normal 0.911015 -5.62663e-05 -0.412374
    outer loop
      vertex 21.9229 8.49652 -9.73654
      vertex 21.5249 1.9 -10.6149
      vertex 21.9022 8.78704 -9.78231
    endloop
  endfacet
  facet normal 0.909751 0.000313769 -0.415155
    outer loop
      vertex 21.8857 9.1113 -9.81881
      vertex 21.5249 1.9 -10.6149
      vertex 21.8814 9.19441 -9.82817
    endloop
  endfacet
  facet normal 0.910819 0 -0.412806
    outer loop
      vertex 21.865 10 -9.8645
      vertex 21.5249 1.9 -10.6149
      vertex 21.5249 18.1 -10.6149
    endloop
  endfacet
  facet normal 0.95698 0 -0.290154
    outer loop
      vertex 23.1822 1.9 -6.21166
      vertex 23.0503 5.05025 -6.64669
      vertex 23.1822 4.92665 -6.21166
    endloop
  endfacet
  facet normal 0.95694 -2.00072e-05 -0.290287
    outer loop
      vertex 22.7263 1.9 -7.71455
      vertex 23.0503 5.05025 -6.64669
      vertex 23.1822 1.9 -6.21166
    endloop
  endfacet
  facet normal 0.956923 4.00917e-07 -0.290342
    outer loop
      vertex 23.0503 5.05025 -6.64669
      vertex 22.7263 1.9 -7.71455
      vertex 22.7371 5.38458 -7.67895
    endloop
  endfacet
  facet normal 0.956934 0 -0.290306
    outer loop
      vertex 22.7371 5.38458 -7.67895
      vertex 22.7263 1.9 -7.71455
      vertex 22.7263 5.39774 -7.71455
    endloop
  endfacet
  facet normal 0.95698 0 -0.290154
    outer loop
      vertex 23.0503 14.9497 -6.64669
      vertex 23.1822 18.1 -6.21166
      vertex 23.1822 15.0733 -6.21166
    endloop
  endfacet
  facet normal 0.95694 2.00069e-05 -0.290287
    outer loop
      vertex 23.1822 18.1 -6.21166
      vertex 23.0503 14.9497 -6.64669
      vertex 22.7263 18.1 -7.71455
    endloop
  endfacet
  facet normal 0.956923 -4.00915e-07 -0.290342
    outer loop
      vertex 22.7371 14.6154 -7.67895
      vertex 22.7263 18.1 -7.71455
      vertex 23.0503 14.9497 -6.64669
    endloop
  endfacet
  facet normal 0.956934 0 -0.290306
    outer loop
      vertex 22.7263 18.1 -7.71455
      vertex 22.7371 14.6154 -7.67895
      vertex 22.7263 14.6023 -7.71455
    endloop
  endfacet
  facet normal 0.634392 0 -0.773012
    outer loop
      vertex 14.6103 1.9 -19.0405
      vertex 15.8243 18.1 -18.0442
      vertex 15.8243 1.9 -18.0442
    endloop
  endfacet
  facet normal 0.634392 0 -0.773012
    outer loop
      vertex 15.8243 18.1 -18.0442
      vertex 14.6103 1.9 -19.0405
      vertex 14.6103 18.1 -19.0405
    endloop
  endfacet
  facet normal -0.995189 -0 -0.0979699
    outer loop
      vertex -23.7947 4.40639 -3.13263
      vertex -23.7947 1.9 -3.13263
      vertex -23.9062 4.32645 -2
    endloop
  endfacet
  facet normal -0.995187 1.09471e-05 -0.0979931
    outer loop
      vertex -23.9486 1.9 -1.56967
      vertex -23.9062 4.32645 -2
      vertex -23.7947 1.9 -3.13263
    endloop
  endfacet
  facet normal -0.995189 1.35322e-05 -0.0979787
    outer loop
      vertex -23.9062 4.32645 -2
      vertex -23.9486 1.9 -1.56967
      vertex -23.9385 4.70698 -1.67187
    endloop
  endfacet
  facet normal -0.995152 0 -0.0983467
    outer loop
      vertex -23.9385 4.70698 -1.67187
      vertex -23.9486 1.9 -1.56967
      vertex -23.9486 4.83092 -1.56967
    endloop
  endfacet
  facet normal -0.995187 -1.09469e-05 -0.0979931
    outer loop
      vertex -23.7947 18.1 -3.13263
      vertex -23.9062 15.6735 -2
      vertex -23.9486 18.1 -1.56967
    endloop
  endfacet
  facet normal -0.995189 0 -0.0979699
    outer loop
      vertex -23.9062 15.6735 -2
      vertex -23.7947 18.1 -3.13263
      vertex -23.7947 15.5936 -3.13263
    endloop
  endfacet
  facet normal -0.995189 -1.35322e-05 -0.0979787
    outer loop
      vertex -23.9385 15.293 -1.67187
      vertex -23.9486 18.1 -1.56967
      vertex -23.9062 15.6735 -2
    endloop
  endfacet
  facet normal -0.995152 -0 -0.0983467
    outer loop
      vertex -23.9486 18.1 -1.56967
      vertex -23.9385 15.293 -1.67187
      vertex -23.9486 15.1691 -1.56967
    endloop
  endfacet
  facet normal -0.582478 0 -0.812846
    outer loop
      vertex -14.6103 1.9 -19.0405
      vertex -13.3337 18.1 -19.9553
      vertex -13.3337 1.9 -19.9553
    endloop
  endfacet
  facet normal -0.582478 0 -0.812846
    outer loop
      vertex -13.3337 18.1 -19.9553
      vertex -14.6103 1.9 -19.0405
      vertex -14.6103 18.1 -19.0405
    endloop
  endfacet
  facet normal -0.812846 0 -0.582478
    outer loop
      vertex -19.0405 1.9 -14.6103
      vertex -19.9553 18.1 -13.3337
      vertex -19.0405 18.1 -14.6103
    endloop
  endfacet
  facet normal -0.812846 -0 -0.582478
    outer loop
      vertex -19.9553 18.1 -13.3337
      vertex -19.0405 1.9 -14.6103
      vertex -19.9553 1.9 -13.3337
    endloop
  endfacet
  facet normal -0.95694 2.00069e-05 -0.290287
    outer loop
      vertex -23.0503 14.9497 -6.64669
      vertex -23.1822 18.1 -6.21166
      vertex -22.7263 18.1 -7.71455
    endloop
  endfacet
  facet normal -0.95698 -0 -0.290154
    outer loop
      vertex -23.1822 18.1 -6.21166
      vertex -23.0503 14.9497 -6.64669
      vertex -23.1822 15.0733 -6.21166
    endloop
  endfacet
  facet normal -0.956923 -4.00915e-07 -0.290342
    outer loop
      vertex -22.7263 18.1 -7.71455
      vertex -22.7371 14.6154 -7.67895
      vertex -23.0503 14.9497 -6.64669
    endloop
  endfacet
  facet normal -0.956934 0 -0.290306
    outer loop
      vertex -22.7371 14.6154 -7.67895
      vertex -22.7263 18.1 -7.71455
      vertex -22.7263 14.6023 -7.71455
    endloop
  endfacet
  facet normal -0.956934 0 -0.290306
    outer loop
      vertex -22.7263 1.9 -7.71455
      vertex -22.7371 5.38458 -7.67895
      vertex -22.7263 5.39774 -7.71455
    endloop
  endfacet
  facet normal -0.956923 4.00917e-07 -0.290342
    outer loop
      vertex -22.7263 1.9 -7.71455
      vertex -23.0503 5.05025 -6.64669
      vertex -22.7371 5.38458 -7.67895
    endloop
  endfacet
  facet normal -0.95694 -2.00072e-05 -0.290287
    outer loop
      vertex -23.1822 1.9 -6.21166
      vertex -23.0503 5.05025 -6.64669
      vertex -22.7263 1.9 -7.71455
    endloop
  endfacet
  facet normal -0.95698 0 -0.290154
    outer loop
      vertex -23.0503 5.05025 -6.64669
      vertex -23.1822 1.9 -6.21166
      vertex -23.1822 4.92665 -6.21166
    endloop
  endfacet
  facet normal 0.812846 0 -0.582478
    outer loop
      vertex 19.9553 1.9 -13.3337
      vertex 19.0405 18.1 -14.6103
      vertex 19.9553 18.1 -13.3337
    endloop
  endfacet
  facet normal 0.812846 0 -0.582478
    outer loop
      vertex 19.0405 18.1 -14.6103
      vertex 19.9553 1.9 -13.3337
      vertex 19.0405 1.9 -14.6103
    endloop
  endfacet
  facet normal 0.881935 0 -0.471371
    outer loop
      vertex 21.5249 1.9 -10.6149
      vertex 20.7846 18.1 -12
      vertex 21.5249 18.1 -10.6149
    endloop
  endfacet
  facet normal 0.881935 0 -0.471371
    outer loop
      vertex 20.7846 18.1 -12
      vertex 21.5249 1.9 -10.6149
      vertex 20.7846 1.9 -12
    endloop
  endfacet
  facet normal 0.290287 0 -0.95694
    outer loop
      vertex 6.21166 1.9 -23.1822
      vertex 7.71455 18.1 -22.7263
      vertex 7.71455 1.9 -22.7263
    endloop
  endfacet
  facet normal 0.290287 0 -0.95694
    outer loop
      vertex 7.71455 18.1 -22.7263
      vertex 6.21166 1.9 -23.1822
      vertex 6.21166 18.1 -23.1822
    endloop
  endfacet
  facet normal -0.352243 0 -0.935909
    outer loop
      vertex -9.1844 1.9 -22.1731
      vertex -7.71455 18.1 -22.7263
      vertex -7.71455 1.9 -22.7263
    endloop
  endfacet
  facet normal -0.352243 0 -0.935909
    outer loop
      vertex -7.71455 18.1 -22.7263
      vertex -9.1844 1.9 -22.1731
      vertex -9.1844 18.1 -22.1731
    endloop
  endfacet
  facet normal -0.683583 0 -0.729873
    outer loop
      vertex -16.9706 1.9 -16.9706
      vertex -15.8243 18.1 -18.0442
      vertex -15.8243 1.9 -18.0442
    endloop
  endfacet
  facet normal -0.683583 0 -0.729873
    outer loop
      vertex -15.8243 18.1 -18.0442
      vertex -16.9706 1.9 -16.9706
      vertex -16.9706 18.1 -16.9706
    endloop
  endfacet
  facet normal -0.881935 0 -0.471371
    outer loop
      vertex -20.7846 1.9 -12
      vertex -21.5249 18.1 -10.6149
      vertex -20.7846 18.1 -12
    endloop
  endfacet
  facet normal -0.881935 -0 -0.471371
    outer loop
      vertex -21.5249 18.1 -10.6149
      vertex -20.7846 1.9 -12
      vertex -21.5249 1.9 -10.6149
    endloop
  endfacet
  facet normal 0.582478 0 -0.812846
    outer loop
      vertex 13.3337 1.9 -19.9553
      vertex 14.6103 18.1 -19.0405
      vertex 14.6103 1.9 -19.0405
    endloop
  endfacet
  facet normal 0.582478 0 -0.812846
    outer loop
      vertex 14.6103 18.1 -19.0405
      vertex 13.3337 1.9 -19.9553
      vertex 13.3337 18.1 -19.9553
    endloop
  endfacet
  facet normal -0.0327282 0 -0.999464
    outer loop
      vertex -1.56967 1.9 -23.9486
      vertex 0 18.1 -24
      vertex 0 1.9 -24
    endloop
  endfacet
  facet normal -0.0327282 0 -0.999464
    outer loop
      vertex 0 18.1 -24
      vertex -1.56967 1.9 -23.9486
      vertex -1.56967 18.1 -23.9486
    endloop
  endfacet
  facet normal -0.729873 0 -0.683583
    outer loop
      vertex -16.9706 1.9 -16.9706
      vertex -18.0442 18.1 -15.8243
      vertex -16.9706 18.1 -16.9706
    endloop
  endfacet
  facet normal -0.729873 -0 -0.683583
    outer loop
      vertex -18.0442 18.1 -15.8243
      vertex -16.9706 1.9 -16.9706
      vertex -18.0442 1.9 -15.8243
    endloop
  endfacet
  facet normal 0.935547 -0.00228795 -0.353195
    outer loop
      vertex 22.2593 6 -8.9555
      vertex 22.4465 5.73867 -8.45795
      vertex 22.2425 6 -9
    endloop
  endfacet
  facet normal 0.936241 0 -0.351358
    outer loop
      vertex 22.2425 6 -9
      vertex 22.2261 6.12136 -9.0437
      vertex 22.2425 6.02337 -9
    endloop
  endfacet
  facet normal 0.916562 -0.0199564 -0.399394
    outer loop
      vertex 22.2425 6 -9
      vertex 22.2229 6.1399 -9.05197
      vertex 22.2261 6.12136 -9.0437
    endloop
  endfacet
  facet normal 0.935695 2.94644e-05 -0.352809
    outer loop
      vertex 22.1731 1.9 -9.1844
      vertex 22.2229 6.1399 -9.05197
      vertex 22.2425 6 -9
    endloop
  endfacet
  facet normal 0.935909 0 -0.352243
    outer loop
      vertex 22.1731 1.9 -9.1844
      vertex 22.7263 5.39774 -7.71455
      vertex 22.7263 1.9 -7.71455
    endloop
  endfacet
  facet normal 0.935905 4.57189e-06 -0.352253
    outer loop
      vertex 22.7263 5.39774 -7.71455
      vertex 22.1731 1.9 -9.1844
      vertex 22.4465 5.73867 -8.45795
    endloop
  endfacet
  facet normal 0.935913 -2.76166e-07 -0.35223
    outer loop
      vertex 22.4465 5.73867 -8.45795
      vertex 22.1731 1.9 -9.1844
      vertex 22.2425 6 -9
    endloop
  endfacet
  facet normal 0.936006 0 -0.351983
    outer loop
      vertex 22.2229 6.1399 -9.05197
      vertex 22.1731 1.9 -9.1844
      vertex 22.1731 6.47083 -9.1844
    endloop
  endfacet
  facet normal 0.935909 0 -0.352243
    outer loop
      vertex 22.7263 14.6023 -7.71455
      vertex 22.1731 18.1 -9.1844
      vertex 22.7263 18.1 -7.71455
    endloop
  endfacet
  facet normal 0.935905 -4.57178e-06 -0.352253
    outer loop
      vertex 22.4465 14.2613 -8.45795
      vertex 22.1731 18.1 -9.1844
      vertex 22.7263 14.6023 -7.71455
    endloop
  endfacet
  facet normal 0.935547 0.00228821 -0.353195
    outer loop
      vertex 22.2425 14 -9
      vertex 22.4465 14.2613 -8.45795
      vertex 22.2593 14 -8.9555
    endloop
  endfacet
  facet normal 0.935913 2.76167e-07 -0.35223
    outer loop
      vertex 22.4465 14.2613 -8.45795
      vertex 22.2425 14 -9
      vertex 22.1731 18.1 -9.1844
    endloop
  endfacet
  facet normal 0.936241 0 -0.351358
    outer loop
      vertex 22.2261 13.8786 -9.0437
      vertex 22.2425 14 -9
      vertex 22.2425 13.9766 -9
    endloop
  endfacet
  facet normal 0.916775 0.0197489 -0.398916
    outer loop
      vertex 22.2229 13.8601 -9.05197
      vertex 22.2425 14 -9
      vertex 22.2261 13.8786 -9.0437
    endloop
  endfacet
  facet normal 0.935695 -2.94644e-05 -0.352809
    outer loop
      vertex 22.2425 14 -9
      vertex 22.2229 13.8601 -9.05197
      vertex 22.1731 18.1 -9.1844
    endloop
  endfacet
  facet normal 0.936006 0 -0.351983
    outer loop
      vertex 22.1731 18.1 -9.1844
      vertex 22.2229 13.8601 -9.05197
      vertex 22.1731 13.5292 -9.1844
    endloop
  endfacet
  facet normal -0.162939 0 -0.986636
    outer loop
      vertex -4.68217 1.9 -23.5388
      vertex -3.13263 18.1 -23.7947
      vertex -3.13263 1.9 -23.7947
    endloop
  endfacet
  facet normal -0.162939 0 -0.986636
    outer loop
      vertex -3.13263 18.1 -23.7947
      vertex -4.68217 1.9 -23.5388
      vertex -4.68217 18.1 -23.5388
    endloop
  endfacet
  facet normal -0.412733 0 -0.910852
    outer loop
      vertex -10.6149 1.9 -21.5249
      vertex -9.1844 18.1 -22.1731
      vertex -9.1844 1.9 -22.1731
    endloop
  endfacet
  facet normal -0.412733 0 -0.910852
    outer loop
      vertex -9.1844 18.1 -22.1731
      vertex -10.6149 1.9 -21.5249
      vertex -10.6149 18.1 -21.5249
    endloop
  endfacet
  facet normal -0.973881 1.85758e-05 -0.22706
    outer loop
      vertex -23.3846 15.2629 -5.34378
      vertex -23.5388 18.1 -4.68217
      vertex -23.1822 18.1 -6.21166
    endloop
  endfacet
  facet normal -0.973898 -0 -0.226984
    outer loop
      vertex -23.5388 18.1 -4.68217
      vertex -23.3846 15.2629 -5.34378
      vertex -23.5388 15.3895 -4.68217
    endloop
  endfacet
  facet normal -0.973867 0 -0.227118
    outer loop
      vertex -23.3846 15.2629 -5.34378
      vertex -23.1822 18.1 -6.21166
      vertex -23.1822 15.0733 -6.21166
    endloop
  endfacet
  facet normal -0.973867 0 -0.227118
    outer loop
      vertex -23.1822 1.9 -6.21166
      vertex -23.3846 4.73712 -5.34378
      vertex -23.1822 4.92665 -6.21166
    endloop
  endfacet
  facet normal -0.973881 -1.85756e-05 -0.22706
    outer loop
      vertex -23.5388 1.9 -4.68217
      vertex -23.3846 4.73712 -5.34378
      vertex -23.1822 1.9 -6.21166
    endloop
  endfacet
  facet normal -0.973898 0 -0.226984
    outer loop
      vertex -23.3846 4.73712 -5.34378
      vertex -23.5388 1.9 -4.68217
      vertex -23.5388 4.61052 -4.68217
    endloop
  endfacet
  facet normal 0.412733 0 -0.910852
    outer loop
      vertex 9.1844 1.9 -22.1731
      vertex 10.6149 18.1 -21.5249
      vertex 10.6149 1.9 -21.5249
    endloop
  endfacet
  facet normal 0.412733 0 -0.910852
    outer loop
      vertex 10.6149 18.1 -21.5249
      vertex 9.1844 1.9 -22.1731
      vertex 9.1844 18.1 -22.1731
    endloop
  endfacet
  facet normal 0.729873 0 -0.683583
    outer loop
      vertex 18.0442 1.9 -15.8243
      vertex 16.9706 18.1 -16.9706
      vertex 18.0442 18.1 -15.8243
    endloop
  endfacet
  facet normal 0.729873 0 -0.683583
    outer loop
      vertex 16.9706 18.1 -16.9706
      vertex 18.0442 1.9 -15.8243
      vertex 16.9706 1.9 -16.9706
    endloop
  endfacet
  facet normal 0.773012 0 -0.634392
    outer loop
      vertex 19.0405 1.9 -14.6103
      vertex 18.0442 18.1 -15.8243
      vertex 19.0405 18.1 -14.6103
    endloop
  endfacet
  facet normal 0.773012 0 -0.634392
    outer loop
      vertex 18.0442 18.1 -15.8243
      vertex 19.0405 1.9 -14.6103
      vertex 18.0442 1.9 -15.8243
    endloop
  endfacet
  facet normal -0.471371 0 -0.881935
    outer loop
      vertex -12 1.9 -20.7846
      vertex -10.6149 18.1 -21.5249
      vertex -10.6149 1.9 -21.5249
    endloop
  endfacet
  facet normal -0.471371 0 -0.881935
    outer loop
      vertex -10.6149 18.1 -21.5249
      vertex -12 1.9 -20.7846
      vertex -12 18.1 -20.7846
    endloop
  endfacet
  facet normal -0.528046 0 -0.849216
    outer loop
      vertex -13.3337 1.9 -19.9553
      vertex -12 18.1 -20.7846
      vertex -12 1.9 -20.7846
    endloop
  endfacet
  facet normal -0.528046 0 -0.849216
    outer loop
      vertex -12 18.1 -20.7846
      vertex -13.3337 1.9 -19.9553
      vertex -13.3337 18.1 -19.9553
    endloop
  endfacet
  facet normal -0.935909 0 -0.352243
    outer loop
      vertex -22.1731 18.1 -9.1844
      vertex -22.7263 14.6023 -7.71455
      vertex -22.7263 18.1 -7.71455
    endloop
  endfacet
  facet normal -0.935905 -4.57178e-06 -0.352253
    outer loop
      vertex -22.1731 18.1 -9.1844
      vertex -22.4465 14.2613 -8.45795
      vertex -22.7263 14.6023 -7.71455
    endloop
  endfacet
  facet normal -0.935913 2.76167e-07 -0.35223
    outer loop
      vertex -22.1731 18.1 -9.1844
      vertex -22.2425 14 -9
      vertex -22.4465 14.2613 -8.45795
    endloop
  endfacet
  facet normal -0.935695 -2.94644e-05 -0.352809
    outer loop
      vertex -22.2229 13.8601 -9.05197
      vertex -22.2425 14 -9
      vertex -22.1731 18.1 -9.1844
    endloop
  endfacet
  facet normal -0.936241 -0 -0.351358
    outer loop
      vertex -22.2425 14 -9
      vertex -22.2261 13.8786 -9.0437
      vertex -22.2425 13.9766 -9
    endloop
  endfacet
  facet normal -0.916775 0.0197489 -0.398916
    outer loop
      vertex -22.2425 14 -9
      vertex -22.2229 13.8601 -9.05197
      vertex -22.2261 13.8786 -9.0437
    endloop
  endfacet
  facet normal -0.936006 0 -0.351983
    outer loop
      vertex -22.2229 13.8601 -9.05197
      vertex -22.1731 18.1 -9.1844
      vertex -22.1731 13.5292 -9.1844
    endloop
  endfacet
  facet normal -0.935547 0.00228821 -0.353195
    outer loop
      vertex -22.4465 14.2613 -8.45795
      vertex -22.2425 14 -9
      vertex -22.2593 14 -8.9555
    endloop
  endfacet
  facet normal -0.936241 0 -0.351358
    outer loop
      vertex -22.2261 6.12136 -9.0437
      vertex -22.2425 6 -9
      vertex -22.2425 6.02337 -9
    endloop
  endfacet
  facet normal -0.916562 -0.0199564 -0.399394
    outer loop
      vertex -22.2229 6.1399 -9.05197
      vertex -22.2425 6 -9
      vertex -22.2261 6.12136 -9.0437
    endloop
  endfacet
  facet normal -0.936006 0 -0.351983
    outer loop
      vertex -22.1731 1.9 -9.1844
      vertex -22.2229 6.1399 -9.05197
      vertex -22.1731 6.47083 -9.1844
    endloop
  endfacet
  facet normal -0.935547 -0.00228795 -0.353195
    outer loop
      vertex -22.2425 6 -9
      vertex -22.4465 5.73867 -8.45795
      vertex -22.2593 6 -8.9555
    endloop
  endfacet
  facet normal -0.935695 2.94644e-05 -0.352809
    outer loop
      vertex -22.2229 6.1399 -9.05197
      vertex -22.1731 1.9 -9.1844
      vertex -22.2425 6 -9
    endloop
  endfacet
  facet normal -0.935913 -2.76166e-07 -0.35223
    outer loop
      vertex -22.1731 1.9 -9.1844
      vertex -22.4465 5.73867 -8.45795
      vertex -22.2425 6 -9
    endloop
  endfacet
  facet normal -0.935905 4.57189e-06 -0.352253
    outer loop
      vertex -22.1731 1.9 -9.1844
      vertex -22.7263 5.39774 -7.71455
      vertex -22.4465 5.73867 -8.45795
    endloop
  endfacet
  facet normal -0.935909 -0 -0.352243
    outer loop
      vertex -22.7263 5.39774 -7.71455
      vertex -22.1731 1.9 -9.1844
      vertex -22.7263 1.9 -7.71455
    endloop
  endfacet
  facet normal -0.634392 0 -0.773012
    outer loop
      vertex -15.8243 1.9 -18.0442
      vertex -14.6103 18.1 -19.0405
      vertex -14.6103 1.9 -19.0405
    endloop
  endfacet
  facet normal -0.634392 0 -0.773012
    outer loop
      vertex -14.6103 18.1 -19.0405
      vertex -15.8243 1.9 -18.0442
      vertex -15.8243 18.1 -18.0442
    endloop
  endfacet
  facet normal -0.0979931 0 -0.995187
    outer loop
      vertex -3.13263 1.9 -23.7947
      vertex -1.56967 18.1 -23.9486
      vertex -1.56967 1.9 -23.9486
    endloop
  endfacet
  facet normal -0.0979931 0 -0.995187
    outer loop
      vertex -1.56967 18.1 -23.9486
      vertex -3.13263 1.9 -23.7947
      vertex -3.13263 18.1 -23.7947
    endloop
  endfacet
  facet normal -0.999464 0 -0.0327282
    outer loop
      vertex -23.9486 15.1691 -1.56967
      vertex -24 18.1 0
      vertex -23.9486 18.1 -1.56967
    endloop
  endfacet
  facet normal -0.999466 -2.35822e-05 -0.0326842
    outer loop
      vertex -23.958 14.8046 -1.28196
      vertex -24 18.1 0
      vertex -23.9486 15.1691 -1.56967
    endloop
  endfacet
  facet normal -0.999466 -2.95264e-05 -0.0326689
    outer loop
      vertex -23.9632 14.6028 -1.12269
      vertex -24 18.1 0
      vertex -23.958 14.8046 -1.28196
    endloop
  endfacet
  facet normal -0.999462 7.07439e-06 -0.0327828
    outer loop
      vertex -23.9646 14.5457 -1.08002
      vertex -24 18.1 0
      vertex -23.9632 14.6028 -1.12269
    endloop
  endfacet
  facet normal -0.999441 0.000208148 -0.0334438
    outer loop
      vertex -23.9673 14.4385 -1
      vertex -24 18.1 0
      vertex -23.9646 14.5457 -1.08002
    endloop
  endfacet
  facet normal -0.999466 0 -0.0326825
    outer loop
      vertex -23.9673 5.5615 -1
      vertex -24 18.1 0
      vertex -23.9673 14.4385 -1
    endloop
  endfacet
  facet normal -0.999464 0 -0.0327282
    outer loop
      vertex -24 1.9 0
      vertex -23.9486 4.83092 -1.56967
      vertex -23.9486 1.9 -1.56967
    endloop
  endfacet
  facet normal -0.999466 2.35829e-05 -0.0326842
    outer loop
      vertex -23.9486 4.83092 -1.56967
      vertex -24 1.9 0
      vertex -23.958 5.19539 -1.28196
    endloop
  endfacet
  facet normal -0.999466 2.95284e-05 -0.0326689
    outer loop
      vertex -23.958 5.19539 -1.28196
      vertex -24 1.9 0
      vertex -23.9632 5.39715 -1.12269
    endloop
  endfacet
  facet normal -0.999462 -7.07223e-06 -0.0327828
    outer loop
      vertex -23.9632 5.39715 -1.12269
      vertex -24 1.9 0
      vertex -23.9646 5.45431 -1.08002
    endloop
  endfacet
  facet normal -0.999466 0 -0.0326825
    outer loop
      vertex -23.9673 5.5615 -1
      vertex -24 1.9 0
      vertex -24 18.1 0
    endloop
  endfacet
  facet normal -0.999441 -0.000208153 -0.0334439
    outer loop
      vertex -23.9646 5.45431 -1.08002
      vertex -24 1.9 0
      vertex -23.9673 5.5615 -1
    endloop
  endfacet
  facet normal 0 -1 0
    outer loop
      vertex -24 1.9 0
      vertex -23.7905 1.9 -1.30806
      vertex -23.8333 1.9 0
    endloop
  endfacet
  facet normal 0 -1 0
    outer loop
      vertex -23.9486 1.9 -1.56967
      vertex -23.7905 1.9 -1.30806
      vertex -24 1.9 0
    endloop
  endfacet
  facet normal 0 -1 -0
    outer loop
      vertex -23.7905 1.9 -1.30806
      vertex -23.9486 1.9 -1.56967
      vertex -23.7823 1.9 -1.55877
    endloop
  endfacet
  facet normal 0 -1 0
    outer loop
      vertex -23.9486 1.9 -1.56967
      vertex -23.7577 1.9 -1.80841
      vertex -23.7823 1.9 -1.55877
    endloop
  endfacet
  facet normal 0 -1 0
    outer loop
      vertex -23.7947 1.9 -3.13263
      vertex -23.7577 1.9 -1.80841
      vertex -23.9486 1.9 -1.56967
    endloop
  endfacet
  facet normal 0 -1 -0
    outer loop
      vertex -23.7577 1.9 -1.80841
      vertex -23.7947 1.9 -3.13263
      vertex -23.6294 1.9 -3.11087
    endloop
  endfacet
  facet normal 0 -1 0
    outer loop
      vertex -23.7947 1.9 -3.13263
      vertex -23.4162 1.9 -4.40216
      vertex -23.6294 1.9 -3.11087
    endloop
  endfacet
  facet normal 0 -1 0
    outer loop
      vertex -23.5388 1.9 -4.68217
      vertex -23.4162 1.9 -4.40216
      vertex -23.7947 1.9 -3.13263
    endloop
  endfacet
  facet normal 0 -1 -0
    outer loop
      vertex -23.4162 1.9 -4.40216
      vertex -23.5388 1.9 -4.68217
      vertex -23.3754 1.9 -4.64965
    endloop
  endfacet
  facet normal 0 -1 0
    outer loop
      vertex -23.5388 1.9 -4.68217
      vertex -23.0782 1.9 -5.92423
      vertex -23.3754 1.9 -4.64965
    endloop
  endfacet
  facet normal 0 -1 0
    outer loop
      vertex -23.1822 1.9 -6.21166
      vertex -23.0782 1.9 -5.92423
      vertex -23.5388 1.9 -4.68217
    endloop
  endfacet
  facet normal 0 -1 -0
    outer loop
      vertex -23.0782 1.9 -5.92423
      vertex -23.1822 1.9 -6.21166
      vertex -23.0212 1.9 -6.16852
    endloop
  endfacet
  facet normal 0 -1 0
    outer loop
      vertex -23.1822 1.9 -6.21166
      vertex -22.9484 1.9 -6.40857
      vertex -23.0212 1.9 -6.16852
    endloop
  endfacet
  facet normal 0 -1 0
    outer loop
      vertex -22.7263 1.9 -7.71455
      vertex -22.9484 1.9 -6.40857
      vertex -23.1822 1.9 -6.21166
    endloop
  endfacet
  facet normal 0 -1 0
    outer loop
      vertex -22.9484 1.9 -6.40857
      vertex -22.7263 1.9 -7.71455
      vertex -22.5685 1.9 -7.66097
    endloop
  endfacet
  facet normal 0 -1 0
    outer loop
      vertex -22.7263 1.9 -7.71455
      vertex -22.4801 1.9 -7.89574
      vertex -22.5685 1.9 -7.66097
    endloop
  endfacet
  facet normal 0 -1 0
    outer loop
      vertex -22.1731 1.9 -9.1844
      vertex -22.4801 1.9 -7.89574
      vertex -22.7263 1.9 -7.71455
    endloop
  endfacet
  facet normal 0 -1 0
    outer loop
      vertex -22.4801 1.9 -7.89574
      vertex -22.1731 1.9 -9.1844
      vertex -22.0191 1.9 -9.12062
    endloop
  endfacet
  facet normal 0 -1 0
    outer loop
      vertex -22.1731 1.9 -9.1844
      vertex -21.9156 1.9 -9.34911
      vertex -22.0191 1.9 -9.12062
    endloop
  endfacet
  facet normal 0 -1 0
    outer loop
      vertex -21.5249 1.9 -10.6149
      vertex -21.9156 1.9 -9.34911
      vertex -22.1731 1.9 -9.1844
    endloop
  endfacet
  facet normal 0 -1 0
    outer loop
      vertex -21.9156 1.9 -9.34911
      vertex -21.5249 1.9 -10.6149
      vertex -21.3755 1.9 -10.5412
    endloop
  endfacet
  facet normal 0 -1 0
    outer loop
      vertex -21.5249 1.9 -10.6149
      vertex -21.2572 1.9 -10.7624
      vertex -21.3755 1.9 -10.5412
    endloop
  endfacet
  facet normal 0 -1 0
    outer loop
      vertex -20.7846 1.9 -12
      vertex -21.2572 1.9 -10.7624
      vertex -21.5249 1.9 -10.6149
    endloop
  endfacet
  facet normal 0 -1 0
    outer loop
      vertex -21.2572 1.9 -10.7624
      vertex -20.7846 1.9 -12
      vertex -20.6403 1.9 -11.9167
    endloop
  endfacet
  facet normal 0 -1 0
    outer loop
      vertex -20.7846 1.9 -12
      vertex -19.9492 1.9 -13.0281
      vertex -20.6403 1.9 -11.9167
    endloop
  endfacet
  facet normal 0 -1 0
    outer loop
      vertex -19.9553 1.9 -13.3337
      vertex -19.9492 1.9 -13.0281
      vertex -20.7846 1.9 -12
    endloop
  endfacet
  facet normal 0 -1 -0
    outer loop
      vertex -19.9492 1.9 -13.0281
      vertex -19.9553 1.9 -13.3337
      vertex -19.8167 1.9 -13.2411
    endloop
  endfacet
  facet normal 0 -1 0
    outer loop
      vertex -19.9553 1.9 -13.3337
      vertex -19.6706 1.9 -13.445
      vertex -19.8167 1.9 -13.2411
    endloop
  endfacet
  facet normal 0 -1 0
    outer loop
      vertex -19.0405 1.9 -14.6103
      vertex -19.6706 1.9 -13.445
      vertex -19.9553 1.9 -13.3337
    endloop
  endfacet
  facet normal 0 -1 0
    outer loop
      vertex -19.6706 1.9 -13.445
      vertex -19.0405 1.9 -14.6103
      vertex -18.9083 1.9 -14.5088
    endloop
  endfacet
  facet normal 0 -1 0
    outer loop
      vertex -19.0405 1.9 -14.6103
      vertex -18.078 1.9 -15.5205
      vertex -18.9083 1.9 -14.5088
    endloop
  endfacet
  facet normal 0 -1 0
    outer loop
      vertex -18.0442 1.9 -15.8243
      vertex -18.078 1.9 -15.5205
      vertex -19.0405 1.9 -14.6103
    endloop
  endfacet
  facet normal 0 -1 0
    outer loop
      vertex -18.078 1.9 -15.5205
      vertex -18.0442 1.9 -15.8243
      vertex -17.9188 1.9 -15.7144
    endloop
  endfacet
  facet normal 0 -1 0
    outer loop
      vertex -18.0442 1.9 -15.8243
      vertex -16.8527 1.9 -16.8527
      vertex -17.9188 1.9 -15.7144
    endloop
  endfacet
  facet normal 0 -1 0
    outer loop
      vertex -16.9706 1.9 -16.9706
      vertex -16.8527 1.9 -16.8527
      vertex -18.0442 1.9 -15.8243
    endloop
  endfacet
  facet normal 0 -1 0
    outer loop
      vertex -16.9706 1.9 -16.9706
      vertex -15.7144 1.9 -17.9188
      vertex -16.8527 1.9 -16.8527
    endloop
  endfacet
  facet normal 0 -1 0
    outer loop
      vertex -15.8243 1.9 -18.0442
      vertex -15.7144 1.9 -17.9188
      vertex -16.9706 1.9 -16.9706
    endloop
  endfacet
  facet normal 0 -1 0
    outer loop
      vertex -15.8243 1.9 -18.0442
      vertex -15.5205 1.9 -18.078
      vertex -15.7144 1.9 -17.9188
    endloop
  endfacet
  facet normal 0 -1 0
    outer loop
      vertex -14.6103 1.9 -19.0405
      vertex -15.5205 1.9 -18.078
      vertex -15.8243 1.9 -18.0442
    endloop
  endfacet
  facet normal 0 -1 0
    outer loop
      vertex -15.5205 1.9 -18.078
      vertex -14.6103 1.9 -19.0405
      vertex -14.5088 1.9 -18.9083
    endloop
  endfacet
  facet normal 0 -1 0
    outer loop
      vertex -14.6103 1.9 -19.0405
      vertex -13.445 1.9 -19.6706
      vertex -14.5088 1.9 -18.9083
    endloop
  endfacet
  facet normal 0 -1 0
    outer loop
      vertex -13.3337 1.9 -19.9553
      vertex -13.445 1.9 -19.6706
      vertex -14.6103 1.9 -19.0405
    endloop
  endfacet
  facet normal 0 -1 0
    outer loop
      vertex -13.445 1.9 -19.6706
      vertex -13.3337 1.9 -19.9553
      vertex -13.2411 1.9 -19.8167
    endloop
  endfacet
  facet normal 0 -1 -0
    outer loop
      vertex -13.2411 1.9 -19.8167
      vertex -13.3337 1.9 -19.9553
      vertex -13.0281 1.9 -19.9492
    endloop
  endfacet
  facet normal 0 -1 0
    outer loop
      vertex -12 1.9 -20.7846
      vertex -13.0281 1.9 -19.9492
      vertex -13.3337 1.9 -19.9553
    endloop
  endfacet
  facet normal 0 -1 0
    outer loop
      vertex -13.0281 1.9 -19.9492
      vertex -12 1.9 -20.7846
      vertex -11.9167 1.9 -20.6403
    endloop
  endfacet
  facet normal 0 -1 0
    outer loop
      vertex -12 1.9 -20.7846
      vertex -10.7624 1.9 -21.2572
      vertex -11.9167 1.9 -20.6403
    endloop
  endfacet
  facet normal 0 -1 0
    outer loop
      vertex -10.6149 1.9 -21.5249
      vertex -10.7624 1.9 -21.2572
      vertex -12 1.9 -20.7846
    endloop
  endfacet
  facet normal 0 -1 0
    outer loop
      vertex -10.7624 1.9 -21.2572
      vertex -10.6149 1.9 -21.5249
      vertex -10.5412 1.9 -21.3755
    endloop
  endfacet
  facet normal 0 -1 0
    outer loop
      vertex -10.6149 1.9 -21.5249
      vertex -9.34911 1.9 -21.9156
      vertex -10.5412 1.9 -21.3755
    endloop
  endfacet
  facet normal 0 -1 0
    outer loop
      vertex -9.1844 1.9 -22.1731
      vertex -9.34911 1.9 -21.9156
      vertex -10.6149 1.9 -21.5249
    endloop
  endfacet
  facet normal 0 -1 0
    outer loop
      vertex -9.34911 1.9 -21.9156
      vertex -9.1844 1.9 -22.1731
      vertex -9.12062 1.9 -22.0191
    endloop
  endfacet
  facet normal 0 -1 0
    outer loop
      vertex -9.1844 1.9 -22.1731
      vertex -7.89574 1.9 -22.4801
      vertex -9.12062 1.9 -22.0191
    endloop
  endfacet
  facet normal 0 -1 0
    outer loop
      vertex -7.71455 1.9 -22.7263
      vertex -7.89574 1.9 -22.4801
      vertex -9.1844 1.9 -22.1731
    endloop
  endfacet
  facet normal 0 -1 0
    outer loop
      vertex -7.89574 1.9 -22.4801
      vertex -7.71455 1.9 -22.7263
      vertex -7.66097 1.9 -22.5685
    endloop
  endfacet
  facet normal 0 -1 0
    outer loop
      vertex -7.71455 1.9 -22.7263
      vertex -6.40857 1.9 -22.9484
      vertex -7.66097 1.9 -22.5685
    endloop
  endfacet
  facet normal 0 -1 0
    outer loop
      vertex -6.21166 1.9 -23.1822
      vertex -6.40857 1.9 -22.9484
      vertex -7.71455 1.9 -22.7263
    endloop
  endfacet
  facet normal 0 -1 0
    outer loop
      vertex -6.40857 1.9 -22.9484
      vertex -6.21166 1.9 -23.1822
      vertex -6.16852 1.9 -23.0212
    endloop
  endfacet
  facet normal 0 -1 -0
    outer loop
      vertex -6.16852 1.9 -23.0212
      vertex -6.21166 1.9 -23.1822
      vertex -5.92423 1.9 -23.0782
    endloop
  endfacet
  facet normal 0 -1 0
    outer loop
      vertex -4.68217 1.9 -23.5388
      vertex -5.92423 1.9 -23.0782
      vertex -6.21166 1.9 -23.1822
    endloop
  endfacet
  facet normal 0 -1 0
    outer loop
      vertex -5.92423 1.9 -23.0782
      vertex -4.68217 1.9 -23.5388
      vertex -4.64965 1.9 -23.3754
    endloop
  endfacet
  facet normal 0 -1 -0
    outer loop
      vertex -4.64965 1.9 -23.3754
      vertex -4.68217 1.9 -23.5388
      vertex -4.40216 1.9 -23.4162
    endloop
  endfacet
  facet normal 0 -1 0
    outer loop
      vertex -3.13263 1.9 -23.7947
      vertex -4.40216 1.9 -23.4162
      vertex -4.68217 1.9 -23.5388
    endloop
  endfacet
  facet normal 0 -1 0
    outer loop
      vertex -4.40216 1.9 -23.4162
      vertex -3.13263 1.9 -23.7947
      vertex -3.11087 1.9 -23.6294
    endloop
  endfacet
  facet normal 0 -1 -0
    outer loop
      vertex -3.11087 1.9 -23.6294
      vertex -3.13263 1.9 -23.7947
      vertex -1.80841 1.9 -23.7577
    endloop
  endfacet
  facet normal 0 -1 0
    outer loop
      vertex -1.56967 1.9 -23.9486
      vertex -1.80841 1.9 -23.7577
      vertex -3.13263 1.9 -23.7947
    endloop
  endfacet
  facet normal 0 -1 0
    outer loop
      vertex -1.80841 1.9 -23.7577
      vertex -1.56967 1.9 -23.9486
      vertex -1.55877 1.9 -23.7823
    endloop
  endfacet
  facet normal 0 -1 -0
    outer loop
      vertex -1.55877 1.9 -23.7823
      vertex -1.56967 1.9 -23.9486
      vertex -1.30806 1.9 -23.7905
    endloop
  endfacet
  facet normal 0 -1 0
    outer loop
      vertex 0 1.9 -24
      vertex -1.30806 1.9 -23.7905
      vertex -1.56967 1.9 -23.9486
    endloop
  endfacet
  facet normal 0 -1 0
    outer loop
      vertex 23.7905 1.9 -1.30806
      vertex 24 1.9 0
      vertex 23.8333 1.9 0
    endloop
  endfacet
  facet normal 0 -1 0
    outer loop
      vertex 23.9486 1.9 -1.56967
      vertex 23.7905 1.9 -1.30806
      vertex 23.7823 1.9 -1.55877
    endloop
  endfacet
  facet normal 0 -1 0
    outer loop
      vertex 23.7905 1.9 -1.30806
      vertex 23.9486 1.9 -1.56967
      vertex 24 1.9 0
    endloop
  endfacet
  facet normal 0 -1 0
    outer loop
      vertex 23.7577 1.9 -1.80841
      vertex 23.9486 1.9 -1.56967
      vertex 23.7823 1.9 -1.55877
    endloop
  endfacet
  facet normal 0 -1 0
    outer loop
      vertex 23.7947 1.9 -3.13263
      vertex 23.7577 1.9 -1.80841
      vertex 23.6294 1.9 -3.11087
    endloop
  endfacet
  facet normal 0 -1 0
    outer loop
      vertex 23.7577 1.9 -1.80841
      vertex 23.7947 1.9 -3.13263
      vertex 23.9486 1.9 -1.56967
    endloop
  endfacet
  facet normal 0 -1 0
    outer loop
      vertex 23.4162 1.9 -4.40216
      vertex 23.7947 1.9 -3.13263
      vertex 23.6294 1.9 -3.11087
    endloop
  endfacet
  facet normal 0 -1 0
    outer loop
      vertex 23.5388 1.9 -4.68217
      vertex 23.4162 1.9 -4.40216
      vertex 23.3754 1.9 -4.64965
    endloop
  endfacet
  facet normal 0 -1 0
    outer loop
      vertex 23.4162 1.9 -4.40216
      vertex 23.5388 1.9 -4.68217
      vertex 23.7947 1.9 -3.13263
    endloop
  endfacet
  facet normal 0 -1 0
    outer loop
      vertex 23.0782 1.9 -5.92423
      vertex 23.5388 1.9 -4.68217
      vertex 23.3754 1.9 -4.64965
    endloop
  endfacet
  facet normal 0 -1 0
    outer loop
      vertex 23.1822 1.9 -6.21166
      vertex 23.0782 1.9 -5.92423
      vertex 23.0212 1.9 -6.16852
    endloop
  endfacet
  facet normal 0 -1 0
    outer loop
      vertex 23.0782 1.9 -5.92423
      vertex 23.1822 1.9 -6.21166
      vertex 23.5388 1.9 -4.68217
    endloop
  endfacet
  facet normal 0 -1 0
    outer loop
      vertex 22.9484 1.9 -6.40857
      vertex 23.1822 1.9 -6.21166
      vertex 23.0212 1.9 -6.16852
    endloop
  endfacet
  facet normal 0 -1 0
    outer loop
      vertex 22.7263 1.9 -7.71455
      vertex 22.9484 1.9 -6.40857
      vertex 22.5685 1.9 -7.66097
    endloop
  endfacet
  facet normal 0 -1 -0
    outer loop
      vertex 22.9484 1.9 -6.40857
      vertex 22.7263 1.9 -7.71455
      vertex 23.1822 1.9 -6.21166
    endloop
  endfacet
  facet normal 0 -1 0
    outer loop
      vertex 22.4801 1.9 -7.89574
      vertex 22.7263 1.9 -7.71455
      vertex 22.5685 1.9 -7.66097
    endloop
  endfacet
  facet normal 0 -1 0
    outer loop
      vertex 22.1731 1.9 -9.1844
      vertex 22.4801 1.9 -7.89574
      vertex 22.0191 1.9 -9.12062
    endloop
  endfacet
  facet normal 0 -1 -0
    outer loop
      vertex 22.4801 1.9 -7.89574
      vertex 22.1731 1.9 -9.1844
      vertex 22.7263 1.9 -7.71455
    endloop
  endfacet
  facet normal 0 -1 0
    outer loop
      vertex 21.9156 1.9 -9.34911
      vertex 22.1731 1.9 -9.1844
      vertex 22.0191 1.9 -9.12062
    endloop
  endfacet
  facet normal 0 -1 0
    outer loop
      vertex 21.5249 1.9 -10.6149
      vertex 21.9156 1.9 -9.34911
      vertex 21.3755 1.9 -10.5412
    endloop
  endfacet
  facet normal 0 -1 -0
    outer loop
      vertex 21.9156 1.9 -9.34911
      vertex 21.5249 1.9 -10.6149
      vertex 22.1731 1.9 -9.1844
    endloop
  endfacet
  facet normal 0 -1 0
    outer loop
      vertex 21.2572 1.9 -10.7624
      vertex 21.5249 1.9 -10.6149
      vertex 21.3755 1.9 -10.5412
    endloop
  endfacet
  facet normal 0 -1 0
    outer loop
      vertex 20.7846 1.9 -12
      vertex 21.2572 1.9 -10.7624
      vertex 20.6403 1.9 -11.9167
    endloop
  endfacet
  facet normal 0 -1 -0
    outer loop
      vertex 21.2572 1.9 -10.7624
      vertex 20.7846 1.9 -12
      vertex 21.5249 1.9 -10.6149
    endloop
  endfacet
  facet normal 0 -1 0
    outer loop
      vertex 19.9492 1.9 -13.0281
      vertex 20.7846 1.9 -12
      vertex 20.6403 1.9 -11.9167
    endloop
  endfacet
  facet normal 0 -1 0
    outer loop
      vertex 19.9553 1.9 -13.3337
      vertex 19.9492 1.9 -13.0281
      vertex 19.8167 1.9 -13.2411
    endloop
  endfacet
  facet normal 0 -1 0
    outer loop
      vertex 19.9492 1.9 -13.0281
      vertex 19.9553 1.9 -13.3337
      vertex 20.7846 1.9 -12
    endloop
  endfacet
  facet normal 0 -1 0
    outer loop
      vertex 19.6706 1.9 -13.445
      vertex 19.9553 1.9 -13.3337
      vertex 19.8167 1.9 -13.2411
    endloop
  endfacet
  facet normal 0 -1 0
    outer loop
      vertex 19.0405 1.9 -14.6103
      vertex 19.6706 1.9 -13.445
      vertex 18.9083 1.9 -14.5088
    endloop
  endfacet
  facet normal 0 -1 -0
    outer loop
      vertex 19.6706 1.9 -13.445
      vertex 19.0405 1.9 -14.6103
      vertex 19.9553 1.9 -13.3337
    endloop
  endfacet
  facet normal 0 -1 0
    outer loop
      vertex 18.078 1.9 -15.5205
      vertex 19.0405 1.9 -14.6103
      vertex 18.9083 1.9 -14.5088
    endloop
  endfacet
  facet normal 0 -1 0
    outer loop
      vertex 18.0442 1.9 -15.8243
      vertex 18.078 1.9 -15.5205
      vertex 17.9188 1.9 -15.7144
    endloop
  endfacet
  facet normal 0 -1 -0
    outer loop
      vertex 18.078 1.9 -15.5205
      vertex 18.0442 1.9 -15.8243
      vertex 19.0405 1.9 -14.6103
    endloop
  endfacet
  facet normal 0 -1 0
    outer loop
      vertex 16.8527 1.9 -16.8527
      vertex 18.0442 1.9 -15.8243
      vertex 17.9188 1.9 -15.7144
    endloop
  endfacet
  facet normal 0 -1 0
    outer loop
      vertex 16.8527 1.9 -16.8527
      vertex 16.9706 1.9 -16.9706
      vertex 18.0442 1.9 -15.8243
    endloop
  endfacet
  facet normal 0 -1 0
    outer loop
      vertex 15.7144 1.9 -17.9188
      vertex 16.9706 1.9 -16.9706
      vertex 16.8527 1.9 -16.8527
    endloop
  endfacet
  facet normal 0 -1 0
    outer loop
      vertex 15.7144 1.9 -17.9188
      vertex 15.8243 1.9 -18.0442
      vertex 16.9706 1.9 -16.9706
    endloop
  endfacet
  facet normal 0 -1 0
    outer loop
      vertex 15.5205 1.9 -18.078
      vertex 15.8243 1.9 -18.0442
      vertex 15.7144 1.9 -17.9188
    endloop
  endfacet
  facet normal 0 -1 0
    outer loop
      vertex 14.6103 1.9 -19.0405
      vertex 15.5205 1.9 -18.078
      vertex 14.5088 1.9 -18.9083
    endloop
  endfacet
  facet normal 0 -1 -0
    outer loop
      vertex 15.5205 1.9 -18.078
      vertex 14.6103 1.9 -19.0405
      vertex 15.8243 1.9 -18.0442
    endloop
  endfacet
  facet normal 0 -1 0
    outer loop
      vertex 13.445 1.9 -19.6706
      vertex 14.6103 1.9 -19.0405
      vertex 14.5088 1.9 -18.9083
    endloop
  endfacet
  facet normal 0 -1 0
    outer loop
      vertex 13.3337 1.9 -19.9553
      vertex 13.445 1.9 -19.6706
      vertex 13.2411 1.9 -19.8167
    endloop
  endfacet
  facet normal 0 -1 0
    outer loop
      vertex 13.3337 1.9 -19.9553
      vertex 13.2411 1.9 -19.8167
      vertex 13.0281 1.9 -19.9492
    endloop
  endfacet
  facet normal 0 -1 -0
    outer loop
      vertex 13.445 1.9 -19.6706
      vertex 13.3337 1.9 -19.9553
      vertex 14.6103 1.9 -19.0405
    endloop
  endfacet
  facet normal 0 -1 0
    outer loop
      vertex 12 1.9 -20.7846
      vertex 13.0281 1.9 -19.9492
      vertex 11.9167 1.9 -20.6403
    endloop
  endfacet
  facet normal 0 -1 -0
    outer loop
      vertex 13.0281 1.9 -19.9492
      vertex 12 1.9 -20.7846
      vertex 13.3337 1.9 -19.9553
    endloop
  endfacet
  facet normal 0 -1 0
    outer loop
      vertex 10.7624 1.9 -21.2572
      vertex 12 1.9 -20.7846
      vertex 11.9167 1.9 -20.6403
    endloop
  endfacet
  facet normal 0 -1 0
    outer loop
      vertex 10.6149 1.9 -21.5249
      vertex 10.7624 1.9 -21.2572
      vertex 10.5412 1.9 -21.3755
    endloop
  endfacet
  facet normal 0 -1 -0
    outer loop
      vertex 10.7624 1.9 -21.2572
      vertex 10.6149 1.9 -21.5249
      vertex 12 1.9 -20.7846
    endloop
  endfacet
  facet normal 0 -1 0
    outer loop
      vertex 9.34911 1.9 -21.9156
      vertex 10.6149 1.9 -21.5249
      vertex 10.5412 1.9 -21.3755
    endloop
  endfacet
  facet normal 0 -1 0
    outer loop
      vertex 9.1844 1.9 -22.1731
      vertex 9.34911 1.9 -21.9156
      vertex 9.12062 1.9 -22.0191
    endloop
  endfacet
  facet normal 0 -1 -0
    outer loop
      vertex 9.34911 1.9 -21.9156
      vertex 9.1844 1.9 -22.1731
      vertex 10.6149 1.9 -21.5249
    endloop
  endfacet
  facet normal 0 -1 0
    outer loop
      vertex 7.89574 1.9 -22.4801
      vertex 9.1844 1.9 -22.1731
      vertex 9.12062 1.9 -22.0191
    endloop
  endfacet
  facet normal 0 -1 0
    outer loop
      vertex 7.71455 1.9 -22.7263
      vertex 7.89574 1.9 -22.4801
      vertex 7.66097 1.9 -22.5685
    endloop
  endfacet
  facet normal 0 -1 -0
    outer loop
      vertex 7.89574 1.9 -22.4801
      vertex 7.71455 1.9 -22.7263
      vertex 9.1844 1.9 -22.1731
    endloop
  endfacet
  facet normal 0 -1 0
    outer loop
      vertex 6.40857 1.9 -22.9484
      vertex 7.71455 1.9 -22.7263
      vertex 7.66097 1.9 -22.5685
    endloop
  endfacet
  facet normal 0 -1 0
    outer loop
      vertex 6.21166 1.9 -23.1822
      vertex 6.40857 1.9 -22.9484
      vertex 6.16852 1.9 -23.0212
    endloop
  endfacet
  facet normal 0 -1 0
    outer loop
      vertex 6.21166 1.9 -23.1822
      vertex 6.16852 1.9 -23.0212
      vertex 5.92423 1.9 -23.0782
    endloop
  endfacet
  facet normal 0 -1 -0
    outer loop
      vertex 6.40857 1.9 -22.9484
      vertex 6.21166 1.9 -23.1822
      vertex 7.71455 1.9 -22.7263
    endloop
  endfacet
  facet normal 0 -1 0
    outer loop
      vertex 4.68217 1.9 -23.5388
      vertex 5.92423 1.9 -23.0782
      vertex 4.64965 1.9 -23.3754
    endloop
  endfacet
  facet normal 0 -1 0
    outer loop
      vertex 4.68217 1.9 -23.5388
      vertex 4.64965 1.9 -23.3754
      vertex 4.40216 1.9 -23.4162
    endloop
  endfacet
  facet normal 0 -1 -0
    outer loop
      vertex 5.92423 1.9 -23.0782
      vertex 4.68217 1.9 -23.5388
      vertex 6.21166 1.9 -23.1822
    endloop
  endfacet
  facet normal 0 -1 0
    outer loop
      vertex 3.13263 1.9 -23.7947
      vertex 4.40216 1.9 -23.4162
      vertex 3.11087 1.9 -23.6294
    endloop
  endfacet
  facet normal 0 -1 0
    outer loop
      vertex 3.13263 1.9 -23.7947
      vertex 3.11087 1.9 -23.6294
      vertex 1.80841 1.9 -23.7577
    endloop
  endfacet
  facet normal 0 -1 0
    outer loop
      vertex 1.56967 1.9 -23.9486
      vertex 1.80841 1.9 -23.7577
      vertex 1.55877 1.9 -23.7823
    endloop
  endfacet
  facet normal 0 -1 -0
    outer loop
      vertex 4.40216 1.9 -23.4162
      vertex 3.13263 1.9 -23.7947
      vertex 4.68217 1.9 -23.5388
    endloop
  endfacet
  facet normal 0 -1 0
    outer loop
      vertex 1.56967 1.9 -23.9486
      vertex 1.55877 1.9 -23.7823
      vertex 1.30806 1.9 -23.7905
    endloop
  endfacet
  facet normal 0 -1 0
    outer loop
      vertex 0 1.9 -24
      vertex 1.30806 1.9 -23.7905
      vertex 0 1.9 -23.8333
    endloop
  endfacet
  facet normal 0 -1 0
    outer loop
      vertex -1.30806 1.9 -23.7905
      vertex 0 1.9 -24
      vertex 0 1.9 -23.8333
    endloop
  endfacet
  facet normal 0 -1 -0
    outer loop
      vertex 1.80841 1.9 -23.7577
      vertex 1.56967 1.9 -23.9486
      vertex 3.13263 1.9 -23.7947
    endloop
  endfacet
  facet normal 0 -1 -0
    outer loop
      vertex 1.30806 1.9 -23.7905
      vertex 0 1.9 -24
      vertex 1.56967 1.9 -23.9486
    endloop
  endfacet
  facet normal 0.162939 0 -0.986636
    outer loop
      vertex 3.13263 1.9 -23.7947
      vertex 4.68217 18.1 -23.5388
      vertex 4.68217 1.9 -23.5388
    endloop
  endfacet
  facet normal 0.162939 0 -0.986636
    outer loop
      vertex 4.68217 18.1 -23.5388
      vertex 3.13263 1.9 -23.7947
      vertex 3.13263 18.1 -23.7947
    endloop
  endfacet
  facet normal 0.0979931 0 -0.995187
    outer loop
      vertex 1.56967 1.9 -23.9486
      vertex 3.13263 18.1 -23.7947
      vertex 3.13263 1.9 -23.7947
    endloop
  endfacet
  facet normal 0.0979931 0 -0.995187
    outer loop
      vertex 3.13263 18.1 -23.7947
      vertex 1.56967 1.9 -23.9486
      vertex 1.56967 18.1 -23.9486
    endloop
  endfacet
  facet normal 0.22706 0 -0.973881
    outer loop
      vertex 4.68217 1.9 -23.5388
      vertex 6.21166 18.1 -23.1822
      vertex 6.21166 1.9 -23.1822
    endloop
  endfacet
  facet normal 0.22706 0 -0.973881
    outer loop
      vertex 6.21166 18.1 -23.1822
      vertex 4.68217 1.9 -23.5388
      vertex 4.68217 18.1 -23.5388
    endloop
  endfacet
  facet normal -0.910852 0 -0.412733
    outer loop
      vertex -21.5249 18.1 -10.6149
      vertex -22.1731 13.5292 -9.1844
      vertex -22.1731 18.1 -9.1844
    endloop
  endfacet
  facet normal -0.910551 -0.000250801 -0.413398
    outer loop
      vertex -21.5249 18.1 -10.6149
      vertex -22.162 13.4651 -9.20881
      vertex -22.1731 13.5292 -9.1844
    endloop
  endfacet
  facet normal -0.911246 0.000310828 -0.411862
    outer loop
      vertex -21.5249 18.1 -10.6149
      vertex -22.1472 13.3791 -9.24162
      vertex -22.162 13.4651 -9.20881
    endloop
  endfacet
  facet normal -0.910652 -0.000149363 -0.413174
    outer loop
      vertex -21.5249 18.1 -10.6149
      vertex -22.1293 13.2621 -9.28103
      vertex -22.1472 13.3791 -9.24162
    endloop
  endfacet
  facet normal -0.910833 -1.69735e-05 -0.412776
    outer loop
      vertex -21.5249 18.1 -10.6149
      vertex -22.0772 12.9208 -9.39598
      vertex -22.1293 13.2621 -9.28103
    endloop
  endfacet
  facet normal -0.910877 1.10034e-05 -0.412677
    outer loop
      vertex -21.5249 18.1 -10.6149
      vertex -22.0436 12.6669 -9.47015
      vertex -22.0772 12.9208 -9.39598
    endloop
  endfacet
  facet normal -0.911112 0.000142489 -0.412159
    outer loop
      vertex -21.5249 18.1 -10.6149
      vertex -22.0186 12.4775 -9.52548
      vertex -22.0436 12.6669 -9.47015
    endloop
  endfacet
  facet normal -0.910625 -0.000108291 -0.413233
    outer loop
      vertex -21.5249 18.1 -10.6149
      vertex -21.996 12.2764 -9.57523
      vertex -22.0186 12.4775 -9.52548
    endloop
  endfacet
  facet normal -0.910969 5.47928e-05 -0.412475
    outer loop
      vertex -21.5249 18.1 -10.6149
      vertex -21.9703 12.0468 -9.63202
      vertex -21.996 12.2764 -9.57523
    endloop
  endfacet
  facet normal -0.910733 -4.72202e-05 -0.412997
    outer loop
      vertex -21.5249 18.1 -10.6149
      vertex -21.9449 11.7703 -9.688
      vertex -21.9703 12.0468 -9.63202
    endloop
  endfacet
  facet normal -0.911158 0.000118679 -0.412057
    outer loop
      vertex -21.5249 18.1 -10.6149
      vertex -21.9317 11.626 -9.71723
      vertex -21.9449 11.7703 -9.688
    endloop
  endfacet
  facet normal -0.910372 -0.000171197 -0.413791
    outer loop
      vertex -21.5249 18.1 -10.6149
      vertex -21.9229 11.5035 -9.73654
      vertex -21.9317 11.626 -9.71723
    endloop
  endfacet
  facet normal -0.911015 5.62682e-05 -0.412374
    outer loop
      vertex -21.5249 18.1 -10.6149
      vertex -21.9022 11.213 -9.78231
      vertex -21.9229 11.5035 -9.73654
    endloop
  endfacet
  facet normal -0.911023 5.89107e-05 -0.412356
    outer loop
      vertex -21.5249 18.1 -10.6149
      vertex -21.8857 10.8887 -9.81881
      vertex -21.9022 11.213 -9.78231
    endloop
  endfacet
  facet normal -0.909751 -0.000313787 -0.415155
    outer loop
      vertex -21.5249 18.1 -10.6149
      vertex -21.8814 10.8056 -9.82817
      vertex -21.8857 10.8887 -9.81881
    endloop
  endfacet
  facet normal -0.911934 0.000312732 -0.410336
    outer loop
      vertex -21.5249 18.1 -10.6149
      vertex -21.8791 10.7289 -9.83334
      vertex -21.8814 10.8056 -9.82817
    endloop
  endfacet
  facet normal -0.910923 2.65954e-05 -0.412576
    outer loop
      vertex -21.5249 18.1 -10.6149
      vertex -21.8691 10.4018 -9.85544
      vertex -21.8791 10.7289 -9.83334
    endloop
  endfacet
  facet normal -0.910548 -7.18829e-05 -0.413404
    outer loop
      vertex -21.5249 18.1 -10.6149
      vertex -21.8656 10.0627 -9.86309
      vertex -21.8691 10.4018 -9.85544
    endloop
  endfacet
  facet normal -0.912666 0.000457355 -0.408706
    outer loop
      vertex -21.5249 18.1 -10.6149
      vertex -21.865 10 -9.8645
      vertex -21.8656 10.0627 -9.86309
    endloop
  endfacet
  facet normal -0.910819 0 -0.412806
    outer loop
      vertex -21.5249 1.9 -10.6149
      vertex -21.865 10 -9.8645
      vertex -21.5249 18.1 -10.6149
    endloop
  endfacet
  facet normal -0.912666 -0.000457472 -0.408705
    outer loop
      vertex -21.865 10 -9.8645
      vertex -21.5249 1.9 -10.6149
      vertex -21.8656 9.93732 -9.86309
    endloop
  endfacet
  facet normal -0.910548 7.18863e-05 -0.413404
    outer loop
      vertex -21.8656 9.93732 -9.86309
      vertex -21.5249 1.9 -10.6149
      vertex -21.8691 9.59824 -9.85544
    endloop
  endfacet
  facet normal -0.910923 -2.65915e-05 -0.412576
    outer loop
      vertex -21.8691 9.59824 -9.85544
      vertex -21.5249 1.9 -10.6149
      vertex -21.8791 9.27106 -9.83334
    endloop
  endfacet
  facet normal -0.909751 0.000313769 -0.415155
    outer loop
      vertex -21.5249 1.9 -10.6149
      vertex -21.8857 9.1113 -9.81881
      vertex -21.8814 9.19441 -9.82817
    endloop
  endfacet
  facet normal -0.911935 -0.000312858 -0.410335
    outer loop
      vertex -21.8791 9.27106 -9.83334
      vertex -21.5249 1.9 -10.6149
      vertex -21.8814 9.19441 -9.82817
    endloop
  endfacet
  facet normal -0.911023 -5.89143e-05 -0.412356
    outer loop
      vertex -21.8857 9.1113 -9.81881
      vertex -21.5249 1.9 -10.6149
      vertex -21.9022 8.78704 -9.78231
    endloop
  endfacet
  facet normal -0.911015 -5.62663e-05 -0.412374
    outer loop
      vertex -21.5249 1.9 -10.6149
      vertex -21.9229 8.49652 -9.73654
      vertex -21.9022 8.78704 -9.78231
    endloop
  endfacet
  facet normal -0.910372 0.000171171 -0.413791
    outer loop
      vertex -21.5249 1.9 -10.6149
      vertex -21.9317 8.37398 -9.71723
      vertex -21.9229 8.49652 -9.73654
    endloop
  endfacet
  facet normal -0.911158 -0.000118673 -0.412057
    outer loop
      vertex -21.5249 1.9 -10.6149
      vertex -21.9449 8.22966 -9.688
      vertex -21.9317 8.37398 -9.71723
    endloop
  endfacet
  facet normal -0.910733 4.72225e-05 -0.412997
    outer loop
      vertex -21.5249 1.9 -10.6149
      vertex -21.9703 7.95319 -9.63202
      vertex -21.9449 8.22966 -9.688
    endloop
  endfacet
  facet normal -0.910969 -5.47947e-05 -0.412475
    outer loop
      vertex -21.5249 1.9 -10.6149
      vertex -21.996 7.72361 -9.57523
      vertex -21.9703 7.95319 -9.63202
    endloop
  endfacet
  facet normal -0.910625 0.000108277 -0.413233
    outer loop
      vertex -21.5249 1.9 -10.6149
      vertex -22.0186 7.52245 -9.52548
      vertex -21.996 7.72361 -9.57523
    endloop
  endfacet
  facet normal -0.911112 -0.000142496 -0.412159
    outer loop
      vertex -21.5249 1.9 -10.6149
      vertex -22.0436 7.33307 -9.47015
      vertex -22.0186 7.52245 -9.52548
    endloop
  endfacet
  facet normal -0.910877 -1.10036e-05 -0.412677
    outer loop
      vertex -21.5249 1.9 -10.6149
      vertex -22.0772 7.07918 -9.39598
      vertex -22.0436 7.33307 -9.47015
    endloop
  endfacet
  facet normal -0.910833 1.69734e-05 -0.412776
    outer loop
      vertex -21.5249 1.9 -10.6149
      vertex -22.1293 6.73787 -9.28103
      vertex -22.0772 7.07918 -9.39598
    endloop
  endfacet
  facet normal -0.910652 0.000149375 -0.413174
    outer loop
      vertex -21.5249 1.9 -10.6149
      vertex -22.1472 6.62089 -9.24162
      vertex -22.1293 6.73787 -9.28103
    endloop
  endfacet
  facet normal -0.911246 -0.000310766 -0.411862
    outer loop
      vertex -21.5249 1.9 -10.6149
      vertex -22.162 6.53485 -9.20881
      vertex -22.1472 6.62089 -9.24162
    endloop
  endfacet
  facet normal -0.91055 0.000250941 -0.413398
    outer loop
      vertex -21.5249 1.9 -10.6149
      vertex -22.1731 6.47083 -9.1844
      vertex -22.162 6.53485 -9.20881
    endloop
  endfacet
  facet normal -0.910852 -0 -0.412733
    outer loop
      vertex -22.1731 6.47083 -9.1844
      vertex -21.5249 1.9 -10.6149
      vertex -22.1731 1.9 -9.1844
    endloop
  endfacet
  facet normal -0.773012 0 -0.634392
    outer loop
      vertex -18.0442 1.9 -15.8243
      vertex -19.0405 18.1 -14.6103
      vertex -18.0442 18.1 -15.8243
    endloop
  endfacet
  facet normal -0.773012 -0 -0.634392
    outer loop
      vertex -19.0405 18.1 -14.6103
      vertex -18.0442 1.9 -15.8243
      vertex -19.0405 1.9 -14.6103
    endloop
  endfacet
  facet normal 0 1 0
    outer loop
      vertex 24 18.1 0
      vertex 23.7913 18.1 -1.30937
      vertex 23.8342 18.1 0
    endloop
  endfacet
  facet normal 0 1 -0
    outer loop
      vertex 23.9486 18.1 -1.56967
      vertex 23.7913 18.1 -1.30937
      vertex 24 18.1 0
    endloop
  endfacet
  facet normal 0 1 0
    outer loop
      vertex 23.7913 18.1 -1.30937
      vertex 23.9486 18.1 -1.56967
      vertex 23.7831 18.1 -1.55883
    endloop
  endfacet
  facet normal 0 1 0
    outer loop
      vertex 23.9486 18.1 -1.56967
      vertex 23.7587 18.1 -1.80722
      vertex 23.7831 18.1 -1.55883
    endloop
  endfacet
  facet normal 0 1 -0
    outer loop
      vertex 23.7947 18.1 -3.13263
      vertex 23.7587 18.1 -1.80722
      vertex 23.9486 18.1 -1.56967
    endloop
  endfacet
  facet normal 0 1 0
    outer loop
      vertex 23.7587 18.1 -1.80722
      vertex 23.7947 18.1 -3.13263
      vertex 23.6303 18.1 -3.11098
    endloop
  endfacet
  facet normal 0 1 0
    outer loop
      vertex 23.7947 18.1 -3.13263
      vertex 23.4169 18.1 -4.40356
      vertex 23.6303 18.1 -3.11098
    endloop
  endfacet
  facet normal 0 1 -0
    outer loop
      vertex 23.5388 18.1 -4.68217
      vertex 23.4169 18.1 -4.40356
      vertex 23.7947 18.1 -3.13263
    endloop
  endfacet
  facet normal 0 1 0
    outer loop
      vertex 23.4169 18.1 -4.40356
      vertex 23.5388 18.1 -4.68217
      vertex 23.3762 18.1 -4.64981
    endloop
  endfacet
  facet normal 0 1 0
    outer loop
      vertex 23.5388 18.1 -4.68217
      vertex 23.0787 18.1 -5.92566
      vertex 23.3762 18.1 -4.64981
    endloop
  endfacet
  facet normal 0 1 -0
    outer loop
      vertex 23.1822 18.1 -6.21166
      vertex 23.0787 18.1 -5.92566
      vertex 23.5388 18.1 -4.68217
    endloop
  endfacet
  facet normal 0 1 0
    outer loop
      vertex 23.0787 18.1 -5.92566
      vertex 23.1822 18.1 -6.21166
      vertex 23.022 18.1 -6.16874
    endloop
  endfacet
  facet normal 0 1 0
    outer loop
      vertex 23.1822 18.1 -6.21166
      vertex 22.9496 18.1 -6.40758
      vertex 23.022 18.1 -6.16874
    endloop
  endfacet
  facet normal 0 1 0
    outer loop
      vertex 22.7263 18.1 -7.71455
      vertex 22.9496 18.1 -6.40758
      vertex 23.1822 18.1 -6.21166
    endloop
  endfacet
  facet normal 0 1 0
    outer loop
      vertex 22.9496 18.1 -6.40758
      vertex 22.7263 18.1 -7.71455
      vertex 22.5693 18.1 -7.66124
    endloop
  endfacet
  facet normal 0 1 0
    outer loop
      vertex 22.7263 18.1 -7.71455
      vertex 22.4814 18.1 -7.89484
      vertex 22.5693 18.1 -7.66124
    endloop
  endfacet
  facet normal 0 1 0
    outer loop
      vertex 22.1731 18.1 -9.1844
      vertex 22.4814 18.1 -7.89484
      vertex 22.7263 18.1 -7.71455
    endloop
  endfacet
  facet normal 0 1 0
    outer loop
      vertex 22.4814 18.1 -7.89484
      vertex 22.1731 18.1 -9.1844
      vertex 22.0199 18.1 -9.12094
    endloop
  endfacet
  facet normal 0 1 0
    outer loop
      vertex 22.1731 18.1 -9.1844
      vertex 21.9169 18.1 -9.34828
      vertex 22.0199 18.1 -9.12094
    endloop
  endfacet
  facet normal 0 1 0
    outer loop
      vertex 21.5249 18.1 -10.6149
      vertex 21.9169 18.1 -9.34828
      vertex 22.1731 18.1 -9.1844
    endloop
  endfacet
  facet normal 0 1 0
    outer loop
      vertex 21.9169 18.1 -9.34828
      vertex 21.5249 18.1 -10.6149
      vertex 21.3762 18.1 -10.5416
    endloop
  endfacet
  facet normal 0 1 0
    outer loop
      vertex 21.5249 18.1 -10.6149
      vertex 21.2586 18.1 -10.7617
      vertex 21.3762 18.1 -10.5416
    endloop
  endfacet
  facet normal 0 1 0
    outer loop
      vertex 20.7846 18.1 -12
      vertex 21.2586 18.1 -10.7617
      vertex 21.5249 18.1 -10.6149
    endloop
  endfacet
  facet normal 0 1 0
    outer loop
      vertex 21.2586 18.1 -10.7617
      vertex 20.7846 18.1 -12
      vertex 20.641 18.1 -11.9171
    endloop
  endfacet
  facet normal 0 1 0
    outer loop
      vertex 20.7846 18.1 -12
      vertex 19.9492 18.1 -13.0296
      vertex 20.641 18.1 -11.9171
    endloop
  endfacet
  facet normal 0 1 -0
    outer loop
      vertex 19.9553 18.1 -13.3337
      vertex 19.9492 18.1 -13.0296
      vertex 20.7846 18.1 -12
    endloop
  endfacet
  facet normal 0 1 0
    outer loop
      vertex 19.9492 18.1 -13.0296
      vertex 19.9553 18.1 -13.3337
      vertex 19.8174 18.1 -13.2416
    endloop
  endfacet
  facet normal 0 1 0
    outer loop
      vertex 19.9553 18.1 -13.3337
      vertex 19.672 18.1 -13.4444
      vertex 19.8174 18.1 -13.2416
    endloop
  endfacet
  facet normal 0 1 0
    outer loop
      vertex 19.0405 18.1 -14.6103
      vertex 19.672 18.1 -13.4444
      vertex 19.9553 18.1 -13.3337
    endloop
  endfacet
  facet normal 0 1 0
    outer loop
      vertex 19.672 18.1 -13.4444
      vertex 19.0405 18.1 -14.6103
      vertex 18.9089 18.1 -14.5093
    endloop
  endfacet
  facet normal 0 1 0
    outer loop
      vertex 19.0405 18.1 -14.6103
      vertex 18.0778 18.1 -15.522
      vertex 18.9089 18.1 -14.5093
    endloop
  endfacet
  facet normal 0 1 0
    outer loop
      vertex 18.0442 18.1 -15.8243
      vertex 18.0778 18.1 -15.522
      vertex 19.0405 18.1 -14.6103
    endloop
  endfacet
  facet normal 0 1 0
    outer loop
      vertex 18.0778 18.1 -15.522
      vertex 18.0442 18.1 -15.8243
      vertex 17.9195 18.1 -15.715
    endloop
  endfacet
  facet normal 0 1 0
    outer loop
      vertex 18.0442 18.1 -15.8243
      vertex 16.8533 18.1 -16.8533
      vertex 17.9195 18.1 -15.715
    endloop
  endfacet
  facet normal 0 1 -0
    outer loop
      vertex 16.9706 18.1 -16.9706
      vertex 16.8533 18.1 -16.8533
      vertex 18.0442 18.1 -15.8243
    endloop
  endfacet
  facet normal 0 1 0
    outer loop
      vertex 16.9706 18.1 -16.9706
      vertex 15.715 18.1 -17.9195
      vertex 16.8533 18.1 -16.8533
    endloop
  endfacet
  facet normal 0 1 -0
    outer loop
      vertex 15.8243 18.1 -18.0442
      vertex 15.715 18.1 -17.9195
      vertex 16.9706 18.1 -16.9706
    endloop
  endfacet
  facet normal 0 1 0
    outer loop
      vertex 15.8243 18.1 -18.0442
      vertex 15.522 18.1 -18.0778
      vertex 15.715 18.1 -17.9195
    endloop
  endfacet
  facet normal 0 1 0
    outer loop
      vertex 14.6103 18.1 -19.0405
      vertex 15.522 18.1 -18.0778
      vertex 15.8243 18.1 -18.0442
    endloop
  endfacet
  facet normal 0 1 0
    outer loop
      vertex 15.522 18.1 -18.0778
      vertex 14.6103 18.1 -19.0405
      vertex 14.5093 18.1 -18.9089
    endloop
  endfacet
  facet normal 0 1 0
    outer loop
      vertex 14.6103 18.1 -19.0405
      vertex 13.4444 18.1 -19.672
      vertex 14.5093 18.1 -18.9089
    endloop
  endfacet
  facet normal 0 1 0
    outer loop
      vertex 13.3337 18.1 -19.9553
      vertex 13.4444 18.1 -19.672
      vertex 14.6103 18.1 -19.0405
    endloop
  endfacet
  facet normal 0 1 0
    outer loop
      vertex 13.4444 18.1 -19.672
      vertex 13.3337 18.1 -19.9553
      vertex 13.2416 18.1 -19.8174
    endloop
  endfacet
  facet normal 0 1 0
    outer loop
      vertex 13.2416 18.1 -19.8174
      vertex 13.3337 18.1 -19.9553
      vertex 13.0296 18.1 -19.9492
    endloop
  endfacet
  facet normal 0 1 0
    outer loop
      vertex 12 18.1 -20.7846
      vertex 13.0296 18.1 -19.9492
      vertex 13.3337 18.1 -19.9553
    endloop
  endfacet
  facet normal 0 1 0
    outer loop
      vertex 13.0296 18.1 -19.9492
      vertex 12 18.1 -20.7846
      vertex 11.9171 18.1 -20.641
    endloop
  endfacet
  facet normal 0 1 0
    outer loop
      vertex 12 18.1 -20.7846
      vertex 10.7617 18.1 -21.2586
      vertex 11.9171 18.1 -20.641
    endloop
  endfacet
  facet normal 0 1 0
    outer loop
      vertex 10.6149 18.1 -21.5249
      vertex 10.7617 18.1 -21.2586
      vertex 12 18.1 -20.7846
    endloop
  endfacet
  facet normal 0 1 0
    outer loop
      vertex 10.7617 18.1 -21.2586
      vertex 10.6149 18.1 -21.5249
      vertex 10.5416 18.1 -21.3762
    endloop
  endfacet
  facet normal 0 1 0
    outer loop
      vertex 10.6149 18.1 -21.5249
      vertex 9.34828 18.1 -21.9169
      vertex 10.5416 18.1 -21.3762
    endloop
  endfacet
  facet normal 0 1 0
    outer loop
      vertex 9.1844 18.1 -22.1731
      vertex 9.34828 18.1 -21.9169
      vertex 10.6149 18.1 -21.5249
    endloop
  endfacet
  facet normal 0 1 0
    outer loop
      vertex 9.34828 18.1 -21.9169
      vertex 9.1844 18.1 -22.1731
      vertex 9.12094 18.1 -22.0199
    endloop
  endfacet
  facet normal 0 1 0
    outer loop
      vertex 9.1844 18.1 -22.1731
      vertex 7.89484 18.1 -22.4814
      vertex 9.12094 18.1 -22.0199
    endloop
  endfacet
  facet normal 0 1 0
    outer loop
      vertex 7.71455 18.1 -22.7263
      vertex 7.89484 18.1 -22.4814
      vertex 9.1844 18.1 -22.1731
    endloop
  endfacet
  facet normal 0 1 0
    outer loop
      vertex 7.89484 18.1 -22.4814
      vertex 7.71455 18.1 -22.7263
      vertex 7.66124 18.1 -22.5693
    endloop
  endfacet
  facet normal 0 1 0
    outer loop
      vertex 7.71455 18.1 -22.7263
      vertex 6.40758 18.1 -22.9496
      vertex 7.66124 18.1 -22.5693
    endloop
  endfacet
  facet normal 0 1 0
    outer loop
      vertex 6.21166 18.1 -23.1822
      vertex 6.40758 18.1 -22.9496
      vertex 7.71455 18.1 -22.7263
    endloop
  endfacet
  facet normal 0 1 0
    outer loop
      vertex 6.40758 18.1 -22.9496
      vertex 6.21166 18.1 -23.1822
      vertex 6.16874 18.1 -23.022
    endloop
  endfacet
  facet normal 0 1 0
    outer loop
      vertex 6.16874 18.1 -23.022
      vertex 6.21166 18.1 -23.1822
      vertex 5.92566 18.1 -23.0787
    endloop
  endfacet
  facet normal 0 1 0
    outer loop
      vertex 4.68217 18.1 -23.5388
      vertex 5.92566 18.1 -23.0787
      vertex 6.21166 18.1 -23.1822
    endloop
  endfacet
  facet normal 0 1 0
    outer loop
      vertex 5.92566 18.1 -23.0787
      vertex 4.68217 18.1 -23.5388
      vertex 4.64981 18.1 -23.3762
    endloop
  endfacet
  facet normal 0 1 0
    outer loop
      vertex 4.64981 18.1 -23.3762
      vertex 4.68217 18.1 -23.5388
      vertex 4.40356 18.1 -23.4169
    endloop
  endfacet
  facet normal 0 1 0
    outer loop
      vertex 3.13263 18.1 -23.7947
      vertex 4.40356 18.1 -23.4169
      vertex 4.68217 18.1 -23.5388
    endloop
  endfacet
  facet normal 0 1 0
    outer loop
      vertex 4.40356 18.1 -23.4169
      vertex 3.13263 18.1 -23.7947
      vertex 3.11098 18.1 -23.6303
    endloop
  endfacet
  facet normal 0 1 0
    outer loop
      vertex 3.11098 18.1 -23.6303
      vertex 3.13263 18.1 -23.7947
      vertex 1.80722 18.1 -23.7587
    endloop
  endfacet
  facet normal 0 1 0
    outer loop
      vertex 1.56967 18.1 -23.9486
      vertex 1.80722 18.1 -23.7587
      vertex 3.13263 18.1 -23.7947
    endloop
  endfacet
  facet normal 0 1 0
    outer loop
      vertex 1.80722 18.1 -23.7587
      vertex 1.56967 18.1 -23.9486
      vertex 1.55883 18.1 -23.7831
    endloop
  endfacet
  facet normal 0 1 0
    outer loop
      vertex 1.55883 18.1 -23.7831
      vertex 1.56967 18.1 -23.9486
      vertex 1.30937 18.1 -23.7913
    endloop
  endfacet
  facet normal 0 1 0
    outer loop
      vertex 0 18.1 -24
      vertex 1.30937 18.1 -23.7913
      vertex 1.56967 18.1 -23.9486
    endloop
  endfacet
  facet normal 0 1 0
    outer loop
      vertex -23.7913 18.1 -1.30937
      vertex -24 18.1 0
      vertex -23.8342 18.1 0
    endloop
  endfacet
  facet normal 0 1 0
    outer loop
      vertex -23.9486 18.1 -1.56967
      vertex -23.7913 18.1 -1.30937
      vertex -23.7831 18.1 -1.55883
    endloop
  endfacet
  facet normal 0 1 0
    outer loop
      vertex -23.7913 18.1 -1.30937
      vertex -23.9486 18.1 -1.56967
      vertex -24 18.1 0
    endloop
  endfacet
  facet normal 0 1 0
    outer loop
      vertex -23.7587 18.1 -1.80722
      vertex -23.9486 18.1 -1.56967
      vertex -23.7831 18.1 -1.55883
    endloop
  endfacet
  facet normal 0 1 0
    outer loop
      vertex -23.7947 18.1 -3.13263
      vertex -23.7587 18.1 -1.80722
      vertex -23.6303 18.1 -3.11098
    endloop
  endfacet
  facet normal 0 1 0
    outer loop
      vertex -23.7587 18.1 -1.80722
      vertex -23.7947 18.1 -3.13263
      vertex -23.9486 18.1 -1.56967
    endloop
  endfacet
  facet normal 0 1 0
    outer loop
      vertex -23.4169 18.1 -4.40356
      vertex -23.7947 18.1 -3.13263
      vertex -23.6303 18.1 -3.11098
    endloop
  endfacet
  facet normal 0 1 0
    outer loop
      vertex -23.5388 18.1 -4.68217
      vertex -23.4169 18.1 -4.40356
      vertex -23.3762 18.1 -4.64981
    endloop
  endfacet
  facet normal 0 1 0
    outer loop
      vertex -23.4169 18.1 -4.40356
      vertex -23.5388 18.1 -4.68217
      vertex -23.7947 18.1 -3.13263
    endloop
  endfacet
  facet normal 0 1 0
    outer loop
      vertex -23.0787 18.1 -5.92566
      vertex -23.5388 18.1 -4.68217
      vertex -23.3762 18.1 -4.64981
    endloop
  endfacet
  facet normal 0 1 0
    outer loop
      vertex -23.1822 18.1 -6.21166
      vertex -23.0787 18.1 -5.92566
      vertex -23.022 18.1 -6.16874
    endloop
  endfacet
  facet normal 0 1 0
    outer loop
      vertex -23.0787 18.1 -5.92566
      vertex -23.1822 18.1 -6.21166
      vertex -23.5388 18.1 -4.68217
    endloop
  endfacet
  facet normal 0 1 0
    outer loop
      vertex -22.9496 18.1 -6.40758
      vertex -23.1822 18.1 -6.21166
      vertex -23.022 18.1 -6.16874
    endloop
  endfacet
  facet normal 0 1 -0
    outer loop
      vertex -22.7263 18.1 -7.71455
      vertex -22.9496 18.1 -6.40758
      vertex -22.5693 18.1 -7.66124
    endloop
  endfacet
  facet normal 0 1 0
    outer loop
      vertex -22.9496 18.1 -6.40758
      vertex -22.7263 18.1 -7.71455
      vertex -23.1822 18.1 -6.21166
    endloop
  endfacet
  facet normal 0 1 0
    outer loop
      vertex -22.4814 18.1 -7.89484
      vertex -22.7263 18.1 -7.71455
      vertex -22.5693 18.1 -7.66124
    endloop
  endfacet
  facet normal 0 1 -0
    outer loop
      vertex -22.1731 18.1 -9.1844
      vertex -22.4814 18.1 -7.89484
      vertex -22.0199 18.1 -9.12094
    endloop
  endfacet
  facet normal 0 1 0
    outer loop
      vertex -22.4814 18.1 -7.89484
      vertex -22.1731 18.1 -9.1844
      vertex -22.7263 18.1 -7.71455
    endloop
  endfacet
  facet normal 0 1 0
    outer loop
      vertex -21.9169 18.1 -9.34828
      vertex -22.1731 18.1 -9.1844
      vertex -22.0199 18.1 -9.12094
    endloop
  endfacet
  facet normal 0 1 -0
    outer loop
      vertex -21.5249 18.1 -10.6149
      vertex -21.9169 18.1 -9.34828
      vertex -21.3762 18.1 -10.5416
    endloop
  endfacet
  facet normal 0 1 0
    outer loop
      vertex -21.9169 18.1 -9.34828
      vertex -21.5249 18.1 -10.6149
      vertex -22.1731 18.1 -9.1844
    endloop
  endfacet
  facet normal 0 1 0
    outer loop
      vertex -21.2586 18.1 -10.7617
      vertex -21.5249 18.1 -10.6149
      vertex -21.3762 18.1 -10.5416
    endloop
  endfacet
  facet normal 0 1 -0
    outer loop
      vertex -20.7846 18.1 -12
      vertex -21.2586 18.1 -10.7617
      vertex -20.641 18.1 -11.9171
    endloop
  endfacet
  facet normal 0 1 0
    outer loop
      vertex -21.2586 18.1 -10.7617
      vertex -20.7846 18.1 -12
      vertex -21.5249 18.1 -10.6149
    endloop
  endfacet
  facet normal 0 1 0
    outer loop
      vertex -19.9492 18.1 -13.0296
      vertex -20.7846 18.1 -12
      vertex -20.641 18.1 -11.9171
    endloop
  endfacet
  facet normal 0 1 0
    outer loop
      vertex -19.9553 18.1 -13.3337
      vertex -19.9492 18.1 -13.0296
      vertex -19.8174 18.1 -13.2416
    endloop
  endfacet
  facet normal 0 1 0
    outer loop
      vertex -19.9492 18.1 -13.0296
      vertex -19.9553 18.1 -13.3337
      vertex -20.7846 18.1 -12
    endloop
  endfacet
  facet normal 0 1 0
    outer loop
      vertex -19.672 18.1 -13.4444
      vertex -19.9553 18.1 -13.3337
      vertex -19.8174 18.1 -13.2416
    endloop
  endfacet
  facet normal 0 1 -0
    outer loop
      vertex -19.0405 18.1 -14.6103
      vertex -19.672 18.1 -13.4444
      vertex -18.9089 18.1 -14.5093
    endloop
  endfacet
  facet normal 0 1 0
    outer loop
      vertex -19.672 18.1 -13.4444
      vertex -19.0405 18.1 -14.6103
      vertex -19.9553 18.1 -13.3337
    endloop
  endfacet
  facet normal 0 1 0
    outer loop
      vertex -18.0778 18.1 -15.522
      vertex -19.0405 18.1 -14.6103
      vertex -18.9089 18.1 -14.5093
    endloop
  endfacet
  facet normal 0 1 -0
    outer loop
      vertex -18.0442 18.1 -15.8243
      vertex -18.0778 18.1 -15.522
      vertex -17.9195 18.1 -15.715
    endloop
  endfacet
  facet normal 0 1 0
    outer loop
      vertex -18.0778 18.1 -15.522
      vertex -18.0442 18.1 -15.8243
      vertex -19.0405 18.1 -14.6103
    endloop
  endfacet
  facet normal 0 1 0
    outer loop
      vertex -16.8533 18.1 -16.8533
      vertex -18.0442 18.1 -15.8243
      vertex -17.9195 18.1 -15.715
    endloop
  endfacet
  facet normal 0 1 0
    outer loop
      vertex -16.8533 18.1 -16.8533
      vertex -16.9706 18.1 -16.9706
      vertex -18.0442 18.1 -15.8243
    endloop
  endfacet
  facet normal 0 1 0
    outer loop
      vertex -15.715 18.1 -17.9195
      vertex -16.9706 18.1 -16.9706
      vertex -16.8533 18.1 -16.8533
    endloop
  endfacet
  facet normal 0 1 0
    outer loop
      vertex -15.715 18.1 -17.9195
      vertex -15.8243 18.1 -18.0442
      vertex -16.9706 18.1 -16.9706
    endloop
  endfacet
  facet normal 0 1 0
    outer loop
      vertex -15.522 18.1 -18.0778
      vertex -15.8243 18.1 -18.0442
      vertex -15.715 18.1 -17.9195
    endloop
  endfacet
  facet normal 0 1 -0
    outer loop
      vertex -14.6103 18.1 -19.0405
      vertex -15.522 18.1 -18.0778
      vertex -14.5093 18.1 -18.9089
    endloop
  endfacet
  facet normal 0 1 0
    outer loop
      vertex -15.522 18.1 -18.0778
      vertex -14.6103 18.1 -19.0405
      vertex -15.8243 18.1 -18.0442
    endloop
  endfacet
  facet normal 0 1 0
    outer loop
      vertex -13.4444 18.1 -19.672
      vertex -14.6103 18.1 -19.0405
      vertex -14.5093 18.1 -18.9089
    endloop
  endfacet
  facet normal 0 1 -0
    outer loop
      vertex -13.3337 18.1 -19.9553
      vertex -13.4444 18.1 -19.672
      vertex -13.2416 18.1 -19.8174
    endloop
  endfacet
  facet normal 0 1 0
    outer loop
      vertex -13.3337 18.1 -19.9553
      vertex -13.2416 18.1 -19.8174
      vertex -13.0296 18.1 -19.9492
    endloop
  endfacet
  facet normal 0 1 0
    outer loop
      vertex -13.4444 18.1 -19.672
      vertex -13.3337 18.1 -19.9553
      vertex -14.6103 18.1 -19.0405
    endloop
  endfacet
  facet normal 0 1 -0
    outer loop
      vertex -12 18.1 -20.7846
      vertex -13.0296 18.1 -19.9492
      vertex -11.9171 18.1 -20.641
    endloop
  endfacet
  facet normal 0 1 0
    outer loop
      vertex -13.0296 18.1 -19.9492
      vertex -12 18.1 -20.7846
      vertex -13.3337 18.1 -19.9553
    endloop
  endfacet
  facet normal 0 1 0
    outer loop
      vertex -10.7617 18.1 -21.2586
      vertex -12 18.1 -20.7846
      vertex -11.9171 18.1 -20.641
    endloop
  endfacet
  facet normal 0 1 -0
    outer loop
      vertex -10.6149 18.1 -21.5249
      vertex -10.7617 18.1 -21.2586
      vertex -10.5416 18.1 -21.3762
    endloop
  endfacet
  facet normal 0 1 0
    outer loop
      vertex -10.7617 18.1 -21.2586
      vertex -10.6149 18.1 -21.5249
      vertex -12 18.1 -20.7846
    endloop
  endfacet
  facet normal 0 1 0
    outer loop
      vertex -9.34828 18.1 -21.9169
      vertex -10.6149 18.1 -21.5249
      vertex -10.5416 18.1 -21.3762
    endloop
  endfacet
  facet normal 0 1 -0
    outer loop
      vertex -9.1844 18.1 -22.1731
      vertex -9.34828 18.1 -21.9169
      vertex -9.12094 18.1 -22.0199
    endloop
  endfacet
  facet normal 0 1 0
    outer loop
      vertex -9.34828 18.1 -21.9169
      vertex -9.1844 18.1 -22.1731
      vertex -10.6149 18.1 -21.5249
    endloop
  endfacet
  facet normal 0 1 0
    outer loop
      vertex -7.89484 18.1 -22.4814
      vertex -9.1844 18.1 -22.1731
      vertex -9.12094 18.1 -22.0199
    endloop
  endfacet
  facet normal 0 1 -0
    outer loop
      vertex -7.71455 18.1 -22.7263
      vertex -7.89484 18.1 -22.4814
      vertex -7.66124 18.1 -22.5693
    endloop
  endfacet
  facet normal 0 1 0
    outer loop
      vertex -7.89484 18.1 -22.4814
      vertex -7.71455 18.1 -22.7263
      vertex -9.1844 18.1 -22.1731
    endloop
  endfacet
  facet normal 0 1 0
    outer loop
      vertex -6.40758 18.1 -22.9496
      vertex -7.71455 18.1 -22.7263
      vertex -7.66124 18.1 -22.5693
    endloop
  endfacet
  facet normal 0 1 -0
    outer loop
      vertex -6.21166 18.1 -23.1822
      vertex -6.40758 18.1 -22.9496
      vertex -6.16874 18.1 -23.022
    endloop
  endfacet
  facet normal 0 1 0
    outer loop
      vertex -6.21166 18.1 -23.1822
      vertex -6.16874 18.1 -23.022
      vertex -5.92566 18.1 -23.0787
    endloop
  endfacet
  facet normal 0 1 0
    outer loop
      vertex -6.40758 18.1 -22.9496
      vertex -6.21166 18.1 -23.1822
      vertex -7.71455 18.1 -22.7263
    endloop
  endfacet
  facet normal 0 1 -0
    outer loop
      vertex -4.68217 18.1 -23.5388
      vertex -5.92566 18.1 -23.0787
      vertex -4.64981 18.1 -23.3762
    endloop
  endfacet
  facet normal 0 1 0
    outer loop
      vertex -4.68217 18.1 -23.5388
      vertex -4.64981 18.1 -23.3762
      vertex -4.40356 18.1 -23.4169
    endloop
  endfacet
  facet normal 0 1 0
    outer loop
      vertex -5.92566 18.1 -23.0787
      vertex -4.68217 18.1 -23.5388
      vertex -6.21166 18.1 -23.1822
    endloop
  endfacet
  facet normal 0 1 -0
    outer loop
      vertex -3.13263 18.1 -23.7947
      vertex -4.40356 18.1 -23.4169
      vertex -3.11098 18.1 -23.6303
    endloop
  endfacet
  facet normal 0 1 0
    outer loop
      vertex -3.13263 18.1 -23.7947
      vertex -3.11098 18.1 -23.6303
      vertex -1.80722 18.1 -23.7587
    endloop
  endfacet
  facet normal 0 1 -0
    outer loop
      vertex -1.56967 18.1 -23.9486
      vertex -1.80722 18.1 -23.7587
      vertex -1.55883 18.1 -23.7831
    endloop
  endfacet
  facet normal 0 1 0
    outer loop
      vertex -4.40356 18.1 -23.4169
      vertex -3.13263 18.1 -23.7947
      vertex -4.68217 18.1 -23.5388
    endloop
  endfacet
  facet normal 0 1 0
    outer loop
      vertex -1.56967 18.1 -23.9486
      vertex -1.55883 18.1 -23.7831
      vertex -1.30937 18.1 -23.7913
    endloop
  endfacet
  facet normal 0 1 -0
    outer loop
      vertex 0 18.1 -24
      vertex -1.30937 18.1 -23.7913
      vertex 0 18.1 -23.8342
    endloop
  endfacet
  facet normal 0 1 0
    outer loop
      vertex 1.30937 18.1 -23.7913
      vertex 0 18.1 -24
      vertex 0 18.1 -23.8342
    endloop
  endfacet
  facet normal 0 1 0
    outer loop
      vertex -1.80722 18.1 -23.7587
      vertex -1.56967 18.1 -23.9486
      vertex -3.13263 18.1 -23.7947
    endloop
  endfacet
  facet normal 0 1 0
    outer loop
      vertex -1.30937 18.1 -23.7913
      vertex 0 18.1 -24
      vertex -1.56967 18.1 -23.9486
    endloop
  endfacet
  facet normal -0.0251288 -0.639967 -0.767991
    outer loop
      vertex 0 0.9 -23
      vertex -1.30806 1.9 -23.7905
      vertex 0 1.9 -23.8333
    endloop
  endfacet
  facet normal -0.362173 -0.639993 -0.677672
    outer loop
      vertex -11.5 0.9 -19.9186
      vertex -11.9167 1.9 -20.6403
      vertex -10.7624 1.9 -21.2572
    endloop
  endfacet
  facet normal 0.0753265 -0.63998 -0.76469
    outer loop
      vertex 3.0021 0.9 -22.8032
      vertex 1.80841 1.9 -23.7577
      vertex 3.11087 1.9 -23.6294
    endloop
  endfacet
  facet normal 0.748315 -0.63998 -0.174499
    outer loop
      vertex 22.2163 0.9 -5.95284
      vertex 23.0782 1.9 -5.92423
      vertex 22.5581 0.9 -4.48708
    endloop
  endfacet
  facet normal 0.748303 -0.639967 -0.174601
    outer loop
      vertex 23.0782 1.9 -5.92423
      vertex 22.2163 0.9 -5.95284
      vertex 23.0212 1.9 -6.16852
    endloop
  endfacet
  facet normal 0.52527 -0.639946 -0.560857
    outer loop
      vertex 15.165 0.9 -17.2923
      vertex 16.8527 1.9 -16.8527
      vertex 16.2635 0.9 -16.2635
    endloop
  endfacet
  facet normal 0.525272 -0.639954 -0.560845
    outer loop
      vertex 16.8527 1.9 -16.8527
      vertex 15.165 0.9 -17.2923
      vertex 15.7144 1.9 -17.9188
    endloop
  endfacet
  facet normal -0.125136 -0.63995 -0.758159
    outer loop
      vertex -4.48708 0.9 -22.5581
      vertex -4.40216 1.9 -23.4162
      vertex -3.0021 0.9 -22.8032
    endloop
  endfacet
  facet normal -0.124988 -0.639969 -0.758167
    outer loop
      vertex -4.40216 1.9 -23.4162
      vertex -4.48708 0.9 -22.5581
      vertex -4.64965 1.9 -23.3754
    endloop
  endfacet
  facet normal -0.76469 -0.63998 -0.0753265
    outer loop
      vertex -22.8032 0.9 -3.0021
      vertex -23.7577 1.9 -1.80841
      vertex -23.6294 1.9 -3.11087
    endloop
  endfacet
  facet normal -0.593952 -0.640007 -0.487455
    outer loop
      vertex -18.2471 0.9 -14.0015
      vertex -18.9083 1.9 -14.5088
      vertex -18.078 1.9 -15.5205
    endloop
  endfacet
  facet normal 0.652494 -0.640008 -0.40576
    outer loop
      vertex 19.1238 0.9 -12.7781
      vertex 19.9492 1.9 -13.0281
      vertex 19.9186 0.9 -11.5
    endloop
  endfacet
  facet normal 0.652444 -0.639993 -0.405863
    outer loop
      vertex 19.9492 1.9 -13.0281
      vertex 19.1238 0.9 -12.7781
      vertex 19.8167 1.9 -13.2411
    endloop
  endfacet
  facet normal -0.767991 -0.639967 -0.0251288
    outer loop
      vertex -23 0.9 0
      vertex -23.8333 1.9 0
      vertex -23.7905 1.9 -1.30806
    endloop
  endfacet
  facet normal 0.624568 -0.640008 -0.447554
    outer loop
      vertex 19.6706 1.9 -13.445
      vertex 18.2471 0.9 -14.0015
      vertex 18.9083 1.9 -14.5088
    endloop
  endfacet
  facet normal 0.075356 -0.639959 -0.764705
    outer loop
      vertex 1.50427 0.9 -22.9508
      vertex 1.80841 1.9 -23.7577
      vertex 3.0021 0.9 -22.8032
    endloop
  endfacet
  facet normal 0.0753555 -0.639959 -0.764705
    outer loop
      vertex 1.80841 1.9 -23.7577
      vertex 1.50427 0.9 -22.9508
      vertex 1.55877 1.9 -23.7823
    endloop
  endfacet
  facet normal -0.735309 -0.639977 -0.223047
    outer loop
      vertex -21.7794 0.9 -7.39311
      vertex -22.9484 1.9 -6.40857
      vertex -22.5685 1.9 -7.66097
    endloop
  endfacet
  facet normal -0.764705 -0.639959 -0.075356
    outer loop
      vertex -22.9508 0.9 -1.50427
      vertex -23.7577 1.9 -1.80841
      vertex -22.8032 0.9 -3.0021
    endloop
  endfacet
  facet normal -0.764705 -0.639959 -0.0753555
    outer loop
      vertex -23.7577 1.9 -1.80841
      vertex -22.9508 0.9 -1.50427
      vertex -23.7823 1.9 -1.55877
    endloop
  endfacet
  facet normal 0.487455 -0.640007 -0.593952
    outer loop
      vertex 15.5205 1.9 -18.078
      vertex 14.0015 0.9 -18.2471
      vertex 14.5088 1.9 -18.9083
    endloop
  endfacet
  facet normal -0.0251188 -0.639959 -0.767998
    outer loop
      vertex -1.50427 0.9 -22.9508
      vertex -1.30806 1.9 -23.7905
      vertex 0 0.9 -23
    endloop
  endfacet
  facet normal -0.025119 -0.639959 -0.767998
    outer loop
      vertex -1.30806 1.9 -23.7905
      vertex -1.50427 0.9 -22.9508
      vertex -1.55877 1.9 -23.7823
    endloop
  endfacet
  facet normal -0.40576 -0.640008 -0.652494
    outer loop
      vertex -12.7781 0.9 -19.1238
      vertex -13.0281 1.9 -19.9492
      vertex -11.5 0.9 -19.9186
    endloop
  endfacet
  facet normal -0.405863 -0.639993 -0.652444
    outer loop
      vertex -13.0281 1.9 -19.9492
      vertex -12.7781 0.9 -19.1238
      vertex -13.2411 1.9 -19.8167
    endloop
  endfacet
  facet normal 0.767991 -0.639967 -0.0251288
    outer loop
      vertex 23.8333 1.9 0
      vertex 23 0.9 0
      vertex 23.7905 1.9 -1.30806
    endloop
  endfacet
  facet normal -0.593988 -0.639982 -0.487443
    outer loop
      vertex -18.078 1.9 -15.5205
      vertex -17.2923 0.9 -15.165
      vertex -18.2471 0.9 -14.0015
    endloop
  endfacet
  facet normal -0.593884 -0.639957 -0.487603
    outer loop
      vertex -17.2923 0.9 -15.165
      vertex -18.078 1.9 -15.5205
      vertex -17.9188 1.9 -15.7144
    endloop
  endfacet
  facet normal 0.593952 -0.640007 -0.487455
    outer loop
      vertex 18.2471 0.9 -14.0015
      vertex 18.078 1.9 -15.5205
      vertex 18.9083 1.9 -14.5088
    endloop
  endfacet
  facet normal 0.748324 -0.639972 -0.17449
    outer loop
      vertex 23.3754 1.9 -4.64965
      vertex 22.5581 0.9 -4.48708
      vertex 23.0782 1.9 -5.92423
    endloop
  endfacet
  facet normal 0.593988 -0.639982 -0.487443
    outer loop
      vertex 17.2923 0.9 -15.165
      vertex 18.078 1.9 -15.5205
      vertex 18.2471 0.9 -14.0015
    endloop
  endfacet
  facet normal 0.593884 -0.639957 -0.487603
    outer loop
      vertex 18.078 1.9 -15.5205
      vertex 17.2923 0.9 -15.165
      vertex 17.9188 1.9 -15.7144
    endloop
  endfacet
  facet normal 0.69993 -0.639983 -0.31705
    outer loop
      vertex 21.2492 0.9 -8.80172
      vertex 21.9156 1.9 -9.34911
      vertex 22.0191 1.9 -9.12062
    endloop
  endfacet
  facet normal 0.699899 -0.639991 -0.317101
    outer loop
      vertex 21.9156 1.9 -9.34911
      vertex 21.2492 0.9 -8.80172
      vertex 20.6281 0.9 -10.1726
    endloop
  endfacet
  facet normal -0.487455 -0.640007 -0.593952
    outer loop
      vertex -14.0015 0.9 -18.2471
      vertex -15.5205 1.9 -18.078
      vertex -14.5088 1.9 -18.9083
    endloop
  endfacet
  facet normal -0.624595 -0.639992 -0.447539
    outer loop
      vertex -19.6706 1.9 -13.445
      vertex -19.1238 0.9 -12.7781
      vertex -19.8167 1.9 -13.2411
    endloop
  endfacet
  facet normal -0.624567 -0.639998 -0.44757
    outer loop
      vertex -19.1238 0.9 -12.7781
      vertex -19.6706 1.9 -13.445
      vertex -18.2471 0.9 -14.0015
    endloop
  endfacet
  facet normal -0.677672 -0.639993 -0.362173
    outer loop
      vertex -19.9186 0.9 -11.5
      vertex -21.2572 1.9 -10.7624
      vertex -20.6403 1.9 -11.9167
    endloop
  endfacet
  facet normal 0.6999 -0.639989 -0.317103
    outer loop
      vertex 21.9156 1.9 -9.34911
      vertex 20.6281 0.9 -10.1726
      vertex 21.3755 1.9 -10.5412
    endloop
  endfacet
  facet normal 0.767998 -0.639959 -0.0251188
    outer loop
      vertex 22.9508 0.9 -1.50427
      vertex 23.7905 1.9 -1.30806
      vertex 23 0.9 0
    endloop
  endfacet
  facet normal 0.767998 -0.639959 -0.025119
    outer loop
      vertex 23.7905 1.9 -1.30806
      vertex 22.9508 0.9 -1.50427
      vertex 23.7823 1.9 -1.55877
    endloop
  endfacet
  facet normal -0.719149 -0.639963 -0.270687
    outer loop
      vertex -21.7794 0.9 -7.39311
      vertex -22.4801 1.9 -7.89574
      vertex -21.2492 0.9 -8.80172
    endloop
  endfacet
  facet normal -0.719106 -0.639976 -0.270771
    outer loop
      vertex -22.4801 1.9 -7.89574
      vertex -21.7794 0.9 -7.39311
      vertex -22.5685 1.9 -7.66097
    endloop
  endfacet
  facet normal 0.447554 -0.640008 -0.624568
    outer loop
      vertex 14.0015 0.9 -18.2471
      vertex 13.445 1.9 -19.6706
      vertex 14.5088 1.9 -18.9083
    endloop
  endfacet
  facet normal -0.0753265 -0.63998 -0.76469
    outer loop
      vertex -3.0021 0.9 -22.8032
      vertex -3.11087 1.9 -23.6294
      vertex -1.80841 1.9 -23.7577
    endloop
  endfacet
  facet normal -0.317103 -0.639989 -0.6999
    outer loop
      vertex -10.1726 0.9 -20.6281
      vertex -10.5412 1.9 -21.3755
      vertex -9.34911 1.9 -21.9156
    endloop
  endfacet
  facet normal 0.487603 -0.639957 -0.593884
    outer loop
      vertex 15.165 0.9 -17.2923
      vertex 15.5205 1.9 -18.078
      vertex 15.7144 1.9 -17.9188
    endloop
  endfacet
  facet normal 0.487443 -0.639982 -0.593988
    outer loop
      vertex 15.5205 1.9 -18.078
      vertex 15.165 0.9 -17.2923
      vertex 14.0015 0.9 -18.2471
    endloop
  endfacet
  facet normal 0.223047 -0.639977 -0.735309
    outer loop
      vertex 7.39311 0.9 -21.7794
      vertex 6.40857 1.9 -22.9484
      vertex 7.66097 1.9 -22.5685
    endloop
  endfacet
  facet normal 0.677571 -0.639987 -0.362372
    outer loop
      vertex 20.6281 0.9 -10.1726
      vertex 21.2572 1.9 -10.7624
      vertex 21.3755 1.9 -10.5412
    endloop
  endfacet
  facet normal 0.677675 -0.639963 -0.36222
    outer loop
      vertex 21.2572 1.9 -10.7624
      vertex 20.6281 0.9 -10.1726
      vertex 19.9186 0.9 -11.5
    endloop
  endfacet
  facet normal 0.560852 -0.639954 -0.525265
    outer loop
      vertex 16.2635 0.9 -16.2635
      vertex 17.9188 1.9 -15.7144
      vertex 17.2923 0.9 -15.165
    endloop
  endfacet
  facet normal 0.56085 -0.639946 -0.525277
    outer loop
      vertex 17.9188 1.9 -15.7144
      vertex 16.2635 0.9 -16.2635
      vertex 16.8527 1.9 -16.8527
    endloop
  endfacet
  facet normal -0.624568 -0.640008 -0.447554
    outer loop
      vertex -18.2471 0.9 -14.0015
      vertex -19.6706 1.9 -13.445
      vertex -18.9083 1.9 -14.5088
    endloop
  endfacet
  facet normal 0.719143 -0.639982 -0.270659
    outer loop
      vertex 22.4801 1.9 -7.89574
      vertex 21.2492 0.9 -8.80172
      vertex 22.0191 1.9 -9.12062
    endloop
  endfacet
  facet normal 0.0251288 -0.639967 -0.767991
    outer loop
      vertex 1.30806 1.9 -23.7905
      vertex 0 0.9 -23
      vertex 0 1.9 -23.8333
    endloop
  endfacet
  facet normal 0.652513 -0.639995 -0.405751
    outer loop
      vertex 20.6403 1.9 -11.9167
      vertex 19.9186 0.9 -11.5
      vertex 19.9492 1.9 -13.0281
    endloop
  endfacet
  facet normal 0.677672 -0.639993 -0.362173
    outer loop
      vertex 21.2572 1.9 -10.7624
      vertex 19.9186 0.9 -11.5
      vertex 20.6403 1.9 -11.9167
    endloop
  endfacet
  facet normal 0.362173 -0.639993 -0.677672
    outer loop
      vertex 11.5 0.9 -19.9186
      vertex 10.7624 1.9 -21.2572
      vertex 11.9167 1.9 -20.6403
    endloop
  endfacet
  facet normal -0.223047 -0.639977 -0.735309
    outer loop
      vertex -7.39311 0.9 -21.7794
      vertex -7.66097 1.9 -22.5685
      vertex -6.40857 1.9 -22.9484
    endloop
  endfacet
  facet normal 0.624595 -0.639992 -0.447539
    outer loop
      vertex 19.1238 0.9 -12.7781
      vertex 19.6706 1.9 -13.445
      vertex 19.8167 1.9 -13.2411
    endloop
  endfacet
  facet normal 0.624567 -0.639998 -0.44757
    outer loop
      vertex 19.6706 1.9 -13.445
      vertex 19.1238 0.9 -12.7781
      vertex 18.2471 0.9 -14.0015
    endloop
  endfacet
  facet normal -0.125172 -0.63998 -0.758128
    outer loop
      vertex -3.0021 0.9 -22.8032
      vertex -4.40216 1.9 -23.4162
      vertex -3.11087 1.9 -23.6294
    endloop
  endfacet
  facet normal -0.652513 -0.639995 -0.405751
    outer loop
      vertex -19.9186 0.9 -11.5
      vertex -20.6403 1.9 -11.9167
      vertex -19.9492 1.9 -13.0281
    endloop
  endfacet
  facet normal 0.764705 -0.639959 -0.0753555
    outer loop
      vertex 22.9508 0.9 -1.50427
      vertex 23.7577 1.9 -1.80841
      vertex 23.7823 1.9 -1.55877
    endloop
  endfacet
  facet normal 0.764705 -0.639959 -0.075356
    outer loop
      vertex 23.7577 1.9 -1.80841
      vertex 22.9508 0.9 -1.50427
      vertex 22.8032 0.9 -3.0021
    endloop
  endfacet
  facet normal 0 -1 0
    outer loop
      vertex -23 0.9 0
      vertex -17.1133 0.9 -1.12166
      vertex -17.15 0.9 0
    endloop
  endfacet
  facet normal 0 -1 0
    outer loop
      vertex -22.9508 0.9 -1.50427
      vertex -17.1133 0.9 -1.12166
      vertex -23 0.9 0
    endloop
  endfacet
  facet normal 0 -1 0
    outer loop
      vertex -22.9508 0.9 -1.50427
      vertex -17.0033 0.9 -2.23852
      vertex -17.1133 0.9 -1.12166
    endloop
  endfacet
  facet normal 0 -1 0
    outer loop
      vertex -22.8032 0.9 -3.0021
      vertex -17.0033 0.9 -2.23852
      vertex -22.9508 0.9 -1.50427
    endloop
  endfacet
  facet normal 0 -1 0
    outer loop
      vertex -22.8032 0.9 -3.0021
      vertex -16.8205 0.9 -3.3458
      vertex -17.0033 0.9 -2.23852
    endloop
  endfacet
  facet normal 0 -1 0
    outer loop
      vertex -22.5581 0.9 -4.48708
      vertex -16.8205 0.9 -3.3458
      vertex -22.8032 0.9 -3.0021
    endloop
  endfacet
  facet normal 0 -1 -0
    outer loop
      vertex -16.8205 0.9 -3.3458
      vertex -22.5581 0.9 -4.48708
      vertex -16.5656 0.9 -4.43875
    endloop
  endfacet
  facet normal 0 -1 0
    outer loop
      vertex -22.2163 0.9 -5.95284
      vertex -16.5656 0.9 -4.43875
      vertex -22.5581 0.9 -4.48708
    endloop
  endfacet
  facet normal 0 -1 -0
    outer loop
      vertex -16.5656 0.9 -4.43875
      vertex -22.2163 0.9 -5.95284
      vertex -16.2399 0.9 -5.51269
    endloop
  endfacet
  facet normal 0 -1 0
    outer loop
      vertex -21.7794 0.9 -7.39311
      vertex -16.2399 0.9 -5.51269
      vertex -22.2163 0.9 -5.95284
    endloop
  endfacet
  facet normal 0 -1 -0
    outer loop
      vertex -16.2399 0.9 -5.51269
      vertex -21.7794 0.9 -7.39311
      vertex -15.8445 0.9 -6.56302
    endloop
  endfacet
  facet normal 0 -1 0
    outer loop
      vertex -21.2492 0.9 -8.80172
      vertex -15.8445 0.9 -6.56302
      vertex -21.7794 0.9 -7.39311
    endloop
  endfacet
  facet normal 0 -1 -0
    outer loop
      vertex -15.8445 0.9 -6.56302
      vertex -21.2492 0.9 -8.80172
      vertex -15.3814 0.9 -7.58525
    endloop
  endfacet
  facet normal 0 -1 0
    outer loop
      vertex -20.6281 0.9 -10.1726
      vertex -15.3814 0.9 -7.58525
      vertex -21.2492 0.9 -8.80172
    endloop
  endfacet
  facet normal 0 -1 -0
    outer loop
      vertex -15.3814 0.9 -7.58525
      vertex -20.6281 0.9 -10.1726
      vertex -14.8523 0.9 -8.575
    endloop
  endfacet
  facet normal 0 -1 0
    outer loop
      vertex -19.9186 0.9 -11.5
      vertex -14.8523 0.9 -8.575
      vertex -20.6281 0.9 -10.1726
    endloop
  endfacet
  facet normal 0 -1 -0
    outer loop
      vertex -14.8523 0.9 -8.575
      vertex -19.9186 0.9 -11.5
      vertex -14.2597 0.9 -9.52803
    endloop
  endfacet
  facet normal 0 -1 0
    outer loop
      vertex -19.1238 0.9 -12.7781
      vertex -14.2597 0.9 -9.52803
      vertex -19.9186 0.9 -11.5
    endloop
  endfacet
  facet normal 0 -1 -0
    outer loop
      vertex -14.2597 0.9 -9.52803
      vertex -19.1238 0.9 -12.7781
      vertex -13.606 0.9 -10.4403
    endloop
  endfacet
  facet normal 0 -1 0
    outer loop
      vertex -18.2471 0.9 -14.0015
      vertex -13.606 0.9 -10.4403
      vertex -19.1238 0.9 -12.7781
    endloop
  endfacet
  facet normal 0 -1 -0
    outer loop
      vertex -13.606 0.9 -10.4403
      vertex -18.2471 0.9 -14.0015
      vertex -12.8941 0.9 -11.3078
    endloop
  endfacet
  facet normal 0 -1 0
    outer loop
      vertex -17.2923 0.9 -15.165
      vertex -12.8941 0.9 -11.3078
      vertex -18.2471 0.9 -14.0015
    endloop
  endfacet
  facet normal 0 -1 -0
    outer loop
      vertex -12.8941 0.9 -11.3078
      vertex -17.2923 0.9 -15.165
      vertex -12.1269 0.9 -12.1269
    endloop
  endfacet
  facet normal 0 -1 0
    outer loop
      vertex -16.2635 0.9 -16.2635
      vertex -12.1269 0.9 -12.1269
      vertex -17.2923 0.9 -15.165
    endloop
  endfacet
  facet normal 0 -1 -0
    outer loop
      vertex -12.1269 0.9 -12.1269
      vertex -16.2635 0.9 -16.2635
      vertex -11.3078 0.9 -12.8941
    endloop
  endfacet
  facet normal 0 -1 0
    outer loop
      vertex -15.165 0.9 -17.2923
      vertex -11.3078 0.9 -12.8941
      vertex -16.2635 0.9 -16.2635
    endloop
  endfacet
  facet normal 0 -1 -0
    outer loop
      vertex -11.3078 0.9 -12.8941
      vertex -15.165 0.9 -17.2923
      vertex -10.4403 0.9 -13.606
    endloop
  endfacet
  facet normal 0 -1 0
    outer loop
      vertex -14.0015 0.9 -18.2471
      vertex -10.4403 0.9 -13.606
      vertex -15.165 0.9 -17.2923
    endloop
  endfacet
  facet normal 0 -1 -0
    outer loop
      vertex -10.4403 0.9 -13.606
      vertex -14.0015 0.9 -18.2471
      vertex -9.52803 0.9 -14.2597
    endloop
  endfacet
  facet normal 0 -1 0
    outer loop
      vertex -12.7781 0.9 -19.1238
      vertex -9.52803 0.9 -14.2597
      vertex -14.0015 0.9 -18.2471
    endloop
  endfacet
  facet normal 0 -1 -0
    outer loop
      vertex -9.52803 0.9 -14.2597
      vertex -12.7781 0.9 -19.1238
      vertex -8.575 0.9 -14.8523
    endloop
  endfacet
  facet normal 0 -1 0
    outer loop
      vertex -11.5 0.9 -19.9186
      vertex -8.575 0.9 -14.8523
      vertex -12.7781 0.9 -19.1238
    endloop
  endfacet
  facet normal 0 -1 -0
    outer loop
      vertex -8.575 0.9 -14.8523
      vertex -11.5 0.9 -19.9186
      vertex -7.58525 0.9 -15.3814
    endloop
  endfacet
  facet normal 0 -1 0
    outer loop
      vertex -10.1726 0.9 -20.6281
      vertex -7.58525 0.9 -15.3814
      vertex -11.5 0.9 -19.9186
    endloop
  endfacet
  facet normal 0 -1 -0
    outer loop
      vertex -7.58525 0.9 -15.3814
      vertex -10.1726 0.9 -20.6281
      vertex -6.56302 0.9 -15.8445
    endloop
  endfacet
  facet normal 0 -1 -0
    outer loop
      vertex -6.56302 0.9 -15.8445
      vertex -8.80172 0.9 -21.2492
      vertex -5.51269 0.9 -16.2399
    endloop
  endfacet
  facet normal 0 -1 0
    outer loop
      vertex -8.80172 0.9 -21.2492
      vertex -6.56302 0.9 -15.8445
      vertex -10.1726 0.9 -20.6281
    endloop
  endfacet
  facet normal 0 -1 0
    outer loop
      vertex 17.1133 0.9 -1.12166
      vertex 23 0.9 0
      vertex 17.15 0.9 0
    endloop
  endfacet
  facet normal 0 -1 0
    outer loop
      vertex 17.1133 0.9 -1.12166
      vertex 22.9508 0.9 -1.50427
      vertex 23 0.9 0
    endloop
  endfacet
  facet normal 0 -1 0
    outer loop
      vertex 17.0033 0.9 -2.23852
      vertex 22.9508 0.9 -1.50427
      vertex 17.1133 0.9 -1.12166
    endloop
  endfacet
  facet normal 0 -1 0
    outer loop
      vertex 17.0033 0.9 -2.23852
      vertex 22.8032 0.9 -3.0021
      vertex 22.9508 0.9 -1.50427
    endloop
  endfacet
  facet normal 0 -1 0
    outer loop
      vertex 16.8205 0.9 -3.3458
      vertex 22.8032 0.9 -3.0021
      vertex 17.0033 0.9 -2.23852
    endloop
  endfacet
  facet normal 0 -1 0
    outer loop
      vertex 22.5581 0.9 -4.48708
      vertex 16.8205 0.9 -3.3458
      vertex 16.5656 0.9 -4.43875
    endloop
  endfacet
  facet normal 0 -1 0
    outer loop
      vertex 16.8205 0.9 -3.3458
      vertex 22.5581 0.9 -4.48708
      vertex 22.8032 0.9 -3.0021
    endloop
  endfacet
  facet normal 0 -1 0
    outer loop
      vertex 22.2163 0.9 -5.95284
      vertex 16.5656 0.9 -4.43875
      vertex 16.2399 0.9 -5.51269
    endloop
  endfacet
  facet normal 0 -1 0
    outer loop
      vertex 16.5656 0.9 -4.43875
      vertex 22.2163 0.9 -5.95284
      vertex 22.5581 0.9 -4.48708
    endloop
  endfacet
  facet normal 0 -1 0
    outer loop
      vertex 21.7794 0.9 -7.39311
      vertex 16.2399 0.9 -5.51269
      vertex 15.8445 0.9 -6.56302
    endloop
  endfacet
  facet normal 0 -1 0
    outer loop
      vertex 16.2399 0.9 -5.51269
      vertex 21.7794 0.9 -7.39311
      vertex 22.2163 0.9 -5.95284
    endloop
  endfacet
  facet normal 0 -1 0
    outer loop
      vertex 21.2492 0.9 -8.80172
      vertex 15.8445 0.9 -6.56302
      vertex 15.3814 0.9 -7.58525
    endloop
  endfacet
  facet normal 0 -1 0
    outer loop
      vertex 20.6281 0.9 -10.1726
      vertex 15.3814 0.9 -7.58525
      vertex 14.8523 0.9 -8.575
    endloop
  endfacet
  facet normal 0 -1 0
    outer loop
      vertex 15.8445 0.9 -6.56302
      vertex 21.2492 0.9 -8.80172
      vertex 21.7794 0.9 -7.39311
    endloop
  endfacet
  facet normal 0 -1 0
    outer loop
      vertex 19.9186 0.9 -11.5
      vertex 14.8523 0.9 -8.575
      vertex 14.2597 0.9 -9.52803
    endloop
  endfacet
  facet normal 0 -1 0
    outer loop
      vertex 15.3814 0.9 -7.58525
      vertex 20.6281 0.9 -10.1726
      vertex 21.2492 0.9 -8.80172
    endloop
  endfacet
  facet normal 0 -1 0
    outer loop
      vertex 19.1238 0.9 -12.7781
      vertex 14.2597 0.9 -9.52803
      vertex 13.606 0.9 -10.4403
    endloop
  endfacet
  facet normal 0 -1 0
    outer loop
      vertex 18.2471 0.9 -14.0015
      vertex 13.606 0.9 -10.4403
      vertex 12.8941 0.9 -11.3078
    endloop
  endfacet
  facet normal 0 -1 0
    outer loop
      vertex 14.8523 0.9 -8.575
      vertex 19.9186 0.9 -11.5
      vertex 20.6281 0.9 -10.1726
    endloop
  endfacet
  facet normal 0 -1 0
    outer loop
      vertex 17.2923 0.9 -15.165
      vertex 12.8941 0.9 -11.3078
      vertex 12.1269 0.9 -12.1269
    endloop
  endfacet
  facet normal 0 -1 0
    outer loop
      vertex 14.2597 0.9 -9.52803
      vertex 19.1238 0.9 -12.7781
      vertex 19.9186 0.9 -11.5
    endloop
  endfacet
  facet normal 0 -1 0
    outer loop
      vertex 16.2635 0.9 -16.2635
      vertex 12.1269 0.9 -12.1269
      vertex 11.3078 0.9 -12.8941
    endloop
  endfacet
  facet normal 0 -1 0
    outer loop
      vertex 15.165 0.9 -17.2923
      vertex 11.3078 0.9 -12.8941
      vertex 10.4403 0.9 -13.606
    endloop
  endfacet
  facet normal 0 -1 0
    outer loop
      vertex 13.606 0.9 -10.4403
      vertex 18.2471 0.9 -14.0015
      vertex 19.1238 0.9 -12.7781
    endloop
  endfacet
  facet normal 0 -1 0
    outer loop
      vertex 14.0015 0.9 -18.2471
      vertex 10.4403 0.9 -13.606
      vertex 9.52803 0.9 -14.2597
    endloop
  endfacet
  facet normal 0 -1 0
    outer loop
      vertex 12.7781 0.9 -19.1238
      vertex 9.52803 0.9 -14.2597
      vertex 8.575 0.9 -14.8523
    endloop
  endfacet
  facet normal 0 -1 0
    outer loop
      vertex 12.8941 0.9 -11.3078
      vertex 17.2923 0.9 -15.165
      vertex 18.2471 0.9 -14.0015
    endloop
  endfacet
  facet normal 0 -1 0
    outer loop
      vertex 11.5 0.9 -19.9186
      vertex 8.575 0.9 -14.8523
      vertex 7.58525 0.9 -15.3814
    endloop
  endfacet
  facet normal 0 -1 0
    outer loop
      vertex 10.1726 0.9 -20.6281
      vertex 7.58525 0.9 -15.3814
      vertex 6.56302 0.9 -15.8445
    endloop
  endfacet
  facet normal 0 -1 0
    outer loop
      vertex 8.80172 0.9 -21.2492
      vertex 6.56302 0.9 -15.8445
      vertex 5.51269 0.9 -16.2399
    endloop
  endfacet
  facet normal 0 -1 0
    outer loop
      vertex 12.1269 0.9 -12.1269
      vertex 16.2635 0.9 -16.2635
      vertex 17.2923 0.9 -15.165
    endloop
  endfacet
  facet normal 0 -1 0
    outer loop
      vertex 7.39311 0.9 -21.7794
      vertex 5.51269 0.9 -16.2399
      vertex 4.43875 0.9 -16.5656
    endloop
  endfacet
  facet normal 0 -1 0
    outer loop
      vertex 5.95284 0.9 -22.2163
      vertex 4.43875 0.9 -16.5656
      vertex 3.3458 0.9 -16.8205
    endloop
  endfacet
  facet normal 0 -1 0
    outer loop
      vertex 4.48708 0.9 -22.5581
      vertex 3.3458 0.9 -16.8205
      vertex 2.23852 0.9 -17.0033
    endloop
  endfacet
  facet normal 0 -1 0
    outer loop
      vertex 3.0021 0.9 -22.8032
      vertex 2.23852 0.9 -17.0033
      vertex 1.12166 0.9 -17.1133
    endloop
  endfacet
  facet normal 0 -1 0
    outer loop
      vertex 11.3078 0.9 -12.8941
      vertex 15.165 0.9 -17.2923
      vertex 16.2635 0.9 -16.2635
    endloop
  endfacet
  facet normal 0 -1 0
    outer loop
      vertex 1.50427 0.9 -22.9508
      vertex 1.12166 0.9 -17.1133
      vertex 0 0.9 -17.15
    endloop
  endfacet
  facet normal 0 -1 0
    outer loop
      vertex -7.39311 0.9 -21.7794
      vertex -5.51269 0.9 -16.2399
      vertex -8.80172 0.9 -21.2492
    endloop
  endfacet
  facet normal 0 -1 -0
    outer loop
      vertex -5.51269 0.9 -16.2399
      vertex -7.39311 0.9 -21.7794
      vertex -4.43875 0.9 -16.5656
    endloop
  endfacet
  facet normal 0 -1 0
    outer loop
      vertex 10.4403 0.9 -13.606
      vertex 14.0015 0.9 -18.2471
      vertex 15.165 0.9 -17.2923
    endloop
  endfacet
  facet normal 0 -1 0
    outer loop
      vertex -5.95284 0.9 -22.2163
      vertex -4.43875 0.9 -16.5656
      vertex -7.39311 0.9 -21.7794
    endloop
  endfacet
  facet normal 0 -1 0
    outer loop
      vertex 9.52803 0.9 -14.2597
      vertex 12.7781 0.9 -19.1238
      vertex 14.0015 0.9 -18.2471
    endloop
  endfacet
  facet normal 0 -1 -0
    outer loop
      vertex -4.43875 0.9 -16.5656
      vertex -5.95284 0.9 -22.2163
      vertex -3.3458 0.9 -16.8205
    endloop
  endfacet
  facet normal 0 -1 0
    outer loop
      vertex 8.575 0.9 -14.8523
      vertex 11.5 0.9 -19.9186
      vertex 12.7781 0.9 -19.1238
    endloop
  endfacet
  facet normal 0 -1 0
    outer loop
      vertex -4.48708 0.9 -22.5581
      vertex -3.3458 0.9 -16.8205
      vertex -5.95284 0.9 -22.2163
    endloop
  endfacet
  facet normal 0 -1 0
    outer loop
      vertex 7.58525 0.9 -15.3814
      vertex 10.1726 0.9 -20.6281
      vertex 11.5 0.9 -19.9186
    endloop
  endfacet
  facet normal 0 -1 -0
    outer loop
      vertex -3.3458 0.9 -16.8205
      vertex -4.48708 0.9 -22.5581
      vertex -2.23852 0.9 -17.0033
    endloop
  endfacet
  facet normal 0 -1 0
    outer loop
      vertex 6.56302 0.9 -15.8445
      vertex 8.80172 0.9 -21.2492
      vertex 10.1726 0.9 -20.6281
    endloop
  endfacet
  facet normal 0 -1 0
    outer loop
      vertex -3.0021 0.9 -22.8032
      vertex -2.23852 0.9 -17.0033
      vertex -4.48708 0.9 -22.5581
    endloop
  endfacet
  facet normal 0 -1 0
    outer loop
      vertex 5.51269 0.9 -16.2399
      vertex 7.39311 0.9 -21.7794
      vertex 8.80172 0.9 -21.2492
    endloop
  endfacet
  facet normal 0 -1 -0
    outer loop
      vertex -2.23852 0.9 -17.0033
      vertex -3.0021 0.9 -22.8032
      vertex -1.12166 0.9 -17.1133
    endloop
  endfacet
  facet normal 0 -1 0
    outer loop
      vertex 4.43875 0.9 -16.5656
      vertex 5.95284 0.9 -22.2163
      vertex 7.39311 0.9 -21.7794
    endloop
  endfacet
  facet normal 0 -1 0
    outer loop
      vertex -1.50427 0.9 -22.9508
      vertex -1.12166 0.9 -17.1133
      vertex -3.0021 0.9 -22.8032
    endloop
  endfacet
  facet normal 0 -1 0
    outer loop
      vertex 3.3458 0.9 -16.8205
      vertex 4.48708 0.9 -22.5581
      vertex 5.95284 0.9 -22.2163
    endloop
  endfacet
  facet normal 0 -1 -0
    outer loop
      vertex -1.12166 0.9 -17.1133
      vertex -1.50427 0.9 -22.9508
      vertex 0 0.9 -17.15
    endloop
  endfacet
  facet normal 0 -1 0
    outer loop
      vertex 2.23852 0.9 -17.0033
      vertex 3.0021 0.9 -22.8032
      vertex 4.48708 0.9 -22.5581
    endloop
  endfacet
  facet normal 0 -1 0
    outer loop
      vertex 0 0.9 -23
      vertex 0 0.9 -17.15
      vertex -1.50427 0.9 -22.9508
    endloop
  endfacet
  facet normal 0 -1 0
    outer loop
      vertex 1.12166 0.9 -17.1133
      vertex 1.50427 0.9 -22.9508
      vertex 3.0021 0.9 -22.8032
    endloop
  endfacet
  facet normal 0 -1 0
    outer loop
      vertex 0 0.9 -17.15
      vertex 0 0.9 -23
      vertex 1.50427 0.9 -22.9508
    endloop
  endfacet
  facet normal 0.735332 -0.639966 -0.223004
    outer loop
      vertex 22.2163 0.9 -5.95284
      vertex 22.9484 1.9 -6.40857
      vertex 23.0212 1.9 -6.16852
    endloop
  endfacet
  facet normal 0.735311 -0.639973 -0.223053
    outer loop
      vertex 22.9484 1.9 -6.40857
      vertex 22.2163 0.9 -5.95284
      vertex 21.7794 0.9 -7.39311
    endloop
  endfacet
  facet normal -0.447554 -0.640008 -0.624568
    outer loop
      vertex -14.0015 0.9 -18.2471
      vertex -14.5088 1.9 -18.9083
      vertex -13.445 1.9 -19.6706
    endloop
  endfacet
  facet normal 0.405751 -0.639995 -0.652513
    outer loop
      vertex 13.0281 1.9 -19.9492
      vertex 11.5 0.9 -19.9186
      vertex 11.9167 1.9 -20.6403
    endloop
  endfacet
  facet normal -0.362372 -0.639987 -0.677571
    outer loop
      vertex -10.1726 0.9 -20.6281
      vertex -10.7624 1.9 -21.2572
      vertex -10.5412 1.9 -21.3755
    endloop
  endfacet
  facet normal -0.36222 -0.639963 -0.677675
    outer loop
      vertex -10.7624 1.9 -21.2572
      vertex -10.1726 0.9 -20.6281
      vertex -11.5 0.9 -19.9186
    endloop
  endfacet
  facet normal -0.735311 -0.639973 -0.223053
    outer loop
      vertex -22.2163 0.9 -5.95284
      vertex -22.9484 1.9 -6.40857
      vertex -21.7794 0.9 -7.39311
    endloop
  endfacet
  facet normal -0.735332 -0.639966 -0.223004
    outer loop
      vertex -22.9484 1.9 -6.40857
      vertex -22.2163 0.9 -5.95284
      vertex -23.0212 1.9 -6.16852
    endloop
  endfacet
  facet normal 0.758159 -0.63995 -0.125136
    outer loop
      vertex 22.5581 0.9 -4.48708
      vertex 23.4162 1.9 -4.40216
      vertex 22.8032 0.9 -3.0021
    endloop
  endfacet
  facet normal 0.758167 -0.639969 -0.124988
    outer loop
      vertex 23.4162 1.9 -4.40216
      vertex 22.5581 0.9 -4.48708
      vertex 23.3754 1.9 -4.64965
    endloop
  endfacet
  facet normal 0.758128 -0.63998 -0.125172
    outer loop
      vertex 23.6294 1.9 -3.11087
      vertex 22.8032 0.9 -3.0021
      vertex 23.4162 1.9 -4.40216
    endloop
  endfacet
  facet normal 0.76469 -0.63998 -0.0753265
    outer loop
      vertex 23.7577 1.9 -1.80841
      vertex 22.8032 0.9 -3.0021
      vertex 23.6294 1.9 -3.11087
    endloop
  endfacet
  facet normal 0.719106 -0.639976 -0.270771
    outer loop
      vertex 21.7794 0.9 -7.39311
      vertex 22.4801 1.9 -7.89574
      vertex 22.5685 1.9 -7.66097
    endloop
  endfacet
  facet normal 0.719149 -0.639963 -0.270687
    outer loop
      vertex 22.4801 1.9 -7.89574
      vertex 21.7794 0.9 -7.39311
      vertex 21.2492 0.9 -8.80172
    endloop
  endfacet
  facet normal 0.735309 -0.639977 -0.223047
    outer loop
      vertex 22.9484 1.9 -6.40857
      vertex 21.7794 0.9 -7.39311
      vertex 22.5685 1.9 -7.66097
    endloop
  endfacet
  facet normal 0.223053 -0.639973 -0.735311
    outer loop
      vertex 5.95284 0.9 -22.2163
      vertex 6.40857 1.9 -22.9484
      vertex 7.39311 0.9 -21.7794
    endloop
  endfacet
  facet normal 0.223004 -0.639966 -0.735332
    outer loop
      vertex 6.40857 1.9 -22.9484
      vertex 5.95284 0.9 -22.2163
      vertex 6.16852 1.9 -23.0212
    endloop
  endfacet
  facet normal -0.0753555 -0.639959 -0.764705
    outer loop
      vertex -1.50427 0.9 -22.9508
      vertex -1.80841 1.9 -23.7577
      vertex -1.55877 1.9 -23.7823
    endloop
  endfacet
  facet normal -0.075356 -0.639959 -0.764705
    outer loop
      vertex -1.80841 1.9 -23.7577
      vertex -1.50427 0.9 -22.9508
      vertex -3.0021 0.9 -22.8032
    endloop
  endfacet
  facet normal -0.560852 -0.639954 -0.525265
    outer loop
      vertex -17.9188 1.9 -15.7144
      vertex -16.2635 0.9 -16.2635
      vertex -17.2923 0.9 -15.165
    endloop
  endfacet
  facet normal -0.56085 -0.639946 -0.525277
    outer loop
      vertex -16.2635 0.9 -16.2635
      vertex -17.9188 1.9 -15.7144
      vertex -16.8527 1.9 -16.8527
    endloop
  endfacet
  facet normal -0.405751 -0.639995 -0.652513
    outer loop
      vertex -11.5 0.9 -19.9186
      vertex -13.0281 1.9 -19.9492
      vertex -11.9167 1.9 -20.6403
    endloop
  endfacet
  facet normal -0.31705 -0.639983 -0.69993
    outer loop
      vertex -8.80172 0.9 -21.2492
      vertex -9.34911 1.9 -21.9156
      vertex -9.12062 1.9 -22.0191
    endloop
  endfacet
  facet normal -0.317101 -0.639991 -0.699899
    outer loop
      vertex -9.34911 1.9 -21.9156
      vertex -8.80172 0.9 -21.2492
      vertex -10.1726 0.9 -20.6281
    endloop
  endfacet
  facet normal -0.270659 -0.639982 -0.719143
    outer loop
      vertex -8.80172 0.9 -21.2492
      vertex -9.12062 1.9 -22.0191
      vertex -7.89574 1.9 -22.4801
    endloop
  endfacet
  facet normal -0.719143 -0.639982 -0.270659
    outer loop
      vertex -21.2492 0.9 -8.80172
      vertex -22.4801 1.9 -7.89574
      vertex -22.0191 1.9 -9.12062
    endloop
  endfacet
  facet normal -0.758128 -0.63998 -0.125172
    outer loop
      vertex -22.8032 0.9 -3.0021
      vertex -23.6294 1.9 -3.11087
      vertex -23.4162 1.9 -4.40216
    endloop
  endfacet
  facet normal 0.44757 -0.639998 -0.624567
    outer loop
      vertex 12.7781 0.9 -19.1238
      vertex 13.445 1.9 -19.6706
      vertex 14.0015 0.9 -18.2471
    endloop
  endfacet
  facet normal 0.447539 -0.639992 -0.624595
    outer loop
      vertex 13.445 1.9 -19.6706
      vertex 12.7781 0.9 -19.1238
      vertex 13.2411 1.9 -19.8167
    endloop
  endfacet
  facet normal 0.270687 -0.639963 -0.719149
    outer loop
      vertex 7.39311 0.9 -21.7794
      vertex 7.89574 1.9 -22.4801
      vertex 8.80172 0.9 -21.2492
    endloop
  endfacet
  facet normal 0.270771 -0.639976 -0.719106
    outer loop
      vertex 7.89574 1.9 -22.4801
      vertex 7.39311 0.9 -21.7794
      vertex 7.66097 1.9 -22.5685
    endloop
  endfacet
  facet normal 0.270659 -0.639982 -0.719143
    outer loop
      vertex 8.80172 0.9 -21.2492
      vertex 7.89574 1.9 -22.4801
      vertex 9.12062 1.9 -22.0191
    endloop
  endfacet
  facet normal 0.125172 -0.63998 -0.758128
    outer loop
      vertex 4.40216 1.9 -23.4162
      vertex 3.0021 0.9 -22.8032
      vertex 3.11087 1.9 -23.6294
    endloop
  endfacet
  facet normal -0.270771 -0.639976 -0.719106
    outer loop
      vertex -7.39311 0.9 -21.7794
      vertex -7.89574 1.9 -22.4801
      vertex -7.66097 1.9 -22.5685
    endloop
  endfacet
  facet normal -0.270687 -0.639963 -0.719149
    outer loop
      vertex -7.89574 1.9 -22.4801
      vertex -7.39311 0.9 -21.7794
      vertex -8.80172 0.9 -21.2492
    endloop
  endfacet
  facet normal -0.677675 -0.639963 -0.36222
    outer loop
      vertex -20.6281 0.9 -10.1726
      vertex -21.2572 1.9 -10.7624
      vertex -19.9186 0.9 -11.5
    endloop
  endfacet
  facet normal -0.677571 -0.639987 -0.362372
    outer loop
      vertex -21.2572 1.9 -10.7624
      vertex -20.6281 0.9 -10.1726
      vertex -21.3755 1.9 -10.5412
    endloop
  endfacet
  facet normal -0.748303 -0.639967 -0.174601
    outer loop
      vertex -22.2163 0.9 -5.95284
      vertex -23.0782 1.9 -5.92423
      vertex -23.0212 1.9 -6.16852
    endloop
  endfacet
  facet normal -0.748315 -0.63998 -0.174499
    outer loop
      vertex -23.0782 1.9 -5.92423
      vertex -22.2163 0.9 -5.95284
      vertex -22.5581 0.9 -4.48708
    endloop
  endfacet
  facet normal -0.767998 -0.639959 -0.025119
    outer loop
      vertex -22.9508 0.9 -1.50427
      vertex -23.7905 1.9 -1.30806
      vertex -23.7823 1.9 -1.55877
    endloop
  endfacet
  facet normal -0.767998 -0.639959 -0.0251188
    outer loop
      vertex -23.7905 1.9 -1.30806
      vertex -22.9508 0.9 -1.50427
      vertex -23 0.9 0
    endloop
  endfacet
  facet normal 0.36222 -0.639963 -0.677675
    outer loop
      vertex 10.1726 0.9 -20.6281
      vertex 10.7624 1.9 -21.2572
      vertex 11.5 0.9 -19.9186
    endloop
  endfacet
  facet normal 0.362372 -0.639987 -0.677571
    outer loop
      vertex 10.7624 1.9 -21.2572
      vertex 10.1726 0.9 -20.6281
      vertex 10.5412 1.9 -21.3755
    endloop
  endfacet
  facet normal 0.174601 -0.639967 -0.748303
    outer loop
      vertex 5.95284 0.9 -22.2163
      vertex 5.92423 1.9 -23.0782
      vertex 6.16852 1.9 -23.0212
    endloop
  endfacet
  facet normal 0.174499 -0.63998 -0.748315
    outer loop
      vertex 5.92423 1.9 -23.0782
      vertex 5.95284 0.9 -22.2163
      vertex 4.48708 0.9 -22.5581
    endloop
  endfacet
  facet normal 0.025119 -0.639959 -0.767998
    outer loop
      vertex 1.50427 0.9 -22.9508
      vertex 1.30806 1.9 -23.7905
      vertex 1.55877 1.9 -23.7823
    endloop
  endfacet
  facet normal 0.0251188 -0.639959 -0.767998
    outer loop
      vertex 1.30806 1.9 -23.7905
      vertex 1.50427 0.9 -22.9508
      vertex 0 0.9 -23
    endloop
  endfacet
  facet normal -0.487603 -0.639957 -0.593884
    outer loop
      vertex -15.5205 1.9 -18.078
      vertex -15.165 0.9 -17.2923
      vertex -15.7144 1.9 -17.9188
    endloop
  endfacet
  facet normal -0.487443 -0.639982 -0.593988
    outer loop
      vertex -15.165 0.9 -17.2923
      vertex -15.5205 1.9 -18.078
      vertex -14.0015 0.9 -18.2471
    endloop
  endfacet
  facet normal -0.52527 -0.639946 -0.560857
    outer loop
      vertex -16.8527 1.9 -16.8527
      vertex -15.165 0.9 -17.2923
      vertex -16.2635 0.9 -16.2635
    endloop
  endfacet
  facet normal -0.525272 -0.639954 -0.560845
    outer loop
      vertex -15.165 0.9 -17.2923
      vertex -16.8527 1.9 -16.8527
      vertex -15.7144 1.9 -17.9188
    endloop
  endfacet
  facet normal -0.223004 -0.639966 -0.735332
    outer loop
      vertex -5.95284 0.9 -22.2163
      vertex -6.40857 1.9 -22.9484
      vertex -6.16852 1.9 -23.0212
    endloop
  endfacet
  facet normal -0.223053 -0.639973 -0.735311
    outer loop
      vertex -6.40857 1.9 -22.9484
      vertex -5.95284 0.9 -22.2163
      vertex -7.39311 0.9 -21.7794
    endloop
  endfacet
  facet normal -0.652444 -0.639993 -0.405863
    outer loop
      vertex -19.1238 0.9 -12.7781
      vertex -19.9492 1.9 -13.0281
      vertex -19.8167 1.9 -13.2411
    endloop
  endfacet
  facet normal -0.652494 -0.640008 -0.40576
    outer loop
      vertex -19.9492 1.9 -13.0281
      vertex -19.1238 0.9 -12.7781
      vertex -19.9186 0.9 -11.5
    endloop
  endfacet
  facet normal -0.699899 -0.639991 -0.317101
    outer loop
      vertex -21.2492 0.9 -8.80172
      vertex -21.9156 1.9 -9.34911
      vertex -20.6281 0.9 -10.1726
    endloop
  endfacet
  facet normal -0.69993 -0.639983 -0.31705
    outer loop
      vertex -21.9156 1.9 -9.34911
      vertex -21.2492 0.9 -8.80172
      vertex -22.0191 1.9 -9.12062
    endloop
  endfacet
  facet normal -0.6999 -0.639989 -0.317103
    outer loop
      vertex -20.6281 0.9 -10.1726
      vertex -21.9156 1.9 -9.34911
      vertex -21.3755 1.9 -10.5412
    endloop
  endfacet
  facet normal -0.758167 -0.639969 -0.124988
    outer loop
      vertex -22.5581 0.9 -4.48708
      vertex -23.4162 1.9 -4.40216
      vertex -23.3754 1.9 -4.64965
    endloop
  endfacet
  facet normal -0.758159 -0.63995 -0.125136
    outer loop
      vertex -23.4162 1.9 -4.40216
      vertex -22.5581 0.9 -4.48708
      vertex -22.8032 0.9 -3.0021
    endloop
  endfacet
  facet normal -0.748324 -0.639972 -0.17449
    outer loop
      vertex -22.5581 0.9 -4.48708
      vertex -23.3754 1.9 -4.64965
      vertex -23.0782 1.9 -5.92423
    endloop
  endfacet
  facet normal 0.405863 -0.639993 -0.652444
    outer loop
      vertex 12.7781 0.9 -19.1238
      vertex 13.0281 1.9 -19.9492
      vertex 13.2411 1.9 -19.8167
    endloop
  endfacet
  facet normal 0.40576 -0.640008 -0.652494
    outer loop
      vertex 13.0281 1.9 -19.9492
      vertex 12.7781 0.9 -19.1238
      vertex 11.5 0.9 -19.9186
    endloop
  endfacet
  facet normal 0.317101 -0.639991 -0.699899
    outer loop
      vertex 8.80172 0.9 -21.2492
      vertex 9.34911 1.9 -21.9156
      vertex 10.1726 0.9 -20.6281
    endloop
  endfacet
  facet normal 0.31705 -0.639983 -0.69993
    outer loop
      vertex 9.34911 1.9 -21.9156
      vertex 8.80172 0.9 -21.2492
      vertex 9.12062 1.9 -22.0191
    endloop
  endfacet
  facet normal 0.317103 -0.639989 -0.6999
    outer loop
      vertex 10.1726 0.9 -20.6281
      vertex 9.34911 1.9 -21.9156
      vertex 10.5412 1.9 -21.3755
    endloop
  endfacet
  facet normal 0.124988 -0.639969 -0.758167
    outer loop
      vertex 4.48708 0.9 -22.5581
      vertex 4.40216 1.9 -23.4162
      vertex 4.64965 1.9 -23.3754
    endloop
  endfacet
  facet normal 0.125136 -0.63995 -0.758159
    outer loop
      vertex 4.40216 1.9 -23.4162
      vertex 4.48708 0.9 -22.5581
      vertex 3.0021 0.9 -22.8032
    endloop
  endfacet
  facet normal 0.17449 -0.639972 -0.748324
    outer loop
      vertex 5.92423 1.9 -23.0782
      vertex 4.48708 0.9 -22.5581
      vertex 4.64965 1.9 -23.3754
    endloop
  endfacet
  facet normal -0.44757 -0.639998 -0.624567
    outer loop
      vertex -13.445 1.9 -19.6706
      vertex -12.7781 0.9 -19.1238
      vertex -14.0015 0.9 -18.2471
    endloop
  endfacet
  facet normal -0.447539 -0.639992 -0.624595
    outer loop
      vertex -12.7781 0.9 -19.1238
      vertex -13.445 1.9 -19.6706
      vertex -13.2411 1.9 -19.8167
    endloop
  endfacet
  facet normal -0.174499 -0.63998 -0.748315
    outer loop
      vertex -5.95284 0.9 -22.2163
      vertex -5.92423 1.9 -23.0782
      vertex -4.48708 0.9 -22.5581
    endloop
  endfacet
  facet normal -0.174601 -0.639967 -0.748303
    outer loop
      vertex -5.92423 1.9 -23.0782
      vertex -5.95284 0.9 -22.2163
      vertex -6.16852 1.9 -23.0212
    endloop
  endfacet
  facet normal -0.17449 -0.639972 -0.748324
    outer loop
      vertex -4.48708 0.9 -22.5581
      vertex -5.92423 1.9 -23.0782
      vertex -4.64965 1.9 -23.3754
    endloop
  endfacet
  facet normal -0.174501 0.639971 -0.748323
    outer loop
      vertex -5.92566 18.1 -23.0787
      vertex -5.95284 19.101 -22.2163
      vertex -4.48708 19.101 -22.5581
    endloop
  endfacet
  facet normal -0.17455 0.639964 -0.748317
    outer loop
      vertex -5.95284 19.101 -22.2163
      vertex -5.92566 18.1 -23.0787
      vertex -6.16874 18.1 -23.022
    endloop
  endfacet
  facet normal 0.652507 0.63999 -0.405768
    outer loop
      vertex 19.9492 18.1 -13.0296
      vertex 19.1238 19.101 -12.7781
      vertex 19.9186 19.101 -11.5
    endloop
  endfacet
  facet normal 0.652546 0.640002 -0.405687
    outer loop
      vertex 19.1238 19.101 -12.7781
      vertex 19.9492 18.1 -13.0296
      vertex 19.8174 18.1 -13.2416
    endloop
  endfacet
  facet normal -0.74833 0.639964 -0.174494
    outer loop
      vertex -23.0787 18.1 -5.92566
      vertex -23.3762 18.1 -4.64981
      vertex -22.5581 19.101 -4.48708
    endloop
  endfacet
  facet normal 0.735302 0.639983 -0.223055
    outer loop
      vertex 22.5693 18.1 -7.66124
      vertex 21.7794 19.101 -7.39311
      vertex 22.9496 18.1 -6.40758
    endloop
  endfacet
  facet normal -0.44758 0.639978 -0.62458
    outer loop
      vertex -12.7781 19.101 -19.1238
      vertex -13.4444 18.1 -19.672
      vertex -14.0015 19.101 -18.2471
    endloop
  endfacet
  facet normal -0.447714 0.640001 -0.62446
    outer loop
      vertex -13.4444 18.1 -19.672
      vertex -12.7781 19.101 -19.1238
      vertex -13.2416 18.1 -19.8174
    endloop
  endfacet
  facet normal 0.0751221 0.639949 -0.764737
    outer loop
      vertex 1.50427 19.101 -22.9508
      vertex 1.80722 18.1 -23.7587
      vertex 1.55883 18.1 -23.7831
    endloop
  endfacet
  facet normal 0.0753543 0.63998 -0.764688
    outer loop
      vertex 1.80722 18.1 -23.7587
      vertex 1.50427 19.101 -22.9508
      vertex 3.0021 19.101 -22.8032
    endloop
  endfacet
  facet normal 0.62446 0.640001 -0.447714
    outer loop
      vertex 19.672 18.1 -13.4444
      vertex 19.1238 19.101 -12.7781
      vertex 19.8174 18.1 -13.2416
    endloop
  endfacet
  facet normal 0.62458 0.639978 -0.44758
    outer loop
      vertex 19.1238 19.101 -12.7781
      vertex 19.672 18.1 -13.4444
      vertex 18.2471 19.101 -14.0015
    endloop
  endfacet
  facet normal -0.735302 0.639983 -0.223055
    outer loop
      vertex -22.5693 18.1 -7.66124
      vertex -22.9496 18.1 -6.40758
      vertex -21.7794 19.101 -7.39311
    endloop
  endfacet
  facet normal 0.44758 0.639978 -0.62458
    outer loop
      vertex 13.4444 18.1 -19.672
      vertex 12.7781 19.101 -19.1238
      vertex 14.0015 19.101 -18.2471
    endloop
  endfacet
  facet normal 0.447714 0.640001 -0.62446
    outer loop
      vertex 12.7781 19.101 -19.1238
      vertex 13.4444 18.1 -19.672
      vertex 13.2416 18.1 -19.8174
    endloop
  endfacet
  facet normal 0.767965 0.639997 -0.0251615
    outer loop
      vertex 23.7913 18.1 -1.30937
      vertex 23 19.101 0
      vertex 23.8342 18.1 0
    endloop
  endfacet
  facet normal -0.758118 0.639966 -0.125301
    outer loop
      vertex -23.4169 18.1 -4.40356
      vertex -22.5581 19.101 -4.48708
      vertex -23.3762 18.1 -4.64981
    endloop
  endfacet
  facet normal -0.758127 0.639989 -0.125131
    outer loop
      vertex -22.5581 19.101 -4.48708
      vertex -23.4169 18.1 -4.40356
      vertex -22.8032 19.101 -3.0021
    endloop
  endfacet
  facet normal 0.48746 0.639984 -0.593973
    outer loop
      vertex 14.5093 18.1 -18.9089
      vertex 14.0015 19.101 -18.2471
      vertex 15.522 18.1 -18.0778
    endloop
  endfacet
  facet normal 0.44757 0.639984 -0.624581
    outer loop
      vertex 14.5093 18.1 -18.9089
      vertex 13.4444 18.1 -19.672
      vertex 14.0015 19.101 -18.2471
    endloop
  endfacet
  facet normal 0.758102 0.640013 -0.12516
    outer loop
      vertex 23.4169 18.1 -4.40356
      vertex 22.8032 19.101 -3.0021
      vertex 23.6303 18.1 -3.11098
    endloop
  endfacet
  facet normal 0.487289 0.639991 -0.594105
    outer loop
      vertex 15.522 18.1 -18.0778
      vertex 15.165 19.101 -17.2923
      vertex 15.715 18.1 -17.9195
    endloop
  endfacet
  facet normal 0.487452 0.639966 -0.593999
    outer loop
      vertex 15.165 19.101 -17.2923
      vertex 15.522 18.1 -18.0778
      vertex 14.0015 19.101 -18.2471
    endloop
  endfacet
  facet normal 0.677653 0.639982 -0.362228
    outer loop
      vertex 20.641 18.1 -11.9171
      vertex 19.9186 19.101 -11.5
      vertex 21.2586 18.1 -10.7617
    endloop
  endfacet
  facet normal -0.362228 0.639982 -0.677653
    outer loop
      vertex -10.7617 18.1 -21.2586
      vertex -11.9171 18.1 -20.641
      vertex -11.5 19.101 -19.9186
    endloop
  endfacet
  facet normal -0.487289 0.639991 -0.594105
    outer loop
      vertex -15.165 19.101 -17.2923
      vertex -15.522 18.1 -18.0778
      vertex -15.715 18.1 -17.9195
    endloop
  endfacet
  facet normal -0.487452 0.639966 -0.593999
    outer loop
      vertex -15.522 18.1 -18.0778
      vertex -15.165 19.101 -17.2923
      vertex -14.0015 19.101 -18.2471
    endloop
  endfacet
  facet normal 0.6999 0.639976 -0.317129
    outer loop
      vertex 21.3762 18.1 -10.5416
      vertex 20.6281 19.101 -10.1726
      vertex 21.9169 18.1 -9.34828
    endloop
  endfacet
  facet normal 0.222911 0.639966 -0.73536
    outer loop
      vertex 5.95284 19.101 -22.2163
      vertex 6.40758 18.1 -22.9496
      vertex 6.16874 18.1 -23.022
    endloop
  endfacet
  facet normal 0.22305 0.639986 -0.7353
    outer loop
      vertex 6.40758 18.1 -22.9496
      vertex 5.95284 19.101 -22.2163
      vertex 7.39311 19.101 -21.7794
    endloop
  endfacet
  facet normal 0.593999 0.639966 -0.487452
    outer loop
      vertex 18.0778 18.1 -15.522
      vertex 17.2923 19.101 -15.165
      vertex 18.2471 19.101 -14.0015
    endloop
  endfacet
  facet normal 0.594105 0.639991 -0.487289
    outer loop
      vertex 17.2923 19.101 -15.165
      vertex 18.0778 18.1 -15.522
      vertex 17.9195 18.1 -15.715
    endloop
  endfacet
  facet normal 0.270609 0.639983 -0.719161
    outer loop
      vertex 7.39311 19.101 -21.7794
      vertex 7.89484 18.1 -22.4814
      vertex 7.66124 18.1 -22.5693
    endloop
  endfacet
  facet normal 0.270678 0.639994 -0.719125
    outer loop
      vertex 7.89484 18.1 -22.4814
      vertex 7.39311 19.101 -21.7794
      vertex 8.80172 19.101 -21.2492
    endloop
  endfacet
  facet normal -0.593999 0.639966 -0.487452
    outer loop
      vertex -17.2923 19.101 -15.165
      vertex -18.0778 18.1 -15.522
      vertex -18.2471 19.101 -14.0015
    endloop
  endfacet
  facet normal -0.594105 0.639991 -0.487289
    outer loop
      vertex -18.0778 18.1 -15.522
      vertex -17.2923 19.101 -15.165
      vertex -17.9195 18.1 -15.715
    endloop
  endfacet
  facet normal -0.677653 0.639982 -0.362228
    outer loop
      vertex -20.641 18.1 -11.9171
      vertex -21.2586 18.1 -10.7617
      vertex -19.9186 19.101 -11.5
    endloop
  endfacet
  facet normal -0.222911 0.639966 -0.73536
    outer loop
      vertex -6.40758 18.1 -22.9496
      vertex -5.95284 19.101 -22.2163
      vertex -6.16874 18.1 -23.022
    endloop
  endfacet
  facet normal -0.22305 0.639986 -0.7353
    outer loop
      vertex -5.95284 19.101 -22.2163
      vertex -6.40758 18.1 -22.9496
      vertex -7.39311 19.101 -21.7794
    endloop
  endfacet
  facet normal -0.748317 0.639964 -0.17455
    outer loop
      vertex -23.0787 18.1 -5.92566
      vertex -22.2163 19.101 -5.95284
      vertex -23.022 18.1 -6.16874
    endloop
  endfacet
  facet normal -0.748323 0.639971 -0.174501
    outer loop
      vertex -22.2163 19.101 -5.95284
      vertex -23.0787 18.1 -5.92566
      vertex -22.5581 19.101 -4.48708
    endloop
  endfacet
  facet normal 0.624581 0.639984 -0.44757
    outer loop
      vertex 18.9089 18.1 -14.5093
      vertex 18.2471 19.101 -14.0015
      vertex 19.672 18.1 -13.4444
    endloop
  endfacet
  facet normal 0.593973 0.639984 -0.48746
    outer loop
      vertex 18.9089 18.1 -14.5093
      vertex 18.0778 18.1 -15.522
      vertex 18.2471 19.101 -14.0015
    endloop
  endfacet
  facet normal -0.652517 0.639982 -0.405763
    outer loop
      vertex -19.9492 18.1 -13.0296
      vertex -20.641 18.1 -11.9171
      vertex -19.9186 19.101 -11.5
    endloop
  endfacet
  facet normal -0.44757 0.639984 -0.624581
    outer loop
      vertex -13.4444 18.1 -19.672
      vertex -14.5093 18.1 -18.9089
      vertex -14.0015 19.101 -18.2471
    endloop
  endfacet
  facet normal -0.48746 0.639984 -0.593973
    outer loop
      vertex -14.5093 18.1 -18.9089
      vertex -15.522 18.1 -18.0778
      vertex -14.0015 19.101 -18.2471
    endloop
  endfacet
  facet normal -0.677652 0.639996 -0.362207
    outer loop
      vertex -21.2586 18.1 -10.7617
      vertex -20.6281 19.101 -10.1726
      vertex -19.9186 19.101 -11.5
    endloop
  endfacet
  facet normal -0.67772 0.63998 -0.362107
    outer loop
      vertex -20.6281 19.101 -10.1726
      vertex -21.2586 18.1 -10.7617
      vertex -21.3762 18.1 -10.5416
    endloop
  endfacet
  facet normal 0.525266 0.639953 -0.560853
    outer loop
      vertex 16.8533 18.1 -16.8533
      vertex 15.165 19.101 -17.2923
      vertex 16.2635 19.101 -16.2635
    endloop
  endfacet
  facet normal 0.525276 0.639994 -0.560797
    outer loop
      vertex 15.165 19.101 -17.2923
      vertex 16.8533 18.1 -16.8533
      vertex 15.715 18.1 -17.9195
    endloop
  endfacet
  facet normal 0.125301 0.639966 -0.758118
    outer loop
      vertex 4.40356 18.1 -23.4169
      vertex 4.48708 19.101 -22.5581
      vertex 4.64981 18.1 -23.3762
    endloop
  endfacet
  facet normal 0.125131 0.639989 -0.758127
    outer loop
      vertex 4.48708 19.101 -22.5581
      vertex 4.40356 18.1 -23.4169
      vertex 3.0021 19.101 -22.8032
    endloop
  endfacet
  facet normal -0.62446 0.640001 -0.447714
    outer loop
      vertex -19.1238 19.101 -12.7781
      vertex -19.672 18.1 -13.4444
      vertex -19.8174 18.1 -13.2416
    endloop
  endfacet
  facet normal -0.62458 0.639978 -0.44758
    outer loop
      vertex -19.672 18.1 -13.4444
      vertex -19.1238 19.101 -12.7781
      vertex -18.2471 19.101 -14.0015
    endloop
  endfacet
  facet normal -0.624581 0.639984 -0.44757
    outer loop
      vertex -18.9089 18.1 -14.5093
      vertex -19.672 18.1 -13.4444
      vertex -18.2471 19.101 -14.0015
    endloop
  endfacet
  facet normal -0.270609 0.639983 -0.719161
    outer loop
      vertex -7.89484 18.1 -22.4814
      vertex -7.39311 19.101 -21.7794
      vertex -7.66124 18.1 -22.5693
    endloop
  endfacet
  facet normal -0.270678 0.639994 -0.719125
    outer loop
      vertex -7.39311 19.101 -21.7794
      vertex -7.89484 18.1 -22.4814
      vertex -8.80172 19.101 -21.2492
    endloop
  endfacet
  facet normal -0.764664 0.640013 -0.0753075
    outer loop
      vertex -23.6303 18.1 -3.11098
      vertex -23.7587 18.1 -1.80722
      vertex -22.8032 19.101 -3.0021
    endloop
  endfacet
  facet normal -0.652546 0.640002 -0.405687
    outer loop
      vertex -19.9492 18.1 -13.0296
      vertex -19.1238 19.101 -12.7781
      vertex -19.8174 18.1 -13.2416
    endloop
  endfacet
  facet normal -0.652507 0.63999 -0.405768
    outer loop
      vertex -19.1238 19.101 -12.7781
      vertex -19.9492 18.1 -13.0296
      vertex -19.9186 19.101 -11.5
    endloop
  endfacet
  facet normal -0.405768 0.63999 -0.652507
    outer loop
      vertex -13.0296 18.1 -19.9492
      vertex -12.7781 19.101 -19.1238
      vertex -11.5 19.101 -19.9186
    endloop
  endfacet
  facet normal -0.405687 0.640002 -0.652546
    outer loop
      vertex -12.7781 19.101 -19.1238
      vertex -13.0296 18.1 -19.9492
      vertex -13.2416 18.1 -19.8174
    endloop
  endfacet
  facet normal 0.748323 0.639971 -0.174501
    outer loop
      vertex 23.0787 18.1 -5.92566
      vertex 22.2163 19.101 -5.95284
      vertex 22.5581 19.101 -4.48708
    endloop
  endfacet
  facet normal 0.748317 0.639964 -0.17455
    outer loop
      vertex 22.2163 19.101 -5.95284
      vertex 23.0787 18.1 -5.92566
      vertex 23.022 18.1 -6.16874
    endloop
  endfacet
  facet normal 0.74833 0.639964 -0.174494
    outer loop
      vertex 23.0787 18.1 -5.92566
      vertex 22.5581 19.101 -4.48708
      vertex 23.3762 18.1 -4.64981
    endloop
  endfacet
  facet normal 0.652517 0.639982 -0.405763
    outer loop
      vertex 19.9492 18.1 -13.0296
      vertex 19.9186 19.101 -11.5
      vertex 20.641 18.1 -11.9171
    endloop
  endfacet
  facet normal 0.270676 0.639995 -0.719125
    outer loop
      vertex 9.12094 18.1 -22.0199
      vertex 7.89484 18.1 -22.4814
      vertex 8.80172 19.101 -21.2492
    endloop
  endfacet
  facet normal 0.560827 0.639994 -0.525243
    outer loop
      vertex 17.9195 18.1 -15.715
      vertex 16.2635 19.101 -16.2635
      vertex 17.2923 19.101 -15.165
    endloop
  endfacet
  facet normal 0.560821 0.639954 -0.525299
    outer loop
      vertex 16.2635 19.101 -16.2635
      vertex 17.9195 18.1 -15.715
      vertex 16.8533 18.1 -16.8533
    endloop
  endfacet
  facet normal 0.317099 0.639995 -0.699896
    outer loop
      vertex 8.80172 19.101 -21.2492
      vertex 9.34828 18.1 -21.9169
      vertex 9.12094 18.1 -22.0199
    endloop
  endfacet
  facet normal 0.3171 0.639995 -0.699896
    outer loop
      vertex 9.34828 18.1 -21.9169
      vertex 8.80172 19.101 -21.2492
      vertex 10.1726 19.101 -20.6281
    endloop
  endfacet
  facet normal -0.0251615 0.639997 -0.767965
    outer loop
      vertex 0 18.1 -23.8342
      vertex -1.30937 18.1 -23.7913
      vertex 0 19.101 -23
    endloop
  endfacet
  facet normal -0.405763 0.639982 -0.652517
    outer loop
      vertex -11.9171 18.1 -20.641
      vertex -13.0296 18.1 -19.9492
      vertex -11.5 19.101 -19.9186
    endloop
  endfacet
  facet normal -0.560827 0.639994 -0.525243
    outer loop
      vertex -16.2635 19.101 -16.2635
      vertex -17.9195 18.1 -15.715
      vertex -17.2923 19.101 -15.165
    endloop
  endfacet
  facet normal -0.560821 0.639954 -0.525299
    outer loop
      vertex -17.9195 18.1 -15.715
      vertex -16.2635 19.101 -16.2635
      vertex -16.8533 18.1 -16.8533
    endloop
  endfacet
  facet normal 0.174494 0.639964 -0.74833
    outer loop
      vertex 4.64981 18.1 -23.3762
      vertex 4.48708 19.101 -22.5581
      vertex 5.92566 18.1 -23.0787
    endloop
  endfacet
  facet normal -0.525266 0.639953 -0.560853
    outer loop
      vertex -15.165 19.101 -17.2923
      vertex -16.8533 18.1 -16.8533
      vertex -16.2635 19.101 -16.2635
    endloop
  endfacet
  facet normal -0.525276 0.639994 -0.560797
    outer loop
      vertex -16.8533 18.1 -16.8533
      vertex -15.165 19.101 -17.2923
      vertex -15.715 18.1 -17.9195
    endloop
  endfacet
  facet normal 0.0251615 0.639997 -0.767965
    outer loop
      vertex 1.30937 18.1 -23.7913
      vertex 0 18.1 -23.8342
      vertex 0 19.101 -23
    endloop
  endfacet
  facet normal 0.317129 0.639976 -0.6999
    outer loop
      vertex 10.5416 18.1 -21.3762
      vertex 9.34828 18.1 -21.9169
      vertex 10.1726 19.101 -20.6281
    endloop
  endfacet
  facet normal -0.719125 0.639994 -0.270678
    outer loop
      vertex -22.4814 18.1 -7.89484
      vertex -21.7794 19.101 -7.39311
      vertex -21.2492 19.101 -8.80172
    endloop
  endfacet
  facet normal -0.719161 0.639983 -0.270609
    outer loop
      vertex -21.7794 19.101 -7.39311
      vertex -22.4814 18.1 -7.89484
      vertex -22.5693 18.1 -7.66124
    endloop
  endfacet
  facet normal 0.0252451 0.639947 -0.768004
    outer loop
      vertex 1.30937 18.1 -23.7913
      vertex 1.50427 19.101 -22.9508
      vertex 1.55883 18.1 -23.7831
    endloop
  endfacet
  facet normal 0.0251187 0.639964 -0.767994
    outer loop
      vertex 1.50427 19.101 -22.9508
      vertex 1.30937 18.1 -23.7913
      vertex 0 19.101 -23
    endloop
  endfacet
  facet normal 0.764664 0.640013 -0.0753075
    outer loop
      vertex 23.6303 18.1 -3.11098
      vertex 22.8032 19.101 -3.0021
      vertex 23.7587 18.1 -1.80722
    endloop
  endfacet
  facet normal 0.758127 0.639989 -0.125131
    outer loop
      vertex 23.4169 18.1 -4.40356
      vertex 22.5581 19.101 -4.48708
      vertex 22.8032 19.101 -3.0021
    endloop
  endfacet
  facet normal 0.758118 0.639966 -0.125301
    outer loop
      vertex 22.5581 19.101 -4.48708
      vertex 23.4169 18.1 -4.40356
      vertex 23.3762 18.1 -4.64981
    endloop
  endfacet
  facet normal 0.0753075 0.640013 -0.764664
    outer loop
      vertex 3.11098 18.1 -23.6303
      vertex 1.80722 18.1 -23.7587
      vertex 3.0021 19.101 -22.8032
    endloop
  endfacet
  facet normal 0.223055 0.639983 -0.735302
    outer loop
      vertex 7.66124 18.1 -22.5693
      vertex 6.40758 18.1 -22.9496
      vertex 7.39311 19.101 -21.7794
    endloop
  endfacet
  facet normal 0.362107 0.63998 -0.67772
    outer loop
      vertex 10.1726 19.101 -20.6281
      vertex 10.7617 18.1 -21.2586
      vertex 10.5416 18.1 -21.3762
    endloop
  endfacet
  facet normal 0.362207 0.639996 -0.677652
    outer loop
      vertex 10.7617 18.1 -21.2586
      vertex 10.1726 19.101 -20.6281
      vertex 11.5 19.101 -19.9186
    endloop
  endfacet
  facet normal -0.223055 0.639983 -0.735302
    outer loop
      vertex -6.40758 18.1 -22.9496
      vertex -7.66124 18.1 -22.5693
      vertex -7.39311 19.101 -21.7794
    endloop
  endfacet
  facet normal -0.0251187 0.639964 -0.767994
    outer loop
      vertex -1.30937 18.1 -23.7913
      vertex -1.50427 19.101 -22.9508
      vertex 0 19.101 -23
    endloop
  endfacet
  facet normal -0.0252451 0.639947 -0.768004
    outer loop
      vertex -1.50427 19.101 -22.9508
      vertex -1.30937 18.1 -23.7913
      vertex -1.55883 18.1 -23.7831
    endloop
  endfacet
  facet normal -0.719125 0.639995 -0.270676
    outer loop
      vertex -22.0199 18.1 -9.12094
      vertex -22.4814 18.1 -7.89484
      vertex -21.2492 19.101 -8.80172
    endloop
  endfacet
  facet normal 0.764737 0.639949 -0.0751221
    outer loop
      vertex 23.7587 18.1 -1.80722
      vertex 22.9508 19.101 -1.50427
      vertex 23.7831 18.1 -1.55883
    endloop
  endfacet
  facet normal 0.764688 0.63998 -0.0753543
    outer loop
      vertex 22.9508 19.101 -1.50427
      vertex 23.7587 18.1 -1.80722
      vertex 22.8032 19.101 -3.0021
    endloop
  endfacet
  facet normal -0.317099 0.639995 -0.699896
    outer loop
      vertex -9.34828 18.1 -21.9169
      vertex -8.80172 19.101 -21.2492
      vertex -9.12094 18.1 -22.0199
    endloop
  endfacet
  facet normal -0.3171 0.639995 -0.699896
    outer loop
      vertex -8.80172 19.101 -21.2492
      vertex -9.34828 18.1 -21.9169
      vertex -10.1726 19.101 -20.6281
    endloop
  endfacet
  facet normal -0.764688 0.63998 -0.0753543
    outer loop
      vertex -23.7587 18.1 -1.80722
      vertex -22.9508 19.101 -1.50427
      vertex -22.8032 19.101 -3.0021
    endloop
  endfacet
  facet normal -0.764737 0.639949 -0.0751221
    outer loop
      vertex -22.9508 19.101 -1.50427
      vertex -23.7587 18.1 -1.80722
      vertex -23.7831 18.1 -1.55883
    endloop
  endfacet
  facet normal 0.767994 0.639964 -0.0251187
    outer loop
      vertex 23.7913 18.1 -1.30937
      vertex 22.9508 19.101 -1.50427
      vertex 23 19.101 0
    endloop
  endfacet
  facet normal 0.768004 0.639947 -0.0252451
    outer loop
      vertex 22.9508 19.101 -1.50427
      vertex 23.7913 18.1 -1.30937
      vertex 23.7831 18.1 -1.55883
    endloop
  endfacet
  facet normal -0.317129 0.639976 -0.6999
    outer loop
      vertex -9.34828 18.1 -21.9169
      vertex -10.5416 18.1 -21.3762
      vertex -10.1726 19.101 -20.6281
    endloop
  endfacet
  facet normal 0.405687 0.640002 -0.652546
    outer loop
      vertex 13.0296 18.1 -19.9492
      vertex 12.7781 19.101 -19.1238
      vertex 13.2416 18.1 -19.8174
    endloop
  endfacet
  facet normal 0.405768 0.63999 -0.652507
    outer loop
      vertex 12.7781 19.101 -19.1238
      vertex 13.0296 18.1 -19.9492
      vertex 11.5 19.101 -19.9186
    endloop
  endfacet
  facet normal -0.125131 0.639989 -0.758127
    outer loop
      vertex -4.40356 18.1 -23.4169
      vertex -4.48708 19.101 -22.5581
      vertex -3.0021 19.101 -22.8032
    endloop
  endfacet
  facet normal -0.125301 0.639966 -0.758118
    outer loop
      vertex -4.48708 19.101 -22.5581
      vertex -4.40356 18.1 -23.4169
      vertex -4.64981 18.1 -23.3762
    endloop
  endfacet
  facet normal -0.362107 0.63998 -0.67772
    outer loop
      vertex -10.7617 18.1 -21.2586
      vertex -10.1726 19.101 -20.6281
      vertex -10.5416 18.1 -21.3762
    endloop
  endfacet
  facet normal -0.362207 0.639996 -0.677652
    outer loop
      vertex -10.1726 19.101 -20.6281
      vertex -10.7617 18.1 -21.2586
      vertex -11.5 19.101 -19.9186
    endloop
  endfacet
  facet normal -0.768004 0.639947 -0.0252451
    outer loop
      vertex -23.7913 18.1 -1.30937
      vertex -22.9508 19.101 -1.50427
      vertex -23.7831 18.1 -1.55883
    endloop
  endfacet
  facet normal -0.767994 0.639964 -0.0251187
    outer loop
      vertex -22.9508 19.101 -1.50427
      vertex -23.7913 18.1 -1.30937
      vertex -23 19.101 0
    endloop
  endfacet
  facet normal 0.67772 0.63998 -0.362107
    outer loop
      vertex 21.2586 18.1 -10.7617
      vertex 20.6281 19.101 -10.1726
      vertex 21.3762 18.1 -10.5416
    endloop
  endfacet
  facet normal 0.677652 0.639996 -0.362207
    outer loop
      vertex 20.6281 19.101 -10.1726
      vertex 21.2586 18.1 -10.7617
      vertex 19.9186 19.101 -11.5
    endloop
  endfacet
  facet normal -0.270676 0.639995 -0.719125
    outer loop
      vertex -7.89484 18.1 -22.4814
      vertex -9.12094 18.1 -22.0199
      vertex -8.80172 19.101 -21.2492
    endloop
  endfacet
  facet normal -0.0751221 0.639949 -0.764737
    outer loop
      vertex -1.80722 18.1 -23.7587
      vertex -1.50427 19.101 -22.9508
      vertex -1.55883 18.1 -23.7831
    endloop
  endfacet
  facet normal -0.0753543 0.63998 -0.764688
    outer loop
      vertex -1.50427 19.101 -22.9508
      vertex -1.80722 18.1 -23.7587
      vertex -3.0021 19.101 -22.8032
    endloop
  endfacet
  facet normal -0.593973 0.639984 -0.48746
    outer loop
      vertex -18.0778 18.1 -15.522
      vertex -18.9089 18.1 -14.5093
      vertex -18.2471 19.101 -14.0015
    endloop
  endfacet
  facet normal -0.758102 0.640013 -0.12516
    outer loop
      vertex -23.4169 18.1 -4.40356
      vertex -23.6303 18.1 -3.11098
      vertex -22.8032 19.101 -3.0021
    endloop
  endfacet
  facet normal 0.719161 0.639983 -0.270609
    outer loop
      vertex 22.4814 18.1 -7.89484
      vertex 21.7794 19.101 -7.39311
      vertex 22.5693 18.1 -7.66124
    endloop
  endfacet
  facet normal 0.719125 0.639994 -0.270678
    outer loop
      vertex 21.7794 19.101 -7.39311
      vertex 22.4814 18.1 -7.89484
      vertex 21.2492 19.101 -8.80172
    endloop
  endfacet
  facet normal 0.699896 0.639995 -0.317099
    outer loop
      vertex 21.9169 18.1 -9.34828
      vertex 21.2492 19.101 -8.80172
      vertex 22.0199 18.1 -9.12094
    endloop
  endfacet
  facet normal 0.699896 0.639995 -0.3171
    outer loop
      vertex 21.2492 19.101 -8.80172
      vertex 21.9169 18.1 -9.34828
      vertex 20.6281 19.101 -10.1726
    endloop
  endfacet
  facet normal -0.7353 0.639986 -0.22305
    outer loop
      vertex -22.9496 18.1 -6.40758
      vertex -22.2163 19.101 -5.95284
      vertex -21.7794 19.101 -7.39311
    endloop
  endfacet
  facet normal -0.73536 0.639966 -0.222911
    outer loop
      vertex -22.2163 19.101 -5.95284
      vertex -22.9496 18.1 -6.40758
      vertex -23.022 18.1 -6.16874
    endloop
  endfacet
  facet normal -0.767965 0.639997 -0.0251615
    outer loop
      vertex -23.7913 18.1 -1.30937
      vertex -23.8342 18.1 0
      vertex -23 19.101 0
    endloop
  endfacet
  facet normal 0 1 -0
    outer loop
      vertex 22.9508 19.101 -1.50427
      vertex -23 19.101 0
      vertex 23 19.101 0
    endloop
  endfacet
  facet normal 0 1 0
    outer loop
      vertex 22.9508 19.101 -1.50427
      vertex -22.9508 19.101 -1.50427
      vertex -23 19.101 0
    endloop
  endfacet
  facet normal 0 1 -0
    outer loop
      vertex 22.8032 19.101 -3.0021
      vertex -22.9508 19.101 -1.50427
      vertex 22.9508 19.101 -1.50427
    endloop
  endfacet
  facet normal 0 1 0
    outer loop
      vertex 22.8032 19.101 -3.0021
      vertex -22.8032 19.101 -3.0021
      vertex -22.9508 19.101 -1.50427
    endloop
  endfacet
  facet normal 0 1 -0
    outer loop
      vertex 22.5581 19.101 -4.48708
      vertex -22.8032 19.101 -3.0021
      vertex 22.8032 19.101 -3.0021
    endloop
  endfacet
  facet normal 0 1 0
    outer loop
      vertex 22.5581 19.101 -4.48708
      vertex -22.5581 19.101 -4.48708
      vertex -22.8032 19.101 -3.0021
    endloop
  endfacet
  facet normal 0 1 -0
    outer loop
      vertex 22.2163 19.101 -5.95284
      vertex -22.5581 19.101 -4.48708
      vertex 22.5581 19.101 -4.48708
    endloop
  endfacet
  facet normal 0 1 0
    outer loop
      vertex 22.2163 19.101 -5.95284
      vertex -22.2163 19.101 -5.95284
      vertex -22.5581 19.101 -4.48708
    endloop
  endfacet
  facet normal 0 1 -0
    outer loop
      vertex 21.7794 19.101 -7.39311
      vertex -22.2163 19.101 -5.95284
      vertex 22.2163 19.101 -5.95284
    endloop
  endfacet
  facet normal 0 1 0
    outer loop
      vertex 21.7794 19.101 -7.39311
      vertex -21.7794 19.101 -7.39311
      vertex -22.2163 19.101 -5.95284
    endloop
  endfacet
  facet normal 0 1 -0
    outer loop
      vertex 21.2492 19.101 -8.80172
      vertex -21.7794 19.101 -7.39311
      vertex 21.7794 19.101 -7.39311
    endloop
  endfacet
  facet normal 0 1 0
    outer loop
      vertex 21.2492 19.101 -8.80172
      vertex -21.2492 19.101 -8.80172
      vertex -21.7794 19.101 -7.39311
    endloop
  endfacet
  facet normal 0 1 -0
    outer loop
      vertex 20.6281 19.101 -10.1726
      vertex -21.2492 19.101 -8.80172
      vertex 21.2492 19.101 -8.80172
    endloop
  endfacet
  facet normal 0 1 0
    outer loop
      vertex 20.6281 19.101 -10.1726
      vertex -20.6281 19.101 -10.1726
      vertex -21.2492 19.101 -8.80172
    endloop
  endfacet
  facet normal 0 1 -0
    outer loop
      vertex 19.9186 19.101 -11.5
      vertex -20.6281 19.101 -10.1726
      vertex 20.6281 19.101 -10.1726
    endloop
  endfacet
  facet normal 0 1 0
    outer loop
      vertex 19.9186 19.101 -11.5
      vertex -19.9186 19.101 -11.5
      vertex -20.6281 19.101 -10.1726
    endloop
  endfacet
  facet normal 0 1 -0
    outer loop
      vertex 19.1238 19.101 -12.7781
      vertex -19.9186 19.101 -11.5
      vertex 19.9186 19.101 -11.5
    endloop
  endfacet
  facet normal 0 1 0
    outer loop
      vertex 19.1238 19.101 -12.7781
      vertex -19.1238 19.101 -12.7781
      vertex -19.9186 19.101 -11.5
    endloop
  endfacet
  facet normal 0 1 -0
    outer loop
      vertex 18.2471 19.101 -14.0015
      vertex -19.1238 19.101 -12.7781
      vertex 19.1238 19.101 -12.7781
    endloop
  endfacet
  facet normal 0 1 0
    outer loop
      vertex 18.2471 19.101 -14.0015
      vertex -18.2471 19.101 -14.0015
      vertex -19.1238 19.101 -12.7781
    endloop
  endfacet
  facet normal 0 1 -0
    outer loop
      vertex 17.2923 19.101 -15.165
      vertex -18.2471 19.101 -14.0015
      vertex 18.2471 19.101 -14.0015
    endloop
  endfacet
  facet normal 0 1 0
    outer loop
      vertex 17.2923 19.101 -15.165
      vertex -17.2923 19.101 -15.165
      vertex -18.2471 19.101 -14.0015
    endloop
  endfacet
  facet normal 0 1 -0
    outer loop
      vertex 16.2635 19.101 -16.2635
      vertex -17.2923 19.101 -15.165
      vertex 17.2923 19.101 -15.165
    endloop
  endfacet
  facet normal 0 1 0
    outer loop
      vertex 16.2635 19.101 -16.2635
      vertex -16.2635 19.101 -16.2635
      vertex -17.2923 19.101 -15.165
    endloop
  endfacet
  facet normal 0 1 -0
    outer loop
      vertex 15.165 19.101 -17.2923
      vertex -16.2635 19.101 -16.2635
      vertex 16.2635 19.101 -16.2635
    endloop
  endfacet
  facet normal 0 1 0
    outer loop
      vertex 15.165 19.101 -17.2923
      vertex -15.165 19.101 -17.2923
      vertex -16.2635 19.101 -16.2635
    endloop
  endfacet
  facet normal 0 1 -0
    outer loop
      vertex 14.0015 19.101 -18.2471
      vertex -15.165 19.101 -17.2923
      vertex 15.165 19.101 -17.2923
    endloop
  endfacet
  facet normal 0 1 0
    outer loop
      vertex 14.0015 19.101 -18.2471
      vertex -14.0015 19.101 -18.2471
      vertex -15.165 19.101 -17.2923
    endloop
  endfacet
  facet normal 0 1 -0
    outer loop
      vertex 12.7781 19.101 -19.1238
      vertex -14.0015 19.101 -18.2471
      vertex 14.0015 19.101 -18.2471
    endloop
  endfacet
  facet normal 0 1 0
    outer loop
      vertex 12.7781 19.101 -19.1238
      vertex -12.7781 19.101 -19.1238
      vertex -14.0015 19.101 -18.2471
    endloop
  endfacet
  facet normal 0 1 -0
    outer loop
      vertex 11.5 19.101 -19.9186
      vertex -12.7781 19.101 -19.1238
      vertex 12.7781 19.101 -19.1238
    endloop
  endfacet
  facet normal 0 1 0
    outer loop
      vertex 11.5 19.101 -19.9186
      vertex -11.5 19.101 -19.9186
      vertex -12.7781 19.101 -19.1238
    endloop
  endfacet
  facet normal 0 1 -0
    outer loop
      vertex 10.1726 19.101 -20.6281
      vertex -11.5 19.101 -19.9186
      vertex 11.5 19.101 -19.9186
    endloop
  endfacet
  facet normal 0 1 0
    outer loop
      vertex 10.1726 19.101 -20.6281
      vertex -10.1726 19.101 -20.6281
      vertex -11.5 19.101 -19.9186
    endloop
  endfacet
  facet normal 0 1 -0
    outer loop
      vertex 8.80172 19.101 -21.2492
      vertex -10.1726 19.101 -20.6281
      vertex 10.1726 19.101 -20.6281
    endloop
  endfacet
  facet normal 0 1 0
    outer loop
      vertex 8.80172 19.101 -21.2492
      vertex -8.80172 19.101 -21.2492
      vertex -10.1726 19.101 -20.6281
    endloop
  endfacet
  facet normal 0 1 -0
    outer loop
      vertex 7.39311 19.101 -21.7794
      vertex -8.80172 19.101 -21.2492
      vertex 8.80172 19.101 -21.2492
    endloop
  endfacet
  facet normal 0 1 0
    outer loop
      vertex 7.39311 19.101 -21.7794
      vertex -7.39311 19.101 -21.7794
      vertex -8.80172 19.101 -21.2492
    endloop
  endfacet
  facet normal 0 1 -0
    outer loop
      vertex 5.95284 19.101 -22.2163
      vertex -7.39311 19.101 -21.7794
      vertex 7.39311 19.101 -21.7794
    endloop
  endfacet
  facet normal 0 1 0
    outer loop
      vertex 5.95284 19.101 -22.2163
      vertex -5.95284 19.101 -22.2163
      vertex -7.39311 19.101 -21.7794
    endloop
  endfacet
  facet normal 0 1 -0
    outer loop
      vertex 4.48708 19.101 -22.5581
      vertex -5.95284 19.101 -22.2163
      vertex 5.95284 19.101 -22.2163
    endloop
  endfacet
  facet normal 0 1 0
    outer loop
      vertex 4.48708 19.101 -22.5581
      vertex -4.48708 19.101 -22.5581
      vertex -5.95284 19.101 -22.2163
    endloop
  endfacet
  facet normal 0 1 -0
    outer loop
      vertex 3.0021 19.101 -22.8032
      vertex -4.48708 19.101 -22.5581
      vertex 4.48708 19.101 -22.5581
    endloop
  endfacet
  facet normal 0 1 0
    outer loop
      vertex 3.0021 19.101 -22.8032
      vertex -3.0021 19.101 -22.8032
      vertex -4.48708 19.101 -22.5581
    endloop
  endfacet
  facet normal 0 1 -0
    outer loop
      vertex 1.50427 19.101 -22.9508
      vertex -3.0021 19.101 -22.8032
      vertex 3.0021 19.101 -22.8032
    endloop
  endfacet
  facet normal 0 1 0
    outer loop
      vertex 1.50427 19.101 -22.9508
      vertex -1.50427 19.101 -22.9508
      vertex -3.0021 19.101 -22.8032
    endloop
  endfacet
  facet normal -0 1 0
    outer loop
      vertex -1.50427 19.101 -22.9508
      vertex 1.50427 19.101 -22.9508
      vertex 0 19.101 -23
    endloop
  endfacet
  facet normal 0.12516 0.640013 -0.758102
    outer loop
      vertex 3.11098 18.1 -23.6303
      vertex 3.0021 19.101 -22.8032
      vertex 4.40356 18.1 -23.4169
    endloop
  endfacet
  facet normal 0.73536 0.639966 -0.222911
    outer loop
      vertex 22.9496 18.1 -6.40758
      vertex 22.2163 19.101 -5.95284
      vertex 23.022 18.1 -6.16874
    endloop
  endfacet
  facet normal 0.7353 0.639986 -0.22305
    outer loop
      vertex 22.2163 19.101 -5.95284
      vertex 22.9496 18.1 -6.40758
      vertex 21.7794 19.101 -7.39311
    endloop
  endfacet
  facet normal 0.17455 0.639964 -0.748317
    outer loop
      vertex 5.92566 18.1 -23.0787
      vertex 5.95284 19.101 -22.2163
      vertex 6.16874 18.1 -23.022
    endloop
  endfacet
  facet normal 0.174501 0.639971 -0.748323
    outer loop
      vertex 5.95284 19.101 -22.2163
      vertex 5.92566 18.1 -23.0787
      vertex 4.48708 19.101 -22.5581
    endloop
  endfacet
  facet normal -0.174494 0.639964 -0.74833
    outer loop
      vertex -4.64981 18.1 -23.3762
      vertex -5.92566 18.1 -23.0787
      vertex -4.48708 19.101 -22.5581
    endloop
  endfacet
  facet normal 0.719125 0.639995 -0.270676
    outer loop
      vertex 22.0199 18.1 -9.12094
      vertex 21.2492 19.101 -8.80172
      vertex 22.4814 18.1 -7.89484
    endloop
  endfacet
  facet normal -0.0753075 0.640013 -0.764664
    outer loop
      vertex -1.80722 18.1 -23.7587
      vertex -3.11098 18.1 -23.6303
      vertex -3.0021 19.101 -22.8032
    endloop
  endfacet
  facet normal 0.362228 0.639982 -0.677653
    outer loop
      vertex 11.9171 18.1 -20.641
      vertex 10.7617 18.1 -21.2586
      vertex 11.5 19.101 -19.9186
    endloop
  endfacet
  facet normal 0.405763 0.639982 -0.652517
    outer loop
      vertex 11.9171 18.1 -20.641
      vertex 11.5 19.101 -19.9186
      vertex 13.0296 18.1 -19.9492
    endloop
  endfacet
  facet normal -0.699896 0.639995 -0.3171
    outer loop
      vertex -21.9169 18.1 -9.34828
      vertex -21.2492 19.101 -8.80172
      vertex -20.6281 19.101 -10.1726
    endloop
  endfacet
  facet normal -0.699896 0.639995 -0.317099
    outer loop
      vertex -21.2492 19.101 -8.80172
      vertex -21.9169 18.1 -9.34828
      vertex -22.0199 18.1 -9.12094
    endloop
  endfacet
  facet normal -0.6999 0.639976 -0.317129
    outer loop
      vertex -21.3762 18.1 -10.5416
      vertex -21.9169 18.1 -9.34828
      vertex -20.6281 19.101 -10.1726
    endloop
  endfacet
  facet normal -0.12516 0.640013 -0.758102
    outer loop
      vertex -3.11098 18.1 -23.6303
      vertex -4.40356 18.1 -23.4169
      vertex -3.0021 19.101 -22.8032
    endloop
  endfacet
  facet normal -0 0 1
    outer loop
      vertex 23.8342 18.1 0
      vertex 24 1.9 0
      vertex 24 18.1 0
    endloop
  endfacet
  facet normal 0 0 1
    outer loop
      vertex 23.8342 18.1 0
      vertex 23.8333 1.9 0
      vertex 24 1.9 0
    endloop
  endfacet
  facet normal -0 0 1
    outer loop
      vertex 16.25 19.1 0
      vertex 23.8342 18.1 0
      vertex 23 19.101 0
    endloop
  endfacet
  facet normal 0 -0 1
    outer loop
      vertex 17.15 0.9 0
      vertex 23.8342 18.1 0
      vertex 16.25 19.1 0
    endloop
  endfacet
  facet normal 0 0 1
    outer loop
      vertex 23.8333 1.9 0
      vertex 17.15 0.9 0
      vertex 23 0.9 0
    endloop
  endfacet
  facet normal 0 0 1
    outer loop
      vertex 23.8342 18.1 0
      vertex 17.15 0.9 0
      vertex 23.8333 1.9 0
    endloop
  endfacet
  facet normal 0 0 1
    outer loop
      vertex 23 19.101 0
      vertex -16.25 19.1 0
      vertex 16.25 19.1 0
    endloop
  endfacet
  facet normal -0 0 1
    outer loop
      vertex -23 19.101 0
      vertex -16.25 19.1 0
      vertex 23 19.101 0
    endloop
  endfacet
  facet normal 0 0 1
    outer loop
      vertex -23.8342 18.1 0
      vertex -16.25 19.1 0
      vertex -23 19.101 0
    endloop
  endfacet
  facet normal 0 0 1
    outer loop
      vertex -16.25 19.1 0
      vertex -23.8342 18.1 0
      vertex -17.15 0.9 0
    endloop
  endfacet
  facet normal 0 0 1
    outer loop
      vertex -17.15 0.9 0
      vertex -23.8333 1.9 0
      vertex -23 0.9 0
    endloop
  endfacet
  facet normal 0 0 1
    outer loop
      vertex -17.15 0.9 0
      vertex -23.8342 18.1 0
      vertex -23.8333 1.9 0
    endloop
  endfacet
  facet normal -0 0 1
    outer loop
      vertex -24 18.1 0
      vertex -23.8333 1.9 0
      vertex -23.8342 18.1 0
    endloop
  endfacet
  facet normal 0 0 1
    outer loop
      vertex -23.8333 1.9 0
      vertex -24 18.1 0
      vertex -24 1.9 0
    endloop
  endfacet
  facet normal 0.482504 0.516695 0.70726
    outer loop
      vertex -23.9632 14.6028 -1.12269
      vertex -24.0442 14.5105 -1
      vertex -23.9646 14.5457 -1.08002
    endloop
  endfacet
  facet normal -0.160541 0.688626 0.707121
    outer loop
      vertex -29.3656 16.8655 -2
      vertex -29.8117 16.7615 -2
      vertex -29.5528 15.795 -1
    endloop
  endfacet
  facet normal 0.448353 0.546628 0.707232
    outer loop
      vertex -23.958 14.8046 -1.28196
      vertex -24.0442 14.5105 -1
      vertex -23.9632 14.6028 -1.12269
    endloop
  endfacet
  facet normal -0.0693047 0.703697 -0.707112
    outer loop
      vertex -28.7832 15.9481 -10
      vertex -28.9137 16.9401 -9
      vertex -28.4578 16.985 -9
    endloop
  endfacet
  facet normal 0.573532 0.411766 -0.708174
    outer loop
      vertex -22.2261 13.8786 -9.0437
      vertex -22.2593 14 -9
      vertex -22.2425 13.9766 -9
    endloop
  endfacet
  facet normal 0.57484 0.411746 -0.707124
    outer loop
      vertex -23.2403 13.6522 -10
      vertex -22.2593 14 -9
      vertex -22.2261 13.8786 -9.0437
    endloop
  endfacet
  facet normal 0.57481 0.411804 -0.707114
    outer loop
      vertex -22.2593 14 -9
      vertex -23.2403 13.6522 -10
      vertex -22.4465 14.2613 -9
    endloop
  endfacet
  facet normal -0.70674 0.0231566 0.707094
    outer loop
      vertex -34.985 10.4578 -2
      vertex -35 10 -2
      vertex -33.9995 10 -1
    endloop
  endfacet
  facet normal 0.0231409 -0.70673 -0.707105
    outer loop
      vertex -27.5422 3.01499 -9
      vertex -28 3 -9
      vertex -28 4.00053 -10
    endloop
  endfacet
  facet normal -0.574733 -0.411926 0.707106
    outer loop
      vertex -32.9884 6.6669 -1
      vertex -33.8203 6.11101 -2
      vertex -32.7597 6.34781 -1
    endloop
  endfacet
  facet normal 0.623448 -0.333622 -0.707113
    outer loop
      vertex -22.8043 7.00034 -10
      vertex -22.1293 6.73787 -9.28103
      vertex -22.1472 6.62089 -9.24162
    endloop
  endfacet
  facet normal 0.623585 -0.333323 -0.707133
    outer loop
      vertex -22.1293 6.73787 -9.28103
      vertex -22.8043 7.00034 -10
      vertex -22.6193 7.34644 -10
    endloop
  endfacet
  facet normal 0.448543 0.546595 0.707137
    outer loop
      vertex -24.3478 14.7597 -1
      vertex -23.958 14.8046 -1.28196
      vertex -23.9486 15.1691 -1.56967
    endloop
  endfacet
  facet normal 0.448394 0.546729 0.707128
    outer loop
      vertex -24.3478 14.7597 -1
      vertex -23.9486 15.1691 -1.56967
      vertex -23.9385 15.293 -1.67187
    endloop
  endfacet
  facet normal 0.448583 0.546509 0.707178
    outer loop
      vertex -23.958 14.8046 -1.28196
      vertex -24.3478 14.7597 -1
      vertex -24.0442 14.5105 -1
    endloop
  endfacet
  facet normal -0.516009 0.48344 0.707122
    outer loop
      vertex -32.9497 14.9497 -2
      vertex -33.2629 14.6154 -2
      vertex -32.5105 13.9558 -1
    endloop
  endfacet
  facet normal 0.032726 -0.999464 0
    outer loop
      vertex -28 3 -9
      vertex -27.5422 3.01499 -2
      vertex -28 3 -2
    endloop
  endfacet
  facet normal 0.032726 -0.999464 0
    outer loop
      vertex -27.5422 3.01499 -2
      vertex -28 3 -9
      vertex -27.5422 3.01499 -9
    endloop
  endfacet
  facet normal 0.11511 0.697685 0.707096
    outer loop
      vertex -26.6344 16.8655 -2
      vertex -27.2168 15.9481 -1
      vertex -26.8295 15.8842 -1
    endloop
  endfacet
  facet normal -0.11517 0.697661 -0.70711
    outer loop
      vertex -28.7832 15.9481 -10
      vertex -29.3656 16.8655 -9
      vertex -28.9137 16.9401 -9
    endloop
  endfacet
  facet normal -0.160574 -0.688636 -0.707105
    outer loop
      vertex -29.3656 3.1345 -9
      vertex -29.8117 3.23852 -9
      vertex -29.5528 4.20497 -10
    endloop
  endfacet
  facet normal 0.683519 -0.729933 0
    outer loop
      vertex -23.3846 4.73712 -9
      vertex -23.1822 4.92665 -6.21166
      vertex -23.3846 4.73712 -5.34378
    endloop
  endfacet
  facet normal 0.683726 -0.729739 -2.82286e-05
    outer loop
      vertex -23.3846 4.73712 -9
      vertex -23.0503 5.05025 -6.64669
      vertex -23.1822 4.92665 -6.21166
    endloop
  endfacet
  facet normal 0.68362 -0.729838 0
    outer loop
      vertex -23.0503 5.05025 -6.64669
      vertex -23.3846 4.73712 -9
      vertex -23.0503 5.05025 -9
    endloop
  endfacet
  facet normal -0.160541 0.688626 -0.707121
    outer loop
      vertex -29.5528 15.795 -10
      vertex -29.8117 16.7615 -9
      vertex -29.3656 16.8655 -9
    endloop
  endfacet
  facet normal 0.411987 0.574761 0.707048
    outer loop
      vertex -24.111 15.8203 -2
      vertex -23.9385 15.293 -1.67187
      vertex -23.9062 15.6735 -2
    endloop
  endfacet
  facet normal 0.411855 0.574764 0.707122
    outer loop
      vertex -23.9385 15.293 -1.67187
      vertex -24.111 15.8203 -2
      vertex -24.3478 14.7597 -1
    endloop
  endfacet
  facet normal -0.582497 0.812833 0
    outer loop
      vertex -31.889 15.8203 -9
      vertex -32.2613 15.5535 -2
      vertex -31.889 15.8203 -2
    endloop
  endfacet
  facet normal -0.582497 0.812833 0
    outer loop
      vertex -32.2613 15.5535 -2
      vertex -31.889 15.8203 -9
      vertex -32.2613 15.5535 -9
    endloop
  endfacet
  facet normal 0.676676 0.205146 -0.707124
    outer loop
      vertex -22.3189 11.9285 -10
      vertex -21.9449 11.7703 -9.688
      vertex -22.205 11.5528 -10
    endloop
  endfacet
  facet normal 0.676693 0.205314 -0.707059
    outer loop
      vertex -21.9449 11.7703 -9.688
      vertex -22.3189 11.9285 -10
      vertex -21.9703 12.0468 -9.63202
    endloop
  endfacet
  facet normal -0.48344 0.516009 0.707122
    outer loop
      vertex -32.6154 15.2629 -2
      vertex -32.9497 14.9497 -2
      vertex -31.9558 14.5105 -1
    endloop
  endfacet
  facet normal -0.623595 -0.333329 0.707122
    outer loop
      vertex -33.3807 7.34644 -1
      vertex -34.0622 6.5 -2
      vertex -33.1957 7.00034 -1
    endloop
  endfacet
  facet normal -0.291917 0.644039 0.707105
    outer loop
      vertex -30.6788 16.4672 -2
      vertex -31.096 16.2781 -2
      vertex -30.6536 15.3807 -1
    endloop
  endfacet
  facet normal 0.411916 0.574737 0.707108
    outer loop
      vertex -24.111 15.8203 -2
      vertex -24.6669 14.9884 -1
      vertex -24.3478 14.7597 -1
    endloop
  endfacet
  facet normal -0.70672 0.0232391 0.707111
    outer loop
      vertex -33.9866 10.3923 -1
      vertex -34.985 10.4578 -2
      vertex -33.9995 10 -1
    endloop
  endfacet
  facet normal 0.574731 0.411911 -0.707116
    outer loop
      vertex -23.2403 13.6522 -10
      vertex -22.2229 13.8601 -9.05197
      vertex -23.0116 13.3331 -10
    endloop
  endfacet
  facet normal 0.573429 0.414963 -0.706389
    outer loop
      vertex -22.2229 13.8601 -9.05197
      vertex -23.2403 13.6522 -10
      vertex -22.2261 13.8786 -9.0437
    endloop
  endfacet
  facet normal -0.676708 0.205156 -0.707091
    outer loop
      vertex -33.795 11.5528 -10
      vertex -34.6285 12.2501 -9
      vertex -33.6811 11.9285 -10
    endloop
  endfacet
  facet normal 0.412742 -0.910848 0
    outer loop
      vertex -25.3212 3.53284 -9
      vertex -24.904 3.72189 -2
      vertex -25.3212 3.53284 -2
    endloop
  endfacet
  facet normal 0.412742 -0.910848 0
    outer loop
      vertex -24.904 3.72189 -2
      vertex -25.3212 3.53284 -9
      vertex -24.904 3.72189 -9
    endloop
  endfacet
  facet normal -0.6236 0.333332 -0.707116
    outer loop
      vertex -33.3807 12.6536 -10
      vertex -34.0622 13.5 -9
      vertex -33.1957 12.9997 -10
    endloop
  endfacet
  facet normal 0.48308 -0.516145 0.707268
    outer loop
      vertex -23.9646 5.45431 -1.08002
      vertex -24.0442 5.48946 -1
      vertex -23.9632 5.39715 -1.12269
    endloop
  endfacet
  facet normal -0.33335 -0.623601 0.707107
    outer loop
      vertex -30.9997 4.80429 -1
      vertex -31.5 3.93782 -2
      vertex -30.6536 4.61928 -1
    endloop
  endfacet
  facet normal -0.333279 0.623645 -0.707101
    outer loop
      vertex -30.6536 15.3807 -10
      vertex -31.5 16.0622 -9
      vertex -31.096 16.2781 -9
    endloop
  endfacet
  facet normal 0.160574 -0.688636 0.707105
    outer loop
      vertex -26.4472 4.20497 -1
      vertex -26.6344 3.1345 -2
      vertex -26.1883 3.23852 -2
    endloop
  endfacet
  facet normal -0.205156 0.676708 0.707091
    outer loop
      vertex -29.5528 15.795 -1
      vertex -30.2501 16.6285 -2
      vertex -29.9285 15.6811 -1
    endloop
  endfacet
  facet normal -0.516032 -0.483418 -0.70712
    outer loop
      vertex -32.9497 5.05025 -9
      vertex -33.2629 5.38458 -9
      vertex -32.5105 6.04417 -10
    endloop
  endfacet
  facet normal -0.11511 0.697685 -0.707096
    outer loop
      vertex -29.1705 15.8842 -10
      vertex -29.3656 16.8655 -9
      vertex -28.7832 15.9481 -10
    endloop
  endfacet
  facet normal -0.703697 0.0693047 0.707112
    outer loop
      vertex -34.9401 10.9137 -2
      vertex -34.985 10.4578 -2
      vertex -33.9481 10.7832 -1
    endloop
  endfacet
  facet normal 0.227043 0.973885 -0
    outer loop
      vertex -26.1883 16.7615 -9
      vertex -26.6344 16.8655 -2
      vertex -26.1883 16.7615 -2
    endloop
  endfacet
  facet normal 0.227043 0.973885 0
    outer loop
      vertex -26.6344 16.8655 -2
      vertex -26.1883 16.7615 -9
      vertex -26.6344 16.8655 -9
    endloop
  endfacet
  facet normal 0.6442 0.291596 -0.707091
    outer loop
      vertex -22.4572 12.2958 -10
      vertex -22.0436 12.6669 -9.47015
      vertex -22.0186 12.4775 -9.52548
    endloop
  endfacet
  facet normal 0.64407 0.291794 -0.707128
    outer loop
      vertex -22.0436 12.6669 -9.47015
      vertex -22.4572 12.2958 -10
      vertex -22.6193 12.6536 -10
    endloop
  endfacet
  facet normal 0.773004 -0.634401 2.13941e-07
    outer loop
      vertex -22.7371 5.38458 -9
      vertex -22.4465 5.73867 -8.45795
      vertex -22.7263 5.39774 -7.71455
    endloop
  endfacet
  facet normal 0.773014 -0.634389 0
    outer loop
      vertex -22.7371 5.38458 -9
      vertex -22.7263 5.39774 -7.71455
      vertex -22.7371 5.38458 -7.67895
    endloop
  endfacet
  facet normal 0.773004 -0.634401 0
    outer loop
      vertex -22.4465 5.73867 -8.45795
      vertex -22.7371 5.38458 -9
      vertex -22.4465 5.73867 -9
    endloop
  endfacet
  facet normal 0.023185 -0.706719 -0.707114
    outer loop
      vertex -27.5422 3.01499 -9
      vertex -28 4.00053 -10
      vertex -27.6077 4.0134 -10
    endloop
  endfacet
  facet normal -0.600472 0.373404 -0.707108
    outer loop
      vertex -32.9884 13.3331 -10
      vertex -34.0622 13.5 -9
      vertex -33.8203 13.889 -9
    endloop
  endfacet
  facet normal -0.29025 -0.956951 0
    outer loop
      vertex -30.2501 3.37149 -9
      vertex -29.8117 3.23852 -2
      vertex -30.2501 3.37149 -2
    endloop
  endfacet
  facet normal -0.29025 -0.956951 -0
    outer loop
      vertex -29.8117 3.23852 -2
      vertex -30.2501 3.37149 -9
      vertex -29.8117 3.23852 -9
    endloop
  endfacet
  facet normal 0.373404 0.600472 0.707108
    outer loop
      vertex -24.5 16.0622 -2
      vertex -24.6669 14.9884 -1
      vertex -24.111 15.8203 -2
    endloop
  endfacet
  facet normal 0.0693047 0.703697 0.707112
    outer loop
      vertex -27.0863 16.9401 -2
      vertex -27.5422 16.985 -2
      vertex -27.2168 15.9481 -1
    endloop
  endfacet
  facet normal -0.0232391 0.70672 -0.707111
    outer loop
      vertex -28.3923 15.9866 -10
      vertex -28.4578 16.985 -9
      vertex -28 15.9995 -10
    endloop
  endfacet
  facet normal 0.33335 -0.623601 0.707107
    outer loop
      vertex -25.0003 4.80429 -1
      vertex -25.3464 4.61928 -1
      vertex -24.5 3.93782 -2
    endloop
  endfacet
  facet normal -0.688626 0.160541 -0.707121
    outer loop
      vertex -33.795 11.5528 -10
      vertex -34.8655 11.3656 -9
      vertex -34.7615 11.8117 -9
    endloop
  endfacet
  facet normal 0.249074 -0.661778 0.707116
    outer loop
      vertex -25.7042 4.4572 -1
      vertex -25.7499 3.37149 -2
      vertex -25.3212 3.53284 -2
    endloop
  endfacet
  facet normal 0.448168 -0.546755 0.707251
    outer loop
      vertex -23.9632 5.39715 -1.12269
      vertex -24.0442 5.48946 -1
      vertex -23.958 5.19539 -1.28196
    endloop
  endfacet
  facet normal 0.160541 0.688626 0.707121
    outer loop
      vertex -26.1883 16.7615 -2
      vertex -26.6344 16.8655 -2
      vertex -26.4472 15.795 -1
    endloop
  endfacet
  facet normal -0.661796 -0.249003 0.707123
    outer loop
      vertex -33.5428 7.70418 -1
      vertex -34.6285 7.74992 -2
      vertex -34.4672 7.32122 -2
    endloop
  endfacet
  facet normal -0.600486 0.373367 0.707117
    outer loop
      vertex -32.9884 13.3331 -1
      vertex -34.0622 13.5 -2
      vertex -33.1957 12.9997 -1
    endloop
  endfacet
  facet normal -0.411911 -0.574749 -0.707102
    outer loop
      vertex -31.889 4.17971 -9
      vertex -32.2613 4.44653 -9
      vertex -31.6522 5.24028 -10
    endloop
  endfacet
  facet normal -0.11511 0.697685 0.707096
    outer loop
      vertex -28.7832 15.9481 -1
      vertex -29.3656 16.8655 -2
      vertex -29.1705 15.8842 -1
    endloop
  endfacet
  facet normal -0.483422 0.516034 -0.707115
    outer loop
      vertex -32.2422 14.2422 -10
      vertex -32.9497 14.9497 -9
      vertex -31.9558 14.5105 -10
    endloop
  endfacet
  facet normal -0.697662 -0.115158 0.707111
    outer loop
      vertex -33.9481 9.21684 -1
      vertex -34.9401 9.08632 -2
      vertex -34.8655 8.63437 -2
    endloop
  endfacet
  facet normal -0.697685 0.11511 0.707096
    outer loop
      vertex -33.8842 11.1705 -1
      vertex -34.8655 11.3656 -2
      vertex -33.9481 10.7832 -1
    endloop
  endfacet
  facet normal -0.0980123 0.995185 0
    outer loop
      vertex -28.4578 16.985 -9
      vertex -28.9137 16.9401 -2
      vertex -28.4578 16.985 -2
    endloop
  endfacet
  facet normal -0.0980123 0.995185 0
    outer loop
      vertex -28.9137 16.9401 -2
      vertex -28.4578 16.985 -9
      vertex -28.9137 16.9401 -9
    endloop
  endfacet
  facet normal -0.205156 0.676708 -0.707091
    outer loop
      vertex -29.9285 15.6811 -10
      vertex -30.2501 16.6285 -9
      vertex -29.5528 15.795 -10
    endloop
  endfacet
  facet normal 0.516051 -0.483404 -0.707115
    outer loop
      vertex -23.0503 5.05025 -9
      vertex -23.7578 5.75775 -10
      vertex -23.4895 6.04417 -10
    endloop
  endfacet
  facet normal 0.448568 0.546587 -0.707128
    outer loop
      vertex -23.3846 15.2629 -9
      vertex -24.0442 14.5105 -10
      vertex -23.7387 15.5535 -9
    endloop
  endfacet
  facet normal 0.0693047 0.703697 -0.707112
    outer loop
      vertex -27.2168 15.9481 -10
      vertex -27.5422 16.985 -9
      vertex -27.0863 16.9401 -9
    endloop
  endfacet
  facet normal 0.703671 0.0687694 -0.70719
    outer loop
      vertex -21.8791 10.7289 -9.83334
      vertex -22.0519 10.7832 -10
      vertex -21.8814 10.8056 -9.82817
    endloop
  endfacet
  facet normal -0.0980123 -0.995185 0
    outer loop
      vertex -28.9137 3.05989 -9
      vertex -28.4578 3.01499 -2
      vertex -28.9137 3.05989 -2
    endloop
  endfacet
  facet normal -0.0980123 -0.995185 -0
    outer loop
      vertex -28.4578 3.01499 -2
      vertex -28.9137 3.05989 -9
      vertex -28.4578 3.01499 -9
    endloop
  endfacet
  facet normal 0.29025 -0.956951 0
    outer loop
      vertex -26.1883 3.23852 -9
      vertex -25.7499 3.37149 -2
      vertex -26.1883 3.23852 -2
    endloop
  endfacet
  facet normal 0.29025 -0.956951 0
    outer loop
      vertex -25.7499 3.37149 -2
      vertex -26.1883 3.23852 -9
      vertex -25.7499 3.37149 -9
    endloop
  endfacet
  facet normal -0.412832 0.910807 0
    outer loop
      vertex -30.6788 16.4672 -9
      vertex -31.096 16.2781 -2
      vertex -30.6788 16.4672 -2
    endloop
  endfacet
  facet normal -0.412832 0.910807 0
    outer loop
      vertex -31.096 16.2781 -2
      vertex -30.6788 16.4672 -9
      vertex -31.096 16.2781 -9
    endloop
  endfacet
  facet normal -0.623629 -0.333288 -0.707111
    outer loop
      vertex -34.0622 6.5 -9
      vertex -34.2781 6.90398 -9
      vertex -33.3807 7.34644 -10
    endloop
  endfacet
  facet normal -0.956923 -0.290341 0
    outer loop
      vertex -34.6285 7.74992 -9
      vertex -34.7615 8.18827 -2
      vertex -34.7615 8.18827 -9
    endloop
  endfacet
  facet normal -0.956923 -0.290341 0
    outer loop
      vertex -34.7615 8.18827 -2
      vertex -34.6285 7.74992 -9
      vertex -34.6285 7.74992 -2
    endloop
  endfacet
  facet normal -0.249074 -0.661778 -0.707116
    outer loop
      vertex -30.2501 3.37149 -9
      vertex -30.6788 3.53284 -9
      vertex -30.2958 4.4572 -10
    endloop
  endfacet
  facet normal -0.70674 -0.0231556 -0.707094
    outer loop
      vertex -34.985 9.54218 -9
      vertex -35 10 -9
      vertex -33.9995 10 -10
    endloop
  endfacet
  facet normal -0.0693076 0.703697 0.707111
    outer loop
      vertex -28.4578 16.985 -2
      vertex -28.7832 15.9481 -1
      vertex -28.3923 15.9866 -1
    endloop
  endfacet
  facet normal -0.644067 0.291792 -0.707132
    outer loop
      vertex -33.5428 12.2958 -10
      vertex -34.4672 12.6788 -9
      vertex -33.3807 12.6536 -10
    endloop
  endfacet
  facet normal -0.546558 0.448624 -0.707115
    outer loop
      vertex -32.7597 13.6522 -10
      vertex -33.5535 14.2613 -9
      vertex -32.5105 13.9558 -10
    endloop
  endfacet
  facet normal -0.0231566 0.70674 0.707094
    outer loop
      vertex -28 17 -2
      vertex -28.4578 16.985 -2
      vertex -28 15.9995 -1
    endloop
  endfacet
  facet normal -0.249175 0.661765 -0.707091
    outer loop
      vertex -29.9285 15.6811 -10
      vertex -30.2958 15.5428 -10
      vertex -30.2501 16.6285 -9
    endloop
  endfacet
  facet normal 0.77159 0.63612 0
    outer loop
      vertex -22.7263 14.6023 -7.71455
      vertex -22.7371 14.6154 -9
      vertex -22.7371 14.6154 -7.67895
    endloop
  endfacet
  facet normal 0.773036 0.634363 -3.00535e-05
    outer loop
      vertex -22.4465 14.2613 -8.45795
      vertex -22.7371 14.6154 -9
      vertex -22.7263 14.6023 -7.71455
    endloop
  endfacet
  facet normal 0.773013 0.63439 0
    outer loop
      vertex -22.7371 14.6154 -9
      vertex -22.4465 14.2613 -8.45795
      vertex -22.4465 14.2613 -9
    endloop
  endfacet
  facet normal 0.333279 0.623645 -0.707101
    outer loop
      vertex -24.5 16.0622 -9
      vertex -25.3464 15.3807 -10
      vertex -24.904 16.2781 -9
    endloop
  endfacet
  facet normal 0.528075 0.849198 -0
    outer loop
      vertex -24.111 15.8203 -9
      vertex -24.5 16.0622 -2
      vertex -24.111 15.8203 -2
    endloop
  endfacet
  facet normal 0.528075 0.849198 0
    outer loop
      vertex -24.5 16.0622 -2
      vertex -24.111 15.8203 -9
      vertex -24.5 16.0622 -9
    endloop
  endfacet
  facet normal 0.63439 0.773013 0
    outer loop
      vertex -23.7387 15.5535 -9
      vertex -23.3846 15.2629 -5.34378
      vertex -23.3846 15.2629 -9
    endloop
  endfacet
  facet normal 0.634501 0.772922 -1.79559e-05
    outer loop
      vertex -23.3846 15.2629 -5.34378
      vertex -23.7387 15.5535 -9
      vertex -23.5388 15.3895 -4.68217
    endloop
  endfacet
  facet normal 0.634269 0.773112 0
    outer loop
      vertex -23.5388 15.3895 -4.68217
      vertex -23.7387 15.5535 -9
      vertex -23.7387 15.5535 -3.47185
    endloop
  endfacet
  facet normal 0.471376 -0.881933 0
    outer loop
      vertex -24.904 3.72189 -9
      vertex -24.5 3.93782 -2
      vertex -24.904 3.72189 -2
    endloop
  endfacet
  facet normal 0.471376 -0.881933 0
    outer loop
      vertex -24.5 3.93782 -2
      vertex -24.904 3.72189 -9
      vertex -24.5 3.93782 -9
    endloop
  endfacet
  facet normal -0.023185 -0.706719 -0.707114
    outer loop
      vertex -28 4.00053 -10
      vertex -28.4578 3.01499 -9
      vertex -28.3923 4.0134 -10
    endloop
  endfacet
  facet normal -0.528075 0.849198 0
    outer loop
      vertex -31.5 16.0622 -9
      vertex -31.889 15.8203 -2
      vertex -31.5 16.0622 -2
    endloop
  endfacet
  facet normal -0.528075 0.849198 0
    outer loop
      vertex -31.889 15.8203 -2
      vertex -31.5 16.0622 -9
      vertex -31.889 15.8203 -9
    endloop
  endfacet
  facet normal -0.48344 0.516009 -0.707122
    outer loop
      vertex -31.9558 14.5105 -10
      vertex -32.9497 14.9497 -9
      vertex -32.6154 15.2629 -9
    endloop
  endfacet
  facet normal 0.483392 -0.516073 -0.707108
    outer loop
      vertex -23.3846 4.73712 -9
      vertex -24.0442 5.48946 -10
      vertex -23.0503 5.05025 -9
    endloop
  endfacet
  facet normal 0.37339 -0.600474 -0.707114
    outer loop
      vertex -24.5 3.93782 -9
      vertex -24.6669 5.01163 -10
      vertex -24.111 4.17971 -9
    endloop
  endfacet
  facet normal 0.205156 0.676708 -0.707091
    outer loop
      vertex -26.0715 15.6811 -10
      vertex -26.4472 15.795 -10
      vertex -25.7499 16.6285 -9
    endloop
  endfacet
  facet normal 0.729762 0.683701 0
    outer loop
      vertex -22.7371 14.6154 -7.67895
      vertex -23.0503 14.9497 -9
      vertex -23.0503 14.9497 -6.64669
    endloop
  endfacet
  facet normal 0.729762 0.683701 0
    outer loop
      vertex -23.0503 14.9497 -9
      vertex -22.7371 14.6154 -7.67895
      vertex -22.7371 14.6154 -9
    endloop
  endfacet
  facet normal -0.661775 -0.249145 0.707093
    outer loop
      vertex -33.6811 8.07153 -1
      vertex -34.6285 7.74992 -2
      vertex -33.5428 7.70418 -1
    endloop
  endfacet
  facet normal -0.411911 -0.574749 0.707102
    outer loop
      vertex -31.6522 5.24028 -1
      vertex -32.2613 4.44653 -2
      vertex -31.889 4.17971 -2
    endloop
  endfacet
  facet normal -0.249002 0.661792 0.707128
    outer loop
      vertex -30.2501 16.6285 -2
      vertex -30.6788 16.4672 -2
      vertex -30.2958 15.5428 -1
    endloop
  endfacet
  facet normal -0.160574 -0.688636 0.707105
    outer loop
      vertex -29.5528 4.20497 -1
      vertex -29.8117 3.23852 -2
      vertex -29.3656 3.1345 -2
    endloop
  endfacet
  facet normal -0.88196 0.471325 0
    outer loop
      vertex -34.2781 13.096 -9
      vertex -34.0622 13.5 -2
      vertex -34.0622 13.5 -9
    endloop
  endfacet
  facet normal -0.88196 0.471325 0
    outer loop
      vertex -34.0622 13.5 -2
      vertex -34.2781 13.096 -9
      vertex -34.2781 13.096 -2
    endloop
  endfacet
  facet normal -0.528059 -0.849208 0
    outer loop
      vertex -31.889 4.17971 -9
      vertex -31.5 3.93782 -2
      vertex -31.889 4.17971 -2
    endloop
  endfacet
  facet normal -0.528059 -0.849208 -0
    outer loop
      vertex -31.5 3.93782 -2
      vertex -31.889 4.17971 -9
      vertex -31.5 3.93782 -9
    endloop
  endfacet
  facet normal -0.291767 -0.644092 0.707119
    outer loop
      vertex -30.6536 4.61928 -1
      vertex -30.6788 3.53284 -2
      vertex -30.2958 4.4572 -1
    endloop
  endfacet
  facet normal -0.0232391 0.70672 0.707111
    outer loop
      vertex -28 15.9995 -1
      vertex -28.4578 16.985 -2
      vertex -28.3923 15.9866 -1
    endloop
  endfacet
  facet normal -0.600472 0.373404 0.707108
    outer loop
      vertex -33.8203 13.889 -2
      vertex -34.0622 13.5 -2
      vertex -32.9884 13.3331 -1
    endloop
  endfacet
  facet normal -0.546582 -0.448577 0.707125
    outer loop
      vertex -32.5105 6.04417 -1
      vertex -33.5535 5.73867 -2
      vertex -33.2629 5.38458 -2
    endloop
  endfacet
  facet normal -0.160673 0.688624 0.707094
    outer loop
      vertex -29.3656 16.8655 -2
      vertex -29.5528 15.795 -1
      vertex -29.1705 15.8842 -1
    endloop
  endfacet
  facet normal 0.412832 0.910807 -0
    outer loop
      vertex -24.904 16.2781 -9
      vertex -25.3212 16.4672 -2
      vertex -24.904 16.2781 -2
    endloop
  endfacet
  facet normal 0.412832 0.910807 0
    outer loop
      vertex -25.3212 16.4672 -2
      vertex -24.904 16.2781 -9
      vertex -25.3212 16.4672 -9
    endloop
  endfacet
  facet normal 0.291917 0.644039 0.707105
    outer loop
      vertex -25.3212 16.4672 -2
      vertex -25.3464 15.3807 -1
      vertex -24.904 16.2781 -2
    endloop
  endfacet
  facet normal 0.333279 0.623645 0.707101
    outer loop
      vertex -24.904 16.2781 -2
      vertex -25.3464 15.3807 -1
      vertex -24.5 16.0622 -2
    endloop
  endfacet
  facet normal -0.205277 0.676641 -0.70712
    outer loop
      vertex -29.5528 15.795 -10
      vertex -30.2501 16.6285 -9
      vertex -29.8117 16.7615 -9
    endloop
  endfacet
  facet normal 0.162898 -0.986643 0
    outer loop
      vertex -27.0863 3.05989 -9
      vertex -26.6344 3.1345 -2
      vertex -27.0863 3.05989 -2
    endloop
  endfacet
  facet normal 0.162898 -0.986643 0
    outer loop
      vertex -26.6344 3.1345 -2
      vertex -27.0863 3.05989 -9
      vertex -26.6344 3.1345 -9
    endloop
  endfacet
  facet normal -0.373425 -0.600462 -0.707107
    outer loop
      vertex -30.9997 4.80429 -10
      vertex -31.5 3.93782 -9
      vertex -31.3331 5.01163 -10
    endloop
  endfacet
  facet normal 0.069305 -0.703701 0.707108
    outer loop
      vertex -27.2168 4.05188 -1
      vertex -27.5422 3.01499 -2
      vertex -27.0863 3.05989 -2
    endloop
  endfacet
  facet normal -0.729762 0.683701 0
    outer loop
      vertex -33.2629 14.6154 -9
      vertex -32.9497 14.9497 -2
      vertex -32.9497 14.9497 -9
    endloop
  endfacet
  facet normal -0.729762 0.683701 0
    outer loop
      vertex -32.9497 14.9497 -2
      vertex -33.2629 14.6154 -9
      vertex -33.2629 14.6154 -2
    endloop
  endfacet
  facet normal -0.0693076 0.703697 -0.707111
    outer loop
      vertex -28.3923 15.9866 -10
      vertex -28.7832 15.9481 -10
      vertex -28.4578 16.985 -9
    endloop
  endfacet
  facet normal -0.688624 0.160673 -0.707094
    outer loop
      vertex -33.8842 11.1705 -10
      vertex -34.8655 11.3656 -9
      vertex -33.795 11.5528 -10
    endloop
  endfacet
  facet normal -0.412742 -0.910848 0
    outer loop
      vertex -31.096 3.72189 -9
      vertex -30.6788 3.53284 -2
      vertex -31.096 3.72189 -2
    endloop
  endfacet
  facet normal -0.412742 -0.910848 -0
    outer loop
      vertex -30.6788 3.53284 -2
      vertex -31.096 3.72189 -9
      vertex -30.6788 3.53284 -9
    endloop
  endfacet
  facet normal -0.227043 0.973885 0
    outer loop
      vertex -29.3656 16.8655 -9
      vertex -29.8117 16.7615 -2
      vertex -29.3656 16.8655 -2
    endloop
  endfacet
  facet normal -0.227043 0.973885 0
    outer loop
      vertex -29.8117 16.7615 -2
      vertex -29.3656 16.8655 -9
      vertex -29.8117 16.7615 -9
    endloop
  endfacet
  facet normal -0.373404 0.600472 -0.707108
    outer loop
      vertex -31.3331 14.9884 -10
      vertex -31.889 15.8203 -9
      vertex -31.5 16.0622 -9
    endloop
  endfacet
  facet normal -0.516034 0.483422 -0.707115
    outer loop
      vertex -32.5105 13.9558 -10
      vertex -32.9497 14.9497 -9
      vertex -32.2422 14.2422 -10
    endloop
  endfacet
  facet normal -0.956933 0.29031 0
    outer loop
      vertex -34.7615 11.8117 -9
      vertex -34.6285 12.2501 -2
      vertex -34.6285 12.2501 -9
    endloop
  endfacet
  facet normal -0.956933 0.29031 0
    outer loop
      vertex -34.6285 12.2501 -2
      vertex -34.7615 11.8117 -9
      vertex -34.7615 11.8117 -2
    endloop
  endfacet
  facet normal 0.411911 -0.574749 -0.707102
    outer loop
      vertex -24.111 4.17971 -9
      vertex -24.3478 5.24028 -10
      vertex -23.7387 4.44653 -9
    endloop
  endfacet
  facet normal 0.115186 -0.697663 0.707106
    outer loop
      vertex -26.6344 3.1345 -2
      vertex -27.2168 4.05188 -1
      vertex -27.0863 3.05989 -2
    endloop
  endfacet
  facet normal -0.44857 -0.546607 0.707111
    outer loop
      vertex -31.9558 5.48946 -1
      vertex -32.6154 4.73712 -2
      vertex -32.2613 4.44653 -2
    endloop
  endfacet
  facet normal -0.68362 -0.729838 0
    outer loop
      vertex -32.9497 5.05025 -9
      vertex -32.6154 4.73712 -2
      vertex -32.9497 5.05025 -2
    endloop
  endfacet
  facet normal -0.68362 -0.729838 -0
    outer loop
      vertex -32.6154 4.73712 -2
      vertex -32.9497 5.05025 -9
      vertex -32.6154 4.73712 -9
    endloop
  endfacet
  facet normal -0.160673 0.688624 -0.707094
    outer loop
      vertex -29.1705 15.8842 -10
      vertex -29.5528 15.795 -10
      vertex -29.3656 16.8655 -9
    endloop
  endfacet
  facet normal -0.600499 -0.373331 0.707125
    outer loop
      vertex -33.1957 7.00034 -1
      vertex -34.0622 6.5 -2
      vertex -32.9884 6.6669 -1
    endloop
  endfacet
  facet normal -0.373425 -0.600462 0.707107
    outer loop
      vertex -31.3331 5.01163 -1
      vertex -31.5 3.93782 -2
      vertex -30.9997 4.80429 -1
    endloop
  endfacet
  facet normal -0.773013 0.63439 0
    outer loop
      vertex -33.5535 14.2613 -9
      vertex -33.2629 14.6154 -2
      vertex -33.2629 14.6154 -9
    endloop
  endfacet
  facet normal -0.773013 0.63439 0
    outer loop
      vertex -33.2629 14.6154 -2
      vertex -33.5535 14.2613 -9
      vertex -33.5535 14.2613 -2
    endloop
  endfacet
  facet normal -0.249106 -0.661773 -0.707109
    outer loop
      vertex -30.2501 3.37149 -9
      vertex -30.2958 4.4572 -10
      vertex -29.9285 4.31894 -10
    endloop
  endfacet
  facet normal 0.205156 0.676708 0.707091
    outer loop
      vertex -25.7499 16.6285 -2
      vertex -26.4472 15.795 -1
      vertex -26.0715 15.6811 -1
    endloop
  endfacet
  facet normal -0.697661 0.11517 0.70711
    outer loop
      vertex -34.8655 11.3656 -2
      vertex -34.9401 10.9137 -2
      vertex -33.9481 10.7832 -1
    endloop
  endfacet
  facet normal 0.448611 -0.546586 -0.707101
    outer loop
      vertex -23.7387 4.44653 -9
      vertex -24.3478 5.24028 -10
      vertex -24.0442 5.48946 -10
    endloop
  endfacet
  facet normal -0.703696 -0.0693128 -0.707112
    outer loop
      vertex -33.9481 9.21684 -10
      vertex -34.985 9.54218 -9
      vertex -33.9866 9.60771 -10
    endloop
  endfacet
  facet normal -0.910822 -0.412799 0
    outer loop
      vertex -34.2781 6.90398 -9
      vertex -34.4672 7.32122 -2
      vertex -34.4672 7.32122 -9
    endloop
  endfacet
  facet normal -0.910822 -0.412799 0
    outer loop
      vertex -34.4672 7.32122 -2
      vertex -34.2781 6.90398 -9
      vertex -34.2781 6.90398 -2
    endloop
  endfacet
  facet normal -0.411883 0.574752 0.707116
    outer loop
      vertex -31.889 15.8203 -2
      vertex -32.2613 15.5535 -2
      vertex -31.6522 14.7597 -1
    endloop
  endfacet
  facet normal 0.023185 -0.706719 0.707114
    outer loop
      vertex -27.6077 4.0134 -1
      vertex -28 4.00053 -1
      vertex -27.5422 3.01499 -2
    endloop
  endfacet
  facet normal 0.48344 0.516009 -0.707122
    outer loop
      vertex -23.0503 14.9497 -9
      vertex -24.0442 14.5105 -10
      vertex -23.3846 15.2629 -9
    endloop
  endfacet
  facet normal 0.249002 0.661792 0.707128
    outer loop
      vertex -25.3212 16.4672 -2
      vertex -25.7499 16.6285 -2
      vertex -25.7042 15.5428 -1
    endloop
  endfacet
  facet normal 0.333332 0.6236 0.707116
    outer loop
      vertex -24.5 16.0622 -2
      vertex -25.3464 15.3807 -1
      vertex -25.0003 15.1957 -1
    endloop
  endfacet
  facet normal 0.48327 -0.515872 0.707338
    outer loop
      vertex -23.9673 5.5615 -1
      vertex -24.0442 5.48946 -1
      vertex -23.9646 5.45431 -1.08002
    endloop
  endfacet
  facet normal -0.644054 -0.291835 0.707125
    outer loop
      vertex -33.5428 7.70418 -1
      vertex -34.4672 7.32122 -2
      vertex -33.3807 7.34644 -1
    endloop
  endfacet
  facet normal 0.812913 0.582385 0
    outer loop
      vertex -22.2593 14 -8.9555
      vertex -22.4465 14.2613 -9
      vertex -22.4465 14.2613 -8.45795
    endloop
  endfacet
  facet normal 0.812913 0.582385 0
    outer loop
      vertex -22.4465 14.2613 -9
      vertex -22.2593 14 -8.9555
      vertex -22.2593 14 -9
    endloop
  endfacet
  facet normal 0.483045 0.515919 0.707457
    outer loop
      vertex -23.9646 14.5457 -1.08002
      vertex -24.0442 14.5105 -1
      vertex -23.9673 14.4385 -1
    endloop
  endfacet
  facet normal 0.546587 0.448568 -0.707128
    outer loop
      vertex -22.4465 14.2613 -9
      vertex -23.4895 13.9558 -10
      vertex -22.7371 14.6154 -9
    endloop
  endfacet
  facet normal 0.516034 0.483422 -0.707115
    outer loop
      vertex -23.4895 13.9558 -10
      vertex -23.7578 14.2422 -10
      vertex -23.0503 14.9497 -9
    endloop
  endfacet
  facet normal 0.291792 0.644067 0.707132
    outer loop
      vertex -25.3212 16.4672 -2
      vertex -25.7042 15.5428 -1
      vertex -25.3464 15.3807 -1
    endloop
  endfacet
  facet normal 0.623584 0.33335 -0.707122
    outer loop
      vertex -22.0772 12.9208 -9.39598
      vertex -22.6193 12.6536 -10
      vertex -22.1293 13.2621 -9.28103
    endloop
  endfacet
  facet normal 0.546558 0.448624 -0.707115
    outer loop
      vertex -23.2403 13.6522 -10
      vertex -23.4895 13.9558 -10
      vertex -22.4465 14.2613 -9
    endloop
  endfacet
  facet normal 0.688686 0.160478 -0.707077
    outer loop
      vertex -22.1158 11.1705 -10
      vertex -21.9229 11.5035 -9.73654
      vertex -21.9022 11.213 -9.78231
    endloop
  endfacet
  facet normal 0.688534 0.160652 -0.707186
    outer loop
      vertex -21.9229 11.5035 -9.73654
      vertex -22.1158 11.1705 -10
      vertex -22.205 11.5528 -10
    endloop
  endfacet
  facet normal -0.411916 0.574737 -0.707108
    outer loop
      vertex -31.6522 14.7597 -10
      vertex -31.889 15.8203 -9
      vertex -31.3331 14.9884 -10
    endloop
  endfacet
  facet normal -0.333332 0.6236 -0.707116
    outer loop
      vertex -30.9997 15.1957 -10
      vertex -31.5 16.0622 -9
      vertex -30.6536 15.3807 -10
    endloop
  endfacet
  facet normal -0.33335 -0.623601 -0.707107
    outer loop
      vertex -30.6536 4.61928 -10
      vertex -31.5 3.93782 -9
      vertex -30.9997 4.80429 -10
    endloop
  endfacet
  facet normal 0.634246 -0.773131 0
    outer loop
      vertex -23.7387 4.44653 -9
      vertex -23.5388 4.61052 -4.68217
      vertex -23.7387 4.44653 -3.47185
    endloop
  endfacet
  facet normal 0.634497 -0.772925 -1.94494e-05
    outer loop
      vertex -23.7387 4.44653 -9
      vertex -23.3846 4.73712 -5.34378
      vertex -23.5388 4.61052 -4.68217
    endloop
  endfacet
  facet normal 0.634377 -0.773024 0
    outer loop
      vertex -23.3846 4.73712 -5.34378
      vertex -23.7387 4.44653 -9
      vertex -23.3846 4.73712 -9
    endloop
  endfacet
  facet normal -0.676641 0.205277 -0.70712
    outer loop
      vertex -33.795 11.5528 -10
      vertex -34.7615 11.8117 -9
      vertex -34.6285 12.2501 -9
    endloop
  endfacet
  facet normal -0.697682 -0.115106 -0.7071
    outer loop
      vertex -33.8842 8.82953 -10
      vertex -34.8655 8.63437 -9
      vertex -33.9481 9.21684 -10
    endloop
  endfacet
  facet normal -0.291792 0.644067 0.707132
    outer loop
      vertex -30.2958 15.5428 -1
      vertex -30.6788 16.4672 -2
      vertex -30.6536 15.3807 -1
    endloop
  endfacet
  facet normal 0.373367 0.600486 0.707117
    outer loop
      vertex -24.5 16.0622 -2
      vertex -25.0003 15.1957 -1
      vertex -24.6669 14.9884 -1
    endloop
  endfacet
  facet normal 0.582432 -0.81288 -3.57514e-05
    outer loop
      vertex -24.111 4.17971 -2
      vertex -23.7947 4.40639 -3.13263
      vertex -23.9062 4.32645 -2
    endloop
  endfacet
  facet normal 0.58242 -0.812888 -4.08038e-05
    outer loop
      vertex -24.111 4.17971 -2
      vertex -23.7387 4.44653 -3.47185
      vertex -23.7947 4.40639 -3.13263
    endloop
  endfacet
  facet normal 0.582526 -0.812812 0
    outer loop
      vertex -24.111 4.17971 -9
      vertex -23.7387 4.44653 -3.47185
      vertex -24.111 4.17971 -2
    endloop
  endfacet
  facet normal 0.582526 -0.812812 0
    outer loop
      vertex -23.7387 4.44653 -3.47185
      vertex -24.111 4.17971 -9
      vertex -23.7387 4.44653 -9
    endloop
  endfacet
  facet normal -0.411883 0.574752 -0.707116
    outer loop
      vertex -31.6522 14.7597 -10
      vertex -32.2613 15.5535 -9
      vertex -31.889 15.8203 -9
    endloop
  endfacet
  facet normal -0.023185 -0.706719 0.707114
    outer loop
      vertex -28.3923 4.0134 -1
      vertex -28.4578 3.01499 -2
      vertex -28 4.00053 -1
    endloop
  endfacet
  facet normal -0.6236 0.333332 0.707116
    outer loop
      vertex -33.1957 12.9997 -1
      vertex -34.0622 13.5 -2
      vertex -33.3807 12.6536 -1
    endloop
  endfacet
  facet normal 0.205277 0.676641 0.70712
    outer loop
      vertex -26.1883 16.7615 -2
      vertex -26.4472 15.795 -1
      vertex -25.7499 16.6285 -2
    endloop
  endfacet
  facet normal 0.0231566 0.70674 -0.707094
    outer loop
      vertex -27.5422 16.985 -9
      vertex -28 15.9995 -10
      vertex -28 17 -9
    endloop
  endfacet
  facet normal 0.0231566 0.70674 0.707094
    outer loop
      vertex -28 17 -2
      vertex -28 15.9995 -1
      vertex -27.5422 16.985 -2
    endloop
  endfacet
  facet normal 0.115196 -0.697659 0.707108
    outer loop
      vertex -26.8295 4.11583 -1
      vertex -27.2168 4.05188 -1
      vertex -26.6344 3.1345 -2
    endloop
  endfacet
  facet normal -0.683701 0.729762 0
    outer loop
      vertex -32.6154 15.2629 -9
      vertex -32.9497 14.9497 -2
      vertex -32.6154 15.2629 -2
    endloop
  endfacet
  facet normal -0.683701 0.729762 0
    outer loop
      vertex -32.9497 14.9497 -2
      vertex -32.6154 15.2629 -9
      vertex -32.9497 14.9497 -9
    endloop
  endfacet
  facet normal -0.516009 0.48344 -0.707122
    outer loop
      vertex -32.5105 13.9558 -10
      vertex -33.2629 14.6154 -9
      vertex -32.9497 14.9497 -9
    endloop
  endfacet
  facet normal -0.448568 0.546587 0.707128
    outer loop
      vertex -32.2613 15.5535 -2
      vertex -32.6154 15.2629 -2
      vertex -31.9558 14.5105 -1
    endloop
  endfacet
  facet normal 0.623599 0.333331 -0.707117
    outer loop
      vertex -22.8043 12.9997 -10
      vertex -22.1293 13.2621 -9.28103
      vertex -22.6193 12.6536 -10
    endloop
  endfacet
  facet normal 0.623491 0.333567 -0.707101
    outer loop
      vertex -22.1293 13.2621 -9.28103
      vertex -22.8043 12.9997 -10
      vertex -22.1472 13.3791 -9.24162
    endloop
  endfacet
  facet normal -0.812862 -0.582456 0
    outer loop
      vertex -33.5535 5.73867 -9
      vertex -33.8203 6.11101 -2
      vertex -33.8203 6.11101 -9
    endloop
  endfacet
  facet normal -0.812862 -0.582456 0
    outer loop
      vertex -33.8203 6.11101 -2
      vertex -33.5535 5.73867 -9
      vertex -33.5535 5.73867 -2
    endloop
  endfacet
  facet normal -0.688624 0.160673 0.707094
    outer loop
      vertex -33.795 11.5528 -1
      vertex -34.8655 11.3656 -2
      vertex -33.8842 11.1705 -1
    endloop
  endfacet
  facet normal -0.249074 -0.661778 0.707116
    outer loop
      vertex -30.2958 4.4572 -1
      vertex -30.6788 3.53284 -2
      vertex -30.2501 3.37149 -2
    endloop
  endfacet
  facet normal -0.069305 -0.703701 0.707108
    outer loop
      vertex -28.7832 4.05188 -1
      vertex -28.9137 3.05989 -2
      vertex -28.4578 3.01499 -2
    endloop
  endfacet
  facet normal 0.0693076 0.703697 0.707111
    outer loop
      vertex -27.5422 16.985 -2
      vertex -27.6077 15.9866 -1
      vertex -27.2168 15.9481 -1
    endloop
  endfacet
  facet normal -0.11517 0.697661 0.70711
    outer loop
      vertex -28.9137 16.9401 -2
      vertex -29.3656 16.8655 -2
      vertex -28.7832 15.9481 -1
    endloop
  endfacet
  facet normal -0.0693047 0.703697 0.707112
    outer loop
      vertex -28.4578 16.985 -2
      vertex -28.9137 16.9401 -2
      vertex -28.7832 15.9481 -1
    endloop
  endfacet
  facet normal -0.333279 0.623645 0.707101
    outer loop
      vertex -31.096 16.2781 -2
      vertex -31.5 16.0622 -2
      vertex -30.6536 15.3807 -1
    endloop
  endfacet
  facet normal -0.574737 0.411916 -0.707108
    outer loop
      vertex -32.9884 13.3331 -10
      vertex -33.8203 13.889 -9
      vertex -32.7597 13.6522 -10
    endloop
  endfacet
  facet normal 0.291917 0.644039 -0.707105
    outer loop
      vertex -24.904 16.2781 -9
      vertex -25.3464 15.3807 -10
      vertex -25.3212 16.4672 -9
    endloop
  endfacet
  facet normal -0.448611 -0.546586 -0.707101
    outer loop
      vertex -31.6522 5.24028 -10
      vertex -32.2613 4.44653 -9
      vertex -31.9558 5.48946 -10
    endloop
  endfacet
  facet normal -0.411853 -0.574774 -0.707115
    outer loop
      vertex -31.3331 5.01163 -10
      vertex -31.889 4.17971 -9
      vertex -31.6522 5.24028 -10
    endloop
  endfacet
  facet normal -0.697685 0.11511 -0.707096
    outer loop
      vertex -33.9481 10.7832 -10
      vertex -34.8655 11.3656 -9
      vertex -33.8842 11.1705 -10
    endloop
  endfacet
  facet normal -0.644039 0.291917 -0.707105
    outer loop
      vertex -33.3807 12.6536 -10
      vertex -34.4672 12.6788 -9
      vertex -34.2781 13.096 -9
    endloop
  endfacet
  facet normal 0.411916 0.574737 -0.707108
    outer loop
      vertex -24.3478 14.7597 -10
      vertex -24.6669 14.9884 -10
      vertex -24.111 15.8203 -9
    endloop
  endfacet
  facet normal -0.115186 -0.697663 0.707106
    outer loop
      vertex -28.7832 4.05188 -1
      vertex -29.3656 3.1345 -2
      vertex -28.9137 3.05989 -2
    endloop
  endfacet
  facet normal -0.37339 -0.600474 -0.707114
    outer loop
      vertex -31.5 3.93782 -9
      vertex -31.889 4.17971 -9
      vertex -31.3331 5.01163 -10
    endloop
  endfacet
  facet normal -0.291792 0.644067 -0.707132
    outer loop
      vertex -30.6536 15.3807 -10
      vertex -30.6788 16.4672 -9
      vertex -30.2958 15.5428 -10
    endloop
  endfacet
  facet normal -0.291917 0.644039 -0.707105
    outer loop
      vertex -30.6536 15.3807 -10
      vertex -31.096 16.2781 -9
      vertex -30.6788 16.4672 -9
    endloop
  endfacet
  facet normal -0.205277 0.676641 0.70712
    outer loop
      vertex -29.8117 16.7615 -2
      vertex -30.2501 16.6285 -2
      vertex -29.5528 15.795 -1
    endloop
  endfacet
  facet normal -0.703696 -0.0693106 -0.707113
    outer loop
      vertex -34.9401 9.08632 -9
      vertex -34.985 9.54218 -9
      vertex -33.9481 9.21684 -10
    endloop
  endfacet
  facet normal 0.44857 -0.546607 -0.707111
    outer loop
      vertex -23.7387 4.44653 -9
      vertex -24.0442 5.48946 -10
      vertex -23.3846 4.73712 -9
    endloop
  endfacet
  facet normal -0.0692716 -0.703697 0.707115
    outer loop
      vertex -28.3923 4.0134 -1
      vertex -28.7832 4.05188 -1
      vertex -28.4578 3.01499 -2
    endloop
  endfacet
  facet normal 0.411853 -0.574774 -0.707115
    outer loop
      vertex -24.111 4.17971 -9
      vertex -24.6669 5.01163 -10
      vertex -24.3478 5.24028 -10
    endloop
  endfacet
  facet normal -0.291767 -0.644092 -0.707119
    outer loop
      vertex -30.2958 4.4572 -10
      vertex -30.6788 3.53284 -9
      vertex -30.6536 4.61928 -10
    endloop
  endfacet
  facet normal -0.471376 -0.881933 0
    outer loop
      vertex -31.5 3.93782 -9
      vertex -31.096 3.72189 -2
      vertex -31.5 3.93782 -2
    endloop
  endfacet
  facet normal -0.471376 -0.881933 -0
    outer loop
      vertex -31.096 3.72189 -2
      vertex -31.5 3.93782 -9
      vertex -31.096 3.72189 -9
    endloop
  endfacet
  facet normal -0.069305 -0.703701 -0.707108
    outer loop
      vertex -28.4578 3.01499 -9
      vertex -28.9137 3.05989 -9
      vertex -28.7832 4.05188 -10
    endloop
  endfacet
  facet normal 0.661854 -0.248995 -0.707072
    outer loop
      vertex -21.996 7.72361 -9.57523
      vertex -22.3189 8.07153 -10
      vertex -21.9703 7.95319 -9.63202
    endloop
  endfacet
  facet normal 0.661755 -0.249138 -0.707114
    outer loop
      vertex -22.3189 8.07153 -10
      vertex -21.996 7.72361 -9.57523
      vertex -22.4572 7.70418 -10
    endloop
  endfacet
  facet normal -0.729792 -0.683669 0
    outer loop
      vertex -32.9497 5.05025 -9
      vertex -33.2629 5.38458 -2
      vertex -33.2629 5.38458 -9
    endloop
  endfacet
  facet normal -0.729792 -0.683669 0
    outer loop
      vertex -33.2629 5.38458 -2
      vertex -32.9497 5.05025 -9
      vertex -32.9497 5.05025 -2
    endloop
  endfacet
  facet normal -0.516051 -0.483404 -0.707115
    outer loop
      vertex -32.2422 5.75775 -10
      vertex -32.9497 5.05025 -9
      vertex -32.5105 6.04417 -10
    endloop
  endfacet
  facet normal -0.697662 -0.115158 -0.707111
    outer loop
      vertex -34.8655 8.63437 -9
      vertex -34.9401 9.08632 -9
      vertex -33.9481 9.21684 -10
    endloop
  endfacet
  facet normal 0.676674 -0.205336 -0.707071
    outer loop
      vertex -22.3189 8.07153 -10
      vertex -21.9449 8.22966 -9.688
      vertex -21.9703 7.95319 -9.63202
    endloop
  endfacet
  facet normal 0.676656 -0.205156 -0.707141
    outer loop
      vertex -21.9449 8.22966 -9.688
      vertex -22.3189 8.07153 -10
      vertex -22.205 8.4472 -10
    endloop
  endfacet
  facet normal -0.60047 -0.373412 -0.707107
    outer loop
      vertex -33.8203 6.11101 -9
      vertex -34.0622 6.5 -9
      vertex -32.9884 6.6669 -10
    endloop
  endfacet
  facet normal -0.373367 0.600486 -0.707117
    outer loop
      vertex -31.3331 14.9884 -10
      vertex -31.5 16.0622 -9
      vertex -30.9997 15.1957 -10
    endloop
  endfacet
  facet normal 0.115196 -0.697659 -0.707108
    outer loop
      vertex -26.6344 3.1345 -9
      vertex -27.2168 4.05188 -10
      vertex -26.8295 4.11583 -10
    endloop
  endfacet
  facet normal -0.703696 -0.0693128 0.707112
    outer loop
      vertex -33.9866 9.60771 -1
      vertex -34.985 9.54218 -2
      vertex -33.9481 9.21684 -1
    endloop
  endfacet
  facet normal -0.812833 0.582497 0
    outer loop
      vertex -33.8203 13.889 -9
      vertex -33.5535 14.2613 -2
      vertex -33.5535 14.2613 -9
    endloop
  endfacet
  facet normal -0.812833 0.582497 0
    outer loop
      vertex -33.5535 14.2613 -2
      vertex -33.8203 13.889 -9
      vertex -33.8203 13.889 -2
    endloop
  endfacet
  facet normal -0.600486 0.373367 -0.707117
    outer loop
      vertex -33.1957 12.9997 -10
      vertex -34.0622 13.5 -9
      vertex -32.9884 13.3331 -10
    endloop
  endfacet
  facet normal -0.115196 -0.697659 -0.707108
    outer loop
      vertex -28.7832 4.05188 -10
      vertex -29.3656 3.1345 -9
      vertex -29.1705 4.11583 -10
    endloop
  endfacet
  facet normal -0.483422 0.516034 0.707115
    outer loop
      vertex -31.9558 14.5105 -1
      vertex -32.9497 14.9497 -2
      vertex -32.2422 14.2422 -1
    endloop
  endfacet
  facet normal -0.516051 -0.483404 0.707115
    outer loop
      vertex -32.5105 6.04417 -1
      vertex -32.9497 5.05025 -2
      vertex -32.2422 5.75775 -1
    endloop
  endfacet
  facet normal -0.676641 0.205277 0.70712
    outer loop
      vertex -34.6285 12.2501 -2
      vertex -34.7615 11.8117 -2
      vertex -33.795 11.5528 -1
    endloop
  endfacet
  facet normal -0.516032 -0.483418 0.70712
    outer loop
      vertex -32.5105 6.04417 -1
      vertex -33.2629 5.38458 -2
      vertex -32.9497 5.05025 -2
    endloop
  endfacet
  facet normal -0.516034 0.483422 0.707115
    outer loop
      vertex -32.2422 14.2422 -1
      vertex -32.9497 14.9497 -2
      vertex -32.5105 13.9558 -1
    endloop
  endfacet
  facet normal -0.986649 -0.162859 0
    outer loop
      vertex -34.8655 8.63437 -9
      vertex -34.9401 9.08632 -2
      vertex -34.9401 9.08632 -9
    endloop
  endfacet
  facet normal -0.986649 -0.162859 0
    outer loop
      vertex -34.9401 9.08632 -2
      vertex -34.8655 8.63437 -9
      vertex -34.8655 8.63437 -2
    endloop
  endfacet
  facet normal 0.291767 -0.644092 -0.707119
    outer loop
      vertex -25.3212 3.53284 -9
      vertex -25.7042 4.4572 -10
      vertex -25.3464 4.61928 -10
    endloop
  endfacet
  facet normal 0.697493 0.115745 -0.707183
    outer loop
      vertex -21.8814 10.8056 -9.82817
      vertex -22.0519 10.7832 -10
      vertex -21.8857 10.8887 -9.81881
    endloop
  endfacet
  facet normal 0.249175 0.661765 0.707091
    outer loop
      vertex -25.7499 16.6285 -2
      vertex -26.0715 15.6811 -1
      vertex -25.7042 15.5428 -1
    endloop
  endfacet
  facet normal 0.160673 0.688624 0.707094
    outer loop
      vertex -26.6344 16.8655 -2
      vertex -26.8295 15.8842 -1
      vertex -26.4472 15.795 -1
    endloop
  endfacet
  facet normal -0.373367 0.600486 0.707117
    outer loop
      vertex -30.9997 15.1957 -1
      vertex -31.5 16.0622 -2
      vertex -31.3331 14.9884 -1
    endloop
  endfacet
  facet normal 0.0692716 -0.703697 0.707115
    outer loop
      vertex -27.2168 4.05188 -1
      vertex -27.6077 4.0134 -1
      vertex -27.5422 3.01499 -2
    endloop
  endfacet
  facet normal -0.574752 0.411883 0.707116
    outer loop
      vertex -33.5535 14.2613 -2
      vertex -33.8203 13.889 -2
      vertex -32.7597 13.6522 -1
    endloop
  endfacet
  facet normal -0.574737 0.411916 0.707108
    outer loop
      vertex -32.7597 13.6522 -1
      vertex -33.8203 13.889 -2
      vertex -32.9884 13.3331 -1
    endloop
  endfacet
  facet normal -0.697682 -0.115106 0.7071
    outer loop
      vertex -33.9481 9.21684 -1
      vertex -34.8655 8.63437 -2
      vertex -33.8842 8.82953 -1
    endloop
  endfacet
  facet normal -0.623629 -0.333288 0.707111
    outer loop
      vertex -33.3807 7.34644 -1
      vertex -34.2781 6.90398 -2
      vertex -34.0622 6.5 -2
    endloop
  endfacet
  facet normal -0.483412 -0.516043 0.707115
    outer loop
      vertex -32.2422 5.75775 -1
      vertex -32.9497 5.05025 -2
      vertex -31.9558 5.48946 -1
    endloop
  endfacet
  facet normal 0.0232391 0.70672 0.707111
    outer loop
      vertex -27.5422 16.985 -2
      vertex -28 15.9995 -1
      vertex -27.6077 15.9866 -1
    endloop
  endfacet
  facet normal 0.623568 -0.333343 -0.707138
    outer loop
      vertex -22.1293 6.73787 -9.28103
      vertex -22.6193 7.34644 -10
      vertex -22.0772 7.07918 -9.39598
    endloop
  endfacet
  facet normal 0.160673 0.688624 -0.707094
    outer loop
      vertex -26.4472 15.795 -10
      vertex -26.8295 15.8842 -10
      vertex -26.6344 16.8655 -9
    endloop
  endfacet
  facet normal 0.600485 0.373368 -0.707117
    outer loop
      vertex -22.1731 13.5292 -9.1844
      vertex -23.0116 13.3331 -10
      vertex -22.2229 13.8601 -9.05197
    endloop
  endfacet
  facet normal 0.600523 0.373275 -0.707133
    outer loop
      vertex -23.0116 13.3331 -10
      vertex -22.1731 13.5292 -9.1844
      vertex -22.162 13.4651 -9.20881
    endloop
  endfacet
  facet normal 0.483412 -0.516043 -0.707115
    outer loop
      vertex -23.0503 5.05025 -9
      vertex -24.0442 5.48946 -10
      vertex -23.7578 5.75775 -10
    endloop
  endfacet
  facet normal -0.70672 -0.0232397 -0.707112
    outer loop
      vertex -33.9866 9.60771 -10
      vertex -34.985 9.54218 -9
      vertex -33.9995 10 -10
    endloop
  endfacet
  facet normal -0.205239 -0.676669 -0.707104
    outer loop
      vertex -29.8117 3.23852 -9
      vertex -30.2501 3.37149 -9
      vertex -29.5528 4.20497 -10
    endloop
  endfacet
  facet normal -0.574752 0.411883 -0.707116
    outer loop
      vertex -32.7597 13.6522 -10
      vertex -33.8203 13.889 -9
      vertex -33.5535 14.2613 -9
    endloop
  endfacet
  facet normal -0.546579 -0.448582 -0.707124
    outer loop
      vertex -32.5105 6.04417 -10
      vertex -33.5535 5.73867 -9
      vertex -32.7597 6.34781 -10
    endloop
  endfacet
  facet normal 0.697714 -0.115094 -0.70707
    outer loop
      vertex -22.1158 8.82953 -10
      vertex -21.8857 9.1113 -9.81881
      vertex -21.9022 8.78704 -9.78231
    endloop
  endfacet
  facet normal 0.697727 -0.115114 -0.707055
    outer loop
      vertex -21.8857 9.1113 -9.81881
      vertex -22.1158 8.82953 -10
      vertex -22.0519 9.21684 -10
    endloop
  endfacet
  facet normal 0.333317 -0.623629 0.707098
    outer loop
      vertex -24.5 3.93782 -2
      vertex -25.3464 4.61928 -1
      vertex -24.904 3.72189 -2
    endloop
  endfacet
  facet normal 0.0692716 -0.703697 -0.707115
    outer loop
      vertex -27.5422 3.01499 -9
      vertex -27.6077 4.0134 -10
      vertex -27.2168 4.05188 -10
    endloop
  endfacet
  facet normal 0.11517 0.697661 0.70711
    outer loop
      vertex -27.0863 16.9401 -2
      vertex -27.2168 15.9481 -1
      vertex -26.6344 16.8655 -2
    endloop
  endfacet
  facet normal 0.0327478 0.999464 -0
    outer loop
      vertex -27.5422 16.985 -9
      vertex -28 17 -2
      vertex -27.5422 16.985 -2
    endloop
  endfacet
  facet normal 0.0327478 0.999464 0
    outer loop
      vertex -28 17 -2
      vertex -27.5422 16.985 -9
      vertex -28 17 -9
    endloop
  endfacet
  facet normal -0.688622 -0.16066 0.707099
    outer loop
      vertex -33.8842 8.82953 -1
      vertex -34.8655 8.63437 -2
      vertex -33.795 8.4472 -1
    endloop
  endfacet
  facet normal 0.411836 -0.574786 0.707115
    outer loop
      vertex -23.9385 4.70698 -1.67187
      vertex -24.111 4.17971 -2
      vertex -23.9062 4.32645 -2
    endloop
  endfacet
  facet normal 0.411825 -0.574786 0.707121
    outer loop
      vertex -24.111 4.17971 -2
      vertex -23.9385 4.70698 -1.67187
      vertex -24.3478 5.24028 -1
    endloop
  endfacet
  facet normal 0.703762 0.0692859 -0.707049
    outer loop
      vertex -22.0134 10.3923 -10
      vertex -21.8791 10.7289 -9.83334
      vertex -21.8691 10.4018 -9.85544
    endloop
  endfacet
  facet normal 0.703732 0.0693111 -0.707076
    outer loop
      vertex -21.8791 10.7289 -9.83334
      vertex -22.0134 10.3923 -10
      vertex -22.0519 10.7832 -10
    endloop
  endfacet
  facet normal -0.661796 -0.249003 -0.707123
    outer loop
      vertex -34.4672 7.32122 -9
      vertex -34.6285 7.74992 -9
      vertex -33.5428 7.70418 -10
    endloop
  endfacet
  facet normal -0.448611 -0.546586 0.707101
    outer loop
      vertex -31.9558 5.48946 -1
      vertex -32.2613 4.44653 -2
      vertex -31.6522 5.24028 -1
    endloop
  endfacet
  facet normal -0.773004 -0.634401 0
    outer loop
      vertex -33.2629 5.38458 -9
      vertex -33.5535 5.73867 -2
      vertex -33.5535 5.73867 -9
    endloop
  endfacet
  facet normal -0.773004 -0.634401 0
    outer loop
      vertex -33.5535 5.73867 -2
      vertex -33.2629 5.38458 -9
      vertex -33.2629 5.38458 -2
    endloop
  endfacet
  facet normal -0.634377 -0.773024 0
    outer loop
      vertex -32.6154 4.73712 -9
      vertex -32.2613 4.44653 -2
      vertex -32.6154 4.73712 -2
    endloop
  endfacet
  facet normal -0.634377 -0.773024 -0
    outer loop
      vertex -32.2613 4.44653 -2
      vertex -32.6154 4.73712 -9
      vertex -32.2613 4.44653 -9
    endloop
  endfacet
  facet normal -0.291855 -0.644072 0.707101
    outer loop
      vertex -30.6536 4.61928 -1
      vertex -31.096 3.72189 -2
      vertex -30.6788 3.53284 -2
    endloop
  endfacet
  facet normal -0.333317 -0.623629 0.707098
    outer loop
      vertex -30.6536 4.61928 -1
      vertex -31.5 3.93782 -2
      vertex -31.096 3.72189 -2
    endloop
  endfacet
  facet normal -0.60047 -0.373412 0.707107
    outer loop
      vertex -32.9884 6.6669 -1
      vertex -34.0622 6.5 -2
      vertex -33.8203 6.11101 -2
    endloop
  endfacet
  facet normal -0.249175 0.661765 0.707091
    outer loop
      vertex -30.2501 16.6285 -2
      vertex -30.2958 15.5428 -1
      vertex -29.9285 15.6811 -1
    endloop
  endfacet
  facet normal 0.644046 -0.291814 -0.707142
    outer loop
      vertex -22.0772 7.07918 -9.39598
      vertex -22.6193 7.34644 -10
      vertex -22.0436 7.33307 -9.47015
    endloop
  endfacet
  facet normal 0.249106 -0.661773 0.707109
    outer loop
      vertex -25.7042 4.4572 -1
      vertex -26.0715 4.31894 -1
      vertex -25.7499 3.37149 -2
    endloop
  endfacet
  facet normal 0.448577 -0.546544 0.707155
    outer loop
      vertex -24.3478 5.24028 -1
      vertex -23.958 5.19539 -1.28196
      vertex -24.0442 5.48946 -1
    endloop
  endfacet
  facet normal 0.448539 -0.546625 0.707117
    outer loop
      vertex -23.958 5.19539 -1.28196
      vertex -24.3478 5.24028 -1
      vertex -23.9486 4.83092 -1.56967
    endloop
  endfacet
  facet normal 0.448648 -0.546528 0.707123
    outer loop
      vertex -23.9486 4.83092 -1.56967
      vertex -24.3478 5.24028 -1
      vertex -23.9385 4.70698 -1.67187
    endloop
  endfacet
  facet normal 0.115186 -0.697663 -0.707106
    outer loop
      vertex -27.0863 3.05989 -9
      vertex -27.2168 4.05188 -10
      vertex -26.6344 3.1345 -9
    endloop
  endfacet
  facet normal 0.373425 -0.600462 0.707107
    outer loop
      vertex -24.6669 5.01163 -1
      vertex -25.0003 4.80429 -1
      vertex -24.5 3.93782 -2
    endloop
  endfacet
  facet normal -0.676708 0.205156 0.707091
    outer loop
      vertex -33.6811 11.9285 -1
      vertex -34.6285 12.2501 -2
      vertex -33.795 11.5528 -1
    endloop
  endfacet
  facet normal -0.471325 0.88196 0
    outer loop
      vertex -31.096 16.2781 -9
      vertex -31.5 16.0622 -2
      vertex -31.096 16.2781 -2
    endloop
  endfacet
  facet normal -0.471325 0.88196 0
    outer loop
      vertex -31.5 16.0622 -2
      vertex -31.096 16.2781 -9
      vertex -31.5 16.0622 -9
    endloop
  endfacet
  facet normal 0.70366 -0.0688144 -0.707196
    outer loop
      vertex -21.8814 9.19441 -9.82817
      vertex -22.0519 9.21684 -10
      vertex -21.8791 9.27106 -9.83334
    endloop
  endfacet
  facet normal -0.448568 0.546587 -0.707128
    outer loop
      vertex -31.9558 14.5105 -10
      vertex -32.6154 15.2629 -9
      vertex -32.2613 15.5535 -9
    endloop
  endfacet
  facet normal -0.448624 0.546558 0.707115
    outer loop
      vertex -31.6522 14.7597 -1
      vertex -32.2613 15.5535 -2
      vertex -31.9558 14.5105 -1
    endloop
  endfacet
  facet normal 0.160568 -0.688636 -0.707106
    outer loop
      vertex -26.6344 3.1345 -9
      vertex -26.8295 4.11583 -10
      vertex -26.4472 4.20497 -10
    endloop
  endfacet
  facet normal 0.160541 0.688626 -0.707121
    outer loop
      vertex -26.4472 15.795 -10
      vertex -26.6344 16.8655 -9
      vertex -26.1883 16.7615 -9
    endloop
  endfacet
  facet normal 0.582589 0.812767 1.63981e-05
    outer loop
      vertex -23.7947 15.5936 -3.13263
      vertex -24.111 15.8203 -2
      vertex -23.9062 15.6735 -2
    endloop
  endfacet
  facet normal 0.583057 0.812431 0.000214275
    outer loop
      vertex -23.7387 15.5535 -3.47185
      vertex -24.111 15.8203 -2
      vertex -23.7947 15.5936 -3.13263
    endloop
  endfacet
  facet normal 0.582497 0.812833 0
    outer loop
      vertex -24.111 15.8203 -9
      vertex -23.7387 15.5535 -3.47185
      vertex -23.7387 15.5535 -9
    endloop
  endfacet
  facet normal 0.582497 0.812833 0
    outer loop
      vertex -23.7387 15.5535 -3.47185
      vertex -24.111 15.8203 -9
      vertex -24.111 15.8203 -2
    endloop
  endfacet
  facet normal 0.483422 0.516034 -0.707115
    outer loop
      vertex -23.7578 14.2422 -10
      vertex -24.0442 14.5105 -10
      vertex -23.0503 14.9497 -9
    endloop
  endfacet
  facet normal -0.546587 0.448568 -0.707128
    outer loop
      vertex -32.5105 13.9558 -10
      vertex -33.5535 14.2613 -9
      vertex -33.2629 14.6154 -9
    endloop
  endfacet
  facet normal 0.706782 0.0232411 -0.707049
    outer loop
      vertex -22.0134 10.3923 -10
      vertex -21.8656 10.0627 -9.86309
      vertex -22.0005 10 -10
    endloop
  endfacet
  facet normal 0.706787 0.0232458 -0.707044
    outer loop
      vertex -21.8656 10.0627 -9.86309
      vertex -22.0134 10.3923 -10
      vertex -21.8691 10.4018 -9.85544
    endloop
  endfacet
  facet normal 0.661743 -0.249222 -0.707096
    outer loop
      vertex -22.0186 7.52245 -9.52548
      vertex -22.4572 7.70418 -10
      vertex -21.996 7.72361 -9.57523
    endloop
  endfacet
  facet normal -0.115186 -0.697663 -0.707106
    outer loop
      vertex -28.9137 3.05989 -9
      vertex -29.3656 3.1345 -9
      vertex -28.7832 4.05188 -10
    endloop
  endfacet
  facet normal -0.249002 0.661792 -0.707128
    outer loop
      vertex -30.2958 15.5428 -10
      vertex -30.6788 16.4672 -9
      vertex -30.2501 16.6285 -9
    endloop
  endfacet
  facet normal -0.29031 0.956933 0
    outer loop
      vertex -29.8117 16.7615 -9
      vertex -30.2501 16.6285 -2
      vertex -29.8117 16.7615 -2
    endloop
  endfacet
  facet normal -0.29031 0.956933 0
    outer loop
      vertex -30.2501 16.6285 -2
      vertex -29.8117 16.7615 -9
      vertex -30.2501 16.6285 -9
    endloop
  endfacet
  facet normal 0.160574 -0.688636 -0.707105
    outer loop
      vertex -26.1883 3.23852 -9
      vertex -26.6344 3.1345 -9
      vertex -26.4472 4.20497 -10
    endloop
  endfacet
  facet normal 0.069305 -0.703701 -0.707108
    outer loop
      vertex -27.0863 3.05989 -9
      vertex -27.5422 3.01499 -9
      vertex -27.2168 4.05188 -10
    endloop
  endfacet
  facet normal 0.160568 -0.688636 0.707106
    outer loop
      vertex -26.4472 4.20497 -1
      vertex -26.8295 4.11583 -1
      vertex -26.6344 3.1345 -2
    endloop
  endfacet
  facet normal 0.697738 0.115119 -0.707043
    outer loop
      vertex -22.1158 11.1705 -10
      vertex -21.8857 10.8887 -9.81881
      vertex -22.0519 10.7832 -10
    endloop
  endfacet
  facet normal 0.697714 0.11508 -0.707073
    outer loop
      vertex -21.8857 10.8887 -9.81881
      vertex -22.1158 11.1705 -10
      vertex -21.9022 11.213 -9.78231
    endloop
  endfacet
  facet normal 0.70377 -0.0692687 -0.707042
    outer loop
      vertex -21.8791 9.27106 -9.83334
      vertex -22.0134 9.60771 -10
      vertex -21.8691 9.59824 -9.85544
    endloop
  endfacet
  facet normal 0.703716 -0.0693148 -0.707092
    outer loop
      vertex -22.0134 9.60771 -10
      vertex -21.8791 9.27106 -9.83334
      vertex -22.0519 9.21684 -10
    endloop
  endfacet
  facet normal -0.0231409 -0.70673 -0.707105
    outer loop
      vertex -28 3 -9
      vertex -28.4578 3.01499 -9
      vertex -28 4.00053 -10
    endloop
  endfacet
  facet normal 0.688528 0.160928 -0.707129
    outer loop
      vertex -21.9229 11.5035 -9.73654
      vertex -22.205 11.5528 -10
      vertex -21.9317 11.626 -9.71723
    endloop
  endfacet
  facet normal 0.600647 0.373135 -0.707102
    outer loop
      vertex -22.8043 12.9997 -10
      vertex -22.162 13.4651 -9.20881
      vertex -22.1472 13.3791 -9.24162
    endloop
  endfacet
  facet normal 0.600489 0.37337 -0.707112
    outer loop
      vertex -22.162 13.4651 -9.20881
      vertex -22.8043 12.9997 -10
      vertex -23.0116 13.3331 -10
    endloop
  endfacet
  facet normal 0.291855 -0.644072 -0.707101
    outer loop
      vertex -25.3212 3.53284 -9
      vertex -25.3464 4.61928 -10
      vertex -24.904 3.72189 -9
    endloop
  endfacet
  facet normal -0.574767 -0.411849 -0.707123
    outer loop
      vertex -33.5535 5.73867 -9
      vertex -33.8203 6.11101 -9
      vertex -32.7597 6.34781 -10
    endloop
  endfacet
  facet normal -0.574733 -0.411926 -0.707106
    outer loop
      vertex -32.7597 6.34781 -10
      vertex -33.8203 6.11101 -9
      vertex -32.9884 6.6669 -10
    endloop
  endfacet
  facet normal -0.37339 -0.600474 0.707114
    outer loop
      vertex -31.3331 5.01163 -1
      vertex -31.889 4.17971 -2
      vertex -31.5 3.93782 -2
    endloop
  endfacet
  facet normal -0.644054 -0.291835 -0.707125
    outer loop
      vertex -33.3807 7.34644 -10
      vertex -34.4672 7.32122 -9
      vertex -33.5428 7.70418 -10
    endloop
  endfacet
  facet normal -0.644042 -0.291891 -0.707113
    outer loop
      vertex -34.2781 6.90398 -9
      vertex -34.4672 7.32122 -9
      vertex -33.3807 7.34644 -10
    endloop
  endfacet
  facet normal -0.44857 -0.546607 -0.707111
    outer loop
      vertex -32.2613 4.44653 -9
      vertex -32.6154 4.73712 -9
      vertex -31.9558 5.48946 -10
    endloop
  endfacet
  facet normal -0.483392 -0.516073 -0.707108
    outer loop
      vertex -32.6154 4.73712 -9
      vertex -32.9497 5.05025 -9
      vertex -31.9558 5.48946 -10
    endloop
  endfacet
  facet normal -0.703697 0.0693047 -0.707112
    outer loop
      vertex -33.9481 10.7832 -10
      vertex -34.985 10.4578 -9
      vertex -34.9401 10.9137 -9
    endloop
  endfacet
  facet normal -0.546587 0.448568 0.707128
    outer loop
      vertex -33.2629 14.6154 -2
      vertex -33.5535 14.2613 -2
      vertex -32.5105 13.9558 -1
    endloop
  endfacet
  facet normal -0.849198 0.528075 0
    outer loop
      vertex -34.0622 13.5 -9
      vertex -33.8203 13.889 -2
      vertex -33.8203 13.889 -9
    endloop
  endfacet
  facet normal -0.849198 0.528075 0
    outer loop
      vertex -33.8203 13.889 -2
      vertex -34.0622 13.5 -9
      vertex -34.0622 13.5 -2
    endloop
  endfacet
  facet normal -0.661792 0.249002 -0.707128
    outer loop
      vertex -33.5428 12.2958 -10
      vertex -34.6285 12.2501 -9
      vertex -34.4672 12.6788 -9
    endloop
  endfacet
  facet normal -0.661765 0.249175 -0.707091
    outer loop
      vertex -33.6811 11.9285 -10
      vertex -34.6285 12.2501 -9
      vertex -33.5428 12.2958 -10
    endloop
  endfacet
  facet normal -0.935943 0.352152 0
    outer loop
      vertex -34.6285 12.2501 -9
      vertex -34.4672 12.6788 -2
      vertex -34.4672 12.6788 -9
    endloop
  endfacet
  facet normal -0.935943 0.352152 0
    outer loop
      vertex -34.4672 12.6788 -2
      vertex -34.6285 12.2501 -9
      vertex -34.6285 12.2501 -2
    endloop
  endfacet
  facet normal -0.973885 -0.227043 0
    outer loop
      vertex -34.7615 8.18827 -9
      vertex -34.8655 8.63437 -2
      vertex -34.8655 8.63437 -9
    endloop
  endfacet
  facet normal -0.973885 -0.227043 0
    outer loop
      vertex -34.8655 8.63437 -2
      vertex -34.7615 8.18827 -9
      vertex -34.7615 8.18827 -2
    endloop
  endfacet
  facet normal -0.688624 -0.16054 0.707124
    outer loop
      vertex -33.795 8.4472 -1
      vertex -34.8655 8.63437 -2
      vertex -34.7615 8.18827 -2
    endloop
  endfacet
  facet normal -0.703697 0.0693076 0.707111
    outer loop
      vertex -33.9481 10.7832 -1
      vertex -34.985 10.4578 -2
      vertex -33.9866 10.3923 -1
    endloop
  endfacet
  facet normal -0.249106 -0.661773 0.707109
    outer loop
      vertex -29.9285 4.31894 -1
      vertex -30.2958 4.4572 -1
      vertex -30.2501 3.37149 -2
    endloop
  endfacet
  facet normal -0.995184 -0.0980208 0
    outer loop
      vertex -34.9401 9.08632 -9
      vertex -34.985 9.54218 -2
      vertex -34.985 9.54218 -9
    endloop
  endfacet
  facet normal -0.995184 -0.0980208 0
    outer loop
      vertex -34.985 9.54218 -2
      vertex -34.9401 9.08632 -9
      vertex -34.9401 9.08632 -2
    endloop
  endfacet
  facet normal 0 0 -1
    outer loop
      vertex -23.25 10 -10
      vertex -22.0005 10 -10
      vertex -22.0134 9.60771 -10
    endloop
  endfacet
  facet normal 0 0 -1
    outer loop
      vertex -23.2602 9.68934 -10
      vertex -22.0134 9.60771 -10
      vertex -22.0519 9.21684 -10
    endloop
  endfacet
  facet normal 0 0 -1
    outer loop
      vertex -22.0005 10 -10
      vertex -23.25 10 -10
      vertex -22.0134 10.3923 -10
    endloop
  endfacet
  facet normal 0 0 -1
    outer loop
      vertex -23.2906 9.38 -10
      vertex -22.0519 9.21684 -10
      vertex -22.1158 8.82953 -10
    endloop
  endfacet
  facet normal 0 0 -1
    outer loop
      vertex -23.2602 10.3107 -10
      vertex -22.0134 10.3923 -10
      vertex -23.25 10 -10
    endloop
  endfacet
  facet normal 0 0 -1
    outer loop
      vertex -23.3413 9.07332 -10
      vertex -22.1158 8.82953 -10
      vertex -22.205 8.4472 -10
    endloop
  endfacet
  facet normal -0 0 -1
    outer loop
      vertex -22.0134 10.3923 -10
      vertex -23.2602 10.3107 -10
      vertex -22.0519 10.7832 -10
    endloop
  endfacet
  facet normal 0 0 -1
    outer loop
      vertex -23.4119 8.77061 -10
      vertex -22.205 8.4472 -10
      vertex -22.3189 8.07153 -10
    endloop
  endfacet
  facet normal 0 0 -1
    outer loop
      vertex -23.2906 10.62 -10
      vertex -22.0519 10.7832 -10
      vertex -23.2602 10.3107 -10
    endloop
  endfacet
  facet normal 0 0 -1
    outer loop
      vertex -23.5021 8.47316 -10
      vertex -22.3189 8.07153 -10
      vertex -22.4572 7.70418 -10
    endloop
  endfacet
  facet normal -0 0 -1
    outer loop
      vertex -22.0519 10.7832 -10
      vertex -23.2906 10.62 -10
      vertex -22.1158 11.1705 -10
    endloop
  endfacet
  facet normal 0 0 -1
    outer loop
      vertex -23.6116 8.18225 -10
      vertex -22.4572 7.70418 -10
      vertex -22.6193 7.34644 -10
    endloop
  endfacet
  facet normal 0 0 -1
    outer loop
      vertex -23.3413 10.9267 -10
      vertex -22.1158 11.1705 -10
      vertex -23.2906 10.62 -10
    endloop
  endfacet
  facet normal 0 0 -1
    outer loop
      vertex -23.7399 7.89913 -10
      vertex -22.6193 7.34644 -10
      vertex -22.8043 7.00034 -10
    endloop
  endfacet
  facet normal -0 0 -1
    outer loop
      vertex -22.1158 11.1705 -10
      vertex -23.3413 10.9267 -10
      vertex -22.205 11.5528 -10
    endloop
  endfacet
  facet normal 0 0 -1
    outer loop
      vertex -23.8864 7.625 -10
      vertex -22.8043 7.00034 -10
      vertex -23.0116 6.6669 -10
    endloop
  endfacet
  facet normal 0 0 -1
    outer loop
      vertex -23.4119 11.2294 -10
      vertex -22.205 11.5528 -10
      vertex -23.3413 10.9267 -10
    endloop
  endfacet
  facet normal 0 0 -1
    outer loop
      vertex -24.0505 7.36104 -10
      vertex -23.0116 6.6669 -10
      vertex -23.2403 6.34781 -10
    endloop
  endfacet
  facet normal -0 0 -1
    outer loop
      vertex -22.205 11.5528 -10
      vertex -23.4119 11.2294 -10
      vertex -22.3189 11.9285 -10
    endloop
  endfacet
  facet normal 0 0 -1
    outer loop
      vertex -23.5021 11.5268 -10
      vertex -22.3189 11.9285 -10
      vertex -23.4119 11.2294 -10
    endloop
  endfacet
  facet normal 0 0 -1
    outer loop
      vertex -22.0134 9.60771 -10
      vertex -23.2602 9.68934 -10
      vertex -23.25 10 -10
    endloop
  endfacet
  facet normal 0 0 -1
    outer loop
      vertex -22.0519 9.21684 -10
      vertex -23.2906 9.38 -10
      vertex -23.2602 9.68934 -10
    endloop
  endfacet
  facet normal 0 0 -1
    outer loop
      vertex -22.1158 8.82953 -10
      vertex -23.3413 9.07332 -10
      vertex -23.2906 9.38 -10
    endloop
  endfacet
  facet normal 0 0 -1
    outer loop
      vertex -22.205 8.4472 -10
      vertex -23.4119 8.77061 -10
      vertex -23.3413 9.07332 -10
    endloop
  endfacet
  facet normal 0 0 -1
    outer loop
      vertex -24.2316 7.10838 -10
      vertex -23.2403 6.34781 -10
      vertex -23.4895 6.04417 -10
    endloop
  endfacet
  facet normal 0 0 -1
    outer loop
      vertex -22.3189 8.07153 -10
      vertex -23.5021 8.47316 -10
      vertex -23.4119 8.77061 -10
    endloop
  endfacet
  facet normal 0 0 -1
    outer loop
      vertex -22.4572 7.70418 -10
      vertex -23.6116 8.18225 -10
      vertex -23.5021 8.47316 -10
    endloop
  endfacet
  facet normal 0 0 -1
    outer loop
      vertex -22.6193 7.34644 -10
      vertex -23.7399 7.89913 -10
      vertex -23.6116 8.18225 -10
    endloop
  endfacet
  facet normal 0 0 -1
    outer loop
      vertex -24.4288 6.86811 -10
      vertex -23.4895 6.04417 -10
      vertex -23.7578 5.75775 -10
    endloop
  endfacet
  facet normal 0 0 -1
    outer loop
      vertex -22.8043 7.00034 -10
      vertex -23.8864 7.625 -10
      vertex -23.7399 7.89913 -10
    endloop
  endfacet
  facet normal 0 0 -1
    outer loop
      vertex -24.6412 6.64124 -10
      vertex -23.7578 5.75775 -10
      vertex -24.0442 5.48946 -10
    endloop
  endfacet
  facet normal 0 0 -1
    outer loop
      vertex -23.0116 6.6669 -10
      vertex -24.0505 7.36104 -10
      vertex -23.8864 7.625 -10
    endloop
  endfacet
  facet normal 0 0 -1
    outer loop
      vertex -23.2403 6.34781 -10
      vertex -24.2316 7.10838 -10
      vertex -24.0505 7.36104 -10
    endloop
  endfacet
  facet normal 0 0 -1
    outer loop
      vertex -24.8681 6.42876 -10
      vertex -24.0442 5.48946 -10
      vertex -24.3478 5.24028 -10
    endloop
  endfacet
  facet normal 0 0 -1
    outer loop
      vertex -23.4895 6.04417 -10
      vertex -24.4288 6.86811 -10
      vertex -24.2316 7.10838 -10
    endloop
  endfacet
  facet normal 0 0 -1
    outer loop
      vertex -23.7578 5.75775 -10
      vertex -24.6412 6.64124 -10
      vertex -24.4288 6.86811 -10
    endloop
  endfacet
  facet normal 0 0 -1
    outer loop
      vertex -25.1084 6.23157 -10
      vertex -24.3478 5.24028 -10
      vertex -24.6669 5.01163 -10
    endloop
  endfacet
  facet normal 0 0 -1
    outer loop
      vertex -24.0442 5.48946 -10
      vertex -24.8681 6.42876 -10
      vertex -24.6412 6.64124 -10
    endloop
  endfacet
  facet normal 0 0 -1
    outer loop
      vertex -25.361 6.05052 -10
      vertex -24.6669 5.01163 -10
      vertex -25.0003 4.80429 -10
    endloop
  endfacet
  facet normal 0 0 -1
    outer loop
      vertex -24.3478 5.24028 -10
      vertex -25.1084 6.23157 -10
      vertex -24.8681 6.42876 -10
    endloop
  endfacet
  facet normal 0 0 -1
    outer loop
      vertex -25.625 5.88638 -10
      vertex -25.0003 4.80429 -10
      vertex -25.3464 4.61928 -10
    endloop
  endfacet
  facet normal 0 0 -1
    outer loop
      vertex -24.6669 5.01163 -10
      vertex -25.361 6.05052 -10
      vertex -25.1084 6.23157 -10
    endloop
  endfacet
  facet normal 0 0 -1
    outer loop
      vertex -25.0003 4.80429 -10
      vertex -25.625 5.88638 -10
      vertex -25.361 6.05052 -10
    endloop
  endfacet
  facet normal 0 0 -1
    outer loop
      vertex -25.8991 5.73985 -10
      vertex -25.3464 4.61928 -10
      vertex -25.7042 4.4572 -10
    endloop
  endfacet
  facet normal 0 0 -1
    outer loop
      vertex -25.3464 4.61928 -10
      vertex -25.8991 5.73985 -10
      vertex -25.625 5.88638 -10
    endloop
  endfacet
  facet normal 0 0 -1
    outer loop
      vertex -26.1823 5.61157 -10
      vertex -25.7042 4.4572 -10
      vertex -26.0715 4.31894 -10
    endloop
  endfacet
  facet normal 0 0 -1
    outer loop
      vertex -25.7042 4.4572 -10
      vertex -26.1823 5.61157 -10
      vertex -25.8991 5.73985 -10
    endloop
  endfacet
  facet normal 0 0 -1
    outer loop
      vertex -26.4732 5.50208 -10
      vertex -26.0715 4.31894 -10
      vertex -26.4472 4.20497 -10
    endloop
  endfacet
  facet normal 0 0 -1
    outer loop
      vertex -26.0715 4.31894 -10
      vertex -26.4732 5.50208 -10
      vertex -26.1823 5.61157 -10
    endloop
  endfacet
  facet normal 0 0 -1
    outer loop
      vertex -26.4472 4.20497 -10
      vertex -26.7706 5.41185 -10
      vertex -26.4732 5.50208 -10
    endloop
  endfacet
  facet normal 0 0 -1
    outer loop
      vertex -26.8295 4.11583 -10
      vertex -26.7706 5.41185 -10
      vertex -26.4472 4.20497 -10
    endloop
  endfacet
  facet normal 0 0 -1
    outer loop
      vertex -26.8295 4.11583 -10
      vertex -27.0733 5.34127 -10
      vertex -26.7706 5.41185 -10
    endloop
  endfacet
  facet normal 0 0 -1
    outer loop
      vertex -27.2168 4.05188 -10
      vertex -27.0733 5.34127 -10
      vertex -26.8295 4.11583 -10
    endloop
  endfacet
  facet normal 0 0 -1
    outer loop
      vertex -27.2168 4.05188 -10
      vertex -27.38 5.29064 -10
      vertex -27.0733 5.34127 -10
    endloop
  endfacet
  facet normal 0 0 -1
    outer loop
      vertex -27.6077 4.0134 -10
      vertex -27.38 5.29064 -10
      vertex -27.2168 4.05188 -10
    endloop
  endfacet
  facet normal 0 0 -1
    outer loop
      vertex -27.6077 4.0134 -10
      vertex -27.6893 5.26017 -10
      vertex -27.38 5.29064 -10
    endloop
  endfacet
  facet normal 0 0 -1
    outer loop
      vertex -28 4.00053 -10
      vertex -27.6893 5.26017 -10
      vertex -27.6077 4.0134 -10
    endloop
  endfacet
  facet normal 0 0 -1
    outer loop
      vertex -28 4.00053 -10
      vertex -28 5.25 -10
      vertex -27.6893 5.26017 -10
    endloop
  endfacet
  facet normal 0 0 -1
    outer loop
      vertex -28 4.00053 -10
      vertex -28.3107 5.26017 -10
      vertex -28 5.25 -10
    endloop
  endfacet
  facet normal 0 0 -1
    outer loop
      vertex -28.3923 4.0134 -10
      vertex -28.3107 5.26017 -10
      vertex -28 4.00053 -10
    endloop
  endfacet
  facet normal 0 0 -1
    outer loop
      vertex -28.3923 4.0134 -10
      vertex -28.62 5.29064 -10
      vertex -28.3107 5.26017 -10
    endloop
  endfacet
  facet normal 0 0 -1
    outer loop
      vertex -28.7832 4.05188 -10
      vertex -28.62 5.29064 -10
      vertex -28.3923 4.0134 -10
    endloop
  endfacet
  facet normal 0 0 -1
    outer loop
      vertex -28.7832 4.05188 -10
      vertex -28.9267 5.34127 -10
      vertex -28.62 5.29064 -10
    endloop
  endfacet
  facet normal 0 0 -1
    outer loop
      vertex -29.1705 4.11583 -10
      vertex -28.9267 5.34127 -10
      vertex -28.7832 4.05188 -10
    endloop
  endfacet
  facet normal 0 0 -1
    outer loop
      vertex -29.1705 4.11583 -10
      vertex -29.2294 5.41185 -10
      vertex -28.9267 5.34127 -10
    endloop
  endfacet
  facet normal 0 0 -1
    outer loop
      vertex -29.5528 4.20497 -10
      vertex -29.2294 5.41185 -10
      vertex -29.1705 4.11583 -10
    endloop
  endfacet
  facet normal -0 0 -1
    outer loop
      vertex -29.2294 5.41185 -10
      vertex -29.5528 4.20497 -10
      vertex -29.5268 5.50208 -10
    endloop
  endfacet
  facet normal 0 0 -1
    outer loop
      vertex -29.9285 4.31894 -10
      vertex -29.5268 5.50208 -10
      vertex -29.5528 4.20497 -10
    endloop
  endfacet
  facet normal -0 0 -1
    outer loop
      vertex -29.5268 5.50208 -10
      vertex -29.9285 4.31894 -10
      vertex -29.8177 5.61157 -10
    endloop
  endfacet
  facet normal 0 0 -1
    outer loop
      vertex -30.2958 4.4572 -10
      vertex -29.8177 5.61157 -10
      vertex -29.9285 4.31894 -10
    endloop
  endfacet
  facet normal -0 0 -1
    outer loop
      vertex -29.8177 5.61157 -10
      vertex -30.2958 4.4572 -10
      vertex -30.1009 5.73985 -10
    endloop
  endfacet
  facet normal 0 0 -1
    outer loop
      vertex -30.6536 4.61928 -10
      vertex -30.1009 5.73985 -10
      vertex -30.2958 4.4572 -10
    endloop
  endfacet
  facet normal -0 0 -1
    outer loop
      vertex -30.1009 5.73985 -10
      vertex -30.6536 4.61928 -10
      vertex -30.375 5.88638 -10
    endloop
  endfacet
  facet normal 0 0 -1
    outer loop
      vertex -30.9997 4.80429 -10
      vertex -30.375 5.88638 -10
      vertex -30.6536 4.61928 -10
    endloop
  endfacet
  facet normal -0 0 -1
    outer loop
      vertex -30.375 5.88638 -10
      vertex -30.9997 4.80429 -10
      vertex -30.639 6.05052 -10
    endloop
  endfacet
  facet normal 0 0 -1
    outer loop
      vertex -31.3331 5.01163 -10
      vertex -30.639 6.05052 -10
      vertex -30.9997 4.80429 -10
    endloop
  endfacet
  facet normal -0 0 -1
    outer loop
      vertex -30.639 6.05052 -10
      vertex -31.3331 5.01163 -10
      vertex -30.8916 6.23157 -10
    endloop
  endfacet
  facet normal 0 0 -1
    outer loop
      vertex -31.6522 5.24028 -10
      vertex -30.8916 6.23157 -10
      vertex -31.3331 5.01163 -10
    endloop
  endfacet
  facet normal -0 0 -1
    outer loop
      vertex -30.8916 6.23157 -10
      vertex -31.6522 5.24028 -10
      vertex -31.1319 6.42876 -10
    endloop
  endfacet
  facet normal 0 0 -1
    outer loop
      vertex -31.9558 5.48946 -10
      vertex -31.1319 6.42876 -10
      vertex -31.6522 5.24028 -10
    endloop
  endfacet
  facet normal -0 0 -1
    outer loop
      vertex -31.1319 6.42876 -10
      vertex -31.9558 5.48946 -10
      vertex -31.3588 6.64124 -10
    endloop
  endfacet
  facet normal 0 0 -1
    outer loop
      vertex -32.2422 5.75775 -10
      vertex -31.3588 6.64124 -10
      vertex -31.9558 5.48946 -10
    endloop
  endfacet
  facet normal -0 0 -1
    outer loop
      vertex -31.3588 6.64124 -10
      vertex -32.2422 5.75775 -10
      vertex -31.5712 6.86811 -10
    endloop
  endfacet
  facet normal 0 0 -1
    outer loop
      vertex -32.5105 6.04417 -10
      vertex -31.5712 6.86811 -10
      vertex -32.2422 5.75775 -10
    endloop
  endfacet
  facet normal -0 0 -1
    outer loop
      vertex -31.5712 6.86811 -10
      vertex -32.5105 6.04417 -10
      vertex -31.7684 7.10838 -10
    endloop
  endfacet
  facet normal 0 0 -1
    outer loop
      vertex -32.7597 6.34781 -10
      vertex -31.7684 7.10838 -10
      vertex -32.5105 6.04417 -10
    endloop
  endfacet
  facet normal -0 0 -1
    outer loop
      vertex -31.7684 7.10838 -10
      vertex -32.7597 6.34781 -10
      vertex -31.9495 7.36104 -10
    endloop
  endfacet
  facet normal 0 0 -1
    outer loop
      vertex -32.9884 6.6669 -10
      vertex -31.9495 7.36104 -10
      vertex -32.7597 6.34781 -10
    endloop
  endfacet
  facet normal -0 0 -1
    outer loop
      vertex -31.9495 7.36104 -10
      vertex -32.9884 6.6669 -10
      vertex -32.1136 7.625 -10
    endloop
  endfacet
  facet normal 0 0 -1
    outer loop
      vertex -33.1957 7.00034 -10
      vertex -32.1136 7.625 -10
      vertex -32.9884 6.6669 -10
    endloop
  endfacet
  facet normal -0 0 -1
    outer loop
      vertex -32.1136 7.625 -10
      vertex -33.1957 7.00034 -10
      vertex -32.2601 7.89913 -10
    endloop
  endfacet
  facet normal 0 0 -1
    outer loop
      vertex -33.3807 7.34644 -10
      vertex -32.2601 7.89913 -10
      vertex -33.1957 7.00034 -10
    endloop
  endfacet
  facet normal -0 0 -1
    outer loop
      vertex -32.2601 7.89913 -10
      vertex -33.3807 7.34644 -10
      vertex -32.3884 8.18225 -10
    endloop
  endfacet
  facet normal 0 0 -1
    outer loop
      vertex -33.5428 7.70418 -10
      vertex -32.3884 8.18225 -10
      vertex -33.3807 7.34644 -10
    endloop
  endfacet
  facet normal 0 0 -1
    outer loop
      vertex -33.6811 8.07153 -10
      vertex -32.4979 8.47316 -10
      vertex -33.5428 7.70418 -10
    endloop
  endfacet
  facet normal -0 0 -1
    outer loop
      vertex -32.3884 8.18225 -10
      vertex -33.5428 7.70418 -10
      vertex -32.4979 8.47316 -10
    endloop
  endfacet
  facet normal -0 0 -1
    outer loop
      vertex -22.3189 11.9285 -10
      vertex -23.5021 11.5268 -10
      vertex -22.4572 12.2958 -10
    endloop
  endfacet
  facet normal 0 0 -1
    outer loop
      vertex -23.6116 11.8177 -10
      vertex -22.4572 12.2958 -10
      vertex -23.5021 11.5268 -10
    endloop
  endfacet
  facet normal -0 0 -1
    outer loop
      vertex -22.4572 12.2958 -10
      vertex -23.6116 11.8177 -10
      vertex -22.6193 12.6536 -10
    endloop
  endfacet
  facet normal 0 0 -1
    outer loop
      vertex -23.7399 12.1009 -10
      vertex -22.6193 12.6536 -10
      vertex -23.6116 11.8177 -10
    endloop
  endfacet
  facet normal -0 0 -1
    outer loop
      vertex -22.6193 12.6536 -10
      vertex -23.7399 12.1009 -10
      vertex -22.8043 12.9997 -10
    endloop
  endfacet
  facet normal 0 0 -1
    outer loop
      vertex -23.8864 12.375 -10
      vertex -22.8043 12.9997 -10
      vertex -23.7399 12.1009 -10
    endloop
  endfacet
  facet normal -0 0 -1
    outer loop
      vertex -22.8043 12.9997 -10
      vertex -23.8864 12.375 -10
      vertex -23.0116 13.3331 -10
    endloop
  endfacet
  facet normal 0 0 -1
    outer loop
      vertex -24.0505 12.639 -10
      vertex -23.0116 13.3331 -10
      vertex -23.8864 12.375 -10
    endloop
  endfacet
  facet normal -0 0 -1
    outer loop
      vertex -23.0116 13.3331 -10
      vertex -24.0505 12.639 -10
      vertex -23.2403 13.6522 -10
    endloop
  endfacet
  facet normal 0 0 -1
    outer loop
      vertex -24.2316 12.8916 -10
      vertex -23.2403 13.6522 -10
      vertex -24.0505 12.639 -10
    endloop
  endfacet
  facet normal -0 0 -1
    outer loop
      vertex -23.2403 13.6522 -10
      vertex -24.2316 12.8916 -10
      vertex -23.4895 13.9558 -10
    endloop
  endfacet
  facet normal 0 0 -1
    outer loop
      vertex -24.4288 13.1319 -10
      vertex -23.4895 13.9558 -10
      vertex -24.2316 12.8916 -10
    endloop
  endfacet
  facet normal -0 0 -1
    outer loop
      vertex -23.4895 13.9558 -10
      vertex -24.4288 13.1319 -10
      vertex -23.7578 14.2422 -10
    endloop
  endfacet
  facet normal 0 0 -1
    outer loop
      vertex -24.6412 13.3588 -10
      vertex -23.7578 14.2422 -10
      vertex -24.4288 13.1319 -10
    endloop
  endfacet
  facet normal -0 0 -1
    outer loop
      vertex -23.7578 14.2422 -10
      vertex -24.6412 13.3588 -10
      vertex -24.0442 14.5105 -10
    endloop
  endfacet
  facet normal 0 0 -1
    outer loop
      vertex -24.8681 13.5712 -10
      vertex -24.0442 14.5105 -10
      vertex -24.6412 13.3588 -10
    endloop
  endfacet
  facet normal -0 0 -1
    outer loop
      vertex -24.0442 14.5105 -10
      vertex -24.8681 13.5712 -10
      vertex -24.3478 14.7597 -10
    endloop
  endfacet
  facet normal 0 0 -1
    outer loop
      vertex -25.1084 13.7684 -10
      vertex -24.3478 14.7597 -10
      vertex -24.8681 13.5712 -10
    endloop
  endfacet
  facet normal -0 0 -1
    outer loop
      vertex -24.3478 14.7597 -10
      vertex -25.1084 13.7684 -10
      vertex -24.6669 14.9884 -10
    endloop
  endfacet
  facet normal 0 0 -1
    outer loop
      vertex -25.361 13.9495 -10
      vertex -24.6669 14.9884 -10
      vertex -25.1084 13.7684 -10
    endloop
  endfacet
  facet normal -0 0 -1
    outer loop
      vertex -24.6669 14.9884 -10
      vertex -25.361 13.9495 -10
      vertex -25.0003 15.1957 -10
    endloop
  endfacet
  facet normal 0 0 -1
    outer loop
      vertex -25.625 14.1136 -10
      vertex -25.0003 15.1957 -10
      vertex -25.361 13.9495 -10
    endloop
  endfacet
  facet normal -0 0 -1
    outer loop
      vertex -25.0003 15.1957 -10
      vertex -25.625 14.1136 -10
      vertex -25.3464 15.3807 -10
    endloop
  endfacet
  facet normal 0 0 -1
    outer loop
      vertex -25.8991 14.2601 -10
      vertex -25.3464 15.3807 -10
      vertex -25.625 14.1136 -10
    endloop
  endfacet
  facet normal -0 0 -1
    outer loop
      vertex -25.3464 15.3807 -10
      vertex -25.8991 14.2601 -10
      vertex -25.7042 15.5428 -10
    endloop
  endfacet
  facet normal 0 0 -1
    outer loop
      vertex -26.1823 14.3884 -10
      vertex -25.7042 15.5428 -10
      vertex -25.8991 14.2601 -10
    endloop
  endfacet
  facet normal -0 0 -1
    outer loop
      vertex -25.7042 15.5428 -10
      vertex -26.1823 14.3884 -10
      vertex -26.0715 15.6811 -10
    endloop
  endfacet
  facet normal 0 0 -1
    outer loop
      vertex -26.4732 14.4979 -10
      vertex -26.0715 15.6811 -10
      vertex -26.1823 14.3884 -10
    endloop
  endfacet
  facet normal -0 0 -1
    outer loop
      vertex -26.0715 15.6811 -10
      vertex -26.4732 14.4979 -10
      vertex -26.4472 15.795 -10
    endloop
  endfacet
  facet normal 0 0 -1
    outer loop
      vertex -26.7706 14.5881 -10
      vertex -26.4472 15.795 -10
      vertex -26.4732 14.4979 -10
    endloop
  endfacet
  facet normal 0 0 -1
    outer loop
      vertex -26.7706 14.5881 -10
      vertex -26.8295 15.8842 -10
      vertex -26.4472 15.795 -10
    endloop
  endfacet
  facet normal 0 0 -1
    outer loop
      vertex -27.0733 14.6587 -10
      vertex -26.8295 15.8842 -10
      vertex -26.7706 14.5881 -10
    endloop
  endfacet
  facet normal 0 0 -1
    outer loop
      vertex -27.0733 14.6587 -10
      vertex -27.2168 15.9481 -10
      vertex -26.8295 15.8842 -10
    endloop
  endfacet
  facet normal 0 0 -1
    outer loop
      vertex -27.38 14.7094 -10
      vertex -27.2168 15.9481 -10
      vertex -27.0733 14.6587 -10
    endloop
  endfacet
  facet normal 0 0 -1
    outer loop
      vertex -27.38 14.7094 -10
      vertex -27.6077 15.9866 -10
      vertex -27.2168 15.9481 -10
    endloop
  endfacet
  facet normal 0 0 -1
    outer loop
      vertex -27.6893 14.7398 -10
      vertex -27.6077 15.9866 -10
      vertex -27.38 14.7094 -10
    endloop
  endfacet
  facet normal 0 0 -1
    outer loop
      vertex -28 14.75 -10
      vertex -27.6077 15.9866 -10
      vertex -27.6893 14.7398 -10
    endloop
  endfacet
  facet normal 0 0 -1
    outer loop
      vertex -28 14.75 -10
      vertex -28 15.9995 -10
      vertex -27.6077 15.9866 -10
    endloop
  endfacet
  facet normal 0 0 -1
    outer loop
      vertex -28.3107 14.7398 -10
      vertex -28 15.9995 -10
      vertex -28 14.75 -10
    endloop
  endfacet
  facet normal 0 0 -1
    outer loop
      vertex -28.3107 14.7398 -10
      vertex -28.3923 15.9866 -10
      vertex -28 15.9995 -10
    endloop
  endfacet
  facet normal 0 0 -1
    outer loop
      vertex -28.62 14.7094 -10
      vertex -28.3923 15.9866 -10
      vertex -28.3107 14.7398 -10
    endloop
  endfacet
  facet normal 0 0 -1
    outer loop
      vertex -28.62 14.7094 -10
      vertex -28.7832 15.9481 -10
      vertex -28.3923 15.9866 -10
    endloop
  endfacet
  facet normal 0 0 -1
    outer loop
      vertex -28.9267 14.6587 -10
      vertex -28.7832 15.9481 -10
      vertex -28.62 14.7094 -10
    endloop
  endfacet
  facet normal 0 0 -1
    outer loop
      vertex -28.9267 14.6587 -10
      vertex -29.1705 15.8842 -10
      vertex -28.7832 15.9481 -10
    endloop
  endfacet
  facet normal 0 0 -1
    outer loop
      vertex -29.2294 14.5881 -10
      vertex -29.1705 15.8842 -10
      vertex -28.9267 14.6587 -10
    endloop
  endfacet
  facet normal 0 0 -1
    outer loop
      vertex -29.5528 15.795 -10
      vertex -29.2294 14.5881 -10
      vertex -29.5268 14.4979 -10
    endloop
  endfacet
  facet normal 0 0 -1
    outer loop
      vertex -29.2294 14.5881 -10
      vertex -29.5528 15.795 -10
      vertex -29.1705 15.8842 -10
    endloop
  endfacet
  facet normal 0 0 -1
    outer loop
      vertex -29.9285 15.6811 -10
      vertex -29.5268 14.4979 -10
      vertex -29.8177 14.3884 -10
    endloop
  endfacet
  facet normal 0 0 -1
    outer loop
      vertex -29.5268 14.4979 -10
      vertex -29.9285 15.6811 -10
      vertex -29.5528 15.795 -10
    endloop
  endfacet
  facet normal 0 0 -1
    outer loop
      vertex -30.2958 15.5428 -10
      vertex -29.8177 14.3884 -10
      vertex -30.1009 14.2601 -10
    endloop
  endfacet
  facet normal 0 0 -1
    outer loop
      vertex -29.8177 14.3884 -10
      vertex -30.2958 15.5428 -10
      vertex -29.9285 15.6811 -10
    endloop
  endfacet
  facet normal 0 0 -1
    outer loop
      vertex -30.6536 15.3807 -10
      vertex -30.1009 14.2601 -10
      vertex -30.375 14.1136 -10
    endloop
  endfacet
  facet normal 0 0 -1
    outer loop
      vertex -30.9997 15.1957 -10
      vertex -30.375 14.1136 -10
      vertex -30.639 13.9495 -10
    endloop
  endfacet
  facet normal 0 0 -1
    outer loop
      vertex -30.1009 14.2601 -10
      vertex -30.6536 15.3807 -10
      vertex -30.2958 15.5428 -10
    endloop
  endfacet
  facet normal 0 0 -1
    outer loop
      vertex -31.3331 14.9884 -10
      vertex -30.639 13.9495 -10
      vertex -30.8916 13.7684 -10
    endloop
  endfacet
  facet normal 0 0 -1
    outer loop
      vertex -30.375 14.1136 -10
      vertex -30.9997 15.1957 -10
      vertex -30.6536 15.3807 -10
    endloop
  endfacet
  facet normal 0 0 -1
    outer loop
      vertex -31.6522 14.7597 -10
      vertex -30.8916 13.7684 -10
      vertex -31.1319 13.5712 -10
    endloop
  endfacet
  facet normal 0 0 -1
    outer loop
      vertex -30.639 13.9495 -10
      vertex -31.3331 14.9884 -10
      vertex -30.9997 15.1957 -10
    endloop
  endfacet
  facet normal 0 0 -1
    outer loop
      vertex -31.9558 14.5105 -10
      vertex -31.1319 13.5712 -10
      vertex -31.3588 13.3588 -10
    endloop
  endfacet
  facet normal 0 0 -1
    outer loop
      vertex -32.2422 14.2422 -10
      vertex -31.3588 13.3588 -10
      vertex -31.5712 13.1319 -10
    endloop
  endfacet
  facet normal 0 0 -1
    outer loop
      vertex -30.8916 13.7684 -10
      vertex -31.6522 14.7597 -10
      vertex -31.3331 14.9884 -10
    endloop
  endfacet
  facet normal 0 0 -1
    outer loop
      vertex -32.5105 13.9558 -10
      vertex -31.5712 13.1319 -10
      vertex -31.7684 12.8916 -10
    endloop
  endfacet
  facet normal 0 0 -1
    outer loop
      vertex -32.7597 13.6522 -10
      vertex -31.7684 12.8916 -10
      vertex -31.9495 12.639 -10
    endloop
  endfacet
  facet normal 0 0 -1
    outer loop
      vertex -31.1319 13.5712 -10
      vertex -31.9558 14.5105 -10
      vertex -31.6522 14.7597 -10
    endloop
  endfacet
  facet normal 0 0 -1
    outer loop
      vertex -32.9884 13.3331 -10
      vertex -31.9495 12.639 -10
      vertex -32.1136 12.375 -10
    endloop
  endfacet
  facet normal 0 0 -1
    outer loop
      vertex -31.3588 13.3588 -10
      vertex -32.2422 14.2422 -10
      vertex -31.9558 14.5105 -10
    endloop
  endfacet
  facet normal 0 0 -1
    outer loop
      vertex -33.1957 12.9997 -10
      vertex -32.1136 12.375 -10
      vertex -32.2601 12.1009 -10
    endloop
  endfacet
  facet normal 0 0 -1
    outer loop
      vertex -33.3807 12.6536 -10
      vertex -32.2601 12.1009 -10
      vertex -32.3884 11.8177 -10
    endloop
  endfacet
  facet normal 0 0 -1
    outer loop
      vertex -33.5428 12.2958 -10
      vertex -32.3884 11.8177 -10
      vertex -32.4979 11.5268 -10
    endloop
  endfacet
  facet normal 0 0 -1
    outer loop
      vertex -31.5712 13.1319 -10
      vertex -32.5105 13.9558 -10
      vertex -32.2422 14.2422 -10
    endloop
  endfacet
  facet normal 0 0 -1
    outer loop
      vertex -33.6811 11.9285 -10
      vertex -32.4979 11.5268 -10
      vertex -32.5881 11.2294 -10
    endloop
  endfacet
  facet normal 0 0 -1
    outer loop
      vertex -33.795 11.5528 -10
      vertex -32.5881 11.2294 -10
      vertex -32.6587 10.9267 -10
    endloop
  endfacet
  facet normal 0 0 -1
    outer loop
      vertex -33.8842 11.1705 -10
      vertex -32.6587 10.9267 -10
      vertex -32.7094 10.62 -10
    endloop
  endfacet
  facet normal 0 0 -1
    outer loop
      vertex -33.9481 10.7832 -10
      vertex -32.7094 10.62 -10
      vertex -32.7398 10.3107 -10
    endloop
  endfacet
  facet normal 0 0 -1
    outer loop
      vertex -31.7684 12.8916 -10
      vertex -32.7597 13.6522 -10
      vertex -32.5105 13.9558 -10
    endloop
  endfacet
  facet normal 0 0 -1
    outer loop
      vertex -33.9866 10.3923 -10
      vertex -32.7398 10.3107 -10
      vertex -32.75 10 -10
    endloop
  endfacet
  facet normal -0 0 -1
    outer loop
      vertex -32.4979 8.47316 -10
      vertex -33.6811 8.07153 -10
      vertex -32.5881 8.77061 -10
    endloop
  endfacet
  facet normal 0 0 -1
    outer loop
      vertex -33.795 8.4472 -10
      vertex -32.5881 8.77061 -10
      vertex -33.6811 8.07153 -10
    endloop
  endfacet
  facet normal 0 0 -1
    outer loop
      vertex -31.9495 12.639 -10
      vertex -32.9884 13.3331 -10
      vertex -32.7597 13.6522 -10
    endloop
  endfacet
  facet normal -0 0 -1
    outer loop
      vertex -32.5881 8.77061 -10
      vertex -33.795 8.4472 -10
      vertex -32.6587 9.07332 -10
    endloop
  endfacet
  facet normal 0 0 -1
    outer loop
      vertex -32.1136 12.375 -10
      vertex -33.1957 12.9997 -10
      vertex -32.9884 13.3331 -10
    endloop
  endfacet
  facet normal 0 0 -1
    outer loop
      vertex -33.8842 8.82953 -10
      vertex -32.6587 9.07332 -10
      vertex -33.795 8.4472 -10
    endloop
  endfacet
  facet normal 0 0 -1
    outer loop
      vertex -32.2601 12.1009 -10
      vertex -33.3807 12.6536 -10
      vertex -33.1957 12.9997 -10
    endloop
  endfacet
  facet normal -0 0 -1
    outer loop
      vertex -32.6587 9.07332 -10
      vertex -33.8842 8.82953 -10
      vertex -32.7094 9.38 -10
    endloop
  endfacet
  facet normal 0 0 -1
    outer loop
      vertex -32.3884 11.8177 -10
      vertex -33.5428 12.2958 -10
      vertex -33.3807 12.6536 -10
    endloop
  endfacet
  facet normal 0 0 -1
    outer loop
      vertex -33.9481 9.21684 -10
      vertex -32.7094 9.38 -10
      vertex -33.8842 8.82953 -10
    endloop
  endfacet
  facet normal 0 0 -1
    outer loop
      vertex -32.4979 11.5268 -10
      vertex -33.6811 11.9285 -10
      vertex -33.5428 12.2958 -10
    endloop
  endfacet
  facet normal -0 0 -1
    outer loop
      vertex -32.7094 9.38 -10
      vertex -33.9481 9.21684 -10
      vertex -32.7398 9.68934 -10
    endloop
  endfacet
  facet normal 0 0 -1
    outer loop
      vertex -32.5881 11.2294 -10
      vertex -33.795 11.5528 -10
      vertex -33.6811 11.9285 -10
    endloop
  endfacet
  facet normal 0 0 -1
    outer loop
      vertex -33.9866 9.60771 -10
      vertex -32.7398 9.68934 -10
      vertex -33.9481 9.21684 -10
    endloop
  endfacet
  facet normal 0 0 -1
    outer loop
      vertex -32.6587 10.9267 -10
      vertex -33.8842 11.1705 -10
      vertex -33.795 11.5528 -10
    endloop
  endfacet
  facet normal -0 0 -1
    outer loop
      vertex -32.7398 9.68934 -10
      vertex -33.9866 9.60771 -10
      vertex -32.75 10 -10
    endloop
  endfacet
  facet normal 0 0 -1
    outer loop
      vertex -32.7094 10.62 -10
      vertex -33.9481 10.7832 -10
      vertex -33.8842 11.1705 -10
    endloop
  endfacet
  facet normal 0 0 -1
    outer loop
      vertex -33.9995 10 -10
      vertex -32.75 10 -10
      vertex -33.9866 9.60771 -10
    endloop
  endfacet
  facet normal 0 0 -1
    outer loop
      vertex -32.7398 10.3107 -10
      vertex -33.9866 10.3923 -10
      vertex -33.9481 10.7832 -10
    endloop
  endfacet
  facet normal 0 0 -1
    outer loop
      vertex -32.75 10 -10
      vertex -33.9995 10 -10
      vertex -33.9866 10.3923 -10
    endloop
  endfacet
  facet normal -0.973885 0.227043 0
    outer loop
      vertex -34.8655 11.3656 -9
      vertex -34.7615 11.8117 -2
      vertex -34.7615 11.8117 -9
    endloop
  endfacet
  facet normal -0.973885 0.227043 0
    outer loop
      vertex -34.7615 11.8117 -2
      vertex -34.8655 11.3656 -9
      vertex -34.8655 11.3656 -2
    endloop
  endfacet
  facet normal -0.986646 0.162876 0
    outer loop
      vertex -34.9401 10.9137 -9
      vertex -34.8655 11.3656 -2
      vertex -34.8655 11.3656 -9
    endloop
  endfacet
  facet normal -0.986646 0.162876 0
    outer loop
      vertex -34.8655 11.3656 -2
      vertex -34.9401 10.9137 -9
      vertex -34.9401 10.9137 -2
    endloop
  endfacet
  facet normal -0.676632 -0.205297 -0.707122
    outer loop
      vertex -34.6285 7.74992 -9
      vertex -34.7615 8.18827 -9
      vertex -33.795 8.4472 -10
    endloop
  endfacet
  facet normal 0.333317 -0.623629 -0.707098
    outer loop
      vertex -24.904 3.72189 -9
      vertex -25.3464 4.61928 -10
      vertex -24.5 3.93782 -9
    endloop
  endfacet
  facet normal -0.160568 -0.688636 0.707106
    outer loop
      vertex -29.1705 4.11583 -1
      vertex -29.5528 4.20497 -1
      vertex -29.3656 3.1345 -2
    endloop
  endfacet
  facet normal -0.574767 -0.411849 0.707123
    outer loop
      vertex -32.7597 6.34781 -1
      vertex -33.8203 6.11101 -2
      vertex -33.5535 5.73867 -2
    endloop
  endfacet
  facet normal 0.572964 -0.411887 -0.708563
    outer loop
      vertex -22.2593 6 -9
      vertex -22.2261 6.12136 -9.0437
      vertex -22.2425 6.02337 -9
    endloop
  endfacet
  facet normal 0.574826 -0.411769 -0.707122
    outer loop
      vertex -23.2403 6.34781 -10
      vertex -22.2593 6 -9
      vertex -22.4465 5.73867 -9
    endloop
  endfacet
  facet normal 0.574779 -0.411859 -0.707107
    outer loop
      vertex -22.2593 6 -9
      vertex -23.2403 6.34781 -10
      vertex -22.2261 6.12136 -9.0437
    endloop
  endfacet
  facet normal 0.676681 0.205138 -0.707122
    outer loop
      vertex -21.9317 11.626 -9.71723
      vertex -22.205 11.5528 -10
      vertex -21.9449 11.7703 -9.688
    endloop
  endfacet
  facet normal 0.644177 -0.291627 -0.7071
    outer loop
      vertex -22.0436 7.33307 -9.47015
      vertex -22.4572 7.70418 -10
      vertex -22.0186 7.52245 -9.52548
    endloop
  endfacet
  facet normal 0.644043 -0.29183 -0.707138
    outer loop
      vertex -22.4572 7.70418 -10
      vertex -22.0436 7.33307 -9.47015
      vertex -22.6193 7.34644 -10
    endloop
  endfacet
  facet normal -0.448624 0.546558 -0.707115
    outer loop
      vertex -31.9558 14.5105 -10
      vertex -32.2613 15.5535 -9
      vertex -31.6522 14.7597 -10
    endloop
  endfacet
  facet normal 0.373425 -0.600462 -0.707107
    outer loop
      vertex -24.5 3.93782 -9
      vertex -25.0003 4.80429 -10
      vertex -24.6669 5.01163 -10
    endloop
  endfacet
  facet normal 0.644068 0.291801 -0.707127
    outer loop
      vertex -22.0436 12.6669 -9.47015
      vertex -22.6193 12.6536 -10
      vertex -22.0772 12.9208 -9.39598
    endloop
  endfacet
  facet normal -0.676702 -0.20517 -0.707092
    outer loop
      vertex -33.6811 8.07153 -10
      vertex -34.6285 7.74992 -9
      vertex -33.795 8.4472 -10
    endloop
  endfacet
  facet normal 0.205266 -0.676655 -0.70711
    outer loop
      vertex -25.7499 3.37149 -9
      vertex -26.4472 4.20497 -10
      vertex -26.0715 4.31894 -10
    endloop
  endfacet
  facet normal 0.205239 -0.676669 0.707104
    outer loop
      vertex -25.7499 3.37149 -2
      vertex -26.4472 4.20497 -1
      vertex -26.1883 3.23852 -2
    endloop
  endfacet
  facet normal 0.205239 -0.676669 -0.707104
    outer loop
      vertex -26.1883 3.23852 -9
      vertex -26.4472 4.20497 -10
      vertex -25.7499 3.37149 -9
    endloop
  endfacet
  facet normal 0.573751 -0.414205 -0.706572
    outer loop
      vertex -23.2403 6.34781 -10
      vertex -22.2229 6.1399 -9.05197
      vertex -22.2261 6.12136 -9.0437
    endloop
  endfacet
  facet normal 0.574725 -0.41192 -0.707116
    outer loop
      vertex -22.2229 6.1399 -9.05197
      vertex -23.2403 6.34781 -10
      vertex -23.0116 6.6669 -10
    endloop
  endfacet
  facet normal -0.688624 -0.16054 -0.707124
    outer loop
      vertex -34.7615 8.18827 -9
      vertex -34.8655 8.63437 -9
      vertex -33.795 8.4472 -10
    endloop
  endfacet
  facet normal -0.688622 -0.16066 -0.707099
    outer loop
      vertex -33.795 8.4472 -10
      vertex -34.8655 8.63437 -9
      vertex -33.8842 8.82953 -10
    endloop
  endfacet
  facet normal -0.411853 -0.574774 0.707115
    outer loop
      vertex -31.6522 5.24028 -1
      vertex -31.889 4.17971 -2
      vertex -31.3331 5.01163 -1
    endloop
  endfacet
  facet normal 0.205277 0.676641 -0.70712
    outer loop
      vertex -25.7499 16.6285 -9
      vertex -26.4472 15.795 -10
      vertex -26.1883 16.7615 -9
    endloop
  endfacet
  facet normal 0.661723 0.249292 -0.70709
    outer loop
      vertex -21.996 12.2764 -9.57523
      vertex -22.4572 12.2958 -10
      vertex -22.0186 12.4775 -9.52548
    endloop
  endfacet
  facet normal -0.0231409 -0.70673 0.707105
    outer loop
      vertex -28 4.00053 -1
      vertex -28.4578 3.01499 -2
      vertex -28 3 -2
    endloop
  endfacet
  facet normal -0.644042 -0.291891 0.707113
    outer loop
      vertex -33.3807 7.34644 -1
      vertex -34.4672 7.32122 -2
      vertex -34.2781 6.90398 -2
    endloop
  endfacet
  facet normal -0.546579 -0.448582 0.707124
    outer loop
      vertex -32.7597 6.34781 -1
      vertex -33.5535 5.73867 -2
      vertex -32.5105 6.04417 -1
    endloop
  endfacet
  facet normal -0.546582 -0.448577 -0.707125
    outer loop
      vertex -33.2629 5.38458 -9
      vertex -33.5535 5.73867 -9
      vertex -32.5105 6.04417 -10
    endloop
  endfacet
  facet normal -0.546558 0.448624 0.707115
    outer loop
      vertex -32.5105 13.9558 -1
      vertex -33.5535 14.2613 -2
      vertex -32.7597 13.6522 -1
    endloop
  endfacet
  facet normal 0.411853 -0.574774 0.707115
    outer loop
      vertex -24.3478 5.24028 -1
      vertex -24.6669 5.01163 -1
      vertex -24.111 4.17971 -2
    endloop
  endfacet
  facet normal 0.291767 -0.644092 0.707119
    outer loop
      vertex -25.3464 4.61928 -1
      vertex -25.7042 4.4572 -1
      vertex -25.3212 3.53284 -2
    endloop
  endfacet
  facet normal 0.291855 -0.644072 0.707101
    outer loop
      vertex -24.904 3.72189 -2
      vertex -25.3464 4.61928 -1
      vertex -25.3212 3.53284 -2
    endloop
  endfacet
  facet normal -0.352248 -0.935907 0
    outer loop
      vertex -30.6788 3.53284 -9
      vertex -30.2501 3.37149 -2
      vertex -30.6788 3.53284 -2
    endloop
  endfacet
  facet normal -0.352248 -0.935907 -0
    outer loop
      vertex -30.2501 3.37149 -2
      vertex -30.6788 3.53284 -9
      vertex -30.2501 3.37149 -9
    endloop
  endfacet
  facet normal -0.227085 -0.973875 0
    outer loop
      vertex -29.8117 3.23852 -9
      vertex -29.3656 3.1345 -2
      vertex -29.8117 3.23852 -2
    endloop
  endfacet
  facet normal -0.227085 -0.973875 -0
    outer loop
      vertex -29.3656 3.1345 -2
      vertex -29.8117 3.23852 -9
      vertex -29.3656 3.1345 -9
    endloop
  endfacet
  facet normal -0.115196 -0.697659 0.707108
    outer loop
      vertex -29.1705 4.11583 -1
      vertex -29.3656 3.1345 -2
      vertex -28.7832 4.05188 -1
    endloop
  endfacet
  facet normal -0.661792 0.249002 0.707128
    outer loop
      vertex -34.4672 12.6788 -2
      vertex -34.6285 12.2501 -2
      vertex -33.5428 12.2958 -1
    endloop
  endfacet
  facet normal -0.411916 0.574737 0.707108
    outer loop
      vertex -31.3331 14.9884 -1
      vertex -31.889 15.8203 -2
      vertex -31.6522 14.7597 -1
    endloop
  endfacet
  facet normal -0.644067 0.291792 0.707132
    outer loop
      vertex -33.3807 12.6536 -1
      vertex -34.4672 12.6788 -2
      vertex -33.5428 12.2958 -1
    endloop
  endfacet
  facet normal -0.373404 0.600472 0.707108
    outer loop
      vertex -31.5 16.0622 -2
      vertex -31.889 15.8203 -2
      vertex -31.3331 14.9884 -1
    endloop
  endfacet
  facet normal 0.528059 -0.849208 0
    outer loop
      vertex -24.5 3.93782 -9
      vertex -24.111 4.17971 -2
      vertex -24.5 3.93782 -2
    endloop
  endfacet
  facet normal 0.528059 -0.849208 0
    outer loop
      vertex -24.111 4.17971 -2
      vertex -24.5 3.93782 -9
      vertex -24.111 4.17971 -9
    endloop
  endfacet
  facet normal -0.162876 0.986646 0
    outer loop
      vertex -28.9137 16.9401 -9
      vertex -29.3656 16.8655 -2
      vertex -28.9137 16.9401 -2
    endloop
  endfacet
  facet normal -0.162876 0.986646 0
    outer loop
      vertex -29.3656 16.8655 -2
      vertex -28.9137 16.9401 -9
      vertex -29.3656 16.8655 -9
    endloop
  endfacet
  facet normal 0.706925 0.0226622 -0.706925
    outer loop
      vertex -21.865 10 -9.8645
      vertex -22.0005 10 -10
      vertex -21.8656 10.0627 -9.86309
    endloop
  endfacet
  facet normal -0.0692716 -0.703697 -0.707115
    outer loop
      vertex -28.4578 3.01499 -9
      vertex -28.7832 4.05188 -10
      vertex -28.3923 4.0134 -10
    endloop
  endfacet
  facet normal -0.333332 0.6236 0.707116
    outer loop
      vertex -30.6536 15.3807 -1
      vertex -31.5 16.0622 -2
      vertex -30.9997 15.1957 -1
    endloop
  endfacet
  facet normal 0.0231409 -0.70673 0.707105
    outer loop
      vertex -28 4.00053 -1
      vertex -28 3 -2
      vertex -27.5422 3.01499 -2
    endloop
  endfacet
  facet normal -0.63439 0.773013 0
    outer loop
      vertex -32.2613 15.5535 -9
      vertex -32.6154 15.2629 -2
      vertex -32.2613 15.5535 -2
    endloop
  endfacet
  facet normal -0.63439 0.773013 0
    outer loop
      vertex -32.6154 15.2629 -2
      vertex -32.2613 15.5535 -9
      vertex -32.6154 15.2629 -9
    endloop
  endfacet
  facet normal -0.352152 0.935943 0
    outer loop
      vertex -30.2501 16.6285 -9
      vertex -30.6788 16.4672 -2
      vertex -30.2501 16.6285 -2
    endloop
  endfacet
  facet normal -0.352152 0.935943 0
    outer loop
      vertex -30.6788 16.4672 -2
      vertex -30.2501 16.6285 -9
      vertex -30.6788 16.4672 -9
    endloop
  endfacet
  facet normal -0.697661 0.11517 -0.70711
    outer loop
      vertex -33.9481 10.7832 -10
      vertex -34.9401 10.9137 -9
      vertex -34.8655 11.3656 -9
    endloop
  endfacet
  facet normal -0.703697 0.0693076 -0.707111
    outer loop
      vertex -33.9866 10.3923 -10
      vertex -34.985 10.4578 -9
      vertex -33.9481 10.7832 -10
    endloop
  endfacet
  facet normal -0.0231566 0.70674 -0.707094
    outer loop
      vertex -28 15.9995 -10
      vertex -28.4578 16.985 -9
      vertex -28 17 -9
    endloop
  endfacet
  facet normal -0.0327478 0.999464 0
    outer loop
      vertex -28 17 -9
      vertex -28.4578 16.985 -2
      vertex -28 17 -2
    endloop
  endfacet
  facet normal -0.0327478 0.999464 0
    outer loop
      vertex -28.4578 16.985 -2
      vertex -28 17 -9
      vertex -28.4578 16.985 -9
    endloop
  endfacet
  facet normal 0.0693076 0.703697 -0.707111
    outer loop
      vertex -27.2168 15.9481 -10
      vertex -27.6077 15.9866 -10
      vertex -27.5422 16.985 -9
    endloop
  endfacet
  facet normal -0.160568 -0.688636 -0.707106
    outer loop
      vertex -29.3656 3.1345 -9
      vertex -29.5528 4.20497 -10
      vertex -29.1705 4.11583 -10
    endloop
  endfacet
  facet normal 0.291792 0.644067 -0.707132
    outer loop
      vertex -25.3464 15.3807 -10
      vertex -25.7042 15.5428 -10
      vertex -25.3212 16.4672 -9
    endloop
  endfacet
  facet normal 0.29031 0.956933 -0
    outer loop
      vertex -25.7499 16.6285 -9
      vertex -26.1883 16.7615 -2
      vertex -25.7499 16.6285 -2
    endloop
  endfacet
  facet normal 0.29031 0.956933 0
    outer loop
      vertex -26.1883 16.7615 -2
      vertex -25.7499 16.6285 -9
      vertex -26.1883 16.7615 -9
    endloop
  endfacet
  facet normal 0.516009 0.48344 -0.707122
    outer loop
      vertex -22.7371 14.6154 -9
      vertex -23.4895 13.9558 -10
      vertex -23.0503 14.9497 -9
    endloop
  endfacet
  facet normal 0.373404 0.600472 -0.707108
    outer loop
      vertex -24.111 15.8203 -9
      vertex -24.6669 14.9884 -10
      vertex -24.5 16.0622 -9
    endloop
  endfacet
  facet normal 0.471325 0.88196 -0
    outer loop
      vertex -24.5 16.0622 -9
      vertex -24.904 16.2781 -2
      vertex -24.5 16.0622 -2
    endloop
  endfacet
  facet normal 0.471325 0.88196 0
    outer loop
      vertex -24.904 16.2781 -2
      vertex -24.5 16.0622 -9
      vertex -24.904 16.2781 -9
    endloop
  endfacet
  facet normal 0.249106 -0.661773 -0.707109
    outer loop
      vertex -25.7499 3.37149 -9
      vertex -26.0715 4.31894 -10
      vertex -25.7042 4.4572 -10
    endloop
  endfacet
  facet normal 0.249074 -0.661778 -0.707116
    outer loop
      vertex -25.3212 3.53284 -9
      vertex -25.7499 3.37149 -9
      vertex -25.7042 4.4572 -10
    endloop
  endfacet
  facet normal 0.227085 -0.973875 0
    outer loop
      vertex -26.6344 3.1345 -9
      vertex -26.1883 3.23852 -2
      vertex -26.6344 3.1345 -2
    endloop
  endfacet
  facet normal 0.227085 -0.973875 0
    outer loop
      vertex -26.1883 3.23852 -2
      vertex -26.6344 3.1345 -9
      vertex -26.1883 3.23852 -9
    endloop
  endfacet
  facet normal 0.37339 -0.600474 0.707114
    outer loop
      vertex -24.111 4.17971 -2
      vertex -24.6669 5.01163 -1
      vertex -24.5 3.93782 -2
    endloop
  endfacet
  facet normal 0.0980123 -0.995185 0
    outer loop
      vertex -27.5422 3.01499 -9
      vertex -27.0863 3.05989 -2
      vertex -27.5422 3.01499 -2
    endloop
  endfacet
  facet normal 0.0980123 -0.995185 0
    outer loop
      vertex -27.0863 3.05989 -2
      vertex -27.5422 3.01499 -9
      vertex -27.0863 3.05989 -9
    endloop
  endfacet
  facet normal 0.676681 -0.205111 -0.70713
    outer loop
      vertex -21.9449 8.22966 -9.688
      vertex -22.205 8.4472 -10
      vertex -21.9317 8.37398 -9.71723
    endloop
  endfacet
  facet normal 0.546579 -0.448582 -0.707124
    outer loop
      vertex -22.4465 5.73867 -9
      vertex -23.4895 6.04417 -10
      vertex -23.2403 6.34781 -10
    endloop
  endfacet
  facet normal -0.205266 -0.676655 -0.70711
    outer loop
      vertex -29.5528 4.20497 -10
      vertex -30.2501 3.37149 -9
      vertex -29.9285 4.31894 -10
    endloop
  endfacet
  facet normal -0.600499 -0.373331 -0.707125
    outer loop
      vertex -32.9884 6.6669 -10
      vertex -34.0622 6.5 -9
      vertex -33.1957 7.00034 -10
    endloop
  endfacet
  facet normal -0.623595 -0.333329 -0.707122
    outer loop
      vertex -33.1957 7.00034 -10
      vertex -34.0622 6.5 -9
      vertex -33.3807 7.34644 -10
    endloop
  endfacet
  facet normal -0.582526 -0.812812 0
    outer loop
      vertex -32.2613 4.44653 -9
      vertex -31.889 4.17971 -2
      vertex -32.2613 4.44653 -2
    endloop
  endfacet
  facet normal -0.582526 -0.812812 -0
    outer loop
      vertex -31.889 4.17971 -2
      vertex -32.2613 4.44653 -9
      vertex -31.889 4.17971 -9
    endloop
  endfacet
  facet normal -0.483392 -0.516073 0.707108
    outer loop
      vertex -31.9558 5.48946 -1
      vertex -32.9497 5.05025 -2
      vertex -32.6154 4.73712 -2
    endloop
  endfacet
  facet normal -0.483412 -0.516043 -0.707115
    outer loop
      vertex -31.9558 5.48946 -10
      vertex -32.9497 5.05025 -9
      vertex -32.2422 5.75775 -10
    endloop
  endfacet
  facet normal -0.70672 -0.0232397 0.707112
    outer loop
      vertex -33.9995 10 -1
      vertex -34.985 9.54218 -2
      vertex -33.9866 9.60771 -1
    endloop
  endfacet
  facet normal -0.703696 -0.0693106 0.707113
    outer loop
      vertex -33.9481 9.21684 -1
      vertex -34.985 9.54218 -2
      vertex -34.9401 9.08632 -2
    endloop
  endfacet
  facet normal -0.910807 0.412832 0
    outer loop
      vertex -34.4672 12.6788 -9
      vertex -34.2781 13.096 -2
      vertex -34.2781 13.096 -9
    endloop
  endfacet
  facet normal -0.910807 0.412832 0
    outer loop
      vertex -34.2781 13.096 -2
      vertex -34.4672 12.6788 -9
      vertex -34.4672 12.6788 -2
    endloop
  endfacet
  facet normal -0.623645 0.333279 -0.707101
    outer loop
      vertex -33.3807 12.6536 -10
      vertex -34.2781 13.096 -9
      vertex -34.0622 13.5 -9
    endloop
  endfacet
  facet normal 0.205266 -0.676655 0.70711
    outer loop
      vertex -26.0715 4.31894 -1
      vertex -26.4472 4.20497 -1
      vertex -25.7499 3.37149 -2
    endloop
  endfacet
  facet normal -0.644039 0.291917 0.707105
    outer loop
      vertex -34.2781 13.096 -2
      vertex -34.4672 12.6788 -2
      vertex -33.3807 12.6536 -1
    endloop
  endfacet
  facet normal -0.623645 0.333279 0.707101
    outer loop
      vertex -34.0622 13.5 -2
      vertex -34.2781 13.096 -2
      vertex -33.3807 12.6536 -1
    endloop
  endfacet
  facet normal -0.676632 -0.205297 0.707122
    outer loop
      vertex -33.795 8.4472 -1
      vertex -34.7615 8.18827 -2
      vertex -34.6285 7.74992 -2
    endloop
  endfacet
  facet normal -0.676702 -0.20517 0.707092
    outer loop
      vertex -33.795 8.4472 -1
      vertex -34.6285 7.74992 -2
      vertex -33.6811 8.07153 -1
    endloop
  endfacet
  facet normal -0.661765 0.249175 0.707091
    outer loop
      vertex -33.5428 12.2958 -1
      vertex -34.6285 12.2501 -2
      vertex -33.6811 11.9285 -1
    endloop
  endfacet
  facet normal -0.70672 0.0232391 -0.707111
    outer loop
      vertex -33.9995 10 -10
      vertex -34.985 10.4578 -9
      vertex -33.9866 10.3923 -10
    endloop
  endfacet
  facet normal -0.70674 0.0231566 -0.707094
    outer loop
      vertex -33.9995 10 -10
      vertex -35 10 -9
      vertex -34.985 10.4578 -9
    endloop
  endfacet
  facet normal -0.995185 0.0980123 0
    outer loop
      vertex -34.985 10.4578 -9
      vertex -34.9401 10.9137 -2
      vertex -34.9401 10.9137 -9
    endloop
  endfacet
  facet normal -0.995185 0.0980123 0
    outer loop
      vertex -34.9401 10.9137 -2
      vertex -34.985 10.4578 -9
      vertex -34.985 10.4578 -2
    endloop
  endfacet
  facet normal -0.999464 0.0327478 0
    outer loop
      vertex -35 10 -9
      vertex -34.985 10.4578 -2
      vertex -34.985 10.4578 -9
    endloop
  endfacet
  facet normal -0.999464 0.0327478 0
    outer loop
      vertex -34.985 10.4578 -2
      vertex -35 10 -9
      vertex -35 10 -2
    endloop
  endfacet
  facet normal -0.70674 -0.0231556 0.707094
    outer loop
      vertex -33.9995 10 -1
      vertex -35 10 -2
      vertex -34.985 9.54218 -2
    endloop
  endfacet
  facet normal -0.999464 -0.0327464 0
    outer loop
      vertex -34.985 9.54218 -9
      vertex -35 10 -2
      vertex -35 10 -9
    endloop
  endfacet
  facet normal -0.999464 -0.0327464 0
    outer loop
      vertex -35 10 -2
      vertex -34.985 9.54218 -9
      vertex -34.985 9.54218 -2
    endloop
  endfacet
  facet normal 0.0232391 0.70672 -0.707111
    outer loop
      vertex -27.6077 15.9866 -10
      vertex -28 15.9995 -10
      vertex -27.5422 16.985 -9
    endloop
  endfacet
  facet normal -0.688626 0.160541 0.707121
    outer loop
      vertex -34.7615 11.8117 -2
      vertex -34.8655 11.3656 -2
      vertex -33.795 11.5528 -1
    endloop
  endfacet
  facet normal 0.546582 -0.448577 -0.707125
    outer loop
      vertex -22.7371 5.38458 -9
      vertex -23.4895 6.04417 -10
      vertex -22.4465 5.73867 -9
    endloop
  endfacet
  facet normal 0.661876 0.248973 -0.707059
    outer loop
      vertex -22.3189 11.9285 -10
      vertex -21.996 12.2764 -9.57523
      vertex -21.9703 12.0468 -9.63202
    endloop
  endfacet
  facet normal 0.661742 0.249167 -0.707116
    outer loop
      vertex -21.996 12.2764 -9.57523
      vertex -22.3189 11.9285 -10
      vertex -22.4572 12.2958 -10
    endloop
  endfacet
  facet normal 0.33335 -0.623601 -0.707107
    outer loop
      vertex -24.5 3.93782 -9
      vertex -25.3464 4.61928 -10
      vertex -25.0003 4.80429 -10
    endloop
  endfacet
  facet normal 0.333332 0.6236 -0.707116
    outer loop
      vertex -25.0003 15.1957 -10
      vertex -25.3464 15.3807 -10
      vertex -24.5 16.0622 -9
    endloop
  endfacet
  facet normal 0.706925 -0.0226694 -0.706925
    outer loop
      vertex -21.8656 9.93732 -9.86309
      vertex -22.0005 10 -10
      vertex -21.865 10 -9.8645
    endloop
  endfacet
  facet normal 0.697484 -0.115732 -0.707193
    outer loop
      vertex -21.8857 9.1113 -9.81881
      vertex -22.0519 9.21684 -10
      vertex -21.8814 9.19441 -9.82817
    endloop
  endfacet
  facet normal 0.249175 0.661765 -0.707091
    outer loop
      vertex -25.7042 15.5428 -10
      vertex -26.0715 15.6811 -10
      vertex -25.7499 16.6285 -9
    endloop
  endfacet
  facet normal 0.11511 0.697685 -0.707096
    outer loop
      vertex -26.8295 15.8842 -10
      vertex -27.2168 15.9481 -10
      vertex -26.6344 16.8655 -9
    endloop
  endfacet
  facet normal -0.661775 -0.249145 -0.707093
    outer loop
      vertex -33.5428 7.70418 -10
      vertex -34.6285 7.74992 -9
      vertex -33.6811 8.07153 -10
    endloop
  endfacet
  facet normal -0.205266 -0.676655 0.70711
    outer loop
      vertex -29.9285 4.31894 -1
      vertex -30.2501 3.37149 -2
      vertex -29.5528 4.20497 -1
    endloop
  endfacet
  facet normal -0.205239 -0.676669 0.707104
    outer loop
      vertex -29.5528 4.20497 -1
      vertex -30.2501 3.37149 -2
      vertex -29.8117 3.23852 -2
    endloop
  endfacet
  facet normal -0.88195 -0.471343 0
    outer loop
      vertex -34.0622 6.5 -9
      vertex -34.2781 6.90398 -2
      vertex -34.2781 6.90398 -9
    endloop
  endfacet
  facet normal -0.88195 -0.471343 0
    outer loop
      vertex -34.2781 6.90398 -2
      vertex -34.0622 6.5 -9
      vertex -34.0622 6.5 -2
    endloop
  endfacet
  facet normal -0.849192 -0.528084 0
    outer loop
      vertex -33.8203 6.11101 -9
      vertex -34.0622 6.5 -2
      vertex -34.0622 6.5 -9
    endloop
  endfacet
  facet normal -0.849192 -0.528084 0
    outer loop
      vertex -34.0622 6.5 -2
      vertex -33.8203 6.11101 -9
      vertex -33.8203 6.11101 -2
    endloop
  endfacet
  facet normal 0.70679 -0.0232471 -0.707042
    outer loop
      vertex -22.0134 9.60771 -10
      vertex -21.8656 9.93732 -9.86309
      vertex -21.8691 9.59824 -9.85544
    endloop
  endfacet
  facet normal 0.706784 -0.0232418 -0.707048
    outer loop
      vertex -21.8656 9.93732 -9.86309
      vertex -22.0134 9.60771 -10
      vertex -22.0005 10 -10
    endloop
  endfacet
  facet normal -0.162898 -0.986643 0
    outer loop
      vertex -29.3656 3.1345 -9
      vertex -28.9137 3.05989 -2
      vertex -29.3656 3.1345 -2
    endloop
  endfacet
  facet normal -0.162898 -0.986643 -0
    outer loop
      vertex -28.9137 3.05989 -2
      vertex -29.3656 3.1345 -9
      vertex -28.9137 3.05989 -9
    endloop
  endfacet
  facet normal -0.333317 -0.623629 -0.707098
    outer loop
      vertex -31.096 3.72189 -9
      vertex -31.5 3.93782 -9
      vertex -30.6536 4.61928 -10
    endloop
  endfacet
  facet normal -0.291855 -0.644072 -0.707101
    outer loop
      vertex -30.6788 3.53284 -9
      vertex -31.096 3.72189 -9
      vertex -30.6536 4.61928 -10
    endloop
  endfacet
  facet normal -0.032726 -0.999464 0
    outer loop
      vertex -28.4578 3.01499 -9
      vertex -28 3 -2
      vertex -28.4578 3.01499 -2
    endloop
  endfacet
  facet normal -0.032726 -0.999464 -0
    outer loop
      vertex -28 3 -2
      vertex -28.4578 3.01499 -9
      vertex -28 3 -9
    endloop
  endfacet
  facet normal 0.352248 -0.935907 0
    outer loop
      vertex -25.7499 3.37149 -9
      vertex -25.3212 3.53284 -2
      vertex -25.7499 3.37149 -2
    endloop
  endfacet
  facet normal 0.352248 -0.935907 0
    outer loop
      vertex -25.3212 3.53284 -2
      vertex -25.7499 3.37149 -9
      vertex -25.3212 3.53284 -9
    endloop
  endfacet
  facet normal 0.0980123 0.995185 -0
    outer loop
      vertex -27.0863 16.9401 -9
      vertex -27.5422 16.985 -2
      vertex -27.0863 16.9401 -2
    endloop
  endfacet
  facet normal 0.0980123 0.995185 0
    outer loop
      vertex -27.5422 16.985 -2
      vertex -27.0863 16.9401 -9
      vertex -27.5422 16.985 -9
    endloop
  endfacet
  facet normal 0.249002 0.661792 -0.707128
    outer loop
      vertex -25.7042 15.5428 -10
      vertex -25.7499 16.6285 -9
      vertex -25.3212 16.4672 -9
    endloop
  endfacet
  facet normal 0.352152 0.935943 -0
    outer loop
      vertex -25.3212 16.4672 -9
      vertex -25.7499 16.6285 -2
      vertex -25.3212 16.4672 -2
    endloop
  endfacet
  facet normal 0.352152 0.935943 0
    outer loop
      vertex -25.7499 16.6285 -2
      vertex -25.3212 16.4672 -9
      vertex -25.7499 16.6285 -9
    endloop
  endfacet
  facet normal 0.683701 0.729762 0
    outer loop
      vertex -23.3846 15.2629 -9
      vertex -23.0503 14.9497 -6.64669
      vertex -23.0503 14.9497 -9
    endloop
  endfacet
  facet normal 0.683752 0.729715 -1.34471e-05
    outer loop
      vertex -23.0503 14.9497 -6.64669
      vertex -23.3846 15.2629 -9
      vertex -23.1822 15.0733 -6.21166
    endloop
  endfacet
  facet normal 0.683653 0.729807 0
    outer loop
      vertex -23.1822 15.0733 -6.21166
      vertex -23.3846 15.2629 -9
      vertex -23.3846 15.2629 -5.34378
    endloop
  endfacet
  facet normal 0.373367 0.600486 -0.707117
    outer loop
      vertex -24.6669 14.9884 -10
      vertex -25.0003 15.1957 -10
      vertex -24.5 16.0622 -9
    endloop
  endfacet
  facet normal 0.600725 -0.372981 -0.707117
    outer loop
      vertex -22.162 6.53485 -9.20881
      vertex -22.8043 7.00034 -10
      vertex -22.1472 6.62089 -9.24162
    endloop
  endfacet
  facet normal 0.600492 -0.373327 -0.707132
    outer loop
      vertex -22.8043 7.00034 -10
      vertex -22.162 6.53485 -9.20881
      vertex -23.0116 6.6669 -10
    endloop
  endfacet
  facet normal 0.516032 -0.483418 -0.70712
    outer loop
      vertex -23.0503 5.05025 -9
      vertex -23.4895 6.04417 -10
      vertex -22.7371 5.38458 -9
    endloop
  endfacet
  facet normal 0.729792 -0.683669 0
    outer loop
      vertex -23.0503 5.05025 -9
      vertex -22.7371 5.38458 -7.67895
      vertex -23.0503 5.05025 -6.64669
    endloop
  endfacet
  facet normal 0.729792 -0.683669 0
    outer loop
      vertex -22.7371 5.38458 -7.67895
      vertex -23.0503 5.05025 -9
      vertex -22.7371 5.38458 -9
    endloop
  endfacet
  facet normal 0.812945 -0.582341 0
    outer loop
      vertex -22.4465 5.73867 -9
      vertex -22.2593 6 -8.9555
      vertex -22.4465 5.73867 -8.45795
    endloop
  endfacet
  facet normal 0.812945 -0.582341 0
    outer loop
      vertex -22.2593 6 -8.9555
      vertex -22.4465 5.73867 -9
      vertex -22.2593 6 -9
    endloop
  endfacet
  facet normal 0.600363 -0.373683 -0.707053
    outer loop
      vertex -22.1731 6.47083 -9.1844
      vertex -23.0116 6.6669 -10
      vertex -22.162 6.53485 -9.20881
    endloop
  endfacet
  facet normal 0.600505 -0.373337 -0.707116
    outer loop
      vertex -23.0116 6.6669 -10
      vertex -22.1731 6.47083 -9.1844
      vertex -22.2229 6.1399 -9.05197
    endloop
  endfacet
  facet normal 0.688535 -0.160877 -0.707133
    outer loop
      vertex -21.9317 8.37398 -9.71723
      vertex -22.205 8.4472 -10
      vertex -21.9229 8.49652 -9.73654
    endloop
  endfacet
  facet normal 0.688692 -0.160466 -0.707074
    outer loop
      vertex -21.9229 8.49652 -9.73654
      vertex -22.1158 8.82953 -10
      vertex -21.9022 8.78704 -9.78231
    endloop
  endfacet
  facet normal 0.68854 -0.160641 -0.707183
    outer loop
      vertex -22.1158 8.82953 -10
      vertex -21.9229 8.49652 -9.73654
      vertex -22.205 8.4472 -10
    endloop
  endfacet
  facet normal -0.935943 -0.352152 0
    outer loop
      vertex -34.4672 7.32122 -9
      vertex -34.6285 7.74992 -2
      vertex -34.6285 7.74992 -9
    endloop
  endfacet
  facet normal -0.935943 -0.352152 0
    outer loop
      vertex -34.6285 7.74992 -2
      vertex -34.4672 7.32122 -9
      vertex -34.4672 7.32122 -2
    endloop
  endfacet
  facet normal 0 0 1
    outer loop
      vertex -26.1868 12.0676 -1
      vertex -23.9673 14.4385 -1
      vertex -24.0442 14.5105 -1
    endloop
  endfacet
  facet normal 0 0 1
    outer loop
      vertex -23.9673 14.4385 -1
      vertex -25.25 10 -1
      vertex -23.9673 5.5615 -1
    endloop
  endfacet
  facet normal 0 0 1
    outer loop
      vertex -26.1868 12.0676 -1
      vertex -24.0442 14.5105 -1
      vertex -24.3478 14.7597 -1
    endloop
  endfacet
  facet normal -0 0 1
    outer loop
      vertex -25.2559 9.82014 -1
      vertex -23.9673 5.5615 -1
      vertex -25.25 10 -1
    endloop
  endfacet
  facet normal 0 0 1
    outer loop
      vertex -26.3259 12.1817 -1
      vertex -24.3478 14.7597 -1
      vertex -24.6669 14.9884 -1
    endloop
  endfacet
  facet normal -0 0 1
    outer loop
      vertex -25.2735 9.64105 -1
      vertex -23.9673 5.5615 -1
      vertex -25.2559 9.82014 -1
    endloop
  endfacet
  facet normal 0 0 1
    outer loop
      vertex -26.4722 12.2865 -1
      vertex -24.6669 14.9884 -1
      vertex -25.0003 15.1957 -1
    endloop
  endfacet
  facet normal -0 0 1
    outer loop
      vertex -25.3028 9.4635 -1
      vertex -23.9673 5.5615 -1
      vertex -25.2735 9.64105 -1
    endloop
  endfacet
  facet normal -0 0 1
    outer loop
      vertex -25.3437 9.28825 -1
      vertex -23.9673 5.5615 -1
      vertex -25.3028 9.4635 -1
    endloop
  endfacet
  facet normal 0 0 1
    outer loop
      vertex -23.9673 14.4385 -1
      vertex -25.2559 10.1799 -1
      vertex -25.25 10 -1
    endloop
  endfacet
  facet normal 0 0 1
    outer loop
      vertex -23.9673 14.4385 -1
      vertex -25.2735 10.3589 -1
      vertex -25.2559 10.1799 -1
    endloop
  endfacet
  facet normal 0 0 1
    outer loop
      vertex -23.9673 14.4385 -1
      vertex -25.3028 10.5365 -1
      vertex -25.2735 10.3589 -1
    endloop
  endfacet
  facet normal 0 0 1
    outer loop
      vertex -23.9673 14.4385 -1
      vertex -25.3437 10.7118 -1
      vertex -25.3028 10.5365 -1
    endloop
  endfacet
  facet normal 0 0 1
    outer loop
      vertex -26.625 12.3816 -1
      vertex -25.0003 15.1957 -1
      vertex -25.3464 15.3807 -1
    endloop
  endfacet
  facet normal 0 0 1
    outer loop
      vertex -23.9673 14.4385 -1
      vertex -25.3959 10.884 -1
      vertex -25.3437 10.7118 -1
    endloop
  endfacet
  facet normal 0 0 1
    outer loop
      vertex -23.9673 14.4385 -1
      vertex -25.4593 11.0524 -1
      vertex -25.3959 10.884 -1
    endloop
  endfacet
  facet normal 0 0 1
    outer loop
      vertex -23.9673 14.4385 -1
      vertex -25.5336 11.2163 -1
      vertex -25.4593 11.0524 -1
    endloop
  endfacet
  facet normal 0 0 1
    outer loop
      vertex -23.9673 14.4385 -1
      vertex -25.6184 11.375 -1
      vertex -25.5336 11.2163 -1
    endloop
  endfacet
  facet normal 0 0 1
    outer loop
      vertex -26.7837 12.4664 -1
      vertex -25.3464 15.3807 -1
      vertex -25.7042 15.5428 -1
    endloop
  endfacet
  facet normal 0 0 1
    outer loop
      vertex -23.9673 14.4385 -1
      vertex -25.7135 11.5278 -1
      vertex -25.6184 11.375 -1
    endloop
  endfacet
  facet normal 0 0 1
    outer loop
      vertex -23.9673 14.4385 -1
      vertex -25.8183 11.6741 -1
      vertex -25.7135 11.5278 -1
    endloop
  endfacet
  facet normal 0 0 1
    outer loop
      vertex -23.9673 14.4385 -1
      vertex -25.9324 11.8132 -1
      vertex -25.8183 11.6741 -1
    endloop
  endfacet
  facet normal 0 0 1
    outer loop
      vertex -23.9673 14.4385 -1
      vertex -26.0555 11.9445 -1
      vertex -25.9324 11.8132 -1
    endloop
  endfacet
  facet normal 0 0 1
    outer loop
      vertex -26.9476 12.5407 -1
      vertex -25.7042 15.5428 -1
      vertex -26.0715 15.6811 -1
    endloop
  endfacet
  facet normal 0 0 1
    outer loop
      vertex -23.9673 14.4385 -1
      vertex -26.1868 12.0676 -1
      vertex -26.0555 11.9445 -1
    endloop
  endfacet
  facet normal 0 0 1
    outer loop
      vertex -24.3478 14.7597 -1
      vertex -26.3259 12.1817 -1
      vertex -26.1868 12.0676 -1
    endloop
  endfacet
  facet normal 0 0 1
    outer loop
      vertex -27.116 12.6041 -1
      vertex -26.0715 15.6811 -1
      vertex -26.4472 15.795 -1
    endloop
  endfacet
  facet normal 0 0 1
    outer loop
      vertex -24.6669 14.9884 -1
      vertex -26.4722 12.2865 -1
      vertex -26.3259 12.1817 -1
    endloop
  endfacet
  facet normal 0 0 1
    outer loop
      vertex -25.0003 15.1957 -1
      vertex -26.625 12.3816 -1
      vertex -26.4722 12.2865 -1
    endloop
  endfacet
  facet normal 0 0 1
    outer loop
      vertex -25.3464 15.3807 -1
      vertex -26.7837 12.4664 -1
      vertex -26.625 12.3816 -1
    endloop
  endfacet
  facet normal 0 0 1
    outer loop
      vertex -27.2882 12.6563 -1
      vertex -26.4472 15.795 -1
      vertex -26.8295 15.8842 -1
    endloop
  endfacet
  facet normal 0 0 1
    outer loop
      vertex -25.7042 15.5428 -1
      vertex -26.9476 12.5407 -1
      vertex -26.7837 12.4664 -1
    endloop
  endfacet
  facet normal 0 0 1
    outer loop
      vertex -26.0715 15.6811 -1
      vertex -27.116 12.6041 -1
      vertex -26.9476 12.5407 -1
    endloop
  endfacet
  facet normal 0 0 1
    outer loop
      vertex -27.4635 12.6972 -1
      vertex -26.8295 15.8842 -1
      vertex -27.2168 15.9481 -1
    endloop
  endfacet
  facet normal 0 0 1
    outer loop
      vertex -26.4472 15.795 -1
      vertex -27.2882 12.6563 -1
      vertex -27.116 12.6041 -1
    endloop
  endfacet
  facet normal 0 0 1
    outer loop
      vertex -26.8295 15.8842 -1
      vertex -27.4635 12.6972 -1
      vertex -27.2882 12.6563 -1
    endloop
  endfacet
  facet normal 0 0 1
    outer loop
      vertex -27.6411 12.7265 -1
      vertex -27.2168 15.9481 -1
      vertex -27.6077 15.9866 -1
    endloop
  endfacet
  facet normal 0 0 1
    outer loop
      vertex -27.2168 15.9481 -1
      vertex -27.6411 12.7265 -1
      vertex -27.4635 12.6972 -1
    endloop
  endfacet
  facet normal 0 0 1
    outer loop
      vertex -27.6077 15.9866 -1
      vertex -27.8201 12.7441 -1
      vertex -27.6411 12.7265 -1
    endloop
  endfacet
  facet normal 0 0 1
    outer loop
      vertex -28 15.9995 -1
      vertex -27.8201 12.7441 -1
      vertex -27.6077 15.9866 -1
    endloop
  endfacet
  facet normal 0 0 1
    outer loop
      vertex -28 15.9995 -1
      vertex -28 12.75 -1
      vertex -27.8201 12.7441 -1
    endloop
  endfacet
  facet normal 0 0 1
    outer loop
      vertex -28 15.9995 -1
      vertex -28.1799 12.7441 -1
      vertex -28 12.75 -1
    endloop
  endfacet
  facet normal -0 0 1
    outer loop
      vertex -28.3923 15.9866 -1
      vertex -28.1799 12.7441 -1
      vertex -28 15.9995 -1
    endloop
  endfacet
  facet normal 0 0 1
    outer loop
      vertex -28.1799 12.7441 -1
      vertex -28.3923 15.9866 -1
      vertex -28.3589 12.7265 -1
    endloop
  endfacet
  facet normal -0 0 1
    outer loop
      vertex -28.7832 15.9481 -1
      vertex -28.3589 12.7265 -1
      vertex -28.3923 15.9866 -1
    endloop
  endfacet
  facet normal 0 0 1
    outer loop
      vertex -28.3589 12.7265 -1
      vertex -28.7832 15.9481 -1
      vertex -28.5365 12.6972 -1
    endloop
  endfacet
  facet normal -0 0 1
    outer loop
      vertex -29.1705 15.8842 -1
      vertex -28.5365 12.6972 -1
      vertex -28.7832 15.9481 -1
    endloop
  endfacet
  facet normal 0 0 1
    outer loop
      vertex -28.5365 12.6972 -1
      vertex -29.1705 15.8842 -1
      vertex -28.7118 12.6563 -1
    endloop
  endfacet
  facet normal -0 0 1
    outer loop
      vertex -29.5528 15.795 -1
      vertex -28.7118 12.6563 -1
      vertex -29.1705 15.8842 -1
    endloop
  endfacet
  facet normal 0 0 1
    outer loop
      vertex -28.7118 12.6563 -1
      vertex -29.5528 15.795 -1
      vertex -28.884 12.6041 -1
    endloop
  endfacet
  facet normal -0 0 1
    outer loop
      vertex -29.9285 15.6811 -1
      vertex -28.884 12.6041 -1
      vertex -29.5528 15.795 -1
    endloop
  endfacet
  facet normal 0 0 1
    outer loop
      vertex -28.884 12.6041 -1
      vertex -29.9285 15.6811 -1
      vertex -29.0524 12.5407 -1
    endloop
  endfacet
  facet normal -0 0 1
    outer loop
      vertex -30.2958 15.5428 -1
      vertex -29.0524 12.5407 -1
      vertex -29.9285 15.6811 -1
    endloop
  endfacet
  facet normal 0 0 1
    outer loop
      vertex -29.0524 12.5407 -1
      vertex -30.2958 15.5428 -1
      vertex -29.2163 12.4664 -1
    endloop
  endfacet
  facet normal -0 0 1
    outer loop
      vertex -30.6536 15.3807 -1
      vertex -29.2163 12.4664 -1
      vertex -30.2958 15.5428 -1
    endloop
  endfacet
  facet normal 0 0 1
    outer loop
      vertex -29.2163 12.4664 -1
      vertex -30.6536 15.3807 -1
      vertex -29.375 12.3816 -1
    endloop
  endfacet
  facet normal -0 0 1
    outer loop
      vertex -30.9997 15.1957 -1
      vertex -29.375 12.3816 -1
      vertex -30.6536 15.3807 -1
    endloop
  endfacet
  facet normal 0 0 1
    outer loop
      vertex -29.375 12.3816 -1
      vertex -30.9997 15.1957 -1
      vertex -29.5278 12.2865 -1
    endloop
  endfacet
  facet normal -0 0 1
    outer loop
      vertex -31.3331 14.9884 -1
      vertex -29.5278 12.2865 -1
      vertex -30.9997 15.1957 -1
    endloop
  endfacet
  facet normal 0 0 1
    outer loop
      vertex -29.5278 12.2865 -1
      vertex -31.3331 14.9884 -1
      vertex -29.6741 12.1817 -1
    endloop
  endfacet
  facet normal -0 0 1
    outer loop
      vertex -31.6522 14.7597 -1
      vertex -29.6741 12.1817 -1
      vertex -31.3331 14.9884 -1
    endloop
  endfacet
  facet normal 0 0 1
    outer loop
      vertex -29.6741 12.1817 -1
      vertex -31.6522 14.7597 -1
      vertex -29.8132 12.0676 -1
    endloop
  endfacet
  facet normal -0 0 1
    outer loop
      vertex -31.9558 14.5105 -1
      vertex -29.8132 12.0676 -1
      vertex -31.6522 14.7597 -1
    endloop
  endfacet
  facet normal 0 0 1
    outer loop
      vertex -29.8132 12.0676 -1
      vertex -31.9558 14.5105 -1
      vertex -29.9445 11.9445 -1
    endloop
  endfacet
  facet normal -0 0 1
    outer loop
      vertex -32.2422 14.2422 -1
      vertex -29.9445 11.9445 -1
      vertex -31.9558 14.5105 -1
    endloop
  endfacet
  facet normal 0 0 1
    outer loop
      vertex -29.9445 11.9445 -1
      vertex -32.2422 14.2422 -1
      vertex -30.0676 11.8132 -1
    endloop
  endfacet
  facet normal -0 0 1
    outer loop
      vertex -32.5105 13.9558 -1
      vertex -30.0676 11.8132 -1
      vertex -32.2422 14.2422 -1
    endloop
  endfacet
  facet normal 0 0 1
    outer loop
      vertex -30.0676 11.8132 -1
      vertex -32.5105 13.9558 -1
      vertex -30.1817 11.6741 -1
    endloop
  endfacet
  facet normal -0 0 1
    outer loop
      vertex -32.7597 13.6522 -1
      vertex -30.1817 11.6741 -1
      vertex -32.5105 13.9558 -1
    endloop
  endfacet
  facet normal 0 0 1
    outer loop
      vertex -30.1817 11.6741 -1
      vertex -32.7597 13.6522 -1
      vertex -30.2865 11.5278 -1
    endloop
  endfacet
  facet normal -0 0 1
    outer loop
      vertex -32.9884 13.3331 -1
      vertex -30.2865 11.5278 -1
      vertex -32.7597 13.6522 -1
    endloop
  endfacet
  facet normal 0 0 1
    outer loop
      vertex -30.2865 11.5278 -1
      vertex -32.9884 13.3331 -1
      vertex -30.3816 11.375 -1
    endloop
  endfacet
  facet normal -0 0 1
    outer loop
      vertex -33.1957 12.9997 -1
      vertex -30.3816 11.375 -1
      vertex -32.9884 13.3331 -1
    endloop
  endfacet
  facet normal -0 0 1
    outer loop
      vertex -25.3959 9.11604 -1
      vertex -23.9673 5.5615 -1
      vertex -25.3437 9.28825 -1
    endloop
  endfacet
  facet normal -0 0 1
    outer loop
      vertex -25.4593 8.94762 -1
      vertex -23.9673 5.5615 -1
      vertex -25.3959 9.11604 -1
    endloop
  endfacet
  facet normal -0 0 1
    outer loop
      vertex -25.5336 8.78371 -1
      vertex -23.9673 5.5615 -1
      vertex -25.4593 8.94762 -1
    endloop
  endfacet
  facet normal -0 0 1
    outer loop
      vertex -25.6184 8.625 -1
      vertex -23.9673 5.5615 -1
      vertex -25.5336 8.78371 -1
    endloop
  endfacet
  facet normal -0 0 1
    outer loop
      vertex -25.7135 8.47218 -1
      vertex -23.9673 5.5615 -1
      vertex -25.6184 8.625 -1
    endloop
  endfacet
  facet normal -0 0 1
    outer loop
      vertex -25.8183 8.32591 -1
      vertex -23.9673 5.5615 -1
      vertex -25.7135 8.47218 -1
    endloop
  endfacet
  facet normal -0 0 1
    outer loop
      vertex -25.9324 8.1868 -1
      vertex -23.9673 5.5615 -1
      vertex -25.8183 8.32591 -1
    endloop
  endfacet
  facet normal -0 0 1
    outer loop
      vertex -26.0555 8.05546 -1
      vertex -23.9673 5.5615 -1
      vertex -25.9324 8.1868 -1
    endloop
  endfacet
  facet normal -0 0 1
    outer loop
      vertex -26.1868 7.93244 -1
      vertex -23.9673 5.5615 -1
      vertex -26.0555 8.05546 -1
    endloop
  endfacet
  facet normal 0 0 1
    outer loop
      vertex -23.9673 5.5615 -1
      vertex -26.1868 7.93244 -1
      vertex -24.0442 5.48946 -1
    endloop
  endfacet
  facet normal 0 0 1
    outer loop
      vertex -24.0442 5.48946 -1
      vertex -26.1868 7.93244 -1
      vertex -24.3478 5.24028 -1
    endloop
  endfacet
  facet normal -0 0 1
    outer loop
      vertex -26.3259 7.81828 -1
      vertex -24.3478 5.24028 -1
      vertex -26.1868 7.93244 -1
    endloop
  endfacet
  facet normal 0 0 1
    outer loop
      vertex -24.3478 5.24028 -1
      vertex -26.3259 7.81828 -1
      vertex -24.6669 5.01163 -1
    endloop
  endfacet
  facet normal -0 0 1
    outer loop
      vertex -26.4722 7.71346 -1
      vertex -24.6669 5.01163 -1
      vertex -26.3259 7.81828 -1
    endloop
  endfacet
  facet normal 0 0 1
    outer loop
      vertex -24.6669 5.01163 -1
      vertex -26.4722 7.71346 -1
      vertex -25.0003 4.80429 -1
    endloop
  endfacet
  facet normal -0 0 1
    outer loop
      vertex -26.625 7.61843 -1
      vertex -25.0003 4.80429 -1
      vertex -26.4722 7.71346 -1
    endloop
  endfacet
  facet normal 0 0 1
    outer loop
      vertex -25.0003 4.80429 -1
      vertex -26.625 7.61843 -1
      vertex -25.3464 4.61928 -1
    endloop
  endfacet
  facet normal -0 0 1
    outer loop
      vertex -26.7837 7.5336 -1
      vertex -25.3464 4.61928 -1
      vertex -26.625 7.61843 -1
    endloop
  endfacet
  facet normal 0 0 1
    outer loop
      vertex -25.3464 4.61928 -1
      vertex -26.7837 7.5336 -1
      vertex -25.7042 4.4572 -1
    endloop
  endfacet
  facet normal -0 0 1
    outer loop
      vertex -26.9476 7.45933 -1
      vertex -25.7042 4.4572 -1
      vertex -26.7837 7.5336 -1
    endloop
  endfacet
  facet normal 0 0 1
    outer loop
      vertex -25.7042 4.4572 -1
      vertex -26.9476 7.45933 -1
      vertex -26.0715 4.31894 -1
    endloop
  endfacet
  facet normal -0 0 1
    outer loop
      vertex -27.116 7.39594 -1
      vertex -26.0715 4.31894 -1
      vertex -26.9476 7.45933 -1
    endloop
  endfacet
  facet normal 0 0 1
    outer loop
      vertex -26.0715 4.31894 -1
      vertex -27.116 7.39594 -1
      vertex -26.4472 4.20497 -1
    endloop
  endfacet
  facet normal -0 0 1
    outer loop
      vertex -27.2882 7.3437 -1
      vertex -26.4472 4.20497 -1
      vertex -27.116 7.39594 -1
    endloop
  endfacet
  facet normal 0 0 1
    outer loop
      vertex -26.4472 4.20497 -1
      vertex -27.2882 7.3437 -1
      vertex -26.8295 4.11583 -1
    endloop
  endfacet
  facet normal -0 0 1
    outer loop
      vertex -27.4635 7.30284 -1
      vertex -26.8295 4.11583 -1
      vertex -27.2882 7.3437 -1
    endloop
  endfacet
  facet normal 0 0 1
    outer loop
      vertex -26.8295 4.11583 -1
      vertex -27.4635 7.30284 -1
      vertex -27.2168 4.05188 -1
    endloop
  endfacet
  facet normal -0 0 1
    outer loop
      vertex -27.6411 7.27353 -1
      vertex -27.2168 4.05188 -1
      vertex -27.4635 7.30284 -1
    endloop
  endfacet
  facet normal 0 0 1
    outer loop
      vertex -27.2168 4.05188 -1
      vertex -27.6411 7.27353 -1
      vertex -27.6077 4.0134 -1
    endloop
  endfacet
  facet normal -0 0 1
    outer loop
      vertex -27.8201 7.25589 -1
      vertex -27.6077 4.0134 -1
      vertex -27.6411 7.27353 -1
    endloop
  endfacet
  facet normal -0 0 1
    outer loop
      vertex -28 7.25 -1
      vertex -27.6077 4.0134 -1
      vertex -27.8201 7.25589 -1
    endloop
  endfacet
  facet normal 0 0 1
    outer loop
      vertex -28 7.25 -1
      vertex -28 4.00053 -1
      vertex -27.6077 4.0134 -1
    endloop
  endfacet
  facet normal 0 0 1
    outer loop
      vertex -28.1799 7.25589 -1
      vertex -28 4.00053 -1
      vertex -28 7.25 -1
    endloop
  endfacet
  facet normal 0 0 1
    outer loop
      vertex -28.3923 4.0134 -1
      vertex -28.1799 7.25589 -1
      vertex -28.3589 7.27353 -1
    endloop
  endfacet
  facet normal 0 0 1
    outer loop
      vertex -28.1799 7.25589 -1
      vertex -28.3923 4.0134 -1
      vertex -28 4.00053 -1
    endloop
  endfacet
  facet normal 0 0 1
    outer loop
      vertex -28.7832 4.05188 -1
      vertex -28.3589 7.27353 -1
      vertex -28.5365 7.30284 -1
    endloop
  endfacet
  facet normal 0 0 1
    outer loop
      vertex -29.1705 4.11583 -1
      vertex -28.5365 7.30284 -1
      vertex -28.7118 7.3437 -1
    endloop
  endfacet
  facet normal 0 0 1
    outer loop
      vertex -28.3589 7.27353 -1
      vertex -28.7832 4.05188 -1
      vertex -28.3923 4.0134 -1
    endloop
  endfacet
  facet normal 0 0 1
    outer loop
      vertex -29.5528 4.20497 -1
      vertex -28.7118 7.3437 -1
      vertex -28.884 7.39594 -1
    endloop
  endfacet
  facet normal 0 0 1
    outer loop
      vertex -29.9285 4.31894 -1
      vertex -28.884 7.39594 -1
      vertex -29.0524 7.45933 -1
    endloop
  endfacet
  facet normal 0 0 1
    outer loop
      vertex -28.5365 7.30284 -1
      vertex -29.1705 4.11583 -1
      vertex -28.7832 4.05188 -1
    endloop
  endfacet
  facet normal 0 0 1
    outer loop
      vertex -30.2958 4.4572 -1
      vertex -29.0524 7.45933 -1
      vertex -29.2163 7.5336 -1
    endloop
  endfacet
  facet normal 0 0 1
    outer loop
      vertex -30.6536 4.61928 -1
      vertex -29.2163 7.5336 -1
      vertex -29.375 7.61843 -1
    endloop
  endfacet
  facet normal 0 0 1
    outer loop
      vertex -30.9997 4.80429 -1
      vertex -29.375 7.61843 -1
      vertex -29.5278 7.71346 -1
    endloop
  endfacet
  facet normal 0 0 1
    outer loop
      vertex -28.7118 7.3437 -1
      vertex -29.5528 4.20497 -1
      vertex -29.1705 4.11583 -1
    endloop
  endfacet
  facet normal 0 0 1
    outer loop
      vertex -31.3331 5.01163 -1
      vertex -29.5278 7.71346 -1
      vertex -29.6741 7.81828 -1
    endloop
  endfacet
  facet normal 0 0 1
    outer loop
      vertex -31.6522 5.24028 -1
      vertex -29.6741 7.81828 -1
      vertex -29.8132 7.93244 -1
    endloop
  endfacet
  facet normal 0 0 1
    outer loop
      vertex -28.884 7.39594 -1
      vertex -29.9285 4.31894 -1
      vertex -29.5528 4.20497 -1
    endloop
  endfacet
  facet normal 0 0 1
    outer loop
      vertex -31.9558 5.48946 -1
      vertex -29.8132 7.93244 -1
      vertex -29.9445 8.05546 -1
    endloop
  endfacet
  facet normal 0 0 1
    outer loop
      vertex -32.2422 5.75775 -1
      vertex -29.9445 8.05546 -1
      vertex -30.0676 8.1868 -1
    endloop
  endfacet
  facet normal 0 0 1
    outer loop
      vertex -32.5105 6.04417 -1
      vertex -30.0676 8.1868 -1
      vertex -30.1817 8.32591 -1
    endloop
  endfacet
  facet normal 0 0 1
    outer loop
      vertex -32.7597 6.34781 -1
      vertex -30.1817 8.32591 -1
      vertex -30.2865 8.47218 -1
    endloop
  endfacet
  facet normal 0 0 1
    outer loop
      vertex -29.0524 7.45933 -1
      vertex -30.2958 4.4572 -1
      vertex -29.9285 4.31894 -1
    endloop
  endfacet
  facet normal 0 0 1
    outer loop
      vertex -32.9884 6.6669 -1
      vertex -30.2865 8.47218 -1
      vertex -30.3816 8.625 -1
    endloop
  endfacet
  facet normal 0 0 1
    outer loop
      vertex -33.1957 7.00034 -1
      vertex -30.3816 8.625 -1
      vertex -30.4664 8.78371 -1
    endloop
  endfacet
  facet normal 0 0 1
    outer loop
      vertex -33.3807 7.34644 -1
      vertex -30.4664 8.78371 -1
      vertex -30.5407 8.94762 -1
    endloop
  endfacet
  facet normal 0 0 1
    outer loop
      vertex -33.5428 7.70418 -1
      vertex -30.5407 8.94762 -1
      vertex -30.6041 9.11604 -1
    endloop
  endfacet
  facet normal 0 0 1
    outer loop
      vertex -29.2163 7.5336 -1
      vertex -30.6536 4.61928 -1
      vertex -30.2958 4.4572 -1
    endloop
  endfacet
  facet normal 0 0 1
    outer loop
      vertex -33.6811 8.07153 -1
      vertex -30.6041 9.11604 -1
      vertex -30.6563 9.28825 -1
    endloop
  endfacet
  facet normal 0 0 1
    outer loop
      vertex -33.795 8.4472 -1
      vertex -30.6563 9.28825 -1
      vertex -30.6972 9.4635 -1
    endloop
  endfacet
  facet normal 0 0 1
    outer loop
      vertex -33.8842 8.82953 -1
      vertex -30.6972 9.4635 -1
      vertex -30.7265 9.64105 -1
    endloop
  endfacet
  facet normal 0 0 1
    outer loop
      vertex -33.9481 9.21684 -1
      vertex -30.7265 9.64105 -1
      vertex -30.7441 9.82014 -1
    endloop
  endfacet
  facet normal 0 0 1
    outer loop
      vertex -33.9866 9.60771 -1
      vertex -30.7441 9.82014 -1
      vertex -30.75 10 -1
    endloop
  endfacet
  facet normal 0 0 1
    outer loop
      vertex -30.3816 11.375 -1
      vertex -33.1957 12.9997 -1
      vertex -30.4664 11.2163 -1
    endloop
  endfacet
  facet normal 0 0 1
    outer loop
      vertex -29.375 7.61843 -1
      vertex -30.9997 4.80429 -1
      vertex -30.6536 4.61928 -1
    endloop
  endfacet
  facet normal -0 0 1
    outer loop
      vertex -33.3807 12.6536 -1
      vertex -30.4664 11.2163 -1
      vertex -33.1957 12.9997 -1
    endloop
  endfacet
  facet normal 0 0 1
    outer loop
      vertex -29.5278 7.71346 -1
      vertex -31.3331 5.01163 -1
      vertex -30.9997 4.80429 -1
    endloop
  endfacet
  facet normal 0 0 1
    outer loop
      vertex -30.4664 11.2163 -1
      vertex -33.3807 12.6536 -1
      vertex -30.5407 11.0524 -1
    endloop
  endfacet
  facet normal 0 0 1
    outer loop
      vertex -29.6741 7.81828 -1
      vertex -31.6522 5.24028 -1
      vertex -31.3331 5.01163 -1
    endloop
  endfacet
  facet normal -0 0 1
    outer loop
      vertex -33.5428 12.2958 -1
      vertex -30.5407 11.0524 -1
      vertex -33.3807 12.6536 -1
    endloop
  endfacet
  facet normal 0 0 1
    outer loop
      vertex -29.8132 7.93244 -1
      vertex -31.9558 5.48946 -1
      vertex -31.6522 5.24028 -1
    endloop
  endfacet
  facet normal 0 0 1
    outer loop
      vertex -30.5407 11.0524 -1
      vertex -33.5428 12.2958 -1
      vertex -30.6041 10.884 -1
    endloop
  endfacet
  facet normal 0 0 1
    outer loop
      vertex -29.9445 8.05546 -1
      vertex -32.2422 5.75775 -1
      vertex -31.9558 5.48946 -1
    endloop
  endfacet
  facet normal -0 0 1
    outer loop
      vertex -33.6811 11.9285 -1
      vertex -30.6041 10.884 -1
      vertex -33.5428 12.2958 -1
    endloop
  endfacet
  facet normal 0 0 1
    outer loop
      vertex -30.0676 8.1868 -1
      vertex -32.5105 6.04417 -1
      vertex -32.2422 5.75775 -1
    endloop
  endfacet
  facet normal 0 0 1
    outer loop
      vertex -30.6041 10.884 -1
      vertex -33.6811 11.9285 -1
      vertex -30.6563 10.7118 -1
    endloop
  endfacet
  facet normal 0 0 1
    outer loop
      vertex -30.1817 8.32591 -1
      vertex -32.7597 6.34781 -1
      vertex -32.5105 6.04417 -1
    endloop
  endfacet
  facet normal -0 0 1
    outer loop
      vertex -33.795 11.5528 -1
      vertex -30.6563 10.7118 -1
      vertex -33.6811 11.9285 -1
    endloop
  endfacet
  facet normal 0 0 1
    outer loop
      vertex -30.2865 8.47218 -1
      vertex -32.9884 6.6669 -1
      vertex -32.7597 6.34781 -1
    endloop
  endfacet
  facet normal 0 0 1
    outer loop
      vertex -30.6563 10.7118 -1
      vertex -33.795 11.5528 -1
      vertex -30.6972 10.5365 -1
    endloop
  endfacet
  facet normal 0 0 1
    outer loop
      vertex -30.3816 8.625 -1
      vertex -33.1957 7.00034 -1
      vertex -32.9884 6.6669 -1
    endloop
  endfacet
  facet normal -0 0 1
    outer loop
      vertex -33.8842 11.1705 -1
      vertex -30.6972 10.5365 -1
      vertex -33.795 11.5528 -1
    endloop
  endfacet
  facet normal 0 0 1
    outer loop
      vertex -30.4664 8.78371 -1
      vertex -33.3807 7.34644 -1
      vertex -33.1957 7.00034 -1
    endloop
  endfacet
  facet normal 0 0 1
    outer loop
      vertex -30.6972 10.5365 -1
      vertex -33.8842 11.1705 -1
      vertex -30.7265 10.3589 -1
    endloop
  endfacet
  facet normal 0 0 1
    outer loop
      vertex -30.5407 8.94762 -1
      vertex -33.5428 7.70418 -1
      vertex -33.3807 7.34644 -1
    endloop
  endfacet
  facet normal -0 0 1
    outer loop
      vertex -33.9481 10.7832 -1
      vertex -30.7265 10.3589 -1
      vertex -33.8842 11.1705 -1
    endloop
  endfacet
  facet normal 0 0 1
    outer loop
      vertex -30.6041 9.11604 -1
      vertex -33.6811 8.07153 -1
      vertex -33.5428 7.70418 -1
    endloop
  endfacet
  facet normal 0 0 1
    outer loop
      vertex -30.7265 10.3589 -1
      vertex -33.9481 10.7832 -1
      vertex -30.7441 10.1799 -1
    endloop
  endfacet
  facet normal 0 0 1
    outer loop
      vertex -30.6563 9.28825 -1
      vertex -33.795 8.4472 -1
      vertex -33.6811 8.07153 -1
    endloop
  endfacet
  facet normal -0 0 1
    outer loop
      vertex -33.9866 10.3923 -1
      vertex -30.7441 10.1799 -1
      vertex -33.9481 10.7832 -1
    endloop
  endfacet
  facet normal 0 0 1
    outer loop
      vertex -30.6972 9.4635 -1
      vertex -33.8842 8.82953 -1
      vertex -33.795 8.4472 -1
    endloop
  endfacet
  facet normal 0 0 1
    outer loop
      vertex -30.7441 10.1799 -1
      vertex -33.9866 10.3923 -1
      vertex -30.75 10 -1
    endloop
  endfacet
  facet normal 0 0 1
    outer loop
      vertex -30.7265 9.64105 -1
      vertex -33.9481 9.21684 -1
      vertex -33.8842 8.82953 -1
    endloop
  endfacet
  facet normal 0 0 1
    outer loop
      vertex -33.9995 10 -1
      vertex -30.75 10 -1
      vertex -33.9866 10.3923 -1
    endloop
  endfacet
  facet normal 0 0 1
    outer loop
      vertex -30.7441 9.82014 -1
      vertex -33.9866 9.60771 -1
      vertex -33.9481 9.21684 -1
    endloop
  endfacet
  facet normal 0 0 1
    outer loop
      vertex -30.75 10 -1
      vertex -33.9995 10 -1
      vertex -33.9866 9.60771 -1
    endloop
  endfacet
  facet normal 0.11517 0.697661 -0.70711
    outer loop
      vertex -26.6344 16.8655 -9
      vertex -27.2168 15.9481 -10
      vertex -27.0863 16.9401 -9
    endloop
  endfacet
  facet normal 0.162876 0.986646 -0
    outer loop
      vertex -26.6344 16.8655 -9
      vertex -27.0863 16.9401 -2
      vertex -26.6344 16.8655 -2
    endloop
  endfacet
  facet normal 0.162876 0.986646 0
    outer loop
      vertex -27.0863 16.9401 -2
      vertex -26.6344 16.8655 -9
      vertex -27.0863 16.9401 -9
    endloop
  endfacet
  facet normal 0.411883 0.574752 -0.707116
    outer loop
      vertex -23.7387 15.5535 -9
      vertex -24.3478 14.7597 -10
      vertex -24.111 15.8203 -9
    endloop
  endfacet
  facet normal 0.448624 0.546558 -0.707115
    outer loop
      vertex -24.0442 14.5105 -10
      vertex -24.3478 14.7597 -10
      vertex -23.7387 15.5535 -9
    endloop
  endfacet
  facet normal 0 -1 0
    outer loop
      vertex -22.2593 6 -8.9555
      vertex -22.2593 6 -9
      vertex -22.2425 6 -9
    endloop
  endfacet
  facet normal 0 1 0
    outer loop
      vertex -22.2425 14 -9
      vertex -22.2593 14 -9
      vertex -22.2593 14 -8.9555
    endloop
  endfacet
  facet normal 0 0 -1
    outer loop
      vertex -22.2425 6 -9
      vertex -22.2593 6 -9
      vertex -22.2425 6.02337 -9
    endloop
  endfacet
  facet normal 0 0 -1
    outer loop
      vertex -22.2425 13.9766 -9
      vertex -22.2593 14 -9
      vertex -22.2425 14 -9
    endloop
  endfacet
  facet normal 0.48344 0.516009 0.707122
    outer loop
      vertex 32.6154 15.2629 -2
      vertex 31.9558 14.5105 -1
      vertex 32.9497 14.9497 -2
    endloop
  endfacet
  facet normal -0.160541 0.688626 0.707121
    outer loop
      vertex 26.6344 16.8655 -2
      vertex 26.1883 16.7615 -2
      vertex 26.4472 15.795 -1
    endloop
  endfacet
  facet normal 0.516009 0.48344 0.707122
    outer loop
      vertex 32.9497 14.9497 -2
      vertex 32.5105 13.9558 -1
      vertex 33.2629 14.6154 -2
    endloop
  endfacet
  facet normal 0.448568 0.546587 0.707128
    outer loop
      vertex 32.2613 15.5535 -2
      vertex 31.9558 14.5105 -1
      vertex 32.6154 15.2629 -2
    endloop
  endfacet
  facet normal 0.70674 0.0231566 -0.707094
    outer loop
      vertex 35 10 -9
      vertex 33.9995 10 -10
      vertex 34.985 10.4578 -9
    endloop
  endfacet
  facet normal 0.574752 0.411883 -0.707116
    outer loop
      vertex 33.8203 13.889 -9
      vertex 32.7597 13.6522 -10
      vertex 33.5535 14.2613 -9
    endloop
  endfacet
  facet normal -0.448577 -0.546544 0.707155
    outer loop
      vertex 23.958 5.19539 -1.28196
      vertex 24.3478 5.24028 -1
      vertex 24.0442 5.48946 -1
    endloop
  endfacet
  facet normal -0.448539 -0.546625 0.707117
    outer loop
      vertex 23.9486 4.83092 -1.56967
      vertex 24.3478 5.24028 -1
      vertex 23.958 5.19539 -1.28196
    endloop
  endfacet
  facet normal -0.448648 -0.546528 0.707123
    outer loop
      vertex 24.3478 5.24028 -1
      vertex 23.9486 4.83092 -1.56967
      vertex 23.9385 4.70698 -1.67187
    endloop
  endfacet
  facet normal 0.069305 -0.703701 0.707108
    outer loop
      vertex 28.7832 4.05188 -1
      vertex 28.4578 3.01499 -2
      vertex 28.9137 3.05989 -2
    endloop
  endfacet
  facet normal 0.0692716 -0.703697 0.707115
    outer loop
      vertex 28.7832 4.05188 -1
      vertex 28.3923 4.0134 -1
      vertex 28.4578 3.01499 -2
    endloop
  endfacet
  facet normal 0.0231409 -0.70673 -0.707105
    outer loop
      vertex 28.4578 3.01499 -9
      vertex 28 3 -9
      vertex 28 4.00053 -10
    endloop
  endfacet
  facet normal -0.205156 0.676708 -0.707091
    outer loop
      vertex 26.0715 15.6811 -10
      vertex 25.7499 16.6285 -9
      vertex 26.4472 15.795 -10
    endloop
  endfacet
  facet normal 0.448624 0.546558 0.707115
    outer loop
      vertex 32.2613 15.5535 -2
      vertex 31.6522 14.7597 -1
      vertex 31.9558 14.5105 -1
    endloop
  endfacet
  facet normal 0.032726 -0.999464 0
    outer loop
      vertex 28 3 -9
      vertex 28.4578 3.01499 -2
      vertex 28 3 -2
    endloop
  endfacet
  facet normal 0.032726 -0.999464 0
    outer loop
      vertex 28.4578 3.01499 -2
      vertex 28 3 -9
      vertex 28.4578 3.01499 -9
    endloop
  endfacet
  facet normal 0.70672 0.0232391 0.707111
    outer loop
      vertex 34.985 10.4578 -2
      vertex 33.9866 10.3923 -1
      vertex 33.9995 10 -1
    endloop
  endfacet
  facet normal 0.373425 -0.600462 -0.707107
    outer loop
      vertex 31.5 3.93782 -9
      vertex 30.9997 4.80429 -10
      vertex 31.3331 5.01163 -10
    endloop
  endfacet
  facet normal 0.412742 -0.910848 0
    outer loop
      vertex 30.6788 3.53284 -9
      vertex 31.096 3.72189 -2
      vertex 30.6788 3.53284 -2
    endloop
  endfacet
  facet normal 0.412742 -0.910848 0
    outer loop
      vertex 31.096 3.72189 -2
      vertex 30.6788 3.53284 -9
      vertex 31.096 3.72189 -9
    endloop
  endfacet
  facet normal 0.115196 -0.697659 0.707108
    outer loop
      vertex 29.1705 4.11583 -1
      vertex 28.7832 4.05188 -1
      vertex 29.3656 3.1345 -2
    endloop
  endfacet
  facet normal 0.68362 -0.729838 0
    outer loop
      vertex 32.6154 4.73712 -9
      vertex 32.9497 5.05025 -2
      vertex 32.6154 4.73712 -2
    endloop
  endfacet
  facet normal 0.68362 -0.729838 0
    outer loop
      vertex 32.9497 5.05025 -2
      vertex 32.6154 4.73712 -9
      vertex 32.9497 5.05025 -9
    endloop
  endfacet
  facet normal -0.160541 0.688626 -0.707121
    outer loop
      vertex 26.4472 15.795 -10
      vertex 26.1883 16.7615 -9
      vertex 26.6344 16.8655 -9
    endloop
  endfacet
  facet normal 0.411883 0.574752 0.707116
    outer loop
      vertex 31.889 15.8203 -2
      vertex 31.6522 14.7597 -1
      vertex 32.2613 15.5535 -2
    endloop
  endfacet
  facet normal -0.582589 0.812767 1.63981e-05
    outer loop
      vertex 24.111 15.8203 -2
      vertex 23.7947 15.5936 -3.13263
      vertex 23.9062 15.6735 -2
    endloop
  endfacet
  facet normal -0.583057 0.812431 0.000214275
    outer loop
      vertex 24.111 15.8203 -2
      vertex 23.7387 15.5535 -3.47185
      vertex 23.7947 15.5936 -3.13263
    endloop
  endfacet
  facet normal -0.582497 0.812833 0
    outer loop
      vertex 24.111 15.8203 -9
      vertex 23.7387 15.5535 -3.47185
      vertex 24.111 15.8203 -2
    endloop
  endfacet
  facet normal -0.582497 0.812833 0
    outer loop
      vertex 23.7387 15.5535 -3.47185
      vertex 24.111 15.8203 -9
      vertex 23.7387 15.5535 -9
    endloop
  endfacet
  facet normal 0.516032 -0.483418 0.70712
    outer loop
      vertex 33.2629 5.38458 -2
      vertex 32.5105 6.04417 -1
      vertex 32.9497 5.05025 -2
    endloop
  endfacet
  facet normal 0.623595 -0.333329 0.707122
    outer loop
      vertex 33.3807 7.34644 -1
      vertex 33.1957 7.00034 -1
      vertex 34.0622 6.5 -2
    endloop
  endfacet
  facet normal -0.482504 0.516695 0.70726
    outer loop
      vertex 24.0442 14.5105 -1
      vertex 23.9632 14.6028 -1.12269
      vertex 23.9646 14.5457 -1.08002
    endloop
  endfacet
  facet normal 0.249106 -0.661773 0.707109
    outer loop
      vertex 30.2958 4.4572 -1
      vertex 29.9285 4.31894 -1
      vertex 30.2501 3.37149 -2
    endloop
  endfacet
  facet normal -0.291917 0.644039 0.707105
    outer loop
      vertex 25.3212 16.4672 -2
      vertex 24.904 16.2781 -2
      vertex 25.3464 15.3807 -1
    endloop
  endfacet
  facet normal 0.411916 0.574737 0.707108
    outer loop
      vertex 31.889 15.8203 -2
      vertex 31.3331 14.9884 -1
      vertex 31.6522 14.7597 -1
    endloop
  endfacet
  facet normal 0.661796 -0.249003 0.707123
    outer loop
      vertex 34.6285 7.74992 -2
      vertex 33.5428 7.70418 -1
      vertex 34.4672 7.32122 -2
    endloop
  endfacet
  facet normal 0.999464 0.0327478 0
    outer loop
      vertex 35 10 -2
      vertex 34.985 10.4578 -9
      vertex 34.985 10.4578 -2
    endloop
  endfacet
  facet normal 0.999464 0.0327478 0
    outer loop
      vertex 34.985 10.4578 -9
      vertex 35 10 -2
      vertex 35 10 -9
    endloop
  endfacet
  facet normal 0.676702 -0.20517 0.707092
    outer loop
      vertex 33.795 8.4472 -1
      vertex 33.6811 8.07153 -1
      vertex 34.6285 7.74992 -2
    endloop
  endfacet
  facet normal 0.574737 0.411916 -0.707108
    outer loop
      vertex 32.9884 13.3331 -10
      vertex 32.7597 13.6522 -10
      vertex 33.8203 13.889 -9
    endloop
  endfacet
  facet normal -0.676676 0.205146 -0.707124
    outer loop
      vertex 21.9449 11.7703 -9.688
      vertex 22.3189 11.9285 -10
      vertex 22.205 11.5528 -10
    endloop
  endfacet
  facet normal -0.676693 0.205314 -0.707059
    outer loop
      vertex 22.3189 11.9285 -10
      vertex 21.9449 11.7703 -9.688
      vertex 21.9703 12.0468 -9.63202
    endloop
  endfacet
  facet normal -0.160673 0.688624 -0.707094
    outer loop
      vertex 26.8295 15.8842 -10
      vertex 26.4472 15.795 -10
      vertex 26.6344 16.8655 -9
    endloop
  endfacet
  facet normal -0.023185 -0.706719 -0.707114
    outer loop
      vertex 28 4.00053 -10
      vertex 27.5422 3.01499 -9
      vertex 27.6077 4.0134 -10
    endloop
  endfacet
  facet normal -0.623599 0.333331 -0.707117
    outer loop
      vertex 22.1293 13.2621 -9.28103
      vertex 22.8043 12.9997 -10
      vertex 22.6193 12.6536 -10
    endloop
  endfacet
  facet normal -0.623491 0.333567 -0.707101
    outer loop
      vertex 22.8043 12.9997 -10
      vertex 22.1293 13.2621 -9.28103
      vertex 22.1472 13.3791 -9.24162
    endloop
  endfacet
  facet normal 0.697685 0.11511 0.707096
    outer loop
      vertex 34.8655 11.3656 -2
      vertex 33.8842 11.1705 -1
      vertex 33.9481 10.7832 -1
    endloop
  endfacet
  facet normal 0.483392 -0.516073 0.707108
    outer loop
      vertex 32.9497 5.05025 -2
      vertex 31.9558 5.48946 -1
      vertex 32.6154 4.73712 -2
    endloop
  endfacet
  facet normal -0.373425 -0.600462 0.707107
    outer loop
      vertex 24.6669 5.01163 -1
      vertex 24.5 3.93782 -2
      vertex 25.0003 4.80429 -1
    endloop
  endfacet
  facet normal 0.697661 0.11517 0.70711
    outer loop
      vertex 34.8655 11.3656 -2
      vertex 33.9481 10.7832 -1
      vertex 34.9401 10.9137 -2
    endloop
  endfacet
  facet normal -0.333279 0.623645 -0.707101
    outer loop
      vertex 25.3464 15.3807 -10
      vertex 24.5 16.0622 -9
      vertex 24.904 16.2781 -9
    endloop
  endfacet
  facet normal 0.160574 -0.688636 0.707105
    outer loop
      vertex 29.5528 4.20497 -1
      vertex 29.3656 3.1345 -2
      vertex 29.8117 3.23852 -2
    endloop
  endfacet
  facet normal -0.411825 -0.574786 0.707121
    outer loop
      vertex 23.9385 4.70698 -1.67187
      vertex 24.111 4.17971 -2
      vertex 24.3478 5.24028 -1
    endloop
  endfacet
  facet normal -0.411836 -0.574786 0.707115
    outer loop
      vertex 24.111 4.17971 -2
      vertex 23.9385 4.70698 -1.67187
      vertex 23.9062 4.32645 -2
    endloop
  endfacet
  facet normal 0.448568 0.546587 -0.707128
    outer loop
      vertex 32.6154 15.2629 -9
      vertex 31.9558 14.5105 -10
      vertex 32.2613 15.5535 -9
    endloop
  endfacet
  facet normal -0.516032 -0.483418 -0.70712
    outer loop
      vertex 23.0503 5.05025 -9
      vertex 22.7371 5.38458 -9
      vertex 23.4895 6.04417 -10
    endloop
  endfacet
  facet normal -0.160568 -0.688636 -0.707106
    outer loop
      vertex 26.6344 3.1345 -9
      vertex 26.4472 4.20497 -10
      vertex 26.8295 4.11583 -10
    endloop
  endfacet
  facet normal 0.516051 -0.483404 -0.707115
    outer loop
      vertex 32.9497 5.05025 -9
      vertex 32.2422 5.75775 -10
      vertex 32.5105 6.04417 -10
    endloop
  endfacet
  facet normal 0.688624 0.160673 -0.707094
    outer loop
      vertex 33.8842 11.1705 -10
      vertex 33.795 11.5528 -10
      vertex 34.8655 11.3656 -9
    endloop
  endfacet
  facet normal 0.676641 0.205277 -0.70712
    outer loop
      vertex 34.7615 11.8117 -9
      vertex 33.795 11.5528 -10
      vertex 34.6285 12.2501 -9
    endloop
  endfacet
  facet normal -0.697484 -0.115732 -0.707193
    outer loop
      vertex 21.8857 9.1113 -9.81881
      vertex 21.8814 9.19441 -9.82817
      vertex 22.0519 9.21684 -10
    endloop
  endfacet
  facet normal -0.373367 0.600486 -0.707117
    outer loop
      vertex 24.6669 14.9884 -10
      vertex 24.5 16.0622 -9
      vertex 25.0003 15.1957 -10
    endloop
  endfacet
  facet normal -0.600485 0.373368 -0.707117
    outer loop
      vertex 23.0116 13.3331 -10
      vertex 22.1731 13.5292 -9.1844
      vertex 22.2229 13.8601 -9.05197
    endloop
  endfacet
  facet normal -0.600523 0.373275 -0.707133
    outer loop
      vertex 22.1731 13.5292 -9.1844
      vertex 23.0116 13.3331 -10
      vertex 22.162 13.4651 -9.20881
    endloop
  endfacet
  facet normal 0.574737 0.411916 0.707108
    outer loop
      vertex 33.8203 13.889 -2
      vertex 32.7597 13.6522 -1
      vertex 32.9884 13.3331 -1
    endloop
  endfacet
  facet normal 0.688626 0.160541 0.707121
    outer loop
      vertex 34.7615 11.8117 -2
      vertex 33.795 11.5528 -1
      vertex 34.8655 11.3656 -2
    endloop
  endfacet
  facet normal 0.373404 0.600472 0.707108
    outer loop
      vertex 31.5 16.0622 -2
      vertex 31.3331 14.9884 -1
      vertex 31.889 15.8203 -2
    endloop
  endfacet
  facet normal 0.0693047 0.703697 0.707112
    outer loop
      vertex 28.9137 16.9401 -2
      vertex 28.4578 16.985 -2
      vertex 28.7832 15.9481 -1
    endloop
  endfacet
  facet normal 0.160541 0.688626 0.707121
    outer loop
      vertex 29.8117 16.7615 -2
      vertex 29.3656 16.8655 -2
      vertex 29.5528 15.795 -1
    endloop
  endfacet
  facet normal -0.688528 0.160928 -0.707129
    outer loop
      vertex 22.205 11.5528 -10
      vertex 21.9229 11.5035 -9.73654
      vertex 21.9317 11.626 -9.71723
    endloop
  endfacet
  facet normal 0.44857 -0.546607 0.707111
    outer loop
      vertex 32.6154 4.73712 -2
      vertex 31.9558 5.48946 -1
      vertex 32.2613 4.44653 -2
    endloop
  endfacet
  facet normal 0.471376 -0.881933 0
    outer loop
      vertex 31.096 3.72189 -9
      vertex 31.5 3.93782 -2
      vertex 31.096 3.72189 -2
    endloop
  endfacet
  facet normal 0.471376 -0.881933 0
    outer loop
      vertex 31.5 3.93782 -2
      vertex 31.096 3.72189 -9
      vertex 31.5 3.93782 -9
    endloop
  endfacet
  facet normal 0.546558 0.448624 0.707115
    outer loop
      vertex 33.5535 14.2613 -2
      vertex 32.5105 13.9558 -1
      vertex 32.7597 13.6522 -1
    endloop
  endfacet
  facet normal 0.697682 -0.115106 -0.7071
    outer loop
      vertex 34.8655 8.63437 -9
      vertex 33.8842 8.82953 -10
      vertex 33.9481 9.21684 -10
    endloop
  endfacet
  facet normal -0.373367 0.600486 0.707117
    outer loop
      vertex 25.0003 15.1957 -1
      vertex 24.5 16.0622 -2
      vertex 24.6669 14.9884 -1
    endloop
  endfacet
  facet normal -0.528059 -0.849208 0
    outer loop
      vertex 24.111 4.17971 -9
      vertex 24.5 3.93782 -2
      vertex 24.111 4.17971 -2
    endloop
  endfacet
  facet normal -0.528059 -0.849208 -0
    outer loop
      vertex 24.5 3.93782 -2
      vertex 24.111 4.17971 -9
      vertex 24.5 3.93782 -9
    endloop
  endfacet
  facet normal -0.11511 0.697685 0.707096
    outer loop
      vertex 27.2168 15.9481 -1
      vertex 26.6344 16.8655 -2
      vertex 26.8295 15.8842 -1
    endloop
  endfacet
  facet normal -0.483422 0.516034 -0.707115
    outer loop
      vertex 23.7578 14.2422 -10
      vertex 23.0503 14.9497 -9
      vertex 24.0442 14.5105 -10
    endloop
  endfacet
  facet normal 0.516051 -0.483404 0.707115
    outer loop
      vertex 32.5105 6.04417 -1
      vertex 32.2422 5.75775 -1
      vertex 32.9497 5.05025 -2
    endloop
  endfacet
  facet normal 0.688624 -0.16054 0.707124
    outer loop
      vertex 34.8655 8.63437 -2
      vertex 33.795 8.4472 -1
      vertex 34.7615 8.18827 -2
    endloop
  endfacet
  facet normal -0.0980123 0.995185 0
    outer loop
      vertex 27.5422 16.985 -9
      vertex 27.0863 16.9401 -2
      vertex 27.5422 16.985 -2
    endloop
  endfacet
  facet normal -0.0980123 0.995185 0
    outer loop
      vertex 27.0863 16.9401 -2
      vertex 27.5422 16.985 -9
      vertex 27.0863 16.9401 -9
    endloop
  endfacet
  facet normal 0.160673 0.688624 -0.707094
    outer loop
      vertex 29.5528 15.795 -10
      vertex 29.1705 15.8842 -10
      vertex 29.3656 16.8655 -9
    endloop
  endfacet
  facet normal 0.0693047 0.703697 -0.707112
    outer loop
      vertex 28.7832 15.9481 -10
      vertex 28.4578 16.985 -9
      vertex 28.9137 16.9401 -9
    endloop
  endfacet
  facet normal 0.205239 -0.676669 -0.707104
    outer loop
      vertex 29.8117 3.23852 -9
      vertex 29.5528 4.20497 -10
      vertex 30.2501 3.37149 -9
    endloop
  endfacet
  facet normal -0.0980123 -0.995185 0
    outer loop
      vertex 27.0863 3.05989 -9
      vertex 27.5422 3.01499 -2
      vertex 27.0863 3.05989 -2
    endloop
  endfacet
  facet normal -0.0980123 -0.995185 -0
    outer loop
      vertex 27.5422 3.01499 -2
      vertex 27.0863 3.05989 -9
      vertex 27.5422 3.01499 -9
    endloop
  endfacet
  facet normal -0.412832 0.910807 0
    outer loop
      vertex 25.3212 16.4672 -9
      vertex 24.904 16.2781 -2
      vertex 25.3212 16.4672 -2
    endloop
  endfacet
  facet normal -0.412832 0.910807 0
    outer loop
      vertex 24.904 16.2781 -2
      vertex 25.3212 16.4672 -9
      vertex 24.904 16.2781 -9
    endloop
  endfacet
  facet normal -0.291767 -0.644092 -0.707119
    outer loop
      vertex 25.7042 4.4572 -10
      vertex 25.3212 3.53284 -9
      vertex 25.3464 4.61928 -10
    endloop
  endfacet
  facet normal -0.623568 -0.333343 -0.707138
    outer loop
      vertex 22.1293 6.73787 -9.28103
      vertex 22.0772 7.07918 -9.39598
      vertex 22.6193 7.34644 -10
    endloop
  endfacet
  facet normal -0.411911 -0.574749 -0.707102
    outer loop
      vertex 24.111 4.17971 -9
      vertex 23.7387 4.44653 -9
      vertex 24.3478 5.24028 -10
    endloop
  endfacet
  facet normal -0.706925 -0.0226694 -0.706925
    outer loop
      vertex 21.8656 9.93732 -9.86309
      vertex 21.865 10 -9.8645
      vertex 22.0005 10 -10
    endloop
  endfacet
  facet normal -0.333332 0.6236 -0.707116
    outer loop
      vertex 25.0003 15.1957 -10
      vertex 24.5 16.0622 -9
      vertex 25.3464 15.3807 -10
    endloop
  endfacet
  facet normal -0.0693076 0.703697 0.707111
    outer loop
      vertex 27.5422 16.985 -2
      vertex 27.2168 15.9481 -1
      vertex 27.6077 15.9866 -1
    endloop
  endfacet
  facet normal -0.64407 0.291794 -0.707128
    outer loop
      vertex 22.4572 12.2958 -10
      vertex 22.0436 12.6669 -9.47015
      vertex 22.6193 12.6536 -10
    endloop
  endfacet
  facet normal -0.6442 0.291596 -0.707091
    outer loop
      vertex 22.0436 12.6669 -9.47015
      vertex 22.4572 12.2958 -10
      vertex 22.0186 12.4775 -9.52548
    endloop
  endfacet
  facet normal 0.600499 -0.373331 0.707125
    outer loop
      vertex 33.1957 7.00034 -1
      vertex 32.9884 6.6669 -1
      vertex 34.0622 6.5 -2
    endloop
  endfacet
  facet normal -0.546558 0.448624 -0.707115
    outer loop
      vertex 23.2403 13.6522 -10
      vertex 22.4465 14.2613 -9
      vertex 23.4895 13.9558 -10
    endloop
  endfacet
  facet normal -0.162876 0.986646 0
    outer loop
      vertex 27.0863 16.9401 -9
      vertex 26.6344 16.8655 -2
      vertex 27.0863 16.9401 -2
    endloop
  endfacet
  facet normal -0.162876 0.986646 0
    outer loop
      vertex 26.6344 16.8655 -2
      vertex 27.0863 16.9401 -9
      vertex 26.6344 16.8655 -9
    endloop
  endfacet
  facet normal -0.0231566 0.70674 0.707094
    outer loop
      vertex 28 17 -2
      vertex 27.5422 16.985 -2
      vertex 28 15.9995 -1
    endloop
  endfacet
  facet normal 0.661775 -0.249145 0.707093
    outer loop
      vertex 33.6811 8.07153 -1
      vertex 33.5428 7.70418 -1
      vertex 34.6285 7.74992 -2
    endloop
  endfacet
  facet normal -0.249175 0.661765 -0.707091
    outer loop
      vertex 26.0715 15.6811 -10
      vertex 25.7042 15.5428 -10
      vertex 25.7499 16.6285 -9
    endloop
  endfacet
  facet normal 0.773013 0.63439 0
    outer loop
      vertex 33.5535 14.2613 -2
      vertex 33.2629 14.6154 -9
      vertex 33.2629 14.6154 -2
    endloop
  endfacet
  facet normal 0.773013 0.63439 0
    outer loop
      vertex 33.2629 14.6154 -9
      vertex 33.5535 14.2613 -2
      vertex 33.5535 14.2613 -9
    endloop
  endfacet
  facet normal 0.600472 0.373404 0.707108
    outer loop
      vertex 33.8203 13.889 -2
      vertex 32.9884 13.3331 -1
      vertex 34.0622 13.5 -2
    endloop
  endfacet
  facet normal 0.333279 0.623645 -0.707101
    outer loop
      vertex 31.5 16.0622 -9
      vertex 30.6536 15.3807 -10
      vertex 31.096 16.2781 -9
    endloop
  endfacet
  facet normal 0.676641 0.205277 0.70712
    outer loop
      vertex 34.6285 12.2501 -2
      vertex 33.795 11.5528 -1
      vertex 34.7615 11.8117 -2
    endloop
  endfacet
  facet normal 0.528075 0.849198 -0
    outer loop
      vertex 31.889 15.8203 -9
      vertex 31.5 16.0622 -2
      vertex 31.889 15.8203 -2
    endloop
  endfacet
  facet normal 0.528075 0.849198 0
    outer loop
      vertex 31.5 16.0622 -2
      vertex 31.889 15.8203 -9
      vertex 31.5 16.0622 -9
    endloop
  endfacet
  facet normal 0.63439 0.773013 -0
    outer loop
      vertex 32.6154 15.2629 -9
      vertex 32.2613 15.5535 -2
      vertex 32.6154 15.2629 -2
    endloop
  endfacet
  facet normal 0.63439 0.773013 0
    outer loop
      vertex 32.2613 15.5535 -2
      vertex 32.6154 15.2629 -9
      vertex 32.2613 15.5535 -9
    endloop
  endfacet
  facet normal 0.37339 -0.600474 -0.707114
    outer loop
      vertex 31.5 3.93782 -9
      vertex 31.3331 5.01163 -10
      vertex 31.889 4.17971 -9
    endloop
  endfacet
  facet normal -0.448583 0.546509 0.707178
    outer loop
      vertex 24.3478 14.7597 -1
      vertex 23.958 14.8046 -1.28196
      vertex 24.0442 14.5105 -1
    endloop
  endfacet
  facet normal -0.448543 0.546595 0.707137
    outer loop
      vertex 24.3478 14.7597 -1
      vertex 23.9486 15.1691 -1.56967
      vertex 23.958 14.8046 -1.28196
    endloop
  endfacet
  facet normal -0.448394 0.546729 0.707128
    outer loop
      vertex 23.9486 15.1691 -1.56967
      vertex 24.3478 14.7597 -1
      vertex 23.9385 15.293 -1.67187
    endloop
  endfacet
  facet normal -0.48344 0.516009 -0.707122
    outer loop
      vertex 24.0442 14.5105 -10
      vertex 23.0503 14.9497 -9
      vertex 23.3846 15.2629 -9
    endloop
  endfacet
  facet normal 0.483392 -0.516073 -0.707108
    outer loop
      vertex 32.6154 4.73712 -9
      vertex 31.9558 5.48946 -10
      vertex 32.9497 5.05025 -9
    endloop
  endfacet
  facet normal 0.697661 0.11517 -0.70711
    outer loop
      vertex 34.9401 10.9137 -9
      vertex 33.9481 10.7832 -10
      vertex 34.8655 11.3656 -9
    endloop
  endfacet
  facet normal 0.661796 -0.249003 -0.707123
    outer loop
      vertex 34.4672 7.32122 -9
      vertex 33.5428 7.70418 -10
      vertex 34.6285 7.74992 -9
    endloop
  endfacet
  facet normal 0.729762 0.683701 0
    outer loop
      vertex 33.2629 14.6154 -2
      vertex 32.9497 14.9497 -9
      vertex 32.9497 14.9497 -2
    endloop
  endfacet
  facet normal 0.729762 0.683701 0
    outer loop
      vertex 32.9497 14.9497 -9
      vertex 33.2629 14.6154 -2
      vertex 33.2629 14.6154 -9
    endloop
  endfacet
  facet normal -0.411916 0.574737 0.707108
    outer loop
      vertex 24.6669 14.9884 -1
      vertex 24.111 15.8203 -2
      vertex 24.3478 14.7597 -1
    endloop
  endfacet
  facet normal 0.574767 -0.411849 0.707123
    outer loop
      vertex 33.8203 6.11101 -2
      vertex 32.7597 6.34781 -1
      vertex 33.5535 5.73867 -2
    endloop
  endfacet
  facet normal 0.703697 0.0693076 0.707111
    outer loop
      vertex 34.985 10.4578 -2
      vertex 33.9481 10.7832 -1
      vertex 33.9866 10.3923 -1
    endloop
  endfacet
  facet normal -0.333317 -0.623629 0.707098
    outer loop
      vertex 25.3464 4.61928 -1
      vertex 24.5 3.93782 -2
      vertex 24.904 3.72189 -2
    endloop
  endfacet
  facet normal -0.0232391 0.70672 0.707111
    outer loop
      vertex 28 15.9995 -1
      vertex 27.5422 16.985 -2
      vertex 27.6077 15.9866 -1
    endloop
  endfacet
  facet normal 0.205156 0.676708 -0.707091
    outer loop
      vertex 29.9285 15.6811 -10
      vertex 29.5528 15.795 -10
      vertex 30.2501 16.6285 -9
    endloop
  endfacet
  facet normal -0.160673 0.688624 0.707094
    outer loop
      vertex 26.6344 16.8655 -2
      vertex 26.4472 15.795 -1
      vertex 26.8295 15.8842 -1
    endloop
  endfacet
  facet normal 0.412832 0.910807 -0
    outer loop
      vertex 31.096 16.2781 -9
      vertex 30.6788 16.4672 -2
      vertex 31.096 16.2781 -2
    endloop
  endfacet
  facet normal 0.412832 0.910807 0
    outer loop
      vertex 30.6788 16.4672 -2
      vertex 31.096 16.2781 -9
      vertex 30.6788 16.4672 -9
    endloop
  endfacet
  facet normal 0.703697 0.0693047 -0.707112
    outer loop
      vertex 34.985 10.4578 -9
      vertex 33.9481 10.7832 -10
      vertex 34.9401 10.9137 -9
    endloop
  endfacet
  facet normal 0.291917 0.644039 0.707105
    outer loop
      vertex 30.6788 16.4672 -2
      vertex 30.6536 15.3807 -1
      vertex 31.096 16.2781 -2
    endloop
  endfacet
  facet normal 0.333279 0.623645 0.707101
    outer loop
      vertex 31.096 16.2781 -2
      vertex 30.6536 15.3807 -1
      vertex 31.5 16.0622 -2
    endloop
  endfacet
  facet normal -0.411883 0.574752 -0.707116
    outer loop
      vertex 24.3478 14.7597 -10
      vertex 23.7387 15.5535 -9
      vertex 24.111 15.8203 -9
    endloop
  endfacet
  facet normal -0.0692716 -0.703697 -0.707115
    outer loop
      vertex 27.5422 3.01499 -9
      vertex 27.2168 4.05188 -10
      vertex 27.6077 4.0134 -10
    endloop
  endfacet
  facet normal -0.729762 0.683701 0
    outer loop
      vertex 22.7371 14.6154 -7.67895
      vertex 23.0503 14.9497 -9
      vertex 22.7371 14.6154 -9
    endloop
  endfacet
  facet normal -0.729762 0.683701 0
    outer loop
      vertex 23.0503 14.9497 -9
      vertex 22.7371 14.6154 -7.67895
      vertex 23.0503 14.9497 -6.64669
    endloop
  endfacet
  facet normal -0.70366 -0.0688144 -0.707196
    outer loop
      vertex 21.8814 9.19441 -9.82817
      vertex 21.8791 9.27106 -9.83334
      vertex 22.0519 9.21684 -10
    endloop
  endfacet
  facet normal 0.44857 -0.546607 -0.707111
    outer loop
      vertex 32.2613 4.44653 -9
      vertex 31.9558 5.48946 -10
      vertex 32.6154 4.73712 -9
    endloop
  endfacet
  facet normal -0.291855 -0.644072 0.707101
    outer loop
      vertex 25.3464 4.61928 -1
      vertex 24.904 3.72189 -2
      vertex 25.3212 3.53284 -2
    endloop
  endfacet
  facet normal -0.227043 0.973885 0
    outer loop
      vertex 26.6344 16.8655 -9
      vertex 26.1883 16.7615 -2
      vertex 26.6344 16.8655 -2
    endloop
  endfacet
  facet normal -0.227043 0.973885 0
    outer loop
      vertex 26.1883 16.7615 -2
      vertex 26.6344 16.8655 -9
      vertex 26.1883 16.7615 -9
    endloop
  endfacet
  facet normal 0.703697 0.0693076 -0.707111
    outer loop
      vertex 33.9866 10.3923 -10
      vertex 33.9481 10.7832 -10
      vertex 34.985 10.4578 -9
    endloop
  endfacet
  facet normal -0.516034 0.483422 -0.707115
    outer loop
      vertex 23.4895 13.9558 -10
      vertex 23.0503 14.9497 -9
      vertex 23.7578 14.2422 -10
    endloop
  endfacet
  facet normal -0.162898 -0.986643 0
    outer loop
      vertex 26.6344 3.1345 -9
      vertex 27.0863 3.05989 -2
      vertex 26.6344 3.1345 -2
    endloop
  endfacet
  facet normal -0.162898 -0.986643 -0
    outer loop
      vertex 27.0863 3.05989 -2
      vertex 26.6344 3.1345 -9
      vertex 27.0863 3.05989 -9
    endloop
  endfacet
  facet normal 0.411916 0.574737 -0.707108
    outer loop
      vertex 31.6522 14.7597 -10
      vertex 31.3331 14.9884 -10
      vertex 31.889 15.8203 -9
    endloop
  endfacet
  facet normal -0.115186 -0.697663 0.707106
    outer loop
      vertex 27.2168 4.05188 -1
      vertex 26.6344 3.1345 -2
      vertex 27.0863 3.05989 -2
    endloop
  endfacet
  facet normal -0.448168 -0.546755 0.707251
    outer loop
      vertex 23.9632 5.39715 -1.12269
      vertex 23.958 5.19539 -1.28196
      vertex 24.0442 5.48946 -1
    endloop
  endfacet
  facet normal -0.68362 -0.729838 0
    outer loop
      vertex 23.3846 4.73712 -9
      vertex 23.0503 5.05025 -6.64669
      vertex 23.0503 5.05025 -9
    endloop
  endfacet
  facet normal -0.683726 -0.729739 -2.82286e-05
    outer loop
      vertex 23.0503 5.05025 -6.64669
      vertex 23.3846 4.73712 -9
      vertex 23.1822 4.92665 -6.21166
    endloop
  endfacet
  facet normal -0.683519 -0.729933 0
    outer loop
      vertex 23.1822 4.92665 -6.21166
      vertex 23.3846 4.73712 -9
      vertex 23.3846 4.73712 -5.34378
    endloop
  endfacet
  facet normal 0.411853 -0.574774 -0.707115
    outer loop
      vertex 31.889 4.17971 -9
      vertex 31.3331 5.01163 -10
      vertex 31.6522 5.24028 -10
    endloop
  endfacet
  facet normal 0.644054 -0.291835 0.707125
    outer loop
      vertex 33.5428 7.70418 -1
      vertex 33.3807 7.34644 -1
      vertex 34.4672 7.32122 -2
    endloop
  endfacet
  facet normal -0.77159 0.63612 0
    outer loop
      vertex 22.7371 14.6154 -9
      vertex 22.7263 14.6023 -7.71455
      vertex 22.7371 14.6154 -7.67895
    endloop
  endfacet
  facet normal -0.773013 0.63439 0
    outer loop
      vertex 22.4465 14.2613 -8.45795
      vertex 22.7371 14.6154 -9
      vertex 22.4465 14.2613 -9
    endloop
  endfacet
  facet normal -0.773036 0.634363 -3.00535e-05
    outer loop
      vertex 22.7371 14.6154 -9
      vertex 22.4465 14.2613 -8.45795
      vertex 22.7263 14.6023 -7.71455
    endloop
  endfacet
  facet normal 0.205156 0.676708 0.707091
    outer loop
      vertex 30.2501 16.6285 -2
      vertex 29.5528 15.795 -1
      vertex 29.9285 15.6811 -1
    endloop
  endfacet
  facet normal 0.249175 0.661765 -0.707091
    outer loop
      vertex 30.2958 15.5428 -10
      vertex 29.9285 15.6811 -10
      vertex 30.2501 16.6285 -9
    endloop
  endfacet
  facet normal 0.644067 0.291792 0.707132
    outer loop
      vertex 34.4672 12.6788 -2
      vertex 33.3807 12.6536 -1
      vertex 33.5428 12.2958 -1
    endloop
  endfacet
  facet normal 0.333317 -0.623629 0.707098
    outer loop
      vertex 31.5 3.93782 -2
      vertex 30.6536 4.61928 -1
      vertex 31.096 3.72189 -2
    endloop
  endfacet
  facet normal 0.48344 0.516009 -0.707122
    outer loop
      vertex 32.9497 14.9497 -9
      vertex 31.9558 14.5105 -10
      vertex 32.6154 15.2629 -9
    endloop
  endfacet
  facet normal 0.249002 0.661792 0.707128
    outer loop
      vertex 30.6788 16.4672 -2
      vertex 30.2501 16.6285 -2
      vertex 30.2958 15.5428 -1
    endloop
  endfacet
  facet normal 0.333332 0.6236 0.707116
    outer loop
      vertex 31.5 16.0622 -2
      vertex 30.6536 15.3807 -1
      vertex 30.9997 15.1957 -1
    endloop
  endfacet
  facet normal 0.483412 -0.516043 0.707115
    outer loop
      vertex 32.2422 5.75775 -1
      vertex 31.9558 5.48946 -1
      vertex 32.9497 5.05025 -2
    endloop
  endfacet
  facet normal -0.249002 0.661792 0.707128
    outer loop
      vertex 25.7499 16.6285 -2
      vertex 25.3212 16.4672 -2
      vertex 25.7042 15.5428 -1
    endloop
  endfacet
  facet normal 0.812833 0.582497 0
    outer loop
      vertex 33.8203 13.889 -2
      vertex 33.5535 14.2613 -9
      vertex 33.5535 14.2613 -2
    endloop
  endfacet
  facet normal 0.812833 0.582497 0
    outer loop
      vertex 33.5535 14.2613 -9
      vertex 33.8203 13.889 -2
      vertex 33.8203 13.889 -9
    endloop
  endfacet
  facet normal 0.516034 0.483422 0.707115
    outer loop
      vertex 32.9497 14.9497 -2
      vertex 32.2422 14.2422 -1
      vertex 32.5105 13.9558 -1
    endloop
  endfacet
  facet normal 0.483422 0.516034 0.707115
    outer loop
      vertex 32.9497 14.9497 -2
      vertex 31.9558 14.5105 -1
      vertex 32.2422 14.2422 -1
    endloop
  endfacet
  facet normal 0.546587 0.448568 -0.707128
    outer loop
      vertex 33.5535 14.2613 -9
      vertex 32.5105 13.9558 -10
      vertex 33.2629 14.6154 -9
    endloop
  endfacet
  facet normal 0.516034 0.483422 -0.707115
    outer loop
      vertex 32.5105 13.9558 -10
      vertex 32.2422 14.2422 -10
      vertex 32.9497 14.9497 -9
    endloop
  endfacet
  facet normal 0.291792 0.644067 0.707132
    outer loop
      vertex 30.6788 16.4672 -2
      vertex 30.2958 15.5428 -1
      vertex 30.6536 15.3807 -1
    endloop
  endfacet
  facet normal 0.623645 0.333279 -0.707101
    outer loop
      vertex 34.2781 13.096 -9
      vertex 33.3807 12.6536 -10
      vertex 34.0622 13.5 -9
    endloop
  endfacet
  facet normal -0.70679 -0.0232471 -0.707042
    outer loop
      vertex 21.8656 9.93732 -9.86309
      vertex 22.0134 9.60771 -10
      vertex 21.8691 9.59824 -9.85544
    endloop
  endfacet
  facet normal -0.706784 -0.0232418 -0.707048
    outer loop
      vertex 22.0134 9.60771 -10
      vertex 21.8656 9.93732 -9.86309
      vertex 22.0005 10 -10
    endloop
  endfacet
  facet normal 0.546558 0.448624 -0.707115
    outer loop
      vertex 32.7597 13.6522 -10
      vertex 32.5105 13.9558 -10
      vertex 33.5535 14.2613 -9
    endloop
  endfacet
  facet normal -0.249074 -0.661778 -0.707116
    outer loop
      vertex 25.7499 3.37149 -9
      vertex 25.3212 3.53284 -9
      vertex 25.7042 4.4572 -10
    endloop
  endfacet
  facet normal -0.57481 0.411804 -0.707114
    outer loop
      vertex 23.2403 13.6522 -10
      vertex 22.2593 14 -9
      vertex 22.4465 14.2613 -9
    endloop
  endfacet
  facet normal -0.57484 0.411746 -0.707124
    outer loop
      vertex 22.2261 13.8786 -9.0437
      vertex 22.2593 14 -9
      vertex 23.2403 13.6522 -10
    endloop
  endfacet
  facet normal -0.573532 0.411766 -0.708174
    outer loop
      vertex 22.2593 14 -9
      vertex 22.2261 13.8786 -9.0437
      vertex 22.2425 13.9766 -9
    endloop
  endfacet
  facet normal 0.88196 0.471325 0
    outer loop
      vertex 34.2781 13.096 -2
      vertex 34.0622 13.5 -9
      vertex 34.0622 13.5 -2
    endloop
  endfacet
  facet normal 0.88196 0.471325 0
    outer loop
      vertex 34.0622 13.5 -9
      vertex 34.2781 13.096 -2
      vertex 34.2781 13.096 -9
    endloop
  endfacet
  facet normal -0.573751 -0.414205 -0.706572
    outer loop
      vertex 22.2229 6.1399 -9.05197
      vertex 23.2403 6.34781 -10
      vertex 22.2261 6.12136 -9.0437
    endloop
  endfacet
  facet normal -0.574725 -0.41192 -0.707116
    outer loop
      vertex 23.2403 6.34781 -10
      vertex 22.2229 6.1399 -9.05197
      vertex 23.0116 6.6669 -10
    endloop
  endfacet
  facet normal -0.697738 0.115119 -0.707043
    outer loop
      vertex 21.8857 10.8887 -9.81881
      vertex 22.1158 11.1705 -10
      vertex 22.0519 10.7832 -10
    endloop
  endfacet
  facet normal -0.697714 0.11508 -0.707073
    outer loop
      vertex 22.1158 11.1705 -10
      vertex 21.8857 10.8887 -9.81881
      vertex 21.9022 11.213 -9.78231
    endloop
  endfacet
  facet normal -0.676681 0.205138 -0.707122
    outer loop
      vertex 22.205 11.5528 -10
      vertex 21.9317 11.626 -9.71723
      vertex 21.9449 11.7703 -9.688
    endloop
  endfacet
  facet normal -0.291792 0.644067 0.707132
    outer loop
      vertex 25.7042 15.5428 -1
      vertex 25.3212 16.4672 -2
      vertex 25.3464 15.3807 -1
    endloop
  endfacet
  facet normal 0.373367 0.600486 0.707117
    outer loop
      vertex 31.5 16.0622 -2
      vertex 30.9997 15.1957 -1
      vertex 31.3331 14.9884 -1
    endloop
  endfacet
  facet normal 0.528059 -0.849208 0
    outer loop
      vertex 31.5 3.93782 -9
      vertex 31.889 4.17971 -2
      vertex 31.5 3.93782 -2
    endloop
  endfacet
  facet normal 0.528059 -0.849208 0
    outer loop
      vertex 31.889 4.17971 -2
      vertex 31.5 3.93782 -9
      vertex 31.889 4.17971 -9
    endloop
  endfacet
  facet normal -0.205266 -0.676655 0.70711
    outer loop
      vertex 26.0715 4.31894 -1
      vertex 25.7499 3.37149 -2
      vertex 26.4472 4.20497 -1
    endloop
  endfacet
  facet normal 0.676708 0.205156 0.707091
    outer loop
      vertex 34.6285 12.2501 -2
      vertex 33.6811 11.9285 -1
      vertex 33.795 11.5528 -1
    endloop
  endfacet
  facet normal 0.623629 -0.333288 -0.707111
    outer loop
      vertex 34.0622 6.5 -9
      vertex 33.3807 7.34644 -10
      vertex 34.2781 6.90398 -9
    endloop
  endfacet
  facet normal 0.205277 0.676641 0.70712
    outer loop
      vertex 29.8117 16.7615 -2
      vertex 29.5528 15.795 -1
      vertex 30.2501 16.6285 -2
    endloop
  endfacet
  facet normal 0.0231566 0.70674 -0.707094
    outer loop
      vertex 28.4578 16.985 -9
      vertex 28 15.9995 -10
      vertex 28 17 -9
    endloop
  endfacet
  facet normal 0.0231566 0.70674 0.707094
    outer loop
      vertex 28 17 -2
      vertex 28 15.9995 -1
      vertex 28.4578 16.985 -2
    endloop
  endfacet
  facet normal 0.37339 -0.600474 0.707114
    outer loop
      vertex 31.889 4.17971 -2
      vertex 31.3331 5.01163 -1
      vertex 31.5 3.93782 -2
    endloop
  endfacet
  facet normal 0.448611 -0.546586 0.707101
    outer loop
      vertex 31.9558 5.48946 -1
      vertex 31.6522 5.24028 -1
      vertex 32.2613 4.44653 -2
    endloop
  endfacet
  facet normal -0.683653 0.729807 0
    outer loop
      vertex 23.3846 15.2629 -9
      vertex 23.1822 15.0733 -6.21166
      vertex 23.3846 15.2629 -5.34378
    endloop
  endfacet
  facet normal -0.683752 0.729715 -1.34471e-05
    outer loop
      vertex 23.3846 15.2629 -9
      vertex 23.0503 14.9497 -6.64669
      vertex 23.1822 15.0733 -6.21166
    endloop
  endfacet
  facet normal -0.683701 0.729762 0
    outer loop
      vertex 23.0503 14.9497 -6.64669
      vertex 23.3846 15.2629 -9
      vertex 23.0503 14.9497 -9
    endloop
  endfacet
  facet normal -0.516009 0.48344 -0.707122
    outer loop
      vertex 23.4895 13.9558 -10
      vertex 22.7371 14.6154 -9
      vertex 23.0503 14.9497 -9
    endloop
  endfacet
  facet normal 0.6236 0.333332 -0.707116
    outer loop
      vertex 33.3807 12.6536 -10
      vertex 33.1957 12.9997 -10
      vertex 34.0622 13.5 -9
    endloop
  endfacet
  facet normal -0.115196 -0.697659 0.707108
    outer loop
      vertex 26.8295 4.11583 -1
      vertex 26.6344 3.1345 -2
      vertex 27.2168 4.05188 -1
    endloop
  endfacet
  facet normal -0.812945 -0.582341 0
    outer loop
      vertex 22.4465 5.73867 -9
      vertex 22.2593 6 -8.9555
      vertex 22.2593 6 -9
    endloop
  endfacet
  facet normal -0.812945 -0.582341 0
    outer loop
      vertex 22.2593 6 -8.9555
      vertex 22.4465 5.73867 -9
      vertex 22.4465 5.73867 -8.45795
    endloop
  endfacet
  facet normal -0.48327 -0.515872 0.707338
    outer loop
      vertex 23.9673 5.5615 -1
      vertex 23.9646 5.45431 -1.08002
      vertex 24.0442 5.48946 -1
    endloop
  endfacet
  facet normal -0.37339 -0.600474 -0.707114
    outer loop
      vertex 24.5 3.93782 -9
      vertex 24.111 4.17971 -9
      vertex 24.6669 5.01163 -10
    endloop
  endfacet
  facet normal -0.333317 -0.623629 -0.707098
    outer loop
      vertex 24.904 3.72189 -9
      vertex 24.5 3.93782 -9
      vertex 25.3464 4.61928 -10
    endloop
  endfacet
  facet normal 0.703697 0.0693047 0.707112
    outer loop
      vertex 34.9401 10.9137 -2
      vertex 33.9481 10.7832 -1
      vertex 34.985 10.4578 -2
    endloop
  endfacet
  facet normal -0.069305 -0.703701 0.707108
    outer loop
      vertex 27.2168 4.05188 -1
      vertex 27.0863 3.05989 -2
      vertex 27.5422 3.01499 -2
    endloop
  endfacet
  facet normal 0.0693076 0.703697 0.707111
    outer loop
      vertex 28.4578 16.985 -2
      vertex 28.3923 15.9866 -1
      vertex 28.7832 15.9481 -1
    endloop
  endfacet
  facet normal 0.688624 0.160673 0.707094
    outer loop
      vertex 34.8655 11.3656 -2
      vertex 33.795 11.5528 -1
      vertex 33.8842 11.1705 -1
    endloop
  endfacet
  facet normal -0.11517 0.697661 0.70711
    outer loop
      vertex 27.0863 16.9401 -2
      vertex 26.6344 16.8655 -2
      vertex 27.2168 15.9481 -1
    endloop
  endfacet
  facet normal -0.0693047 0.703697 0.707112
    outer loop
      vertex 27.5422 16.985 -2
      vertex 27.0863 16.9401 -2
      vertex 27.2168 15.9481 -1
    endloop
  endfacet
  facet normal -0.448353 0.546628 0.707232
    outer loop
      vertex 24.0442 14.5105 -1
      vertex 23.958 14.8046 -1.28196
      vertex 23.9632 14.6028 -1.12269
    endloop
  endfacet
  facet normal -0.528075 0.849198 0
    outer loop
      vertex 24.5 16.0622 -9
      vertex 24.111 15.8203 -2
      vertex 24.5 16.0622 -2
    endloop
  endfacet
  facet normal -0.528075 0.849198 0
    outer loop
      vertex 24.111 15.8203 -2
      vertex 24.5 16.0622 -9
      vertex 24.111 15.8203 -9
    endloop
  endfacet
  facet normal -0.471325 0.88196 0
    outer loop
      vertex 24.904 16.2781 -9
      vertex 24.5 16.0622 -2
      vertex 24.904 16.2781 -2
    endloop
  endfacet
  facet normal -0.471325 0.88196 0
    outer loop
      vertex 24.5 16.0622 -2
      vertex 24.904 16.2781 -9
      vertex 24.5 16.0622 -9
    endloop
  endfacet
  facet normal -0.574731 0.411911 -0.707116
    outer loop
      vertex 22.2229 13.8601 -9.05197
      vertex 23.2403 13.6522 -10
      vertex 23.0116 13.3331 -10
    endloop
  endfacet
  facet normal -0.573429 0.414963 -0.706389
    outer loop
      vertex 23.2403 13.6522 -10
      vertex 22.2229 13.8601 -9.05197
      vertex 22.2261 13.8786 -9.0437
    endloop
  endfacet
  facet normal 0.661765 0.249175 0.707091
    outer loop
      vertex 34.6285 12.2501 -2
      vertex 33.5428 12.2958 -1
      vertex 33.6811 11.9285 -1
    endloop
  endfacet
  facet normal 0.661792 0.249002 0.707128
    outer loop
      vertex 34.4672 12.6788 -2
      vertex 33.5428 12.2958 -1
      vertex 34.6285 12.2501 -2
    endloop
  endfacet
  facet normal 0.697662 -0.115158 0.707111
    outer loop
      vertex 34.9401 9.08632 -2
      vertex 33.9481 9.21684 -1
      vertex 34.8655 8.63437 -2
    endloop
  endfacet
  facet normal 0.6236 0.333332 0.707116
    outer loop
      vertex 34.0622 13.5 -2
      vertex 33.1957 12.9997 -1
      vertex 33.3807 12.6536 -1
    endloop
  endfacet
  facet normal 0.600486 0.373367 0.707117
    outer loop
      vertex 34.0622 13.5 -2
      vertex 32.9884 13.3331 -1
      vertex 33.1957 12.9997 -1
    endloop
  endfacet
  facet normal 0.291917 0.644039 -0.707105
    outer loop
      vertex 31.096 16.2781 -9
      vertex 30.6536 15.3807 -10
      vertex 30.6788 16.4672 -9
    endloop
  endfacet
  facet normal 0.644042 -0.291891 -0.707113
    outer loop
      vertex 34.2781 6.90398 -9
      vertex 33.3807 7.34644 -10
      vertex 34.4672 7.32122 -9
    endloop
  endfacet
  facet normal -0.205277 0.676641 -0.70712
    outer loop
      vertex 26.4472 15.795 -10
      vertex 25.7499 16.6285 -9
      vertex 26.1883 16.7615 -9
    endloop
  endfacet
  facet normal 0.688626 0.160541 -0.707121
    outer loop
      vertex 34.8655 11.3656 -9
      vertex 33.795 11.5528 -10
      vertex 34.7615 11.8117 -9
    endloop
  endfacet
  facet normal 0.546582 -0.448577 -0.707125
    outer loop
      vertex 33.2629 5.38458 -9
      vertex 32.5105 6.04417 -10
      vertex 33.5535 5.73867 -9
    endloop
  endfacet
  facet normal 0.973885 -0.227043 0
    outer loop
      vertex 34.7615 8.18827 -2
      vertex 34.8655 8.63437 -9
      vertex 34.8655 8.63437 -2
    endloop
  endfacet
  facet normal 0.973885 -0.227043 0
    outer loop
      vertex 34.8655 8.63437 -9
      vertex 34.7615 8.18827 -2
      vertex 34.7615 8.18827 -9
    endloop
  endfacet
  facet normal -0.644068 0.291801 -0.707127
    outer loop
      vertex 22.6193 12.6536 -10
      vertex 22.0436 12.6669 -9.47015
      vertex 22.0772 12.9208 -9.39598
    endloop
  endfacet
  facet normal -0.411916 0.574737 -0.707108
    outer loop
      vertex 24.3478 14.7597 -10
      vertex 24.111 15.8203 -9
      vertex 24.6669 14.9884 -10
    endloop
  endfacet
  facet normal -0.411853 -0.574774 -0.707115
    outer loop
      vertex 24.6669 5.01163 -10
      vertex 24.111 4.17971 -9
      vertex 24.3478 5.24028 -10
    endloop
  endfacet
  facet normal -0.703671 0.0687694 -0.70719
    outer loop
      vertex 22.0519 10.7832 -10
      vertex 21.8791 10.7289 -9.83334
      vertex 21.8814 10.8056 -9.82817
    endloop
  endfacet
  facet normal -0.291792 0.644067 -0.707132
    outer loop
      vertex 25.3464 15.3807 -10
      vertex 25.3212 16.4672 -9
      vertex 25.7042 15.5428 -10
    endloop
  endfacet
  facet normal -0.291917 0.644039 -0.707105
    outer loop
      vertex 25.3464 15.3807 -10
      vertex 24.904 16.2781 -9
      vertex 25.3212 16.4672 -9
    endloop
  endfacet
  facet normal -0.205277 0.676641 0.70712
    outer loop
      vertex 26.1883 16.7615 -2
      vertex 25.7499 16.6285 -2
      vertex 26.4472 15.795 -1
    endloop
  endfacet
  facet normal 0.995185 0.0980123 0
    outer loop
      vertex 34.985 10.4578 -2
      vertex 34.9401 10.9137 -9
      vertex 34.9401 10.9137 -2
    endloop
  endfacet
  facet normal 0.995185 0.0980123 0
    outer loop
      vertex 34.9401 10.9137 -9
      vertex 34.985 10.4578 -2
      vertex 34.985 10.4578 -9
    endloop
  endfacet
  facet normal -0.0693076 0.703697 -0.707111
    outer loop
      vertex 27.6077 15.9866 -10
      vertex 27.2168 15.9481 -10
      vertex 27.5422 16.985 -9
    endloop
  endfacet
  facet normal -0.0692716 -0.703697 0.707115
    outer loop
      vertex 27.6077 4.0134 -1
      vertex 27.2168 4.05188 -1
      vertex 27.5422 3.01499 -2
    endloop
  endfacet
  facet normal -0.227085 -0.973875 0
    outer loop
      vertex 26.1883 3.23852 -9
      vertex 26.6344 3.1345 -2
      vertex 26.1883 3.23852 -2
    endloop
  endfacet
  facet normal -0.227085 -0.973875 -0
    outer loop
      vertex 26.6344 3.1345 -2
      vertex 26.1883 3.23852 -9
      vertex 26.6344 3.1345 -9
    endloop
  endfacet
  facet normal -0.623448 -0.333622 -0.707113
    outer loop
      vertex 22.1293 6.73787 -9.28103
      vertex 22.8043 7.00034 -10
      vertex 22.1472 6.62089 -9.24162
    endloop
  endfacet
  facet normal -0.623585 -0.333323 -0.707133
    outer loop
      vertex 22.8043 7.00034 -10
      vertex 22.1293 6.73787 -9.28103
      vertex 22.6193 7.34644 -10
    endloop
  endfacet
  facet normal -0.291855 -0.644072 -0.707101
    outer loop
      vertex 25.3212 3.53284 -9
      vertex 24.904 3.72189 -9
      vertex 25.3464 4.61928 -10
    endloop
  endfacet
  facet normal 0.160568 -0.688636 -0.707106
    outer loop
      vertex 29.3656 3.1345 -9
      vertex 29.1705 4.11583 -10
      vertex 29.5528 4.20497 -10
    endloop
  endfacet
  facet normal -0.205239 -0.676669 -0.707104
    outer loop
      vertex 26.1883 3.23852 -9
      vertex 25.7499 3.37149 -9
      vertex 26.4472 4.20497 -10
    endloop
  endfacet
  facet normal -0.697714 -0.115094 -0.70707
    outer loop
      vertex 21.8857 9.1113 -9.81881
      vertex 22.1158 8.82953 -10
      vertex 21.9022 8.78704 -9.78231
    endloop
  endfacet
  facet normal -0.697727 -0.115114 -0.707055
    outer loop
      vertex 22.1158 8.82953 -10
      vertex 21.8857 9.1113 -9.81881
      vertex 22.0519 9.21684 -10
    endloop
  endfacet
  facet normal -0.729792 -0.683669 0
    outer loop
      vertex 23.0503 5.05025 -9
      vertex 22.7371 5.38458 -7.67895
      vertex 22.7371 5.38458 -9
    endloop
  endfacet
  facet normal -0.729792 -0.683669 0
    outer loop
      vertex 22.7371 5.38458 -7.67895
      vertex 23.0503 5.05025 -9
      vertex 23.0503 5.05025 -6.64669
    endloop
  endfacet
  facet normal -0.516051 -0.483404 -0.707115
    outer loop
      vertex 23.7578 5.75775 -10
      vertex 23.0503 5.05025 -9
      vertex 23.4895 6.04417 -10
    endloop
  endfacet
  facet normal -0.0693047 0.703697 -0.707112
    outer loop
      vertex 27.2168 15.9481 -10
      vertex 27.0863 16.9401 -9
      vertex 27.5422 16.985 -9
    endloop
  endfacet
  facet normal -0.676681 -0.205111 -0.70713
    outer loop
      vertex 21.9449 8.22966 -9.688
      vertex 21.9317 8.37398 -9.71723
      vertex 22.205 8.4472 -10
    endloop
  endfacet
  facet normal -0.600505 -0.373337 -0.707116
    outer loop
      vertex 22.1731 6.47083 -9.1844
      vertex 23.0116 6.6669 -10
      vertex 22.2229 6.1399 -9.05197
    endloop
  endfacet
  facet normal -0.600363 -0.373683 -0.707053
    outer loop
      vertex 23.0116 6.6669 -10
      vertex 22.1731 6.47083 -9.1844
      vertex 22.162 6.53485 -9.20881
    endloop
  endfacet
  facet normal 0.162898 -0.986643 0
    outer loop
      vertex 28.9137 3.05989 -9
      vertex 29.3656 3.1345 -2
      vertex 28.9137 3.05989 -2
    endloop
  endfacet
  facet normal 0.162898 -0.986643 0
    outer loop
      vertex 29.3656 3.1345 -2
      vertex 28.9137 3.05989 -9
      vertex 29.3656 3.1345 -9
    endloop
  endfacet
  facet normal -0.812913 0.582385 0
    outer loop
      vertex 22.2593 14 -8.9555
      vertex 22.4465 14.2613 -9
      vertex 22.2593 14 -9
    endloop
  endfacet
  facet normal -0.812913 0.582385 0
    outer loop
      vertex 22.4465 14.2613 -9
      vertex 22.2593 14 -8.9555
      vertex 22.4465 14.2613 -8.45795
    endloop
  endfacet
  facet normal -0.600489 0.37337 -0.707112
    outer loop
      vertex 22.8043 12.9997 -10
      vertex 22.162 13.4651 -9.20881
      vertex 23.0116 13.3331 -10
    endloop
  endfacet
  facet normal -0.600647 0.373135 -0.707102
    outer loop
      vertex 22.162 13.4651 -9.20881
      vertex 22.8043 12.9997 -10
      vertex 22.1472 13.3791 -9.24162
    endloop
  endfacet
  facet normal 0.115196 -0.697659 -0.707108
    outer loop
      vertex 29.3656 3.1345 -9
      vertex 28.7832 4.05188 -10
      vertex 29.1705 4.11583 -10
    endloop
  endfacet
  facet normal -0.483045 0.515919 0.707457
    outer loop
      vertex 24.0442 14.5105 -1
      vertex 23.9646 14.5457 -1.08002
      vertex 23.9673 14.4385 -1
    endloop
  endfacet
  facet normal -0.160568 -0.688636 0.707106
    outer loop
      vertex 26.8295 4.11583 -1
      vertex 26.4472 4.20497 -1
      vertex 26.6344 3.1345 -2
    endloop
  endfacet
  facet normal 0.023185 -0.706719 0.707114
    outer loop
      vertex 28.3923 4.0134 -1
      vertex 28 4.00053 -1
      vertex 28.4578 3.01499 -2
    endloop
  endfacet
  facet normal -0.373425 -0.600462 -0.707107
    outer loop
      vertex 25.0003 4.80429 -10
      vertex 24.5 3.93782 -9
      vertex 24.6669 5.01163 -10
    endloop
  endfacet
  facet normal 0.227043 0.973885 -0
    outer loop
      vertex 29.8117 16.7615 -9
      vertex 29.3656 16.8655 -2
      vertex 29.8117 16.7615 -2
    endloop
  endfacet
  facet normal 0.227043 0.973885 0
    outer loop
      vertex 29.3656 16.8655 -2
      vertex 29.8117 16.7615 -9
      vertex 29.3656 16.8655 -9
    endloop
  endfacet
  facet normal 0.249175 0.661765 0.707091
    outer loop
      vertex 30.2501 16.6285 -2
      vertex 29.9285 15.6811 -1
      vertex 30.2958 15.5428 -1
    endloop
  endfacet
  facet normal 0.60047 -0.373412 0.707107
    outer loop
      vertex 34.0622 6.5 -2
      vertex 32.9884 6.6669 -1
      vertex 33.8203 6.11101 -2
    endloop
  endfacet
  facet normal 0.88195 -0.471343 0
    outer loop
      vertex 34.0622 6.5 -2
      vertex 34.2781 6.90398 -9
      vertex 34.2781 6.90398 -2
    endloop
  endfacet
  facet normal 0.88195 -0.471343 0
    outer loop
      vertex 34.2781 6.90398 -9
      vertex 34.0622 6.5 -2
      vertex 34.0622 6.5 -9
    endloop
  endfacet
  facet normal -0.33335 -0.623601 0.707107
    outer loop
      vertex 25.0003 4.80429 -1
      vertex 24.5 3.93782 -2
      vertex 25.3464 4.61928 -1
    endloop
  endfacet
  facet normal 0.0231409 -0.70673 0.707105
    outer loop
      vertex 28 4.00053 -1
      vertex 28 3 -2
      vertex 28.4578 3.01499 -2
    endloop
  endfacet
  facet normal 0.249074 -0.661778 0.707116
    outer loop
      vertex 30.2958 4.4572 -1
      vertex 30.2501 3.37149 -2
      vertex 30.6788 3.53284 -2
    endloop
  endfacet
  facet normal 0.160673 0.688624 0.707094
    outer loop
      vertex 29.3656 16.8655 -2
      vertex 29.1705 15.8842 -1
      vertex 29.5528 15.795 -1
    endloop
  endfacet
  facet normal 0.546587 0.448568 0.707128
    outer loop
      vertex 33.2629 14.6154 -2
      vertex 32.5105 13.9558 -1
      vertex 33.5535 14.2613 -2
    endloop
  endfacet
  facet normal 0.574752 0.411883 0.707116
    outer loop
      vertex 33.5535 14.2613 -2
      vertex 32.7597 13.6522 -1
      vertex 33.8203 13.889 -2
    endloop
  endfacet
  facet normal 0.0232391 0.70672 0.707111
    outer loop
      vertex 28.4578 16.985 -2
      vertex 28 15.9995 -1
      vertex 28.3923 15.9866 -1
    endloop
  endfacet
  facet normal -0.023185 -0.706719 0.707114
    outer loop
      vertex 27.6077 4.0134 -1
      vertex 27.5422 3.01499 -2
      vertex 28 4.00053 -1
    endloop
  endfacet
  facet normal 0.623629 -0.333288 0.707111
    outer loop
      vertex 34.2781 6.90398 -2
      vertex 33.3807 7.34644 -1
      vertex 34.0622 6.5 -2
    endloop
  endfacet
  facet normal 0.999464 -0.0327464 0
    outer loop
      vertex 34.985 9.54218 -2
      vertex 35 10 -9
      vertex 35 10 -2
    endloop
  endfacet
  facet normal 0.999464 -0.0327464 0
    outer loop
      vertex 35 10 -9
      vertex 34.985 9.54218 -2
      vertex 34.985 9.54218 -9
    endloop
  endfacet
  facet normal 0.849198 0.528075 0
    outer loop
      vertex 34.0622 13.5 -2
      vertex 33.8203 13.889 -9
      vertex 33.8203 13.889 -2
    endloop
  endfacet
  facet normal 0.849198 0.528075 0
    outer loop
      vertex 33.8203 13.889 -9
      vertex 34.0622 13.5 -2
      vertex 34.0622 13.5 -9
    endloop
  endfacet
  facet normal 0.986646 0.162876 0
    outer loop
      vertex 34.9401 10.9137 -2
      vertex 34.8655 11.3656 -9
      vertex 34.8655 11.3656 -2
    endloop
  endfacet
  facet normal 0.986646 0.162876 0
    outer loop
      vertex 34.8655 11.3656 -9
      vertex 34.9401 10.9137 -2
      vertex 34.9401 10.9137 -9
    endloop
  endfacet
  facet normal -0.373404 0.600472 -0.707108
    outer loop
      vertex 24.6669 14.9884 -10
      vertex 24.111 15.8203 -9
      vertex 24.5 16.0622 -9
    endloop
  endfacet
  facet normal 0.600472 0.373404 -0.707108
    outer loop
      vertex 34.0622 13.5 -9
      vertex 32.9884 13.3331 -10
      vertex 33.8203 13.889 -9
    endloop
  endfacet
  facet normal 0.956933 0.29031 0
    outer loop
      vertex 34.7615 11.8117 -2
      vertex 34.6285 12.2501 -9
      vertex 34.6285 12.2501 -2
    endloop
  endfacet
  facet normal 0.956933 0.29031 0
    outer loop
      vertex 34.6285 12.2501 -9
      vertex 34.7615 11.8117 -2
      vertex 34.7615 11.8117 -9
    endloop
  endfacet
  facet normal 0.483412 -0.516043 -0.707115
    outer loop
      vertex 32.9497 5.05025 -9
      vertex 31.9558 5.48946 -10
      vertex 32.2422 5.75775 -10
    endloop
  endfacet
  facet normal 0.33335 -0.623601 -0.707107
    outer loop
      vertex 31.5 3.93782 -9
      vertex 30.6536 4.61928 -10
      vertex 30.9997 4.80429 -10
    endloop
  endfacet
  facet normal 0.623645 0.333279 0.707101
    outer loop
      vertex 34.0622 13.5 -2
      vertex 33.3807 12.6536 -1
      vertex 34.2781 13.096 -2
    endloop
  endfacet
  facet normal 0.644039 0.291917 0.707105
    outer loop
      vertex 34.2781 13.096 -2
      vertex 33.3807 12.6536 -1
      vertex 34.4672 12.6788 -2
    endloop
  endfacet
  facet normal 0.333317 -0.623629 -0.707098
    outer loop
      vertex 31.096 3.72189 -9
      vertex 30.6536 4.61928 -10
      vertex 31.5 3.93782 -9
    endloop
  endfacet
  facet normal 0.291855 -0.644072 -0.707101
    outer loop
      vertex 30.6788 3.53284 -9
      vertex 30.6536 4.61928 -10
      vertex 31.096 3.72189 -9
    endloop
  endfacet
  facet normal 0.634377 -0.773024 0
    outer loop
      vertex 32.2613 4.44653 -9
      vertex 32.6154 4.73712 -2
      vertex 32.2613 4.44653 -2
    endloop
  endfacet
  facet normal 0.634377 -0.773024 0
    outer loop
      vertex 32.6154 4.73712 -2
      vertex 32.2613 4.44653 -9
      vertex 32.6154 4.73712 -9
    endloop
  endfacet
  facet normal 0.0693076 0.703697 -0.707111
    outer loop
      vertex 28.7832 15.9481 -10
      vertex 28.3923 15.9866 -10
      vertex 28.4578 16.985 -9
    endloop
  endfacet
  facet normal -0.0232391 0.70672 -0.707111
    outer loop
      vertex 27.6077 15.9866 -10
      vertex 27.5422 16.985 -9
      vertex 28 15.9995 -10
    endloop
  endfacet
  facet normal 0.697685 0.11511 -0.707096
    outer loop
      vertex 33.9481 10.7832 -10
      vertex 33.8842 11.1705 -10
      vertex 34.8655 11.3656 -9
    endloop
  endfacet
  facet normal -0.546579 -0.448582 -0.707124
    outer loop
      vertex 23.4895 6.04417 -10
      vertex 22.4465 5.73867 -9
      vertex 23.2403 6.34781 -10
    endloop
  endfacet
  facet normal 0.582526 -0.812812 0
    outer loop
      vertex 31.889 4.17971 -9
      vertex 32.2613 4.44653 -2
      vertex 31.889 4.17971 -2
    endloop
  endfacet
  facet normal 0.582526 -0.812812 0
    outer loop
      vertex 32.2613 4.44653 -2
      vertex 31.889 4.17971 -9
      vertex 32.2613 4.44653 -9
    endloop
  endfacet
  facet normal 0.11511 0.697685 -0.707096
    outer loop
      vertex 29.1705 15.8842 -10
      vertex 28.7832 15.9481 -10
      vertex 29.3656 16.8655 -9
    endloop
  endfacet
  facet normal -0.205156 0.676708 0.707091
    outer loop
      vertex 26.4472 15.795 -1
      vertex 25.7499 16.6285 -2
      vertex 26.0715 15.6811 -1
    endloop
  endfacet
  facet normal -0.249175 0.661765 0.707091
    outer loop
      vertex 25.7499 16.6285 -2
      vertex 25.7042 15.5428 -1
      vertex 26.0715 15.6811 -1
    endloop
  endfacet
  facet normal 0.11517 0.697661 0.70711
    outer loop
      vertex 28.9137 16.9401 -2
      vertex 28.7832 15.9481 -1
      vertex 29.3656 16.8655 -2
    endloop
  endfacet
  facet normal 0.0327478 0.999464 -0
    outer loop
      vertex 28.4578 16.985 -9
      vertex 28 17 -2
      vertex 28.4578 16.985 -2
    endloop
  endfacet
  facet normal 0.0327478 0.999464 0
    outer loop
      vertex 28 17 -2
      vertex 28.4578 16.985 -9
      vertex 28 17 -9
    endloop
  endfacet
  facet normal 0.291767 -0.644092 0.707119
    outer loop
      vertex 30.6536 4.61928 -1
      vertex 30.2958 4.4572 -1
      vertex 30.6788 3.53284 -2
    endloop
  endfacet
  facet normal 0.291855 -0.644072 0.707101
    outer loop
      vertex 31.096 3.72189 -2
      vertex 30.6536 4.61928 -1
      vertex 30.6788 3.53284 -2
    endloop
  endfacet
  facet normal -0.661743 -0.249222 -0.707096
    outer loop
      vertex 22.0186 7.52245 -9.52548
      vertex 21.996 7.72361 -9.57523
      vertex 22.4572 7.70418 -10
    endloop
  endfacet
  facet normal -0.773004 -0.634401 0
    outer loop
      vertex 22.7371 5.38458 -9
      vertex 22.4465 5.73867 -8.45795
      vertex 22.4465 5.73867 -9
    endloop
  endfacet
  facet normal -0.773004 -0.634401 2.13941e-07
    outer loop
      vertex 22.4465 5.73867 -8.45795
      vertex 22.7371 5.38458 -9
      vertex 22.7263 5.39774 -7.71455
    endloop
  endfacet
  facet normal -0.773014 -0.634389 0
    outer loop
      vertex 22.7263 5.39774 -7.71455
      vertex 22.7371 5.38458 -9
      vertex 22.7371 5.38458 -7.67895
    endloop
  endfacet
  facet normal -0.634377 -0.773024 0
    outer loop
      vertex 23.7387 4.44653 -9
      vertex 23.3846 4.73712 -5.34378
      vertex 23.3846 4.73712 -9
    endloop
  endfacet
  facet normal -0.634497 -0.772925 -1.94494e-05
    outer loop
      vertex 23.3846 4.73712 -5.34378
      vertex 23.7387 4.44653 -9
      vertex 23.5388 4.61052 -4.68217
    endloop
  endfacet
  facet normal -0.634246 -0.773131 0
    outer loop
      vertex 23.5388 4.61052 -4.68217
      vertex 23.7387 4.44653 -9
      vertex 23.7387 4.44653 -3.47185
    endloop
  endfacet
  facet normal 0.11511 0.697685 0.707096
    outer loop
      vertex 29.3656 16.8655 -2
      vertex 28.7832 15.9481 -1
      vertex 29.1705 15.8842 -1
    endloop
  endfacet
  facet normal 0.115186 -0.697663 -0.707106
    outer loop
      vertex 28.9137 3.05989 -9
      vertex 28.7832 4.05188 -10
      vertex 29.3656 3.1345 -9
    endloop
  endfacet
  facet normal 0.373425 -0.600462 0.707107
    outer loop
      vertex 31.3331 5.01163 -1
      vertex 30.9997 4.80429 -1
      vertex 31.5 3.93782 -2
    endloop
  endfacet
  facet normal -0.333279 0.623645 0.707101
    outer loop
      vertex 24.904 16.2781 -2
      vertex 24.5 16.0622 -2
      vertex 25.3464 15.3807 -1
    endloop
  endfacet
  facet normal -0.574826 -0.411769 -0.707122
    outer loop
      vertex 22.2593 6 -9
      vertex 23.2403 6.34781 -10
      vertex 22.4465 5.73867 -9
    endloop
  endfacet
  facet normal -0.572964 -0.411887 -0.708563
    outer loop
      vertex 22.2261 6.12136 -9.0437
      vertex 22.2593 6 -9
      vertex 22.2425 6.02337 -9
    endloop
  endfacet
  facet normal -0.574779 -0.411859 -0.707107
    outer loop
      vertex 22.2593 6 -9
      vertex 22.2261 6.12136 -9.0437
      vertex 23.2403 6.34781 -10
    endloop
  endfacet
  facet normal -0.448568 0.546587 -0.707128
    outer loop
      vertex 24.0442 14.5105 -10
      vertex 23.3846 15.2629 -9
      vertex 23.7387 15.5535 -9
    endloop
  endfacet
  facet normal -0.411855 0.574764 0.707122
    outer loop
      vertex 24.111 15.8203 -2
      vertex 23.9385 15.293 -1.67187
      vertex 24.3478 14.7597 -1
    endloop
  endfacet
  facet normal -0.411987 0.574761 0.707048
    outer loop
      vertex 23.9385 15.293 -1.67187
      vertex 24.111 15.8203 -2
      vertex 23.9062 15.6735 -2
    endloop
  endfacet
  facet normal -0.249074 -0.661778 0.707116
    outer loop
      vertex 25.7042 4.4572 -1
      vertex 25.3212 3.53284 -2
      vertex 25.7499 3.37149 -2
    endloop
  endfacet
  facet normal 0.160541 0.688626 -0.707121
    outer loop
      vertex 29.5528 15.795 -10
      vertex 29.3656 16.8655 -9
      vertex 29.8117 16.7615 -9
    endloop
  endfacet
  facet normal 0.582497 0.812833 -0
    outer loop
      vertex 32.2613 15.5535 -9
      vertex 31.889 15.8203 -2
      vertex 32.2613 15.5535 -2
    endloop
  endfacet
  facet normal 0.582497 0.812833 0
    outer loop
      vertex 31.889 15.8203 -2
      vertex 32.2613 15.5535 -9
      vertex 31.889 15.8203 -9
    endloop
  endfacet
  facet normal 0.483422 0.516034 -0.707115
    outer loop
      vertex 32.2422 14.2422 -10
      vertex 31.9558 14.5105 -10
      vertex 32.9497 14.9497 -9
    endloop
  endfacet
  facet normal -0.546587 0.448568 -0.707128
    outer loop
      vertex 23.4895 13.9558 -10
      vertex 22.4465 14.2613 -9
      vertex 22.7371 14.6154 -9
    endloop
  endfacet
  facet normal 0.644067 0.291792 -0.707132
    outer loop
      vertex 33.5428 12.2958 -10
      vertex 33.3807 12.6536 -10
      vertex 34.4672 12.6788 -9
    endloop
  endfacet
  facet normal -0.448611 -0.546586 -0.707101
    outer loop
      vertex 24.3478 5.24028 -10
      vertex 23.7387 4.44653 -9
      vertex 24.0442 5.48946 -10
    endloop
  endfacet
  facet normal -0.703716 -0.0693148 -0.707092
    outer loop
      vertex 21.8791 9.27106 -9.83334
      vertex 22.0134 9.60771 -10
      vertex 22.0519 9.21684 -10
    endloop
  endfacet
  facet normal -0.70377 -0.0692687 -0.707042
    outer loop
      vertex 22.0134 9.60771 -10
      vertex 21.8791 9.27106 -9.83334
      vertex 21.8691 9.59824 -9.85544
    endloop
  endfacet
  facet normal -0.249002 0.661792 -0.707128
    outer loop
      vertex 25.7042 15.5428 -10
      vertex 25.3212 16.4672 -9
      vertex 25.7499 16.6285 -9
    endloop
  endfacet
  facet normal -0.29031 0.956933 0
    outer loop
      vertex 26.1883 16.7615 -9
      vertex 25.7499 16.6285 -2
      vertex 26.1883 16.7615 -2
    endloop
  endfacet
  facet normal -0.29031 0.956933 0
    outer loop
      vertex 25.7499 16.6285 -2
      vertex 26.1883 16.7615 -9
      vertex 25.7499 16.6285 -9
    endloop
  endfacet
  facet normal 0.160574 -0.688636 -0.707105
    outer loop
      vertex 29.8117 3.23852 -9
      vertex 29.3656 3.1345 -9
      vertex 29.5528 4.20497 -10
    endloop
  endfacet
  facet normal 0.205239 -0.676669 0.707104
    outer loop
      vertex 30.2501 3.37149 -2
      vertex 29.5528 4.20497 -1
      vertex 29.8117 3.23852 -2
    endloop
  endfacet
  facet normal 0.069305 -0.703701 -0.707108
    outer loop
      vertex 28.9137 3.05989 -9
      vertex 28.4578 3.01499 -9
      vertex 28.7832 4.05188 -10
    endloop
  endfacet
  facet normal 0.160568 -0.688636 0.707106
    outer loop
      vertex 29.5528 4.20497 -1
      vertex 29.1705 4.11583 -1
      vertex 29.3656 3.1345 -2
    endloop
  endfacet
  facet normal 0.600486 0.373367 -0.707117
    outer loop
      vertex 33.1957 12.9997 -10
      vertex 32.9884 13.3331 -10
      vertex 34.0622 13.5 -9
    endloop
  endfacet
  facet normal -0.703732 0.0693111 -0.707076
    outer loop
      vertex 22.0134 10.3923 -10
      vertex 21.8791 10.7289 -9.83334
      vertex 22.0519 10.7832 -10
    endloop
  endfacet
  facet normal -0.703762 0.0692859 -0.707049
    outer loop
      vertex 21.8791 10.7289 -9.83334
      vertex 22.0134 10.3923 -10
      vertex 21.8691 10.4018 -9.85544
    endloop
  endfacet
  facet normal -0.0231409 -0.70673 -0.707105
    outer loop
      vertex 28 3 -9
      vertex 27.5422 3.01499 -9
      vertex 28 4.00053 -10
    endloop
  endfacet
  facet normal 0.688622 -0.16066 -0.707099
    outer loop
      vertex 34.8655 8.63437 -9
      vertex 33.795 8.4472 -10
      vertex 33.8842 8.82953 -10
    endloop
  endfacet
  facet normal 0.448611 -0.546586 -0.707101
    outer loop
      vertex 32.2613 4.44653 -9
      vertex 31.6522 5.24028 -10
      vertex 31.9558 5.48946 -10
    endloop
  endfacet
  facet normal -0.160574 -0.688636 0.707105
    outer loop
      vertex 26.4472 4.20497 -1
      vertex 26.1883 3.23852 -2
      vertex 26.6344 3.1345 -2
    endloop
  endfacet
  facet normal -0.291767 -0.644092 0.707119
    outer loop
      vertex 25.3464 4.61928 -1
      vertex 25.3212 3.53284 -2
      vertex 25.7042 4.4572 -1
    endloop
  endfacet
  facet normal -0.471376 -0.881933 0
    outer loop
      vertex 24.5 3.93782 -9
      vertex 24.904 3.72189 -2
      vertex 24.5 3.93782 -2
    endloop
  endfacet
  facet normal -0.471376 -0.881933 -0
    outer loop
      vertex 24.904 3.72189 -2
      vertex 24.5 3.93782 -9
      vertex 24.904 3.72189 -9
    endloop
  endfacet
  facet normal -0.37339 -0.600474 0.707114
    outer loop
      vertex 24.6669 5.01163 -1
      vertex 24.111 4.17971 -2
      vertex 24.5 3.93782 -2
    endloop
  endfacet
  facet normal -0.644043 -0.29183 -0.707138
    outer loop
      vertex 22.0436 7.33307 -9.47015
      vertex 22.4572 7.70418 -10
      vertex 22.6193 7.34644 -10
    endloop
  endfacet
  facet normal -0.644177 -0.291627 -0.7071
    outer loop
      vertex 22.4572 7.70418 -10
      vertex 22.0436 7.33307 -9.47015
      vertex 22.0186 7.52245 -9.52548
    endloop
  endfacet
  facet normal -0.644046 -0.291814 -0.707142
    outer loop
      vertex 22.0772 7.07918 -9.39598
      vertex 22.0436 7.33307 -9.47015
      vertex 22.6193 7.34644 -10
    endloop
  endfacet
  facet normal -0.44857 -0.546607 -0.707111
    outer loop
      vertex 23.7387 4.44653 -9
      vertex 23.3846 4.73712 -9
      vertex 24.0442 5.48946 -10
    endloop
  endfacet
  facet normal -0.483392 -0.516073 -0.707108
    outer loop
      vertex 23.3846 4.73712 -9
      vertex 23.0503 5.05025 -9
      vertex 24.0442 5.48946 -10
    endloop
  endfacet
  facet normal -0.661723 0.249292 -0.70709
    outer loop
      vertex 22.4572 12.2958 -10
      vertex 21.996 12.2764 -9.57523
      vertex 22.0186 12.4775 -9.52548
    endloop
  endfacet
  facet normal -0.661742 0.249167 -0.707116
    outer loop
      vertex 22.3189 11.9285 -10
      vertex 21.996 12.2764 -9.57523
      vertex 22.4572 12.2958 -10
    endloop
  endfacet
  facet normal -0.661876 0.248973 -0.707059
    outer loop
      vertex 21.996 12.2764 -9.57523
      vertex 22.3189 11.9285 -10
      vertex 21.9703 12.0468 -9.63202
    endloop
  endfacet
  facet normal -0.0231409 -0.70673 0.707105
    outer loop
      vertex 28 4.00053 -1
      vertex 27.5422 3.01499 -2
      vertex 28 3 -2
    endloop
  endfacet
  facet normal -0.688535 -0.160877 -0.707133
    outer loop
      vertex 21.9317 8.37398 -9.71723
      vertex 21.9229 8.49652 -9.73654
      vertex 22.205 8.4472 -10
    endloop
  endfacet
  facet normal 0.249106 -0.661773 -0.707109
    outer loop
      vertex 30.2501 3.37149 -9
      vertex 29.9285 4.31894 -10
      vertex 30.2958 4.4572 -10
    endloop
  endfacet
  facet normal 0.115186 -0.697663 0.707106
    outer loop
      vertex 29.3656 3.1345 -2
      vertex 28.7832 4.05188 -1
      vertex 28.9137 3.05989 -2
    endloop
  endfacet
  facet normal 0.935943 0.352152 0
    outer loop
      vertex 34.6285 12.2501 -2
      vertex 34.4672 12.6788 -9
      vertex 34.4672 12.6788 -2
    endloop
  endfacet
  facet normal 0.935943 0.352152 0
    outer loop
      vertex 34.4672 12.6788 -9
      vertex 34.6285 12.2501 -2
      vertex 34.6285 12.2501 -9
    endloop
  endfacet
  facet normal 0.574767 -0.411849 -0.707123
    outer loop
      vertex 33.5535 5.73867 -9
      vertex 32.7597 6.34781 -10
      vertex 33.8203 6.11101 -9
    endloop
  endfacet
  facet normal -0.697493 0.115745 -0.707183
    outer loop
      vertex 22.0519 10.7832 -10
      vertex 21.8814 10.8056 -9.82817
      vertex 21.8857 10.8887 -9.81881
    endloop
  endfacet
  facet normal 0.411911 -0.574749 -0.707102
    outer loop
      vertex 31.889 4.17971 -9
      vertex 31.6522 5.24028 -10
      vertex 32.2613 4.44653 -9
    endloop
  endfacet
  facet normal 0.986649 -0.162859 0
    outer loop
      vertex 34.8655 8.63437 -2
      vertex 34.9401 9.08632 -9
      vertex 34.9401 9.08632 -2
    endloop
  endfacet
  facet normal 0.986649 -0.162859 0
    outer loop
      vertex 34.9401 9.08632 -9
      vertex 34.8655 8.63437 -2
      vertex 34.8655 8.63437 -9
    endloop
  endfacet
  facet normal 0.935943 -0.352152 0
    outer loop
      vertex 34.4672 7.32122 -2
      vertex 34.6285 7.74992 -9
      vertex 34.6285 7.74992 -2
    endloop
  endfacet
  facet normal 0.935943 -0.352152 0
    outer loop
      vertex 34.6285 7.74992 -9
      vertex 34.4672 7.32122 -2
      vertex 34.4672 7.32122 -9
    endloop
  endfacet
  facet normal 0.676632 -0.205297 0.707122
    outer loop
      vertex 34.7615 8.18827 -2
      vertex 33.795 8.4472 -1
      vertex 34.6285 7.74992 -2
    endloop
  endfacet
  facet normal 0.910822 -0.412799 0
    outer loop
      vertex 34.2781 6.90398 -2
      vertex 34.4672 7.32122 -9
      vertex 34.4672 7.32122 -2
    endloop
  endfacet
  facet normal 0.910822 -0.412799 0
    outer loop
      vertex 34.4672 7.32122 -9
      vertex 34.2781 6.90398 -2
      vertex 34.2781 6.90398 -9
    endloop
  endfacet
  facet normal 0.644042 -0.291891 0.707113
    outer loop
      vertex 34.4672 7.32122 -2
      vertex 33.3807 7.34644 -1
      vertex 34.2781 6.90398 -2
    endloop
  endfacet
  facet normal 0.70674 0.0231566 0.707094
    outer loop
      vertex 34.985 10.4578 -2
      vertex 33.9995 10 -1
      vertex 35 10 -2
    endloop
  endfacet
  facet normal 0.973885 0.227043 0
    outer loop
      vertex 34.8655 11.3656 -2
      vertex 34.7615 11.8117 -9
      vertex 34.7615 11.8117 -2
    endloop
  endfacet
  facet normal 0.973885 0.227043 0
    outer loop
      vertex 34.7615 11.8117 -9
      vertex 34.8655 11.3656 -2
      vertex 34.8655 11.3656 -9
    endloop
  endfacet
  facet normal -0.448624 0.546558 -0.707115
    outer loop
      vertex 24.0442 14.5105 -10
      vertex 23.7387 15.5535 -9
      vertex 24.3478 14.7597 -10
    endloop
  endfacet
  facet normal -0.160574 -0.688636 -0.707105
    outer loop
      vertex 26.6344 3.1345 -9
      vertex 26.1883 3.23852 -9
      vertex 26.4472 4.20497 -10
    endloop
  endfacet
  facet normal 0.600499 -0.373331 -0.707125
    outer loop
      vertex 34.0622 6.5 -9
      vertex 32.9884 6.6669 -10
      vertex 33.1957 7.00034 -10
    endloop
  endfacet
  facet normal 0.644039 0.291917 -0.707105
    outer loop
      vertex 34.4672 12.6788 -9
      vertex 33.3807 12.6536 -10
      vertex 34.2781 13.096 -9
    endloop
  endfacet
  facet normal -0.11517 0.697661 -0.70711
    outer loop
      vertex 27.2168 15.9481 -10
      vertex 26.6344 16.8655 -9
      vertex 27.0863 16.9401 -9
    endloop
  endfacet
  facet normal 0.291767 -0.644092 -0.707119
    outer loop
      vertex 30.6788 3.53284 -9
      vertex 30.2958 4.4572 -10
      vertex 30.6536 4.61928 -10
    endloop
  endfacet
  facet normal 0.023185 -0.706719 -0.707114
    outer loop
      vertex 28.4578 3.01499 -9
      vertex 28 4.00053 -10
      vertex 28.3923 4.0134 -10
    endloop
  endfacet
  facet normal -0.68854 -0.160641 -0.707183
    outer loop
      vertex 21.9229 8.49652 -9.73654
      vertex 22.1158 8.82953 -10
      vertex 22.205 8.4472 -10
    endloop
  endfacet
  facet normal -0.688692 -0.160466 -0.707074
    outer loop
      vertex 22.1158 8.82953 -10
      vertex 21.9229 8.49652 -9.73654
      vertex 21.9022 8.78704 -9.78231
    endloop
  endfacet
  facet normal 0.0692716 -0.703697 -0.707115
    outer loop
      vertex 28.4578 3.01499 -9
      vertex 28.3923 4.0134 -10
      vertex 28.7832 4.05188 -10
    endloop
  endfacet
  facet normal 0.411911 -0.574749 0.707102
    outer loop
      vertex 32.2613 4.44653 -2
      vertex 31.6522 5.24028 -1
      vertex 31.889 4.17971 -2
    endloop
  endfacet
  facet normal 0.205277 0.676641 -0.70712
    outer loop
      vertex 30.2501 16.6285 -9
      vertex 29.5528 15.795 -10
      vertex 29.8117 16.7615 -9
    endloop
  endfacet
  facet normal -0.33335 -0.623601 -0.707107
    outer loop
      vertex 25.3464 4.61928 -10
      vertex 24.5 3.93782 -9
      vertex 25.0003 4.80429 -10
    endloop
  endfacet
  facet normal -0.546582 -0.448577 -0.707125
    outer loop
      vertex 22.7371 5.38458 -9
      vertex 22.4465 5.73867 -9
      vertex 23.4895 6.04417 -10
    endloop
  endfacet
  facet normal -0.411853 -0.574774 0.707115
    outer loop
      vertex 24.3478 5.24028 -1
      vertex 24.111 4.17971 -2
      vertex 24.6669 5.01163 -1
    endloop
  endfacet
  facet normal -0.249106 -0.661773 0.707109
    outer loop
      vertex 26.0715 4.31894 -1
      vertex 25.7042 4.4572 -1
      vertex 25.7499 3.37149 -2
    endloop
  endfacet
  facet normal 0.574733 -0.411926 -0.707106
    outer loop
      vertex 33.8203 6.11101 -9
      vertex 32.7597 6.34781 -10
      vertex 32.9884 6.6669 -10
    endloop
  endfacet
  facet normal -0.373404 0.600472 0.707108
    outer loop
      vertex 24.5 16.0622 -2
      vertex 24.111 15.8203 -2
      vertex 24.6669 14.9884 -1
    endloop
  endfacet
  facet normal 0.676708 0.205156 -0.707091
    outer loop
      vertex 33.795 11.5528 -10
      vertex 33.6811 11.9285 -10
      vertex 34.6285 12.2501 -9
    endloop
  endfacet
  facet normal -0.115186 -0.697663 -0.707106
    outer loop
      vertex 27.0863 3.05989 -9
      vertex 26.6344 3.1345 -9
      vertex 27.2168 4.05188 -10
    endloop
  endfacet
  facet normal -0.634269 0.773112 0
    outer loop
      vertex 23.7387 15.5535 -9
      vertex 23.5388 15.3895 -4.68217
      vertex 23.7387 15.5535 -3.47185
    endloop
  endfacet
  facet normal -0.634501 0.772922 -1.79559e-05
    outer loop
      vertex 23.7387 15.5535 -9
      vertex 23.3846 15.2629 -5.34378
      vertex 23.5388 15.3895 -4.68217
    endloop
  endfacet
  facet normal -0.63439 0.773013 0
    outer loop
      vertex 23.3846 15.2629 -5.34378
      vertex 23.7387 15.5535 -9
      vertex 23.3846 15.2629 -9
    endloop
  endfacet
  facet normal -0.11511 0.697685 -0.707096
    outer loop
      vertex 26.8295 15.8842 -10
      vertex 26.6344 16.8655 -9
      vertex 27.2168 15.9481 -10
    endloop
  endfacet
  facet normal -0.069305 -0.703701 -0.707108
    outer loop
      vertex 27.5422 3.01499 -9
      vertex 27.0863 3.05989 -9
      vertex 27.2168 4.05188 -10
    endloop
  endfacet
  facet normal -0.352152 0.935943 0
    outer loop
      vertex 25.7499 16.6285 -9
      vertex 25.3212 16.4672 -2
      vertex 25.7499 16.6285 -2
    endloop
  endfacet
  facet normal -0.352152 0.935943 0
    outer loop
      vertex 25.3212 16.4672 -2
      vertex 25.7499 16.6285 -9
      vertex 25.3212 16.4672 -9
    endloop
  endfacet
  facet normal 0.661765 0.249175 -0.707091
    outer loop
      vertex 33.6811 11.9285 -10
      vertex 33.5428 12.2958 -10
      vertex 34.6285 12.2501 -9
    endloop
  endfacet
  facet normal -0.0231566 0.70674 -0.707094
    outer loop
      vertex 28 15.9995 -10
      vertex 27.5422 16.985 -9
      vertex 28 17 -9
    endloop
  endfacet
  facet normal -0.0327478 0.999464 0
    outer loop
      vertex 28 17 -9
      vertex 27.5422 16.985 -2
      vertex 28 17 -2
    endloop
  endfacet
  facet normal -0.0327478 0.999464 0
    outer loop
      vertex 27.5422 16.985 -2
      vertex 28 17 -9
      vertex 27.5422 16.985 -9
    endloop
  endfacet
  facet normal -0.688534 0.160652 -0.707186
    outer loop
      vertex 22.1158 11.1705 -10
      vertex 21.9229 11.5035 -9.73654
      vertex 22.205 11.5528 -10
    endloop
  endfacet
  facet normal -0.688686 0.160478 -0.707077
    outer loop
      vertex 21.9229 11.5035 -9.73654
      vertex 22.1158 11.1705 -10
      vertex 21.9022 11.213 -9.78231
    endloop
  endfacet
  facet normal -0.249106 -0.661773 -0.707109
    outer loop
      vertex 25.7499 3.37149 -9
      vertex 25.7042 4.4572 -10
      vertex 26.0715 4.31894 -10
    endloop
  endfacet
  facet normal 0.291792 0.644067 -0.707132
    outer loop
      vertex 30.6536 15.3807 -10
      vertex 30.2958 15.5428 -10
      vertex 30.6788 16.4672 -9
    endloop
  endfacet
  facet normal 0.29031 0.956933 -0
    outer loop
      vertex 30.2501 16.6285 -9
      vertex 29.8117 16.7615 -2
      vertex 30.2501 16.6285 -2
    endloop
  endfacet
  facet normal 0.29031 0.956933 0
    outer loop
      vertex 29.8117 16.7615 -2
      vertex 30.2501 16.6285 -9
      vertex 29.8117 16.7615 -9
    endloop
  endfacet
  facet normal 0.516009 0.48344 -0.707122
    outer loop
      vertex 33.2629 14.6154 -9
      vertex 32.5105 13.9558 -10
      vertex 32.9497 14.9497 -9
    endloop
  endfacet
  facet normal 0.373404 0.600472 -0.707108
    outer loop
      vertex 31.889 15.8203 -9
      vertex 31.3331 14.9884 -10
      vertex 31.5 16.0622 -9
    endloop
  endfacet
  facet normal 0.471325 0.88196 -0
    outer loop
      vertex 31.5 16.0622 -9
      vertex 31.096 16.2781 -2
      vertex 31.5 16.0622 -2
    endloop
  endfacet
  facet normal 0.471325 0.88196 0
    outer loop
      vertex 31.096 16.2781 -2
      vertex 31.5 16.0622 -9
      vertex 31.096 16.2781 -9
    endloop
  endfacet
  facet normal 0.249074 -0.661778 -0.707116
    outer loop
      vertex 30.6788 3.53284 -9
      vertex 30.2501 3.37149 -9
      vertex 30.2958 4.4572 -10
    endloop
  endfacet
  facet normal 0.227085 -0.973875 0
    outer loop
      vertex 29.3656 3.1345 -9
      vertex 29.8117 3.23852 -2
      vertex 29.3656 3.1345 -2
    endloop
  endfacet
  facet normal 0.227085 -0.973875 0
    outer loop
      vertex 29.8117 3.23852 -2
      vertex 29.3656 3.1345 -9
      vertex 29.8117 3.23852 -9
    endloop
  endfacet
  facet normal 0.0980123 -0.995185 0
    outer loop
      vertex 28.4578 3.01499 -9
      vertex 28.9137 3.05989 -2
      vertex 28.4578 3.01499 -2
    endloop
  endfacet
  facet normal 0.0980123 -0.995185 0
    outer loop
      vertex 28.9137 3.05989 -2
      vertex 28.4578 3.01499 -9
      vertex 28.9137 3.05989 -9
    endloop
  endfacet
  facet normal 0.676702 -0.20517 -0.707092
    outer loop
      vertex 34.6285 7.74992 -9
      vertex 33.6811 8.07153 -10
      vertex 33.795 8.4472 -10
    endloop
  endfacet
  facet normal 0.661792 0.249002 -0.707128
    outer loop
      vertex 34.6285 12.2501 -9
      vertex 33.5428 12.2958 -10
      vertex 34.4672 12.6788 -9
    endloop
  endfacet
  facet normal 0.205266 -0.676655 -0.70711
    outer loop
      vertex 30.2501 3.37149 -9
      vertex 29.5528 4.20497 -10
      vertex 29.9285 4.31894 -10
    endloop
  endfacet
  facet normal -0.29025 -0.956951 0
    outer loop
      vertex 25.7499 3.37149 -9
      vertex 26.1883 3.23852 -2
      vertex 25.7499 3.37149 -2
    endloop
  endfacet
  facet normal -0.29025 -0.956951 -0
    outer loop
      vertex 26.1883 3.23852 -2
      vertex 25.7499 3.37149 -9
      vertex 26.1883 3.23852 -9
    endloop
  endfacet
  facet normal 0.0232391 0.70672 -0.707111
    outer loop
      vertex 28.3923 15.9866 -10
      vertex 28 15.9995 -10
      vertex 28.4578 16.985 -9
    endloop
  endfacet
  facet normal 0.623595 -0.333329 -0.707122
    outer loop
      vertex 34.0622 6.5 -9
      vertex 33.1957 7.00034 -10
      vertex 33.3807 7.34644 -10
    endloop
  endfacet
  facet normal 0.411853 -0.574774 0.707115
    outer loop
      vertex 31.6522 5.24028 -1
      vertex 31.3331 5.01163 -1
      vertex 31.889 4.17971 -2
    endloop
  endfacet
  facet normal -0.661755 -0.249138 -0.707114
    outer loop
      vertex 21.996 7.72361 -9.57523
      vertex 22.3189 8.07153 -10
      vertex 22.4572 7.70418 -10
    endloop
  endfacet
  facet normal -0.661854 -0.248995 -0.707072
    outer loop
      vertex 22.3189 8.07153 -10
      vertex 21.996 7.72361 -9.57523
      vertex 21.9703 7.95319 -9.63202
    endloop
  endfacet
  facet normal -0.600492 -0.373327 -0.707132
    outer loop
      vertex 22.162 6.53485 -9.20881
      vertex 22.8043 7.00034 -10
      vertex 23.0116 6.6669 -10
    endloop
  endfacet
  facet normal -0.600725 -0.372981 -0.707117
    outer loop
      vertex 22.8043 7.00034 -10
      vertex 22.162 6.53485 -9.20881
      vertex 22.1472 6.62089 -9.24162
    endloop
  endfacet
  facet normal -0.582432 -0.81288 -3.57514e-05
    outer loop
      vertex 23.7947 4.40639 -3.13263
      vertex 24.111 4.17971 -2
      vertex 23.9062 4.32645 -2
    endloop
  endfacet
  facet normal -0.58242 -0.812888 -4.08038e-05
    outer loop
      vertex 23.7387 4.44653 -3.47185
      vertex 24.111 4.17971 -2
      vertex 23.7947 4.40639 -3.13263
    endloop
  endfacet
  facet normal -0.582526 -0.812812 0
    outer loop
      vertex 24.111 4.17971 -9
      vertex 23.7387 4.44653 -3.47185
      vertex 23.7387 4.44653 -9
    endloop
  endfacet
  facet normal -0.582526 -0.812812 0
    outer loop
      vertex 23.7387 4.44653 -3.47185
      vertex 24.111 4.17971 -9
      vertex 24.111 4.17971 -2
    endloop
  endfacet
  facet normal 0.33335 -0.623601 0.707107
    outer loop
      vertex 30.9997 4.80429 -1
      vertex 30.6536 4.61928 -1
      vertex 31.5 3.93782 -2
    endloop
  endfacet
  facet normal -0.48308 -0.516145 0.707268
    outer loop
      vertex 23.9646 5.45431 -1.08002
      vertex 23.9632 5.39715 -1.12269
      vertex 24.0442 5.48946 -1
    endloop
  endfacet
  facet normal 0.333332 0.6236 -0.707116
    outer loop
      vertex 30.9997 15.1957 -10
      vertex 30.6536 15.3807 -10
      vertex 31.5 16.0622 -9
    endloop
  endfacet
  facet normal -0.483412 -0.516043 -0.707115
    outer loop
      vertex 24.0442 5.48946 -10
      vertex 23.0503 5.05025 -9
      vertex 23.7578 5.75775 -10
    endloop
  endfacet
  facet normal -0.623584 0.33335 -0.707122
    outer loop
      vertex 22.6193 12.6536 -10
      vertex 22.0772 12.9208 -9.39598
      vertex 22.1293 13.2621 -9.28103
    endloop
  endfacet
  facet normal -0.706782 0.0232411 -0.707049
    outer loop
      vertex 21.8656 10.0627 -9.86309
      vertex 22.0134 10.3923 -10
      vertex 22.0005 10 -10
    endloop
  endfacet
  facet normal -0.706787 0.0232458 -0.707044
    outer loop
      vertex 22.0134 10.3923 -10
      vertex 21.8656 10.0627 -9.86309
      vertex 21.8691 10.4018 -9.85544
    endloop
  endfacet
  facet normal -0.706925 0.0226622 -0.706925
    outer loop
      vertex 22.0005 10 -10
      vertex 21.865 10 -9.8645
      vertex 21.8656 10.0627 -9.86309
    endloop
  endfacet
  facet normal 0.546579 -0.448582 -0.707124
    outer loop
      vertex 33.5535 5.73867 -9
      vertex 32.5105 6.04417 -10
      vertex 32.7597 6.34781 -10
    endloop
  endfacet
  facet normal -0.676674 -0.205336 -0.707071
    outer loop
      vertex 21.9449 8.22966 -9.688
      vertex 22.3189 8.07153 -10
      vertex 21.9703 7.95319 -9.63202
    endloop
  endfacet
  facet normal -0.676656 -0.205156 -0.707141
    outer loop
      vertex 22.3189 8.07153 -10
      vertex 21.9449 8.22966 -9.688
      vertex 22.205 8.4472 -10
    endloop
  endfacet
  facet normal -0.115196 -0.697659 -0.707108
    outer loop
      vertex 27.2168 4.05188 -10
      vertex 26.6344 3.1345 -9
      vertex 26.8295 4.11583 -10
    endloop
  endfacet
  facet normal 0.697662 -0.115158 -0.707111
    outer loop
      vertex 34.8655 8.63437 -9
      vertex 33.9481 9.21684 -10
      vertex 34.9401 9.08632 -9
    endloop
  endfacet
  facet normal 0.574733 -0.411926 0.707106
    outer loop
      vertex 32.9884 6.6669 -1
      vertex 32.7597 6.34781 -1
      vertex 33.8203 6.11101 -2
    endloop
  endfacet
  facet normal 0.70672 -0.0232397 0.707112
    outer loop
      vertex 33.9995 10 -1
      vertex 33.9866 9.60771 -1
      vertex 34.985 9.54218 -2
    endloop
  endfacet
  facet normal 0.70672 0.0232391 -0.707111
    outer loop
      vertex 33.9995 10 -10
      vertex 33.9866 10.3923 -10
      vertex 34.985 10.4578 -9
    endloop
  endfacet
  facet normal 0.995184 -0.0980208 0
    outer loop
      vertex 34.9401 9.08632 -2
      vertex 34.985 9.54218 -9
      vertex 34.985 9.54218 -2
    endloop
  endfacet
  facet normal 0.995184 -0.0980208 0
    outer loop
      vertex 34.985 9.54218 -9
      vertex 34.9401 9.08632 -2
      vertex 34.9401 9.08632 -9
    endloop
  endfacet
  facet normal 0.910807 0.412832 0
    outer loop
      vertex 34.4672 12.6788 -2
      vertex 34.2781 13.096 -9
      vertex 34.2781 13.096 -2
    endloop
  endfacet
  facet normal 0.910807 0.412832 0
    outer loop
      vertex 34.2781 13.096 -9
      vertex 34.4672 12.6788 -2
      vertex 34.4672 12.6788 -9
    endloop
  endfacet
  facet normal 0.205266 -0.676655 0.70711
    outer loop
      vertex 29.9285 4.31894 -1
      vertex 29.5528 4.20497 -1
      vertex 30.2501 3.37149 -2
    endloop
  endfacet
  facet normal -0.032726 -0.999464 0
    outer loop
      vertex 27.5422 3.01499 -9
      vertex 28 3 -2
      vertex 27.5422 3.01499 -2
    endloop
  endfacet
  facet normal -0.032726 -0.999464 -0
    outer loop
      vertex 28 3 -2
      vertex 27.5422 3.01499 -9
      vertex 28 3 -9
    endloop
  endfacet
  facet normal 0.29025 -0.956951 0
    outer loop
      vertex 29.8117 3.23852 -9
      vertex 30.2501 3.37149 -2
      vertex 29.8117 3.23852 -2
    endloop
  endfacet
  facet normal 0.29025 -0.956951 0
    outer loop
      vertex 30.2501 3.37149 -2
      vertex 29.8117 3.23852 -9
      vertex 30.2501 3.37149 -9
    endloop
  endfacet
  facet normal 0.352248 -0.935907 0
    outer loop
      vertex 30.2501 3.37149 -9
      vertex 30.6788 3.53284 -2
      vertex 30.2501 3.37149 -2
    endloop
  endfacet
  facet normal 0.352248 -0.935907 0
    outer loop
      vertex 30.6788 3.53284 -2
      vertex 30.2501 3.37149 -9
      vertex 30.6788 3.53284 -9
    endloop
  endfacet
  facet normal -0.333332 0.6236 0.707116
    outer loop
      vertex 25.3464 15.3807 -1
      vertex 24.5 16.0622 -2
      vertex 25.0003 15.1957 -1
    endloop
  endfacet
  facet normal -0.205266 -0.676655 -0.70711
    outer loop
      vertex 26.4472 4.20497 -10
      vertex 25.7499 3.37149 -9
      vertex 26.0715 4.31894 -10
    endloop
  endfacet
  facet normal 0.703696 -0.0693106 -0.707113
    outer loop
      vertex 34.9401 9.08632 -9
      vertex 33.9481 9.21684 -10
      vertex 34.985 9.54218 -9
    endloop
  endfacet
  facet normal 0.0980123 0.995185 -0
    outer loop
      vertex 28.9137 16.9401 -9
      vertex 28.4578 16.985 -2
      vertex 28.9137 16.9401 -2
    endloop
  endfacet
  facet normal 0.0980123 0.995185 0
    outer loop
      vertex 28.4578 16.985 -2
      vertex 28.9137 16.9401 -9
      vertex 28.4578 16.985 -9
    endloop
  endfacet
  facet normal 0.644054 -0.291835 -0.707125
    outer loop
      vertex 34.4672 7.32122 -9
      vertex 33.3807 7.34644 -10
      vertex 33.5428 7.70418 -10
    endloop
  endfacet
  facet normal 0.249002 0.661792 -0.707128
    outer loop
      vertex 30.2958 15.5428 -10
      vertex 30.2501 16.6285 -9
      vertex 30.6788 16.4672 -9
    endloop
  endfacet
  facet normal 0.352152 0.935943 -0
    outer loop
      vertex 30.6788 16.4672 -9
      vertex 30.2501 16.6285 -2
      vertex 30.6788 16.4672 -2
    endloop
  endfacet
  facet normal 0.352152 0.935943 0
    outer loop
      vertex 30.2501 16.6285 -2
      vertex 30.6788 16.4672 -9
      vertex 30.2501 16.6285 -9
    endloop
  endfacet
  facet normal 0.683701 0.729762 -0
    outer loop
      vertex 32.9497 14.9497 -9
      vertex 32.6154 15.2629 -2
      vertex 32.9497 14.9497 -2
    endloop
  endfacet
  facet normal 0.683701 0.729762 0
    outer loop
      vertex 32.6154 15.2629 -2
      vertex 32.9497 14.9497 -9
      vertex 32.6154 15.2629 -9
    endloop
  endfacet
  facet normal 0.373367 0.600486 -0.707117
    outer loop
      vertex 31.3331 14.9884 -10
      vertex 30.9997 15.1957 -10
      vertex 31.5 16.0622 -9
    endloop
  endfacet
  facet normal 0.703696 -0.0693128 -0.707112
    outer loop
      vertex 34.985 9.54218 -9
      vertex 33.9481 9.21684 -10
      vertex 33.9866 9.60771 -10
    endloop
  endfacet
  facet normal 0.688624 -0.16054 -0.707124
    outer loop
      vertex 34.7615 8.18827 -9
      vertex 33.795 8.4472 -10
      vertex 34.8655 8.63437 -9
    endloop
  endfacet
  facet normal -0.205239 -0.676669 0.707104
    outer loop
      vertex 26.4472 4.20497 -1
      vertex 25.7499 3.37149 -2
      vertex 26.1883 3.23852 -2
    endloop
  endfacet
  facet normal 0.70672 -0.0232397 -0.707112
    outer loop
      vertex 34.985 9.54218 -9
      vertex 33.9866 9.60771 -10
      vertex 33.9995 10 -10
    endloop
  endfacet
  facet normal 0.516032 -0.483418 -0.70712
    outer loop
      vertex 32.9497 5.05025 -9
      vertex 32.5105 6.04417 -10
      vertex 33.2629 5.38458 -9
    endloop
  endfacet
  facet normal 0.729792 -0.683669 0
    outer loop
      vertex 32.9497 5.05025 -2
      vertex 33.2629 5.38458 -9
      vertex 33.2629 5.38458 -2
    endloop
  endfacet
  facet normal 0.729792 -0.683669 0
    outer loop
      vertex 33.2629 5.38458 -9
      vertex 32.9497 5.05025 -2
      vertex 32.9497 5.05025 -9
    endloop
  endfacet
  facet normal 0.812862 -0.582456 0
    outer loop
      vertex 33.5535 5.73867 -2
      vertex 33.8203 6.11101 -9
      vertex 33.8203 6.11101 -2
    endloop
  endfacet
  facet normal 0.812862 -0.582456 0
    outer loop
      vertex 33.8203 6.11101 -9
      vertex 33.5535 5.73867 -2
      vertex 33.5535 5.73867 -9
    endloop
  endfacet
  facet normal 0.773004 -0.634401 0
    outer loop
      vertex 33.2629 5.38458 -2
      vertex 33.5535 5.73867 -9
      vertex 33.5535 5.73867 -2
    endloop
  endfacet
  facet normal 0.773004 -0.634401 0
    outer loop
      vertex 33.5535 5.73867 -9
      vertex 33.2629 5.38458 -2
      vertex 33.2629 5.38458 -9
    endloop
  endfacet
  facet normal 0.849192 -0.528084 0
    outer loop
      vertex 33.8203 6.11101 -2
      vertex 34.0622 6.5 -9
      vertex 34.0622 6.5 -2
    endloop
  endfacet
  facet normal 0.849192 -0.528084 0
    outer loop
      vertex 34.0622 6.5 -9
      vertex 33.8203 6.11101 -2
      vertex 33.8203 6.11101 -9
    endloop
  endfacet
  facet normal 0.60047 -0.373412 -0.707107
    outer loop
      vertex 33.8203 6.11101 -9
      vertex 32.9884 6.6669 -10
      vertex 34.0622 6.5 -9
    endloop
  endfacet
  facet normal 0.70674 -0.0231556 -0.707094
    outer loop
      vertex 34.985 9.54218 -9
      vertex 33.9995 10 -10
      vertex 35 10 -9
    endloop
  endfacet
  facet normal 0.661775 -0.249145 -0.707093
    outer loop
      vertex 34.6285 7.74992 -9
      vertex 33.5428 7.70418 -10
      vertex 33.6811 8.07153 -10
    endloop
  endfacet
  facet normal 0.676632 -0.205297 -0.707122
    outer loop
      vertex 34.6285 7.74992 -9
      vertex 33.795 8.4472 -10
      vertex 34.7615 8.18827 -9
    endloop
  endfacet
  facet normal 0.956923 -0.290341 0
    outer loop
      vertex 34.6285 7.74992 -2
      vertex 34.7615 8.18827 -9
      vertex 34.7615 8.18827 -2
    endloop
  endfacet
  facet normal 0.956923 -0.290341 0
    outer loop
      vertex 34.7615 8.18827 -9
      vertex 34.6285 7.74992 -2
      vertex 34.6285 7.74992 -9
    endloop
  endfacet
  facet normal 0 0 1
    outer loop
      vertex 30.75 10 -1
      vertex 33.9995 10 -1
      vertex 33.9866 10.3923 -1
    endloop
  endfacet
  facet normal 0 0 1
    outer loop
      vertex 30.7441 10.1799 -1
      vertex 33.9866 10.3923 -1
      vertex 33.9481 10.7832 -1
    endloop
  endfacet
  facet normal 0 0 1
    outer loop
      vertex 33.9995 10 -1
      vertex 30.75 10 -1
      vertex 33.9866 9.60771 -1
    endloop
  endfacet
  facet normal 0 0 1
    outer loop
      vertex 30.7265 10.3589 -1
      vertex 33.9481 10.7832 -1
      vertex 33.8842 11.1705 -1
    endloop
  endfacet
  facet normal -0 0 1
    outer loop
      vertex 30.7441 9.82014 -1
      vertex 33.9866 9.60771 -1
      vertex 30.75 10 -1
    endloop
  endfacet
  facet normal 0 0 1
    outer loop
      vertex 30.6972 10.5365 -1
      vertex 33.8842 11.1705 -1
      vertex 33.795 11.5528 -1
    endloop
  endfacet
  facet normal 0 0 1
    outer loop
      vertex 33.9866 9.60771 -1
      vertex 30.7441 9.82014 -1
      vertex 33.9481 9.21684 -1
    endloop
  endfacet
  facet normal 0 0 1
    outer loop
      vertex 30.6563 10.7118 -1
      vertex 33.795 11.5528 -1
      vertex 33.6811 11.9285 -1
    endloop
  endfacet
  facet normal -0 0 1
    outer loop
      vertex 30.7265 9.64105 -1
      vertex 33.9481 9.21684 -1
      vertex 30.7441 9.82014 -1
    endloop
  endfacet
  facet normal 0 0 1
    outer loop
      vertex 30.6041 10.884 -1
      vertex 33.6811 11.9285 -1
      vertex 33.5428 12.2958 -1
    endloop
  endfacet
  facet normal 0 0 1
    outer loop
      vertex 33.9481 9.21684 -1
      vertex 30.7265 9.64105 -1
      vertex 33.8842 8.82953 -1
    endloop
  endfacet
  facet normal 0 0 1
    outer loop
      vertex 30.5407 11.0524 -1
      vertex 33.5428 12.2958 -1
      vertex 33.3807 12.6536 -1
    endloop
  endfacet
  facet normal -0 0 1
    outer loop
      vertex 30.6972 9.4635 -1
      vertex 33.8842 8.82953 -1
      vertex 30.7265 9.64105 -1
    endloop
  endfacet
  facet normal 0 0 1
    outer loop
      vertex 30.4664 11.2163 -1
      vertex 33.3807 12.6536 -1
      vertex 33.1957 12.9997 -1
    endloop
  endfacet
  facet normal 0 0 1
    outer loop
      vertex 33.8842 8.82953 -1
      vertex 30.6972 9.4635 -1
      vertex 33.795 8.4472 -1
    endloop
  endfacet
  facet normal 0 0 1
    outer loop
      vertex 30.3816 11.375 -1
      vertex 33.1957 12.9997 -1
      vertex 32.9884 13.3331 -1
    endloop
  endfacet
  facet normal -0 0 1
    outer loop
      vertex 30.6563 9.28825 -1
      vertex 33.795 8.4472 -1
      vertex 30.6972 9.4635 -1
    endloop
  endfacet
  facet normal 0 0 1
    outer loop
      vertex 30.2865 11.5278 -1
      vertex 32.9884 13.3331 -1
      vertex 32.7597 13.6522 -1
    endloop
  endfacet
  facet normal 0 0 1
    outer loop
      vertex 33.795 8.4472 -1
      vertex 30.6563 9.28825 -1
      vertex 33.6811 8.07153 -1
    endloop
  endfacet
  facet normal 0 0 1
    outer loop
      vertex 30.1817 11.6741 -1
      vertex 32.7597 13.6522 -1
      vertex 32.5105 13.9558 -1
    endloop
  endfacet
  facet normal -0 0 1
    outer loop
      vertex 30.6041 9.11604 -1
      vertex 33.6811 8.07153 -1
      vertex 30.6563 9.28825 -1
    endloop
  endfacet
  facet normal 0 0 1
    outer loop
      vertex 30.0676 11.8132 -1
      vertex 32.5105 13.9558 -1
      vertex 32.2422 14.2422 -1
    endloop
  endfacet
  facet normal 0 0 1
    outer loop
      vertex 33.6811 8.07153 -1
      vertex 30.6041 9.11604 -1
      vertex 33.5428 7.70418 -1
    endloop
  endfacet
  facet normal 0 0 1
    outer loop
      vertex 29.9445 11.9445 -1
      vertex 32.2422 14.2422 -1
      vertex 31.9558 14.5105 -1
    endloop
  endfacet
  facet normal -0 0 1
    outer loop
      vertex 30.5407 8.94762 -1
      vertex 33.5428 7.70418 -1
      vertex 30.6041 9.11604 -1
    endloop
  endfacet
  facet normal 0 0 1
    outer loop
      vertex 29.8132 12.0676 -1
      vertex 31.9558 14.5105 -1
      vertex 31.6522 14.7597 -1
    endloop
  endfacet
  facet normal 0 0 1
    outer loop
      vertex 33.5428 7.70418 -1
      vertex 30.5407 8.94762 -1
      vertex 33.3807 7.34644 -1
    endloop
  endfacet
  facet normal 0 0 1
    outer loop
      vertex 29.6741 12.1817 -1
      vertex 31.6522 14.7597 -1
      vertex 31.3331 14.9884 -1
    endloop
  endfacet
  facet normal -0 0 1
    outer loop
      vertex 30.4664 8.78371 -1
      vertex 33.3807 7.34644 -1
      vertex 30.5407 8.94762 -1
    endloop
  endfacet
  facet normal 0 0 1
    outer loop
      vertex 29.5278 12.2865 -1
      vertex 31.3331 14.9884 -1
      vertex 30.9997 15.1957 -1
    endloop
  endfacet
  facet normal 0 0 1
    outer loop
      vertex 33.3807 7.34644 -1
      vertex 30.4664 8.78371 -1
      vertex 33.1957 7.00034 -1
    endloop
  endfacet
  facet normal -0 0 1
    outer loop
      vertex 30.3816 8.625 -1
      vertex 33.1957 7.00034 -1
      vertex 30.4664 8.78371 -1
    endloop
  endfacet
  facet normal 0 0 1
    outer loop
      vertex 33.9866 10.3923 -1
      vertex 30.7441 10.1799 -1
      vertex 30.75 10 -1
    endloop
  endfacet
  facet normal 0 0 1
    outer loop
      vertex 33.9481 10.7832 -1
      vertex 30.7265 10.3589 -1
      vertex 30.7441 10.1799 -1
    endloop
  endfacet
  facet normal 0 0 1
    outer loop
      vertex 33.8842 11.1705 -1
      vertex 30.6972 10.5365 -1
      vertex 30.7265 10.3589 -1
    endloop
  endfacet
  facet normal 0 0 1
    outer loop
      vertex 33.795 11.5528 -1
      vertex 30.6563 10.7118 -1
      vertex 30.6972 10.5365 -1
    endloop
  endfacet
  facet normal 0 0 1
    outer loop
      vertex 29.375 12.3816 -1
      vertex 30.9997 15.1957 -1
      vertex 30.6536 15.3807 -1
    endloop
  endfacet
  facet normal 0 0 1
    outer loop
      vertex 33.6811 11.9285 -1
      vertex 30.6041 10.884 -1
      vertex 30.6563 10.7118 -1
    endloop
  endfacet
  facet normal 0 0 1
    outer loop
      vertex 33.5428 12.2958 -1
      vertex 30.5407 11.0524 -1
      vertex 30.6041 10.884 -1
    endloop
  endfacet
  facet normal 0 0 1
    outer loop
      vertex 33.3807 12.6536 -1
      vertex 30.4664 11.2163 -1
      vertex 30.5407 11.0524 -1
    endloop
  endfacet
  facet normal 0 0 1
    outer loop
      vertex 33.1957 12.9997 -1
      vertex 30.3816 11.375 -1
      vertex 30.4664 11.2163 -1
    endloop
  endfacet
  facet normal 0 0 1
    outer loop
      vertex 29.2163 12.4664 -1
      vertex 30.6536 15.3807 -1
      vertex 30.2958 15.5428 -1
    endloop
  endfacet
  facet normal 0 0 1
    outer loop
      vertex 32.9884 13.3331 -1
      vertex 30.2865 11.5278 -1
      vertex 30.3816 11.375 -1
    endloop
  endfacet
  facet normal 0 0 1
    outer loop
      vertex 32.7597 13.6522 -1
      vertex 30.1817 11.6741 -1
      vertex 30.2865 11.5278 -1
    endloop
  endfacet
  facet normal 0 0 1
    outer loop
      vertex 32.5105 13.9558 -1
      vertex 30.0676 11.8132 -1
      vertex 30.1817 11.6741 -1
    endloop
  endfacet
  facet normal 0 0 1
    outer loop
      vertex 32.2422 14.2422 -1
      vertex 29.9445 11.9445 -1
      vertex 30.0676 11.8132 -1
    endloop
  endfacet
  facet normal 0 0 1
    outer loop
      vertex 29.0524 12.5407 -1
      vertex 30.2958 15.5428 -1
      vertex 29.9285 15.6811 -1
    endloop
  endfacet
  facet normal 0 0 1
    outer loop
      vertex 31.9558 14.5105 -1
      vertex 29.8132 12.0676 -1
      vertex 29.9445 11.9445 -1
    endloop
  endfacet
  facet normal 0 0 1
    outer loop
      vertex 31.6522 14.7597 -1
      vertex 29.6741 12.1817 -1
      vertex 29.8132 12.0676 -1
    endloop
  endfacet
  facet normal 0 0 1
    outer loop
      vertex 28.884 12.6041 -1
      vertex 29.9285 15.6811 -1
      vertex 29.5528 15.795 -1
    endloop
  endfacet
  facet normal 0 0 1
    outer loop
      vertex 31.3331 14.9884 -1
      vertex 29.5278 12.2865 -1
      vertex 29.6741 12.1817 -1
    endloop
  endfacet
  facet normal 0 0 1
    outer loop
      vertex 30.9997 15.1957 -1
      vertex 29.375 12.3816 -1
      vertex 29.5278 12.2865 -1
    endloop
  endfacet
  facet normal 0 0 1
    outer loop
      vertex 30.6536 15.3807 -1
      vertex 29.2163 12.4664 -1
      vertex 29.375 12.3816 -1
    endloop
  endfacet
  facet normal 0 0 1
    outer loop
      vertex 28.7118 12.6563 -1
      vertex 29.5528 15.795 -1
      vertex 29.1705 15.8842 -1
    endloop
  endfacet
  facet normal 0 0 1
    outer loop
      vertex 30.2958 15.5428 -1
      vertex 29.0524 12.5407 -1
      vertex 29.2163 12.4664 -1
    endloop
  endfacet
  facet normal 0 0 1
    outer loop
      vertex 29.9285 15.6811 -1
      vertex 28.884 12.6041 -1
      vertex 29.0524 12.5407 -1
    endloop
  endfacet
  facet normal 0 0 1
    outer loop
      vertex 28.5365 12.6972 -1
      vertex 29.1705 15.8842 -1
      vertex 28.7832 15.9481 -1
    endloop
  endfacet
  facet normal 0 0 1
    outer loop
      vertex 29.5528 15.795 -1
      vertex 28.7118 12.6563 -1
      vertex 28.884 12.6041 -1
    endloop
  endfacet
  facet normal 0 0 1
    outer loop
      vertex 29.1705 15.8842 -1
      vertex 28.5365 12.6972 -1
      vertex 28.7118 12.6563 -1
    endloop
  endfacet
  facet normal 0 0 1
    outer loop
      vertex 28.3589 12.7265 -1
      vertex 28.7832 15.9481 -1
      vertex 28.3923 15.9866 -1
    endloop
  endfacet
  facet normal 0 0 1
    outer loop
      vertex 28.7832 15.9481 -1
      vertex 28.3589 12.7265 -1
      vertex 28.5365 12.6972 -1
    endloop
  endfacet
  facet normal 0 0 1
    outer loop
      vertex 28.3923 15.9866 -1
      vertex 28.1799 12.7441 -1
      vertex 28.3589 12.7265 -1
    endloop
  endfacet
  facet normal 0 0 1
    outer loop
      vertex 28 15.9995 -1
      vertex 28.1799 12.7441 -1
      vertex 28.3923 15.9866 -1
    endloop
  endfacet
  facet normal 0 0 1
    outer loop
      vertex 28 15.9995 -1
      vertex 28 12.75 -1
      vertex 28.1799 12.7441 -1
    endloop
  endfacet
  facet normal 0 0 1
    outer loop
      vertex 28 15.9995 -1
      vertex 27.8201 12.7441 -1
      vertex 28 12.75 -1
    endloop
  endfacet
  facet normal -0 0 1
    outer loop
      vertex 27.6077 15.9866 -1
      vertex 27.8201 12.7441 -1
      vertex 28 15.9995 -1
    endloop
  endfacet
  facet normal 0 0 1
    outer loop
      vertex 27.8201 12.7441 -1
      vertex 27.6077 15.9866 -1
      vertex 27.6411 12.7265 -1
    endloop
  endfacet
  facet normal -0 0 1
    outer loop
      vertex 27.2168 15.9481 -1
      vertex 27.6411 12.7265 -1
      vertex 27.6077 15.9866 -1
    endloop
  endfacet
  facet normal 0 0 1
    outer loop
      vertex 27.6411 12.7265 -1
      vertex 27.2168 15.9481 -1
      vertex 27.4635 12.6972 -1
    endloop
  endfacet
  facet normal -0 0 1
    outer loop
      vertex 26.8295 15.8842 -1
      vertex 27.4635 12.6972 -1
      vertex 27.2168 15.9481 -1
    endloop
  endfacet
  facet normal 0 0 1
    outer loop
      vertex 27.4635 12.6972 -1
      vertex 26.8295 15.8842 -1
      vertex 27.2882 12.6563 -1
    endloop
  endfacet
  facet normal -0 0 1
    outer loop
      vertex 26.4472 15.795 -1
      vertex 27.2882 12.6563 -1
      vertex 26.8295 15.8842 -1
    endloop
  endfacet
  facet normal 0 0 1
    outer loop
      vertex 27.2882 12.6563 -1
      vertex 26.4472 15.795 -1
      vertex 27.116 12.6041 -1
    endloop
  endfacet
  facet normal -0 0 1
    outer loop
      vertex 26.0715 15.6811 -1
      vertex 27.116 12.6041 -1
      vertex 26.4472 15.795 -1
    endloop
  endfacet
  facet normal 0 0 1
    outer loop
      vertex 27.116 12.6041 -1
      vertex 26.0715 15.6811 -1
      vertex 26.9476 12.5407 -1
    endloop
  endfacet
  facet normal -0 0 1
    outer loop
      vertex 25.7042 15.5428 -1
      vertex 26.9476 12.5407 -1
      vertex 26.0715 15.6811 -1
    endloop
  endfacet
  facet normal 0 0 1
    outer loop
      vertex 26.9476 12.5407 -1
      vertex 25.7042 15.5428 -1
      vertex 26.7837 12.4664 -1
    endloop
  endfacet
  facet normal -0 0 1
    outer loop
      vertex 25.3464 15.3807 -1
      vertex 26.7837 12.4664 -1
      vertex 25.7042 15.5428 -1
    endloop
  endfacet
  facet normal 0 0 1
    outer loop
      vertex 26.7837 12.4664 -1
      vertex 25.3464 15.3807 -1
      vertex 26.625 12.3816 -1
    endloop
  endfacet
  facet normal -0 0 1
    outer loop
      vertex 25.0003 15.1957 -1
      vertex 26.625 12.3816 -1
      vertex 25.3464 15.3807 -1
    endloop
  endfacet
  facet normal 0 0 1
    outer loop
      vertex 26.625 12.3816 -1
      vertex 25.0003 15.1957 -1
      vertex 26.4722 12.2865 -1
    endloop
  endfacet
  facet normal -0 0 1
    outer loop
      vertex 24.6669 14.9884 -1
      vertex 26.4722 12.2865 -1
      vertex 25.0003 15.1957 -1
    endloop
  endfacet
  facet normal 0 0 1
    outer loop
      vertex 26.4722 12.2865 -1
      vertex 24.6669 14.9884 -1
      vertex 26.3259 12.1817 -1
    endloop
  endfacet
  facet normal -0 0 1
    outer loop
      vertex 24.3478 14.7597 -1
      vertex 26.3259 12.1817 -1
      vertex 24.6669 14.9884 -1
    endloop
  endfacet
  facet normal 0 0 1
    outer loop
      vertex 26.3259 12.1817 -1
      vertex 24.3478 14.7597 -1
      vertex 26.1868 12.0676 -1
    endloop
  endfacet
  facet normal -0 0 1
    outer loop
      vertex 24.0442 14.5105 -1
      vertex 26.1868 12.0676 -1
      vertex 24.3478 14.7597 -1
    endloop
  endfacet
  facet normal -0 0 1
    outer loop
      vertex 23.9673 14.4385 -1
      vertex 26.1868 12.0676 -1
      vertex 24.0442 14.5105 -1
    endloop
  endfacet
  facet normal 0 0 1
    outer loop
      vertex 26.1868 12.0676 -1
      vertex 23.9673 14.4385 -1
      vertex 26.0555 11.9445 -1
    endloop
  endfacet
  facet normal 0 0 1
    outer loop
      vertex 26.0555 11.9445 -1
      vertex 23.9673 14.4385 -1
      vertex 25.9324 11.8132 -1
    endloop
  endfacet
  facet normal 0 0 1
    outer loop
      vertex 25.9324 11.8132 -1
      vertex 23.9673 14.4385 -1
      vertex 25.8183 11.6741 -1
    endloop
  endfacet
  facet normal 0 0 1
    outer loop
      vertex 25.8183 11.6741 -1
      vertex 23.9673 14.4385 -1
      vertex 25.7135 11.5278 -1
    endloop
  endfacet
  facet normal 0 0 1
    outer loop
      vertex 25.7135 11.5278 -1
      vertex 23.9673 14.4385 -1
      vertex 25.6184 11.375 -1
    endloop
  endfacet
  facet normal 0 0 1
    outer loop
      vertex 25.6184 11.375 -1
      vertex 23.9673 14.4385 -1
      vertex 25.5336 11.2163 -1
    endloop
  endfacet
  facet normal 0 0 1
    outer loop
      vertex 25.5336 11.2163 -1
      vertex 23.9673 14.4385 -1
      vertex 25.4593 11.0524 -1
    endloop
  endfacet
  facet normal 0 0 1
    outer loop
      vertex 25.4593 11.0524 -1
      vertex 23.9673 14.4385 -1
      vertex 25.3959 10.884 -1
    endloop
  endfacet
  facet normal 0 0 1
    outer loop
      vertex 25.3959 10.884 -1
      vertex 23.9673 14.4385 -1
      vertex 25.3437 10.7118 -1
    endloop
  endfacet
  facet normal 0 0 1
    outer loop
      vertex 33.1957 7.00034 -1
      vertex 30.3816 8.625 -1
      vertex 32.9884 6.6669 -1
    endloop
  endfacet
  facet normal -0 0 1
    outer loop
      vertex 30.2865 8.47218 -1
      vertex 32.9884 6.6669 -1
      vertex 30.3816 8.625 -1
    endloop
  endfacet
  facet normal 0 0 1
    outer loop
      vertex 32.9884 6.6669 -1
      vertex 30.2865 8.47218 -1
      vertex 32.7597 6.34781 -1
    endloop
  endfacet
  facet normal -0 0 1
    outer loop
      vertex 30.1817 8.32591 -1
      vertex 32.7597 6.34781 -1
      vertex 30.2865 8.47218 -1
    endloop
  endfacet
  facet normal 0 0 1
    outer loop
      vertex 32.7597 6.34781 -1
      vertex 30.1817 8.32591 -1
      vertex 32.5105 6.04417 -1
    endloop
  endfacet
  facet normal -0 0 1
    outer loop
      vertex 30.0676 8.1868 -1
      vertex 32.5105 6.04417 -1
      vertex 30.1817 8.32591 -1
    endloop
  endfacet
  facet normal 0 0 1
    outer loop
      vertex 32.5105 6.04417 -1
      vertex 30.0676 8.1868 -1
      vertex 32.2422 5.75775 -1
    endloop
  endfacet
  facet normal -0 0 1
    outer loop
      vertex 29.9445 8.05546 -1
      vertex 32.2422 5.75775 -1
      vertex 30.0676 8.1868 -1
    endloop
  endfacet
  facet normal 0 0 1
    outer loop
      vertex 32.2422 5.75775 -1
      vertex 29.9445 8.05546 -1
      vertex 31.9558 5.48946 -1
    endloop
  endfacet
  facet normal -0 0 1
    outer loop
      vertex 29.8132 7.93244 -1
      vertex 31.9558 5.48946 -1
      vertex 29.9445 8.05546 -1
    endloop
  endfacet
  facet normal 0 0 1
    outer loop
      vertex 31.9558 5.48946 -1
      vertex 29.8132 7.93244 -1
      vertex 31.6522 5.24028 -1
    endloop
  endfacet
  facet normal -0 0 1
    outer loop
      vertex 29.6741 7.81828 -1
      vertex 31.6522 5.24028 -1
      vertex 29.8132 7.93244 -1
    endloop
  endfacet
  facet normal 0 0 1
    outer loop
      vertex 31.6522 5.24028 -1
      vertex 29.6741 7.81828 -1
      vertex 31.3331 5.01163 -1
    endloop
  endfacet
  facet normal -0 0 1
    outer loop
      vertex 29.5278 7.71346 -1
      vertex 31.3331 5.01163 -1
      vertex 29.6741 7.81828 -1
    endloop
  endfacet
  facet normal 0 0 1
    outer loop
      vertex 31.3331 5.01163 -1
      vertex 29.5278 7.71346 -1
      vertex 30.9997 4.80429 -1
    endloop
  endfacet
  facet normal -0 0 1
    outer loop
      vertex 29.375 7.61843 -1
      vertex 30.9997 4.80429 -1
      vertex 29.5278 7.71346 -1
    endloop
  endfacet
  facet normal 0 0 1
    outer loop
      vertex 30.9997 4.80429 -1
      vertex 29.375 7.61843 -1
      vertex 30.6536 4.61928 -1
    endloop
  endfacet
  facet normal -0 0 1
    outer loop
      vertex 29.2163 7.5336 -1
      vertex 30.6536 4.61928 -1
      vertex 29.375 7.61843 -1
    endloop
  endfacet
  facet normal 0 0 1
    outer loop
      vertex 30.6536 4.61928 -1
      vertex 29.2163 7.5336 -1
      vertex 30.2958 4.4572 -1
    endloop
  endfacet
  facet normal -0 0 1
    outer loop
      vertex 29.0524 7.45933 -1
      vertex 30.2958 4.4572 -1
      vertex 29.2163 7.5336 -1
    endloop
  endfacet
  facet normal 0 0 1
    outer loop
      vertex 30.2958 4.4572 -1
      vertex 29.0524 7.45933 -1
      vertex 29.9285 4.31894 -1
    endloop
  endfacet
  facet normal -0 0 1
    outer loop
      vertex 28.884 7.39594 -1
      vertex 29.9285 4.31894 -1
      vertex 29.0524 7.45933 -1
    endloop
  endfacet
  facet normal 0 0 1
    outer loop
      vertex 29.9285 4.31894 -1
      vertex 28.884 7.39594 -1
      vertex 29.5528 4.20497 -1
    endloop
  endfacet
  facet normal -0 0 1
    outer loop
      vertex 28.7118 7.3437 -1
      vertex 29.5528 4.20497 -1
      vertex 28.884 7.39594 -1
    endloop
  endfacet
  facet normal 0 0 1
    outer loop
      vertex 29.5528 4.20497 -1
      vertex 28.7118 7.3437 -1
      vertex 29.1705 4.11583 -1
    endloop
  endfacet
  facet normal -0 0 1
    outer loop
      vertex 28.5365 7.30284 -1
      vertex 29.1705 4.11583 -1
      vertex 28.7118 7.3437 -1
    endloop
  endfacet
  facet normal 0 0 1
    outer loop
      vertex 29.1705 4.11583 -1
      vertex 28.5365 7.30284 -1
      vertex 28.7832 4.05188 -1
    endloop
  endfacet
  facet normal -0 0 1
    outer loop
      vertex 28.3589 7.27353 -1
      vertex 28.7832 4.05188 -1
      vertex 28.5365 7.30284 -1
    endloop
  endfacet
  facet normal 0 0 1
    outer loop
      vertex 28.7832 4.05188 -1
      vertex 28.3589 7.27353 -1
      vertex 28.3923 4.0134 -1
    endloop
  endfacet
  facet normal -0 0 1
    outer loop
      vertex 28.1799 7.25589 -1
      vertex 28.3923 4.0134 -1
      vertex 28.3589 7.27353 -1
    endloop
  endfacet
  facet normal -0 0 1
    outer loop
      vertex 28 7.25 -1
      vertex 28.3923 4.0134 -1
      vertex 28.1799 7.25589 -1
    endloop
  endfacet
  facet normal 0 0 1
    outer loop
      vertex 28 7.25 -1
      vertex 28 4.00053 -1
      vertex 28.3923 4.0134 -1
    endloop
  endfacet
  facet normal 0 0 1
    outer loop
      vertex 27.8201 7.25589 -1
      vertex 28 4.00053 -1
      vertex 28 7.25 -1
    endloop
  endfacet
  facet normal 0 0 1
    outer loop
      vertex 27.6077 4.0134 -1
      vertex 27.8201 7.25589 -1
      vertex 27.6411 7.27353 -1
    endloop
  endfacet
  facet normal 0 0 1
    outer loop
      vertex 27.8201 7.25589 -1
      vertex 27.6077 4.0134 -1
      vertex 28 4.00053 -1
    endloop
  endfacet
  facet normal 0 0 1
    outer loop
      vertex 27.2168 4.05188 -1
      vertex 27.6411 7.27353 -1
      vertex 27.4635 7.30284 -1
    endloop
  endfacet
  facet normal 0 0 1
    outer loop
      vertex 26.8295 4.11583 -1
      vertex 27.4635 7.30284 -1
      vertex 27.2882 7.3437 -1
    endloop
  endfacet
  facet normal 0 0 1
    outer loop
      vertex 27.6411 7.27353 -1
      vertex 27.2168 4.05188 -1
      vertex 27.6077 4.0134 -1
    endloop
  endfacet
  facet normal 0 0 1
    outer loop
      vertex 26.4472 4.20497 -1
      vertex 27.2882 7.3437 -1
      vertex 27.116 7.39594 -1
    endloop
  endfacet
  facet normal 0 0 1
    outer loop
      vertex 26.0715 4.31894 -1
      vertex 27.116 7.39594 -1
      vertex 26.9476 7.45933 -1
    endloop
  endfacet
  facet normal 0 0 1
    outer loop
      vertex 27.4635 7.30284 -1
      vertex 26.8295 4.11583 -1
      vertex 27.2168 4.05188 -1
    endloop
  endfacet
  facet normal 0 0 1
    outer loop
      vertex 25.7042 4.4572 -1
      vertex 26.9476 7.45933 -1
      vertex 26.7837 7.5336 -1
    endloop
  endfacet
  facet normal 0 0 1
    outer loop
      vertex 25.3464 4.61928 -1
      vertex 26.7837 7.5336 -1
      vertex 26.625 7.61843 -1
    endloop
  endfacet
  facet normal 0 0 1
    outer loop
      vertex 25.0003 4.80429 -1
      vertex 26.625 7.61843 -1
      vertex 26.4722 7.71346 -1
    endloop
  endfacet
  facet normal 0 0 1
    outer loop
      vertex 27.2882 7.3437 -1
      vertex 26.4472 4.20497 -1
      vertex 26.8295 4.11583 -1
    endloop
  endfacet
  facet normal 0 0 1
    outer loop
      vertex 24.6669 5.01163 -1
      vertex 26.4722 7.71346 -1
      vertex 26.3259 7.81828 -1
    endloop
  endfacet
  facet normal 0 0 1
    outer loop
      vertex 24.3478 5.24028 -1
      vertex 26.3259 7.81828 -1
      vertex 26.1868 7.93244 -1
    endloop
  endfacet
  facet normal 0 0 1
    outer loop
      vertex 27.116 7.39594 -1
      vertex 26.0715 4.31894 -1
      vertex 26.4472 4.20497 -1
    endloop
  endfacet
  facet normal 0 0 1
    outer loop
      vertex 23.9673 5.5615 -1
      vertex 26.1868 7.93244 -1
      vertex 26.0555 8.05546 -1
    endloop
  endfacet
  facet normal 0 0 1
    outer loop
      vertex 23.9673 5.5615 -1
      vertex 26.0555 8.05546 -1
      vertex 25.9324 8.1868 -1
    endloop
  endfacet
  facet normal 0 0 1
    outer loop
      vertex 23.9673 5.5615 -1
      vertex 25.9324 8.1868 -1
      vertex 25.8183 8.32591 -1
    endloop
  endfacet
  facet normal 0 0 1
    outer loop
      vertex 23.9673 5.5615 -1
      vertex 25.8183 8.32591 -1
      vertex 25.7135 8.47218 -1
    endloop
  endfacet
  facet normal 0 0 1
    outer loop
      vertex 26.9476 7.45933 -1
      vertex 25.7042 4.4572 -1
      vertex 26.0715 4.31894 -1
    endloop
  endfacet
  facet normal 0 0 1
    outer loop
      vertex 23.9673 5.5615 -1
      vertex 25.7135 8.47218 -1
      vertex 25.6184 8.625 -1
    endloop
  endfacet
  facet normal 0 0 1
    outer loop
      vertex 23.9673 5.5615 -1
      vertex 25.6184 8.625 -1
      vertex 25.5336 8.78371 -1
    endloop
  endfacet
  facet normal 0 0 1
    outer loop
      vertex 23.9673 5.5615 -1
      vertex 25.5336 8.78371 -1
      vertex 25.4593 8.94762 -1
    endloop
  endfacet
  facet normal 0 0 1
    outer loop
      vertex 23.9673 5.5615 -1
      vertex 25.4593 8.94762 -1
      vertex 25.3959 9.11604 -1
    endloop
  endfacet
  facet normal 0 0 1
    outer loop
      vertex 26.7837 7.5336 -1
      vertex 25.3464 4.61928 -1
      vertex 25.7042 4.4572 -1
    endloop
  endfacet
  facet normal 0 0 1
    outer loop
      vertex 23.9673 5.5615 -1
      vertex 25.3959 9.11604 -1
      vertex 25.3437 9.28825 -1
    endloop
  endfacet
  facet normal 0 0 1
    outer loop
      vertex 23.9673 5.5615 -1
      vertex 25.3437 9.28825 -1
      vertex 25.3028 9.4635 -1
    endloop
  endfacet
  facet normal 0 0 1
    outer loop
      vertex 23.9673 5.5615 -1
      vertex 25.3028 9.4635 -1
      vertex 25.2735 9.64105 -1
    endloop
  endfacet
  facet normal 0 0 1
    outer loop
      vertex 23.9673 5.5615 -1
      vertex 25.2735 9.64105 -1
      vertex 25.2559 9.82014 -1
    endloop
  endfacet
  facet normal 0 0 1
    outer loop
      vertex 23.9673 5.5615 -1
      vertex 25.2559 9.82014 -1
      vertex 25.25 10 -1
    endloop
  endfacet
  facet normal 0 0 1
    outer loop
      vertex 25.3437 10.7118 -1
      vertex 23.9673 14.4385 -1
      vertex 25.3028 10.5365 -1
    endloop
  endfacet
  facet normal 0 0 1
    outer loop
      vertex 26.625 7.61843 -1
      vertex 25.0003 4.80429 -1
      vertex 25.3464 4.61928 -1
    endloop
  endfacet
  facet normal 0 0 1
    outer loop
      vertex 25.3028 10.5365 -1
      vertex 23.9673 14.4385 -1
      vertex 25.2735 10.3589 -1
    endloop
  endfacet
  facet normal 0 0 1
    outer loop
      vertex 26.4722 7.71346 -1
      vertex 24.6669 5.01163 -1
      vertex 25.0003 4.80429 -1
    endloop
  endfacet
  facet normal 0 0 1
    outer loop
      vertex 25.2735 10.3589 -1
      vertex 23.9673 14.4385 -1
      vertex 25.2559 10.1799 -1
    endloop
  endfacet
  facet normal 0 0 1
    outer loop
      vertex 26.3259 7.81828 -1
      vertex 24.3478 5.24028 -1
      vertex 24.6669 5.01163 -1
    endloop
  endfacet
  facet normal 0 0 1
    outer loop
      vertex 25.2559 10.1799 -1
      vertex 23.9673 14.4385 -1
      vertex 25.25 10 -1
    endloop
  endfacet
  facet normal 0 0 1
    outer loop
      vertex 23.9673 5.5615 -1
      vertex 25.25 10 -1
      vertex 23.9673 14.4385 -1
    endloop
  endfacet
  facet normal 0 0 1
    outer loop
      vertex 26.1868 7.93244 -1
      vertex 23.9673 5.5615 -1
      vertex 24.0442 5.48946 -1
    endloop
  endfacet
  facet normal 0 0 1
    outer loop
      vertex 26.1868 7.93244 -1
      vertex 24.0442 5.48946 -1
      vertex 24.3478 5.24028 -1
    endloop
  endfacet
  facet normal 0.11517 0.697661 -0.70711
    outer loop
      vertex 29.3656 16.8655 -9
      vertex 28.7832 15.9481 -10
      vertex 28.9137 16.9401 -9
    endloop
  endfacet
  facet normal 0.162876 0.986646 -0
    outer loop
      vertex 29.3656 16.8655 -9
      vertex 28.9137 16.9401 -2
      vertex 29.3656 16.8655 -2
    endloop
  endfacet
  facet normal 0.162876 0.986646 0
    outer loop
      vertex 28.9137 16.9401 -2
      vertex 29.3656 16.8655 -9
      vertex 28.9137 16.9401 -9
    endloop
  endfacet
  facet normal 0.411883 0.574752 -0.707116
    outer loop
      vertex 32.2613 15.5535 -9
      vertex 31.6522 14.7597 -10
      vertex 31.889 15.8203 -9
    endloop
  endfacet
  facet normal 0.448624 0.546558 -0.707115
    outer loop
      vertex 31.9558 14.5105 -10
      vertex 31.6522 14.7597 -10
      vertex 32.2613 15.5535 -9
    endloop
  endfacet
  facet normal 0 0 -1
    outer loop
      vertex 32.75 10 -10
      vertex 33.9995 10 -10
      vertex 33.9866 9.60771 -10
    endloop
  endfacet
  facet normal 0 0 -1
    outer loop
      vertex 32.7398 9.68934 -10
      vertex 33.9866 9.60771 -10
      vertex 33.9481 9.21684 -10
    endloop
  endfacet
  facet normal 0 0 -1
    outer loop
      vertex 33.9995 10 -10
      vertex 32.75 10 -10
      vertex 33.9866 10.3923 -10
    endloop
  endfacet
  facet normal 0 0 -1
    outer loop
      vertex 32.7094 9.38 -10
      vertex 33.9481 9.21684 -10
      vertex 33.8842 8.82953 -10
    endloop
  endfacet
  facet normal 0 0 -1
    outer loop
      vertex 32.7398 10.3107 -10
      vertex 33.9866 10.3923 -10
      vertex 32.75 10 -10
    endloop
  endfacet
  facet normal 0 0 -1
    outer loop
      vertex 32.6587 9.07332 -10
      vertex 33.8842 8.82953 -10
      vertex 33.795 8.4472 -10
    endloop
  endfacet
  facet normal -0 0 -1
    outer loop
      vertex 33.9866 10.3923 -10
      vertex 32.7398 10.3107 -10
      vertex 33.9481 10.7832 -10
    endloop
  endfacet
  facet normal 0 0 -1
    outer loop
      vertex 32.5881 8.77061 -10
      vertex 33.795 8.4472 -10
      vertex 33.6811 8.07153 -10
    endloop
  endfacet
  facet normal 0 0 -1
    outer loop
      vertex 32.7094 10.62 -10
      vertex 33.9481 10.7832 -10
      vertex 32.7398 10.3107 -10
    endloop
  endfacet
  facet normal 0 0 -1
    outer loop
      vertex 32.4979 8.47316 -10
      vertex 33.6811 8.07153 -10
      vertex 33.5428 7.70418 -10
    endloop
  endfacet
  facet normal -0 0 -1
    outer loop
      vertex 33.9481 10.7832 -10
      vertex 32.7094 10.62 -10
      vertex 33.8842 11.1705 -10
    endloop
  endfacet
  facet normal 0 0 -1
    outer loop
      vertex 32.3884 8.18225 -10
      vertex 33.5428 7.70418 -10
      vertex 33.3807 7.34644 -10
    endloop
  endfacet
  facet normal 0 0 -1
    outer loop
      vertex 32.6587 10.9267 -10
      vertex 33.8842 11.1705 -10
      vertex 32.7094 10.62 -10
    endloop
  endfacet
  facet normal 0 0 -1
    outer loop
      vertex 32.2601 7.89913 -10
      vertex 33.3807 7.34644 -10
      vertex 33.1957 7.00034 -10
    endloop
  endfacet
  facet normal -0 0 -1
    outer loop
      vertex 33.8842 11.1705 -10
      vertex 32.6587 10.9267 -10
      vertex 33.795 11.5528 -10
    endloop
  endfacet
  facet normal 0 0 -1
    outer loop
      vertex 32.1136 7.625 -10
      vertex 33.1957 7.00034 -10
      vertex 32.9884 6.6669 -10
    endloop
  endfacet
  facet normal 0 0 -1
    outer loop
      vertex 32.5881 11.2294 -10
      vertex 33.795 11.5528 -10
      vertex 32.6587 10.9267 -10
    endloop
  endfacet
  facet normal 0 0 -1
    outer loop
      vertex 31.9495 7.36104 -10
      vertex 32.9884 6.6669 -10
      vertex 32.7597 6.34781 -10
    endloop
  endfacet
  facet normal -0 0 -1
    outer loop
      vertex 33.795 11.5528 -10
      vertex 32.5881 11.2294 -10
      vertex 33.6811 11.9285 -10
    endloop
  endfacet
  facet normal 0 0 -1
    outer loop
      vertex 32.4979 11.5268 -10
      vertex 33.6811 11.9285 -10
      vertex 32.5881 11.2294 -10
    endloop
  endfacet
  facet normal 0 0 -1
    outer loop
      vertex 33.9866 9.60771 -10
      vertex 32.7398 9.68934 -10
      vertex 32.75 10 -10
    endloop
  endfacet
  facet normal 0 0 -1
    outer loop
      vertex 33.9481 9.21684 -10
      vertex 32.7094 9.38 -10
      vertex 32.7398 9.68934 -10
    endloop
  endfacet
  facet normal 0 0 -1
    outer loop
      vertex 33.8842 8.82953 -10
      vertex 32.6587 9.07332 -10
      vertex 32.7094 9.38 -10
    endloop
  endfacet
  facet normal 0 0 -1
    outer loop
      vertex 33.795 8.4472 -10
      vertex 32.5881 8.77061 -10
      vertex 32.6587 9.07332 -10
    endloop
  endfacet
  facet normal 0 0 -1
    outer loop
      vertex 31.7684 7.10838 -10
      vertex 32.7597 6.34781 -10
      vertex 32.5105 6.04417 -10
    endloop
  endfacet
  facet normal 0 0 -1
    outer loop
      vertex 33.6811 8.07153 -10
      vertex 32.4979 8.47316 -10
      vertex 32.5881 8.77061 -10
    endloop
  endfacet
  facet normal 0 0 -1
    outer loop
      vertex 33.5428 7.70418 -10
      vertex 32.3884 8.18225 -10
      vertex 32.4979 8.47316 -10
    endloop
  endfacet
  facet normal 0 0 -1
    outer loop
      vertex 33.3807 7.34644 -10
      vertex 32.2601 7.89913 -10
      vertex 32.3884 8.18225 -10
    endloop
  endfacet
  facet normal 0 0 -1
    outer loop
      vertex 31.5712 6.86811 -10
      vertex 32.5105 6.04417 -10
      vertex 32.2422 5.75775 -10
    endloop
  endfacet
  facet normal 0 0 -1
    outer loop
      vertex 33.1957 7.00034 -10
      vertex 32.1136 7.625 -10
      vertex 32.2601 7.89913 -10
    endloop
  endfacet
  facet normal 0 0 -1
    outer loop
      vertex 31.3588 6.64124 -10
      vertex 32.2422 5.75775 -10
      vertex 31.9558 5.48946 -10
    endloop
  endfacet
  facet normal 0 0 -1
    outer loop
      vertex 32.9884 6.6669 -10
      vertex 31.9495 7.36104 -10
      vertex 32.1136 7.625 -10
    endloop
  endfacet
  facet normal 0 0 -1
    outer loop
      vertex 32.7597 6.34781 -10
      vertex 31.7684 7.10838 -10
      vertex 31.9495 7.36104 -10
    endloop
  endfacet
  facet normal 0 0 -1
    outer loop
      vertex 31.1319 6.42876 -10
      vertex 31.9558 5.48946 -10
      vertex 31.6522 5.24028 -10
    endloop
  endfacet
  facet normal 0 0 -1
    outer loop
      vertex 32.5105 6.04417 -10
      vertex 31.5712 6.86811 -10
      vertex 31.7684 7.10838 -10
    endloop
  endfacet
  facet normal 0 0 -1
    outer loop
      vertex 32.2422 5.75775 -10
      vertex 31.3588 6.64124 -10
      vertex 31.5712 6.86811 -10
    endloop
  endfacet
  facet normal 0 0 -1
    outer loop
      vertex 30.8916 6.23157 -10
      vertex 31.6522 5.24028 -10
      vertex 31.3331 5.01163 -10
    endloop
  endfacet
  facet normal 0 0 -1
    outer loop
      vertex 31.9558 5.48946 -10
      vertex 31.1319 6.42876 -10
      vertex 31.3588 6.64124 -10
    endloop
  endfacet
  facet normal 0 0 -1
    outer loop
      vertex 30.639 6.05052 -10
      vertex 31.3331 5.01163 -10
      vertex 30.9997 4.80429 -10
    endloop
  endfacet
  facet normal 0 0 -1
    outer loop
      vertex 31.6522 5.24028 -10
      vertex 30.8916 6.23157 -10
      vertex 31.1319 6.42876 -10
    endloop
  endfacet
  facet normal 0 0 -1
    outer loop
      vertex 30.375 5.88638 -10
      vertex 30.9997 4.80429 -10
      vertex 30.6536 4.61928 -10
    endloop
  endfacet
  facet normal 0 0 -1
    outer loop
      vertex 31.3331 5.01163 -10
      vertex 30.639 6.05052 -10
      vertex 30.8916 6.23157 -10
    endloop
  endfacet
  facet normal 0 0 -1
    outer loop
      vertex 30.9997 4.80429 -10
      vertex 30.375 5.88638 -10
      vertex 30.639 6.05052 -10
    endloop
  endfacet
  facet normal 0 0 -1
    outer loop
      vertex 30.1009 5.73985 -10
      vertex 30.6536 4.61928 -10
      vertex 30.2958 4.4572 -10
    endloop
  endfacet
  facet normal 0 0 -1
    outer loop
      vertex 30.6536 4.61928 -10
      vertex 30.1009 5.73985 -10
      vertex 30.375 5.88638 -10
    endloop
  endfacet
  facet normal 0 0 -1
    outer loop
      vertex 29.8177 5.61157 -10
      vertex 30.2958 4.4572 -10
      vertex 29.9285 4.31894 -10
    endloop
  endfacet
  facet normal 0 0 -1
    outer loop
      vertex 30.2958 4.4572 -10
      vertex 29.8177 5.61157 -10
      vertex 30.1009 5.73985 -10
    endloop
  endfacet
  facet normal 0 0 -1
    outer loop
      vertex 29.5268 5.50208 -10
      vertex 29.9285 4.31894 -10
      vertex 29.5528 4.20497 -10
    endloop
  endfacet
  facet normal 0 0 -1
    outer loop
      vertex 29.9285 4.31894 -10
      vertex 29.5268 5.50208 -10
      vertex 29.8177 5.61157 -10
    endloop
  endfacet
  facet normal 0 0 -1
    outer loop
      vertex 29.5528 4.20497 -10
      vertex 29.2294 5.41185 -10
      vertex 29.5268 5.50208 -10
    endloop
  endfacet
  facet normal 0 0 -1
    outer loop
      vertex 29.1705 4.11583 -10
      vertex 29.2294 5.41185 -10
      vertex 29.5528 4.20497 -10
    endloop
  endfacet
  facet normal 0 0 -1
    outer loop
      vertex 29.1705 4.11583 -10
      vertex 28.9267 5.34127 -10
      vertex 29.2294 5.41185 -10
    endloop
  endfacet
  facet normal 0 0 -1
    outer loop
      vertex 28.7832 4.05188 -10
      vertex 28.9267 5.34127 -10
      vertex 29.1705 4.11583 -10
    endloop
  endfacet
  facet normal 0 0 -1
    outer loop
      vertex 28.7832 4.05188 -10
      vertex 28.62 5.29064 -10
      vertex 28.9267 5.34127 -10
    endloop
  endfacet
  facet normal 0 0 -1
    outer loop
      vertex 28.3923 4.0134 -10
      vertex 28.62 5.29064 -10
      vertex 28.7832 4.05188 -10
    endloop
  endfacet
  facet normal 0 0 -1
    outer loop
      vertex 28.3923 4.0134 -10
      vertex 28.3107 5.26017 -10
      vertex 28.62 5.29064 -10
    endloop
  endfacet
  facet normal 0 0 -1
    outer loop
      vertex 28 4.00053 -10
      vertex 28.3107 5.26017 -10
      vertex 28.3923 4.0134 -10
    endloop
  endfacet
  facet normal 0 0 -1
    outer loop
      vertex 28 4.00053 -10
      vertex 28 5.25 -10
      vertex 28.3107 5.26017 -10
    endloop
  endfacet
  facet normal 0 0 -1
    outer loop
      vertex 28 4.00053 -10
      vertex 27.6893 5.26017 -10
      vertex 28 5.25 -10
    endloop
  endfacet
  facet normal 0 0 -1
    outer loop
      vertex 27.6077 4.0134 -10
      vertex 27.6893 5.26017 -10
      vertex 28 4.00053 -10
    endloop
  endfacet
  facet normal 0 0 -1
    outer loop
      vertex 27.6077 4.0134 -10
      vertex 27.38 5.29064 -10
      vertex 27.6893 5.26017 -10
    endloop
  endfacet
  facet normal 0 0 -1
    outer loop
      vertex 27.2168 4.05188 -10
      vertex 27.38 5.29064 -10
      vertex 27.6077 4.0134 -10
    endloop
  endfacet
  facet normal 0 0 -1
    outer loop
      vertex 27.2168 4.05188 -10
      vertex 27.0733 5.34127 -10
      vertex 27.38 5.29064 -10
    endloop
  endfacet
  facet normal 0 0 -1
    outer loop
      vertex 26.8295 4.11583 -10
      vertex 27.0733 5.34127 -10
      vertex 27.2168 4.05188 -10
    endloop
  endfacet
  facet normal 0 0 -1
    outer loop
      vertex 26.8295 4.11583 -10
      vertex 26.7706 5.41185 -10
      vertex 27.0733 5.34127 -10
    endloop
  endfacet
  facet normal 0 0 -1
    outer loop
      vertex 26.4472 4.20497 -10
      vertex 26.7706 5.41185 -10
      vertex 26.8295 4.11583 -10
    endloop
  endfacet
  facet normal -0 0 -1
    outer loop
      vertex 26.7706 5.41185 -10
      vertex 26.4472 4.20497 -10
      vertex 26.4732 5.50208 -10
    endloop
  endfacet
  facet normal 0 0 -1
    outer loop
      vertex 26.0715 4.31894 -10
      vertex 26.4732 5.50208 -10
      vertex 26.4472 4.20497 -10
    endloop
  endfacet
  facet normal -0 0 -1
    outer loop
      vertex 26.4732 5.50208 -10
      vertex 26.0715 4.31894 -10
      vertex 26.1823 5.61157 -10
    endloop
  endfacet
  facet normal 0 0 -1
    outer loop
      vertex 25.7042 4.4572 -10
      vertex 26.1823 5.61157 -10
      vertex 26.0715 4.31894 -10
    endloop
  endfacet
  facet normal -0 0 -1
    outer loop
      vertex 26.1823 5.61157 -10
      vertex 25.7042 4.4572 -10
      vertex 25.8991 5.73985 -10
    endloop
  endfacet
  facet normal 0 0 -1
    outer loop
      vertex 25.3464 4.61928 -10
      vertex 25.8991 5.73985 -10
      vertex 25.7042 4.4572 -10
    endloop
  endfacet
  facet normal -0 0 -1
    outer loop
      vertex 25.8991 5.73985 -10
      vertex 25.3464 4.61928 -10
      vertex 25.625 5.88638 -10
    endloop
  endfacet
  facet normal 0 0 -1
    outer loop
      vertex 25.0003 4.80429 -10
      vertex 25.625 5.88638 -10
      vertex 25.3464 4.61928 -10
    endloop
  endfacet
  facet normal -0 0 -1
    outer loop
      vertex 25.625 5.88638 -10
      vertex 25.0003 4.80429 -10
      vertex 25.361 6.05052 -10
    endloop
  endfacet
  facet normal 0 0 -1
    outer loop
      vertex 24.6669 5.01163 -10
      vertex 25.361 6.05052 -10
      vertex 25.0003 4.80429 -10
    endloop
  endfacet
  facet normal -0 0 -1
    outer loop
      vertex 25.361 6.05052 -10
      vertex 24.6669 5.01163 -10
      vertex 25.1084 6.23157 -10
    endloop
  endfacet
  facet normal 0 0 -1
    outer loop
      vertex 24.3478 5.24028 -10
      vertex 25.1084 6.23157 -10
      vertex 24.6669 5.01163 -10
    endloop
  endfacet
  facet normal -0 0 -1
    outer loop
      vertex 25.1084 6.23157 -10
      vertex 24.3478 5.24028 -10
      vertex 24.8681 6.42876 -10
    endloop
  endfacet
  facet normal 0 0 -1
    outer loop
      vertex 24.0442 5.48946 -10
      vertex 24.8681 6.42876 -10
      vertex 24.3478 5.24028 -10
    endloop
  endfacet
  facet normal -0 0 -1
    outer loop
      vertex 24.8681 6.42876 -10
      vertex 24.0442 5.48946 -10
      vertex 24.6412 6.64124 -10
    endloop
  endfacet
  facet normal 0 0 -1
    outer loop
      vertex 23.7578 5.75775 -10
      vertex 24.6412 6.64124 -10
      vertex 24.0442 5.48946 -10
    endloop
  endfacet
  facet normal -0 0 -1
    outer loop
      vertex 24.6412 6.64124 -10
      vertex 23.7578 5.75775 -10
      vertex 24.4288 6.86811 -10
    endloop
  endfacet
  facet normal 0 0 -1
    outer loop
      vertex 23.4895 6.04417 -10
      vertex 24.4288 6.86811 -10
      vertex 23.7578 5.75775 -10
    endloop
  endfacet
  facet normal -0 0 -1
    outer loop
      vertex 24.4288 6.86811 -10
      vertex 23.4895 6.04417 -10
      vertex 24.2316 7.10838 -10
    endloop
  endfacet
  facet normal 0 0 -1
    outer loop
      vertex 23.2403 6.34781 -10
      vertex 24.2316 7.10838 -10
      vertex 23.4895 6.04417 -10
    endloop
  endfacet
  facet normal -0 0 -1
    outer loop
      vertex 24.2316 7.10838 -10
      vertex 23.2403 6.34781 -10
      vertex 24.0505 7.36104 -10
    endloop
  endfacet
  facet normal 0 0 -1
    outer loop
      vertex 23.0116 6.6669 -10
      vertex 24.0505 7.36104 -10
      vertex 23.2403 6.34781 -10
    endloop
  endfacet
  facet normal -0 0 -1
    outer loop
      vertex 24.0505 7.36104 -10
      vertex 23.0116 6.6669 -10
      vertex 23.8864 7.625 -10
    endloop
  endfacet
  facet normal 0 0 -1
    outer loop
      vertex 22.8043 7.00034 -10
      vertex 23.8864 7.625 -10
      vertex 23.0116 6.6669 -10
    endloop
  endfacet
  facet normal -0 0 -1
    outer loop
      vertex 23.8864 7.625 -10
      vertex 22.8043 7.00034 -10
      vertex 23.7399 7.89913 -10
    endloop
  endfacet
  facet normal 0 0 -1
    outer loop
      vertex 22.6193 7.34644 -10
      vertex 23.7399 7.89913 -10
      vertex 22.8043 7.00034 -10
    endloop
  endfacet
  facet normal -0 0 -1
    outer loop
      vertex 23.7399 7.89913 -10
      vertex 22.6193 7.34644 -10
      vertex 23.6116 8.18225 -10
    endloop
  endfacet
  facet normal 0 0 -1
    outer loop
      vertex 22.4572 7.70418 -10
      vertex 23.6116 8.18225 -10
      vertex 22.6193 7.34644 -10
    endloop
  endfacet
  facet normal 0 0 -1
    outer loop
      vertex 22.3189 8.07153 -10
      vertex 23.5021 8.47316 -10
      vertex 22.4572 7.70418 -10
    endloop
  endfacet
  facet normal -0 0 -1
    outer loop
      vertex 23.6116 8.18225 -10
      vertex 22.4572 7.70418 -10
      vertex 23.5021 8.47316 -10
    endloop
  endfacet
  facet normal -0 0 -1
    outer loop
      vertex 33.6811 11.9285 -10
      vertex 32.4979 11.5268 -10
      vertex 33.5428 12.2958 -10
    endloop
  endfacet
  facet normal 0 0 -1
    outer loop
      vertex 32.3884 11.8177 -10
      vertex 33.5428 12.2958 -10
      vertex 32.4979 11.5268 -10
    endloop
  endfacet
  facet normal -0 0 -1
    outer loop
      vertex 33.5428 12.2958 -10
      vertex 32.3884 11.8177 -10
      vertex 33.3807 12.6536 -10
    endloop
  endfacet
  facet normal 0 0 -1
    outer loop
      vertex 32.2601 12.1009 -10
      vertex 33.3807 12.6536 -10
      vertex 32.3884 11.8177 -10
    endloop
  endfacet
  facet normal -0 0 -1
    outer loop
      vertex 33.3807 12.6536 -10
      vertex 32.2601 12.1009 -10
      vertex 33.1957 12.9997 -10
    endloop
  endfacet
  facet normal 0 0 -1
    outer loop
      vertex 32.1136 12.375 -10
      vertex 33.1957 12.9997 -10
      vertex 32.2601 12.1009 -10
    endloop
  endfacet
  facet normal -0 0 -1
    outer loop
      vertex 33.1957 12.9997 -10
      vertex 32.1136 12.375 -10
      vertex 32.9884 13.3331 -10
    endloop
  endfacet
  facet normal 0 0 -1
    outer loop
      vertex 31.9495 12.639 -10
      vertex 32.9884 13.3331 -10
      vertex 32.1136 12.375 -10
    endloop
  endfacet
  facet normal -0 0 -1
    outer loop
      vertex 32.9884 13.3331 -10
      vertex 31.9495 12.639 -10
      vertex 32.7597 13.6522 -10
    endloop
  endfacet
  facet normal 0 0 -1
    outer loop
      vertex 31.7684 12.8916 -10
      vertex 32.7597 13.6522 -10
      vertex 31.9495 12.639 -10
    endloop
  endfacet
  facet normal -0 0 -1
    outer loop
      vertex 32.7597 13.6522 -10
      vertex 31.7684 12.8916 -10
      vertex 32.5105 13.9558 -10
    endloop
  endfacet
  facet normal 0 0 -1
    outer loop
      vertex 31.5712 13.1319 -10
      vertex 32.5105 13.9558 -10
      vertex 31.7684 12.8916 -10
    endloop
  endfacet
  facet normal -0 0 -1
    outer loop
      vertex 32.5105 13.9558 -10
      vertex 31.5712 13.1319 -10
      vertex 32.2422 14.2422 -10
    endloop
  endfacet
  facet normal 0 0 -1
    outer loop
      vertex 31.3588 13.3588 -10
      vertex 32.2422 14.2422 -10
      vertex 31.5712 13.1319 -10
    endloop
  endfacet
  facet normal -0 0 -1
    outer loop
      vertex 32.2422 14.2422 -10
      vertex 31.3588 13.3588 -10
      vertex 31.9558 14.5105 -10
    endloop
  endfacet
  facet normal 0 0 -1
    outer loop
      vertex 31.1319 13.5712 -10
      vertex 31.9558 14.5105 -10
      vertex 31.3588 13.3588 -10
    endloop
  endfacet
  facet normal -0 0 -1
    outer loop
      vertex 31.9558 14.5105 -10
      vertex 31.1319 13.5712 -10
      vertex 31.6522 14.7597 -10
    endloop
  endfacet
  facet normal 0 0 -1
    outer loop
      vertex 30.8916 13.7684 -10
      vertex 31.6522 14.7597 -10
      vertex 31.1319 13.5712 -10
    endloop
  endfacet
  facet normal -0 0 -1
    outer loop
      vertex 31.6522 14.7597 -10
      vertex 30.8916 13.7684 -10
      vertex 31.3331 14.9884 -10
    endloop
  endfacet
  facet normal 0 0 -1
    outer loop
      vertex 30.639 13.9495 -10
      vertex 31.3331 14.9884 -10
      vertex 30.8916 13.7684 -10
    endloop
  endfacet
  facet normal -0 0 -1
    outer loop
      vertex 31.3331 14.9884 -10
      vertex 30.639 13.9495 -10
      vertex 30.9997 15.1957 -10
    endloop
  endfacet
  facet normal 0 0 -1
    outer loop
      vertex 30.375 14.1136 -10
      vertex 30.9997 15.1957 -10
      vertex 30.639 13.9495 -10
    endloop
  endfacet
  facet normal -0 0 -1
    outer loop
      vertex 30.9997 15.1957 -10
      vertex 30.375 14.1136 -10
      vertex 30.6536 15.3807 -10
    endloop
  endfacet
  facet normal 0 0 -1
    outer loop
      vertex 30.1009 14.2601 -10
      vertex 30.6536 15.3807 -10
      vertex 30.375 14.1136 -10
    endloop
  endfacet
  facet normal -0 0 -1
    outer loop
      vertex 30.6536 15.3807 -10
      vertex 30.1009 14.2601 -10
      vertex 30.2958 15.5428 -10
    endloop
  endfacet
  facet normal 0 0 -1
    outer loop
      vertex 29.8177 14.3884 -10
      vertex 30.2958 15.5428 -10
      vertex 30.1009 14.2601 -10
    endloop
  endfacet
  facet normal -0 0 -1
    outer loop
      vertex 30.2958 15.5428 -10
      vertex 29.8177 14.3884 -10
      vertex 29.9285 15.6811 -10
    endloop
  endfacet
  facet normal 0 0 -1
    outer loop
      vertex 29.5268 14.4979 -10
      vertex 29.9285 15.6811 -10
      vertex 29.8177 14.3884 -10
    endloop
  endfacet
  facet normal -0 0 -1
    outer loop
      vertex 29.9285 15.6811 -10
      vertex 29.5268 14.4979 -10
      vertex 29.5528 15.795 -10
    endloop
  endfacet
  facet normal 0 0 -1
    outer loop
      vertex 29.2294 14.5881 -10
      vertex 29.5528 15.795 -10
      vertex 29.5268 14.4979 -10
    endloop
  endfacet
  facet normal 0 0 -1
    outer loop
      vertex 29.2294 14.5881 -10
      vertex 29.1705 15.8842 -10
      vertex 29.5528 15.795 -10
    endloop
  endfacet
  facet normal 0 0 -1
    outer loop
      vertex 28.9267 14.6587 -10
      vertex 29.1705 15.8842 -10
      vertex 29.2294 14.5881 -10
    endloop
  endfacet
  facet normal 0 0 -1
    outer loop
      vertex 28.9267 14.6587 -10
      vertex 28.7832 15.9481 -10
      vertex 29.1705 15.8842 -10
    endloop
  endfacet
  facet normal 0 0 -1
    outer loop
      vertex 28.62 14.7094 -10
      vertex 28.7832 15.9481 -10
      vertex 28.9267 14.6587 -10
    endloop
  endfacet
  facet normal 0 0 -1
    outer loop
      vertex 28.62 14.7094 -10
      vertex 28.3923 15.9866 -10
      vertex 28.7832 15.9481 -10
    endloop
  endfacet
  facet normal 0 0 -1
    outer loop
      vertex 28.3107 14.7398 -10
      vertex 28.3923 15.9866 -10
      vertex 28.62 14.7094 -10
    endloop
  endfacet
  facet normal 0 0 -1
    outer loop
      vertex 28 14.75 -10
      vertex 28.3923 15.9866 -10
      vertex 28.3107 14.7398 -10
    endloop
  endfacet
  facet normal 0 0 -1
    outer loop
      vertex 28 14.75 -10
      vertex 28 15.9995 -10
      vertex 28.3923 15.9866 -10
    endloop
  endfacet
  facet normal 0 0 -1
    outer loop
      vertex 27.6893 14.7398 -10
      vertex 28 15.9995 -10
      vertex 28 14.75 -10
    endloop
  endfacet
  facet normal 0 0 -1
    outer loop
      vertex 27.6893 14.7398 -10
      vertex 27.6077 15.9866 -10
      vertex 28 15.9995 -10
    endloop
  endfacet
  facet normal 0 0 -1
    outer loop
      vertex 27.38 14.7094 -10
      vertex 27.6077 15.9866 -10
      vertex 27.6893 14.7398 -10
    endloop
  endfacet
  facet normal 0 0 -1
    outer loop
      vertex 27.38 14.7094 -10
      vertex 27.2168 15.9481 -10
      vertex 27.6077 15.9866 -10
    endloop
  endfacet
  facet normal 0 0 -1
    outer loop
      vertex 27.0733 14.6587 -10
      vertex 27.2168 15.9481 -10
      vertex 27.38 14.7094 -10
    endloop
  endfacet
  facet normal 0 0 -1
    outer loop
      vertex 27.0733 14.6587 -10
      vertex 26.8295 15.8842 -10
      vertex 27.2168 15.9481 -10
    endloop
  endfacet
  facet normal 0 0 -1
    outer loop
      vertex 26.7706 14.5881 -10
      vertex 26.8295 15.8842 -10
      vertex 27.0733 14.6587 -10
    endloop
  endfacet
  facet normal 0 0 -1
    outer loop
      vertex 26.4472 15.795 -10
      vertex 26.7706 14.5881 -10
      vertex 26.4732 14.4979 -10
    endloop
  endfacet
  facet normal 0 0 -1
    outer loop
      vertex 26.7706 14.5881 -10
      vertex 26.4472 15.795 -10
      vertex 26.8295 15.8842 -10
    endloop
  endfacet
  facet normal 0 0 -1
    outer loop
      vertex 26.0715 15.6811 -10
      vertex 26.4732 14.4979 -10
      vertex 26.1823 14.3884 -10
    endloop
  endfacet
  facet normal 0 0 -1
    outer loop
      vertex 26.4732 14.4979 -10
      vertex 26.0715 15.6811 -10
      vertex 26.4472 15.795 -10
    endloop
  endfacet
  facet normal 0 0 -1
    outer loop
      vertex 25.7042 15.5428 -10
      vertex 26.1823 14.3884 -10
      vertex 25.8991 14.2601 -10
    endloop
  endfacet
  facet normal 0 0 -1
    outer loop
      vertex 26.1823 14.3884 -10
      vertex 25.7042 15.5428 -10
      vertex 26.0715 15.6811 -10
    endloop
  endfacet
  facet normal 0 0 -1
    outer loop
      vertex 25.3464 15.3807 -10
      vertex 25.8991 14.2601 -10
      vertex 25.625 14.1136 -10
    endloop
  endfacet
  facet normal 0 0 -1
    outer loop
      vertex 25.0003 15.1957 -10
      vertex 25.625 14.1136 -10
      vertex 25.361 13.9495 -10
    endloop
  endfacet
  facet normal 0 0 -1
    outer loop
      vertex 25.8991 14.2601 -10
      vertex 25.3464 15.3807 -10
      vertex 25.7042 15.5428 -10
    endloop
  endfacet
  facet normal 0 0 -1
    outer loop
      vertex 24.6669 14.9884 -10
      vertex 25.361 13.9495 -10
      vertex 25.1084 13.7684 -10
    endloop
  endfacet
  facet normal 0 0 -1
    outer loop
      vertex 25.625 14.1136 -10
      vertex 25.0003 15.1957 -10
      vertex 25.3464 15.3807 -10
    endloop
  endfacet
  facet normal 0 0 -1
    outer loop
      vertex 24.3478 14.7597 -10
      vertex 25.1084 13.7684 -10
      vertex 24.8681 13.5712 -10
    endloop
  endfacet
  facet normal 0 0 -1
    outer loop
      vertex 25.361 13.9495 -10
      vertex 24.6669 14.9884 -10
      vertex 25.0003 15.1957 -10
    endloop
  endfacet
  facet normal 0 0 -1
    outer loop
      vertex 24.0442 14.5105 -10
      vertex 24.8681 13.5712 -10
      vertex 24.6412 13.3588 -10
    endloop
  endfacet
  facet normal 0 0 -1
    outer loop
      vertex 23.7578 14.2422 -10
      vertex 24.6412 13.3588 -10
      vertex 24.4288 13.1319 -10
    endloop
  endfacet
  facet normal 0 0 -1
    outer loop
      vertex 25.1084 13.7684 -10
      vertex 24.3478 14.7597 -10
      vertex 24.6669 14.9884 -10
    endloop
  endfacet
  facet normal 0 0 -1
    outer loop
      vertex 23.4895 13.9558 -10
      vertex 24.4288 13.1319 -10
      vertex 24.2316 12.8916 -10
    endloop
  endfacet
  facet normal 0 0 -1
    outer loop
      vertex 23.2403 13.6522 -10
      vertex 24.2316 12.8916 -10
      vertex 24.0505 12.639 -10
    endloop
  endfacet
  facet normal 0 0 -1
    outer loop
      vertex 24.8681 13.5712 -10
      vertex 24.0442 14.5105 -10
      vertex 24.3478 14.7597 -10
    endloop
  endfacet
  facet normal 0 0 -1
    outer loop
      vertex 23.0116 13.3331 -10
      vertex 24.0505 12.639 -10
      vertex 23.8864 12.375 -10
    endloop
  endfacet
  facet normal 0 0 -1
    outer loop
      vertex 24.6412 13.3588 -10
      vertex 23.7578 14.2422 -10
      vertex 24.0442 14.5105 -10
    endloop
  endfacet
  facet normal 0 0 -1
    outer loop
      vertex 22.8043 12.9997 -10
      vertex 23.8864 12.375 -10
      vertex 23.7399 12.1009 -10
    endloop
  endfacet
  facet normal 0 0 -1
    outer loop
      vertex 22.6193 12.6536 -10
      vertex 23.7399 12.1009 -10
      vertex 23.6116 11.8177 -10
    endloop
  endfacet
  facet normal 0 0 -1
    outer loop
      vertex 22.4572 12.2958 -10
      vertex 23.6116 11.8177 -10
      vertex 23.5021 11.5268 -10
    endloop
  endfacet
  facet normal 0 0 -1
    outer loop
      vertex 24.4288 13.1319 -10
      vertex 23.4895 13.9558 -10
      vertex 23.7578 14.2422 -10
    endloop
  endfacet
  facet normal 0 0 -1
    outer loop
      vertex 22.3189 11.9285 -10
      vertex 23.5021 11.5268 -10
      vertex 23.4119 11.2294 -10
    endloop
  endfacet
  facet normal 0 0 -1
    outer loop
      vertex 22.205 11.5528 -10
      vertex 23.4119 11.2294 -10
      vertex 23.3413 10.9267 -10
    endloop
  endfacet
  facet normal 0 0 -1
    outer loop
      vertex 22.1158 11.1705 -10
      vertex 23.3413 10.9267 -10
      vertex 23.2906 10.62 -10
    endloop
  endfacet
  facet normal 0 0 -1
    outer loop
      vertex 22.0519 10.7832 -10
      vertex 23.2906 10.62 -10
      vertex 23.2602 10.3107 -10
    endloop
  endfacet
  facet normal 0 0 -1
    outer loop
      vertex 24.2316 12.8916 -10
      vertex 23.2403 13.6522 -10
      vertex 23.4895 13.9558 -10
    endloop
  endfacet
  facet normal 0 0 -1
    outer loop
      vertex 22.0134 10.3923 -10
      vertex 23.2602 10.3107 -10
      vertex 23.25 10 -10
    endloop
  endfacet
  facet normal -0 0 -1
    outer loop
      vertex 23.5021 8.47316 -10
      vertex 22.3189 8.07153 -10
      vertex 23.4119 8.77061 -10
    endloop
  endfacet
  facet normal 0 0 -1
    outer loop
      vertex 22.205 8.4472 -10
      vertex 23.4119 8.77061 -10
      vertex 22.3189 8.07153 -10
    endloop
  endfacet
  facet normal 0 0 -1
    outer loop
      vertex 24.0505 12.639 -10
      vertex 23.0116 13.3331 -10
      vertex 23.2403 13.6522 -10
    endloop
  endfacet
  facet normal -0 0 -1
    outer loop
      vertex 23.4119 8.77061 -10
      vertex 22.205 8.4472 -10
      vertex 23.3413 9.07332 -10
    endloop
  endfacet
  facet normal 0 0 -1
    outer loop
      vertex 23.8864 12.375 -10
      vertex 22.8043 12.9997 -10
      vertex 23.0116 13.3331 -10
    endloop
  endfacet
  facet normal 0 0 -1
    outer loop
      vertex 22.1158 8.82953 -10
      vertex 23.3413 9.07332 -10
      vertex 22.205 8.4472 -10
    endloop
  endfacet
  facet normal 0 0 -1
    outer loop
      vertex 23.7399 12.1009 -10
      vertex 22.6193 12.6536 -10
      vertex 22.8043 12.9997 -10
    endloop
  endfacet
  facet normal -0 0 -1
    outer loop
      vertex 23.3413 9.07332 -10
      vertex 22.1158 8.82953 -10
      vertex 23.2906 9.38 -10
    endloop
  endfacet
  facet normal 0 0 -1
    outer loop
      vertex 23.6116 11.8177 -10
      vertex 22.4572 12.2958 -10
      vertex 22.6193 12.6536 -10
    endloop
  endfacet
  facet normal 0 0 -1
    outer loop
      vertex 22.0519 9.21684 -10
      vertex 23.2906 9.38 -10
      vertex 22.1158 8.82953 -10
    endloop
  endfacet
  facet normal 0 0 -1
    outer loop
      vertex 23.5021 11.5268 -10
      vertex 22.3189 11.9285 -10
      vertex 22.4572 12.2958 -10
    endloop
  endfacet
  facet normal -0 0 -1
    outer loop
      vertex 23.2906 9.38 -10
      vertex 22.0519 9.21684 -10
      vertex 23.2602 9.68934 -10
    endloop
  endfacet
  facet normal 0 0 -1
    outer loop
      vertex 23.4119 11.2294 -10
      vertex 22.205 11.5528 -10
      vertex 22.3189 11.9285 -10
    endloop
  endfacet
  facet normal 0 0 -1
    outer loop
      vertex 22.0134 9.60771 -10
      vertex 23.2602 9.68934 -10
      vertex 22.0519 9.21684 -10
    endloop
  endfacet
  facet normal 0 0 -1
    outer loop
      vertex 23.3413 10.9267 -10
      vertex 22.1158 11.1705 -10
      vertex 22.205 11.5528 -10
    endloop
  endfacet
  facet normal -0 0 -1
    outer loop
      vertex 23.2602 9.68934 -10
      vertex 22.0134 9.60771 -10
      vertex 23.25 10 -10
    endloop
  endfacet
  facet normal 0 0 -1
    outer loop
      vertex 23.2906 10.62 -10
      vertex 22.0519 10.7832 -10
      vertex 22.1158 11.1705 -10
    endloop
  endfacet
  facet normal 0 0 -1
    outer loop
      vertex 22.0005 10 -10
      vertex 23.25 10 -10
      vertex 22.0134 9.60771 -10
    endloop
  endfacet
  facet normal 0 0 -1
    outer loop
      vertex 23.2602 10.3107 -10
      vertex 22.0134 10.3923 -10
      vertex 22.0519 10.7832 -10
    endloop
  endfacet
  facet normal 0 0 -1
    outer loop
      vertex 23.25 10 -10
      vertex 22.0005 10 -10
      vertex 22.0134 10.3923 -10
    endloop
  endfacet
  facet normal -0.352248 -0.935907 0
    outer loop
      vertex 25.3212 3.53284 -9
      vertex 25.7499 3.37149 -2
      vertex 25.3212 3.53284 -2
    endloop
  endfacet
  facet normal -0.352248 -0.935907 -0
    outer loop
      vertex 25.7499 3.37149 -2
      vertex 25.3212 3.53284 -9
      vertex 25.7499 3.37149 -9
    endloop
  endfacet
  facet normal 0.546579 -0.448582 0.707124
    outer loop
      vertex 32.7597 6.34781 -1
      vertex 32.5105 6.04417 -1
      vertex 33.5535 5.73867 -2
    endloop
  endfacet
  facet normal 0.546582 -0.448577 0.707125
    outer loop
      vertex 33.5535 5.73867 -2
      vertex 32.5105 6.04417 -1
      vertex 33.2629 5.38458 -2
    endloop
  endfacet
  facet normal 0.703696 -0.0693128 0.707112
    outer loop
      vertex 33.9866 9.60771 -1
      vertex 33.9481 9.21684 -1
      vertex 34.985 9.54218 -2
    endloop
  endfacet
  facet normal 0.703696 -0.0693106 0.707113
    outer loop
      vertex 34.985 9.54218 -2
      vertex 33.9481 9.21684 -1
      vertex 34.9401 9.08632 -2
    endloop
  endfacet
  facet normal -0.412742 -0.910848 0
    outer loop
      vertex 24.904 3.72189 -9
      vertex 25.3212 3.53284 -2
      vertex 24.904 3.72189 -2
    endloop
  endfacet
  facet normal -0.412742 -0.910848 -0
    outer loop
      vertex 25.3212 3.53284 -2
      vertex 24.904 3.72189 -9
      vertex 25.3212 3.53284 -9
    endloop
  endfacet
  facet normal 0.697682 -0.115106 0.7071
    outer loop
      vertex 33.9481 9.21684 -1
      vertex 33.8842 8.82953 -1
      vertex 34.8655 8.63437 -2
    endloop
  endfacet
  facet normal 0.688622 -0.16066 0.707099
    outer loop
      vertex 33.8842 8.82953 -1
      vertex 33.795 8.4472 -1
      vertex 34.8655 8.63437 -2
    endloop
  endfacet
  facet normal 0.70674 -0.0231556 0.707094
    outer loop
      vertex 35 10 -2
      vertex 33.9995 10 -1
      vertex 34.985 9.54218 -2
    endloop
  endfacet
  facet normal -0 0 -1
    outer loop
      vertex 22.2593 14 -9
      vertex 22.2425 13.9766 -9
      vertex 22.2425 14 -9
    endloop
  endfacet
  facet normal 0 0 -1
    outer loop
      vertex 22.2593 6 -9
      vertex 22.2425 6 -9
      vertex 22.2425 6.02337 -9
    endloop
  endfacet
  facet normal 0 -1 -0
    outer loop
      vertex 22.2593 6 -8.9555
      vertex 22.2425 6 -9
      vertex 22.2593 6 -9
    endloop
  endfacet
  facet normal 0 1 -0
    outer loop
      vertex 22.2593 14 -9
      vertex 22.2425 14 -9
      vertex 22.2593 14 -8.9555
    endloop
  endfacet
  facet normal -0.999461 0.0328156 0
    outer loop
      vertex -23.2602 9.68934 -10
      vertex -23.25 10 -5.5
      vertex -23.25 10 -10
    endloop
  endfacet
  facet normal -0.999461 0.0328156 0
    outer loop
      vertex -23.25 10 -5.5
      vertex -23.2602 9.68934 -10
      vertex -23.2602 9.68934 -5.5
    endloop
  endfacet
  facet normal -0.995205 -0.0978151 0
    outer loop
      vertex -23.2602 10.3107 -10
      vertex -23.2906 10.62 -5.5
      vertex -23.2906 10.62 -10
    endloop
  endfacet
  facet normal -0.995205 -0.0978151 0
    outer loop
      vertex -23.2906 10.62 -5.5
      vertex -23.2602 10.3107 -10
      vertex -23.2602 10.3107 -5.5
    endloop
  endfacet
  facet normal -0.999462 -0.0328114 0
    outer loop
      vertex -23.25 10 -10
      vertex -23.2602 10.3107 -5.5
      vertex -23.2602 10.3107 -10
    endloop
  endfacet
  facet normal -0.999462 -0.0328114 0
    outer loop
      vertex -23.2602 10.3107 -5.5
      vertex -23.25 10 -10
      vertex -23.25 10 -5.5
    endloop
  endfacet
  facet normal -0.98661 -0.163095 0
    outer loop
      vertex -23.2906 10.62 -10
      vertex -23.3413 10.9267 -5.5
      vertex -23.3413 10.9267 -10
    endloop
  endfacet
  facet normal -0.98661 -0.163095 0
    outer loop
      vertex -23.3413 10.9267 -5.5
      vertex -23.2906 10.62 -10
      vertex -23.2906 10.62 -5.5
    endloop
  endfacet
  facet normal 0.773025 -0.634376 0
    outer loop
      vertex -31.7684 12.8916 -5.5
      vertex -31.5712 13.1319 -10
      vertex -31.5712 13.1319 -5.5
    endloop
  endfacet
  facet normal 0.773025 -0.634376 0
    outer loop
      vertex -31.5712 13.1319 -10
      vertex -31.7684 12.8916 -5.5
      vertex -31.7684 12.8916 -10
    endloop
  endfacet
  facet normal 0.973864 0.227131 0
    outer loop
      vertex -32.5881 8.77061 -5.5
      vertex -32.6587 9.07332 -10
      vertex -32.6587 9.07332 -5.5
    endloop
  endfacet
  facet normal 0.973864 0.227131 0
    outer loop
      vertex -32.6587 9.07332 -10
      vertex -32.5881 8.77061 -5.5
      vertex -32.5881 8.77061 -10
    endloop
  endfacet
  facet normal -0.032715 0.999465 0
    outer loop
      vertex -27.6893 5.26017 -10
      vertex -28 5.25 -5.5
      vertex -27.6893 5.26017 -5.5
    endloop
  endfacet
  facet normal -0.032715 0.999465 0
    outer loop
      vertex -28 5.25 -5.5
      vertex -27.6893 5.26017 -10
      vertex -28 5.25 -10
    endloop
  endfacet
  facet normal -0.881934 -0.471373 0
    outer loop
      vertex -23.7399 12.1009 -10
      vertex -23.8864 12.375 -5.5
      vertex -23.8864 12.375 -10
    endloop
  endfacet
  facet normal -0.881934 -0.471373 0
    outer loop
      vertex -23.8864 12.375 -5.5
      vertex -23.7399 12.1009 -10
      vertex -23.7399 12.1009 -5.5
    endloop
  endfacet
  facet normal 0.935896 0.352276 0
    outer loop
      vertex -32.3884 8.18225 -5.5
      vertex -32.4979 8.47316 -10
      vertex -32.4979 8.47316 -5.5
    endloop
  endfacet
  facet normal 0.935896 0.352276 0
    outer loop
      vertex -32.4979 8.47316 -10
      vertex -32.3884 8.18225 -5.5
      vertex -32.3884 8.18225 -10
    endloop
  endfacet
  facet normal 0.730004 0.683443 0
    outer loop
      vertex -31.3588 6.64124 -5.5
      vertex -31.5712 6.86811 -10
      vertex -31.5712 6.86811 -5.5
    endloop
  endfacet
  facet normal 0.730004 0.683443 0
    outer loop
      vertex -31.5712 6.86811 -10
      vertex -31.3588 6.64124 -5.5
      vertex -31.3588 6.64124 -10
    endloop
  endfacet
  facet normal -0.582668 -0.81271 0
    outer loop
      vertex -25.361 13.9495 -10
      vertex -25.1084 13.7684 -5.5
      vertex -25.361 13.9495 -5.5
    endloop
  endfacet
  facet normal -0.582668 -0.81271 -0
    outer loop
      vertex -25.1084 13.7684 -5.5
      vertex -25.361 13.9495 -10
      vertex -25.1084 13.7684 -10
    endloop
  endfacet
  facet normal 0.683395 -0.730049 0
    outer loop
      vertex -31.3588 13.3588 -10
      vertex -31.1319 13.5712 -5.5
      vertex -31.3588 13.3588 -5.5
    endloop
  endfacet
  facet normal 0.683395 -0.730049 0
    outer loop
      vertex -31.1319 13.5712 -5.5
      vertex -31.3588 13.3588 -10
      vertex -31.1319 13.5712 -10
    endloop
  endfacet
  facet normal 0.986609 0.163105 0
    outer loop
      vertex -32.6587 9.07332 -5.5
      vertex -32.7094 9.38 -10
      vertex -32.7094 9.38 -5.5
    endloop
  endfacet
  facet normal 0.986609 0.163105 0
    outer loop
      vertex -32.7094 9.38 -10
      vertex -32.6587 9.07332 -5.5
      vertex -32.6587 9.07332 -10
    endloop
  endfacet
  facet normal -0.956954 -0.29024 0
    outer loop
      vertex -23.4119 11.2294 -10
      vertex -23.5021 11.5268 -5.5
      vertex -23.5021 11.5268 -10
    endloop
  endfacet
  facet normal -0.956954 -0.29024 0
    outer loop
      vertex -23.5021 11.5268 -5.5
      vertex -23.4119 11.2294 -10
      vertex -23.4119 11.2294 -5.5
    endloop
  endfacet
  facet normal -0.162876 0.986647 0
    outer loop
      vertex -27.0733 5.34127 -10
      vertex -27.38 5.29064 -5.5
      vertex -27.0733 5.34127 -5.5
    endloop
  endfacet
  facet normal -0.162876 0.986647 0
    outer loop
      vertex -27.38 5.29064 -5.5
      vertex -27.0733 5.34127 -10
      vertex -27.38 5.29064 -10
    endloop
  endfacet
  facet normal -0.730004 0.683443 0
    outer loop
      vertex -24.6412 6.64124 -10
      vertex -24.4288 6.86811 -5.5
      vertex -24.4288 6.86811 -10
    endloop
  endfacet
  facet normal -0.730004 0.683443 0
    outer loop
      vertex -24.4288 6.86811 -5.5
      vertex -24.6412 6.64124 -10
      vertex -24.6412 6.64124 -5.5
    endloop
  endfacet
  facet normal -0.935896 0.352276 0
    outer loop
      vertex -23.6116 8.18225 -10
      vertex -23.5021 8.47316 -5.5
      vertex -23.5021 8.47316 -10
    endloop
  endfacet
  facet normal -0.935896 0.352276 0
    outer loop
      vertex -23.5021 8.47316 -5.5
      vertex -23.6116 8.18225 -10
      vertex -23.6116 8.18225 -5.5
    endloop
  endfacet
  facet normal 0.849261 0.527973 0
    outer loop
      vertex -31.9495 7.36104 -5.5
      vertex -32.1136 7.625 -10
      vertex -32.1136 7.625 -5.5
    endloop
  endfacet
  facet normal 0.849261 0.527973 0
    outer loop
      vertex -32.1136 7.625 -10
      vertex -31.9495 7.36104 -5.5
      vertex -31.9495 7.36104 -10
    endloop
  endfacet
  facet normal 0.812776 0.582576 0
    outer loop
      vertex -31.7684 7.10838 -5.5
      vertex -31.9495 7.36104 -10
      vertex -31.9495 7.36104 -5.5
    endloop
  endfacet
  facet normal 0.812776 0.582576 0
    outer loop
      vertex -31.9495 7.36104 -10
      vertex -31.7684 7.10838 -5.5
      vertex -31.7684 7.10838 -10
    endloop
  endfacet
  facet normal -0.0980382 0.995183 0
    outer loop
      vertex -27.38 5.29064 -10
      vertex -27.6893 5.26017 -5.5
      vertex -27.38 5.29064 -5.5
    endloop
  endfacet
  facet normal -0.0980382 0.995183 0
    outer loop
      vertex -27.6893 5.26017 -5.5
      vertex -27.38 5.29064 -10
      vertex -27.6893 5.26017 -10
    endloop
  endfacet
  facet normal -0.582561 0.812787 0
    outer loop
      vertex -25.1084 6.23157 -10
      vertex -25.361 6.05052 -5.5
      vertex -25.1084 6.23157 -5.5
    endloop
  endfacet
  facet normal -0.582561 0.812787 0
    outer loop
      vertex -25.361 6.05052 -5.5
      vertex -25.1084 6.23157 -10
      vertex -25.361 6.05052 -10
    endloop
  endfacet
  facet normal -0.683395 -0.730049 0
    outer loop
      vertex -24.8681 13.5712 -10
      vertex -24.6412 13.3588 -5.5
      vertex -24.8681 13.5712 -5.5
    endloop
  endfacet
  facet normal -0.683395 -0.730049 -0
    outer loop
      vertex -24.6412 13.3588 -5.5
      vertex -24.8681 13.5712 -10
      vertex -24.6412 13.3588 -10
    endloop
  endfacet
  facet normal -0.528008 0.849239 0
    outer loop
      vertex -25.361 6.05052 -10
      vertex -25.625 5.88638 -5.5
      vertex -25.361 6.05052 -5.5
    endloop
  endfacet
  facet normal -0.528008 0.849239 0
    outer loop
      vertex -25.625 5.88638 -5.5
      vertex -25.361 6.05052 -10
      vertex -25.625 5.88638 -10
    endloop
  endfacet
  facet normal 0.528008 0.849239 -0
    outer loop
      vertex -30.375 5.88638 -10
      vertex -30.639 6.05052 -5.5
      vertex -30.375 5.88638 -5.5
    endloop
  endfacet
  facet normal 0.528008 0.849239 0
    outer loop
      vertex -30.639 6.05052 -5.5
      vertex -30.375 5.88638 -10
      vertex -30.639 6.05052 -10
    endloop
  endfacet
  facet normal -0.973863 -0.227138 0
    outer loop
      vertex -23.3413 10.9267 -10
      vertex -23.4119 11.2294 -5.5
      vertex -23.4119 11.2294 -10
    endloop
  endfacet
  facet normal -0.973863 -0.227138 0
    outer loop
      vertex -23.4119 11.2294 -5.5
      vertex -23.3413 10.9267 -10
      vertex -23.3413 10.9267 -5.5
    endloop
  endfacet
  facet normal 0.973863 -0.227138 0
    outer loop
      vertex -32.6587 10.9267 -5.5
      vertex -32.5881 11.2294 -10
      vertex -32.5881 11.2294 -5.5
    endloop
  endfacet
  facet normal 0.973863 -0.227138 0
    outer loop
      vertex -32.5881 11.2294 -10
      vertex -32.6587 10.9267 -5.5
      vertex -32.6587 10.9267 -10
    endloop
  endfacet
  facet normal -0.881955 0.471333 0
    outer loop
      vertex -23.8864 7.625 -10
      vertex -23.7399 7.89913 -5.5
      vertex -23.7399 7.89913 -10
    endloop
  endfacet
  facet normal -0.881955 0.471333 0
    outer loop
      vertex -23.7399 7.89913 -5.5
      vertex -23.8864 7.625 -10
      vertex -23.8864 7.625 -5.5
    endloop
  endfacet
  facet normal 0.227138 -0.973863 0
    outer loop
      vertex -29.2294 14.5881 -10
      vertex -28.9267 14.6587 -5.5
      vertex -29.2294 14.5881 -5.5
    endloop
  endfacet
  facet normal 0.227138 -0.973863 0
    outer loop
      vertex -28.9267 14.6587 -5.5
      vertex -29.2294 14.5881 -10
      vertex -28.9267 14.6587 -10
    endloop
  endfacet
  facet normal -0.849297 -0.527915 0
    outer loop
      vertex -23.8864 12.375 -10
      vertex -24.0505 12.639 -5.5
      vertex -24.0505 12.639 -10
    endloop
  endfacet
  facet normal -0.849297 -0.527915 0
    outer loop
      vertex -24.0505 12.639 -5.5
      vertex -23.8864 12.375 -10
      vertex -23.8864 12.375 -5.5
    endloop
  endfacet
  facet normal 0.81271 -0.582668 0
    outer loop
      vertex -31.9495 12.639 -5.5
      vertex -31.7684 12.8916 -10
      vertex -31.7684 12.8916 -5.5
    endloop
  endfacet
  facet normal 0.81271 -0.582668 0
    outer loop
      vertex -31.7684 12.8916 -10
      vertex -31.9495 12.639 -5.5
      vertex -31.9495 12.639 -10
    endloop
  endfacet
  facet normal 0.162876 0.986647 -0
    outer loop
      vertex -28.62 5.29064 -10
      vertex -28.9267 5.34127 -5.5
      vertex -28.62 5.29064 -5.5
    endloop
  endfacet
  facet normal 0.162876 0.986647 0
    outer loop
      vertex -28.9267 5.34127 -5.5
      vertex -28.62 5.29064 -10
      vertex -28.9267 5.34127 -10
    endloop
  endfacet
  facet normal -0.634357 0.773041 0
    outer loop
      vertex -24.8681 6.42876 -10
      vertex -25.1084 6.23157 -5.5
      vertex -24.8681 6.42876 -5.5
    endloop
  endfacet
  facet normal -0.634357 0.773041 0
    outer loop
      vertex -25.1084 6.23157 -5.5
      vertex -24.8681 6.42876 -10
      vertex -25.1084 6.23157 -10
    endloop
  endfacet
  facet normal 0.935892 -0.352287 0
    outer loop
      vertex -32.4979 11.5268 -5.5
      vertex -32.3884 11.8177 -10
      vertex -32.3884 11.8177 -5.5
    endloop
  endfacet
  facet normal 0.935892 -0.352287 0
    outer loop
      vertex -32.3884 11.8177 -10
      vertex -32.4979 11.5268 -5.5
      vertex -32.4979 11.5268 -10
    endloop
  endfacet
  facet normal -0.41261 0.910908 0
    outer loop
      vertex -25.8991 5.73985 -10
      vertex -26.1823 5.61157 -5.5
      vertex -25.8991 5.73985 -5.5
    endloop
  endfacet
  facet normal -0.41261 0.910908 0
    outer loop
      vertex -26.1823 5.61157 -5.5
      vertex -25.8991 5.73985 -10
      vertex -26.1823 5.61157 -10
    endloop
  endfacet
  facet normal 0.0978151 -0.995205 0
    outer loop
      vertex -28.62 14.7094 -10
      vertex -28.3107 14.7398 -5.5
      vertex -28.62 14.7094 -5.5
    endloop
  endfacet
  facet normal 0.0978151 -0.995205 0
    outer loop
      vertex -28.3107 14.7398 -5.5
      vertex -28.62 14.7094 -10
      vertex -28.3107 14.7398 -10
    endloop
  endfacet
  facet normal -0.935892 -0.352287 0
    outer loop
      vertex -23.5021 11.5268 -10
      vertex -23.6116 11.8177 -5.5
      vertex -23.6116 11.8177 -10
    endloop
  endfacet
  facet normal -0.935892 -0.352287 0
    outer loop
      vertex -23.6116 11.8177 -5.5
      vertex -23.5021 11.5268 -10
      vertex -23.5021 11.5268 -5.5
    endloop
  endfacet
  facet normal 0.91084 0.41276 0
    outer loop
      vertex -32.2601 7.89913 -5.5
      vertex -32.3884 8.18225 -10
      vertex -32.3884 8.18225 -5.5
    endloop
  endfacet
  facet normal 0.91084 0.41276 0
    outer loop
      vertex -32.3884 8.18225 -10
      vertex -32.2601 7.89913 -5.5
      vertex -32.2601 7.89913 -10
    endloop
  endfacet
  facet normal 0.999462 -0.0328114 0
    outer loop
      vertex -32.75 10 -5.5
      vertex -32.7398 10.3107 -10
      vertex -32.7398 10.3107 -5.5
    endloop
  endfacet
  facet normal 0.999462 -0.0328114 0
    outer loop
      vertex -32.7398 10.3107 -10
      vertex -32.75 10 -5.5
      vertex -32.75 10 -10
    endloop
  endfacet
  facet normal -0.634376 -0.773025 0
    outer loop
      vertex -25.1084 13.7684 -10
      vertex -24.8681 13.5712 -5.5
      vertex -25.1084 13.7684 -5.5
    endloop
  endfacet
  facet normal -0.634376 -0.773025 -0
    outer loop
      vertex -24.8681 13.5712 -5.5
      vertex -25.1084 13.7684 -10
      vertex -24.8681 13.5712 -10
    endloop
  endfacet
  facet normal -0.412664 -0.910883 0
    outer loop
      vertex -26.1823 14.3884 -10
      vertex -25.8991 14.2601 -5.5
      vertex -26.1823 14.3884 -5.5
    endloop
  endfacet
  facet normal -0.412664 -0.910883 -0
    outer loop
      vertex -25.8991 14.2601 -5.5
      vertex -26.1823 14.3884 -10
      vertex -25.8991 14.2601 -10
    endloop
  endfacet
  facet normal -0.773025 -0.634376 0
    outer loop
      vertex -24.2316 12.8916 -10
      vertex -24.4288 13.1319 -5.5
      vertex -24.4288 13.1319 -10
    endloop
  endfacet
  facet normal -0.773025 -0.634376 0
    outer loop
      vertex -24.4288 13.1319 -5.5
      vertex -24.2316 12.8916 -10
      vertex -24.2316 12.8916 -5.5
    endloop
  endfacet
  facet normal 0.471448 0.881894 -0
    outer loop
      vertex -30.1009 5.73985 -10
      vertex -30.375 5.88638 -5.5
      vertex -30.1009 5.73985 -5.5
    endloop
  endfacet
  facet normal 0.471448 0.881894 0
    outer loop
      vertex -30.375 5.88638 -5.5
      vertex -30.1009 5.73985 -10
      vertex -30.375 5.88638 -10
    endloop
  endfacet
  facet normal -0.772986 0.634423 0
    outer loop
      vertex -24.4288 6.86811 -10
      vertex -24.2316 7.10838 -5.5
      vertex -24.2316 7.10838 -10
    endloop
  endfacet
  facet normal -0.772986 0.634423 0
    outer loop
      vertex -24.2316 7.10838 -5.5
      vertex -24.4288 6.86811 -10
      vertex -24.4288 6.86811 -5.5
    endloop
  endfacet
  facet normal -0.227138 -0.973863 0
    outer loop
      vertex -27.0733 14.6587 -10
      vertex -26.7706 14.5881 -5.5
      vertex -27.0733 14.6587 -5.5
    endloop
  endfacet
  facet normal -0.227138 -0.973863 -0
    outer loop
      vertex -26.7706 14.5881 -5.5
      vertex -27.0733 14.6587 -10
      vertex -26.7706 14.5881 -10
    endloop
  endfacet
  facet normal 0.0980382 0.995183 -0
    outer loop
      vertex -28.3107 5.26017 -10
      vertex -28.62 5.29064 -5.5
      vertex -28.3107 5.26017 -5.5
    endloop
  endfacet
  facet normal 0.0980382 0.995183 0
    outer loop
      vertex -28.62 5.29064 -5.5
      vertex -28.3107 5.26017 -10
      vertex -28.62 5.29064 -10
    endloop
  endfacet
  facet normal -0.986609 0.163105 0
    outer loop
      vertex -23.3413 9.07332 -10
      vertex -23.2906 9.38 -5.5
      vertex -23.2906 9.38 -10
    endloop
  endfacet
  facet normal -0.986609 0.163105 0
    outer loop
      vertex -23.2906 9.38 -5.5
      vertex -23.3413 9.07332 -10
      vertex -23.3413 9.07332 -5.5
    endloop
  endfacet
  facet normal 0.956954 -0.29024 0
    outer loop
      vertex -32.5881 11.2294 -5.5
      vertex -32.4979 11.5268 -10
      vertex -32.4979 11.5268 -5.5
    endloop
  endfacet
  facet normal 0.956954 -0.29024 0
    outer loop
      vertex -32.4979 11.5268 -10
      vertex -32.5881 11.2294 -5.5
      vertex -32.5881 11.2294 -10
    endloop
  endfacet
  facet normal -0.910883 -0.412664 0
    outer loop
      vertex -23.6116 11.8177 -10
      vertex -23.7399 12.1009 -5.5
      vertex -23.7399 12.1009 -10
    endloop
  endfacet
  facet normal -0.910883 -0.412664 0
    outer loop
      vertex -23.7399 12.1009 -5.5
      vertex -23.6116 11.8177 -10
      vertex -23.6116 11.8177 -5.5
    endloop
  endfacet
  facet normal 0.881934 -0.471373 0
    outer loop
      vertex -32.2601 12.1009 -5.5
      vertex -32.1136 12.375 -10
      vertex -32.1136 12.375 -5.5
    endloop
  endfacet
  facet normal 0.881934 -0.471373 0
    outer loop
      vertex -32.1136 12.375 -10
      vertex -32.2601 12.1009 -5.5
      vertex -32.2601 12.1009 -10
    endloop
  endfacet
  facet normal -0.227077 0.973877 0
    outer loop
      vertex -26.7706 5.41185 -10
      vertex -27.0733 5.34127 -5.5
      vertex -26.7706 5.41185 -5.5
    endloop
  endfacet
  facet normal -0.227077 0.973877 0
    outer loop
      vertex -27.0733 5.34127 -5.5
      vertex -26.7706 5.41185 -10
      vertex -27.0733 5.34127 -10
    endloop
  endfacet
  facet normal -0.352287 -0.935892 0
    outer loop
      vertex -26.4732 14.4979 -10
      vertex -26.1823 14.3884 -5.5
      vertex -26.4732 14.4979 -5.5
    endloop
  endfacet
  facet normal -0.352287 -0.935892 -0
    outer loop
      vertex -26.1823 14.3884 -5.5
      vertex -26.4732 14.4979 -10
      vertex -26.1823 14.3884 -10
    endloop
  endfacet
  facet normal -0.290328 0.956927 0
    outer loop
      vertex -26.4732 5.50208 -10
      vertex -26.7706 5.41185 -5.5
      vertex -26.4732 5.50208 -5.5
    endloop
  endfacet
  facet normal -0.290328 0.956927 0
    outer loop
      vertex -26.7706 5.41185 -5.5
      vertex -26.4732 5.50208 -10
      vertex -26.7706 5.41185 -10
    endloop
  endfacet
  facet normal -0.995206 0.0978026 0
    outer loop
      vertex -23.2906 9.38 -10
      vertex -23.2602 9.68934 -5.5
      vertex -23.2602 9.68934 -10
    endloop
  endfacet
  facet normal -0.995206 0.0978026 0
    outer loop
      vertex -23.2602 9.68934 -5.5
      vertex -23.2906 9.38 -10
      vertex -23.2906 9.38 -5.5
    endloop
  endfacet
  facet normal -0.973864 0.227131 0
    outer loop
      vertex -23.4119 8.77061 -10
      vertex -23.3413 9.07332 -5.5
      vertex -23.3413 9.07332 -10
    endloop
  endfacet
  facet normal -0.973864 0.227131 0
    outer loop
      vertex -23.3413 9.07332 -5.5
      vertex -23.4119 8.77061 -10
      vertex -23.4119 8.77061 -5.5
    endloop
  endfacet
  facet normal 0.290328 0.956927 -0
    outer loop
      vertex -29.2294 5.41185 -10
      vertex -29.5268 5.50208 -5.5
      vertex -29.2294 5.41185 -5.5
    endloop
  endfacet
  facet normal 0.290328 0.956927 0
    outer loop
      vertex -29.5268 5.50208 -5.5
      vertex -29.2294 5.41185 -10
      vertex -29.5268 5.50208 -10
    endloop
  endfacet
  facet normal -0.0978151 -0.995205 0
    outer loop
      vertex -27.6893 14.7398 -10
      vertex -27.38 14.7094 -5.5
      vertex -27.6893 14.7398 -5.5
    endloop
  endfacet
  facet normal -0.0978151 -0.995205 -0
    outer loop
      vertex -27.38 14.7094 -5.5
      vertex -27.6893 14.7398 -10
      vertex -27.38 14.7094 -10
    endloop
  endfacet
  facet normal 0.163095 -0.98661 0
    outer loop
      vertex -28.9267 14.6587 -10
      vertex -28.62 14.7094 -5.5
      vertex -28.9267 14.6587 -5.5
    endloop
  endfacet
  facet normal 0.163095 -0.98661 0
    outer loop
      vertex -28.62 14.7094 -5.5
      vertex -28.9267 14.6587 -10
      vertex -28.62 14.7094 -10
    endloop
  endfacet
  facet normal 0.471373 -0.881934 0
    outer loop
      vertex -30.375 14.1136 -10
      vertex -30.1009 14.2601 -5.5
      vertex -30.375 14.1136 -5.5
    endloop
  endfacet
  facet normal 0.471373 -0.881934 0
    outer loop
      vertex -30.1009 14.2601 -5.5
      vertex -30.375 14.1136 -10
      vertex -30.1009 14.2601 -10
    endloop
  endfacet
  facet normal -0.812776 0.582576 0
    outer loop
      vertex -24.2316 7.10838 -10
      vertex -24.0505 7.36104 -5.5
      vertex -24.0505 7.36104 -10
    endloop
  endfacet
  facet normal -0.812776 0.582576 0
    outer loop
      vertex -24.0505 7.36104 -5.5
      vertex -24.2316 7.10838 -10
      vertex -24.2316 7.10838 -5.5
    endloop
  endfacet
  facet normal 0.772986 0.634423 0
    outer loop
      vertex -31.5712 6.86811 -5.5
      vertex -31.7684 7.10838 -10
      vertex -31.7684 7.10838 -5.5
    endloop
  endfacet
  facet normal 0.772986 0.634423 0
    outer loop
      vertex -31.7684 7.10838 -10
      vertex -31.5712 6.86811 -5.5
      vertex -31.5712 6.86811 -10
    endloop
  endfacet
  facet normal 0.29024 -0.956954 0
    outer loop
      vertex -29.5268 14.4979 -10
      vertex -29.2294 14.5881 -5.5
      vertex -29.5268 14.4979 -5.5
    endloop
  endfacet
  facet normal 0.29024 -0.956954 0
    outer loop
      vertex -29.2294 14.5881 -5.5
      vertex -29.5268 14.4979 -10
      vertex -29.2294 14.5881 -10
    endloop
  endfacet
  facet normal -0.956968 0.290195 0
    outer loop
      vertex -23.5021 8.47316 -10
      vertex -23.4119 8.77061 -5.5
      vertex -23.4119 8.77061 -10
    endloop
  endfacet
  facet normal -0.956968 0.290195 0
    outer loop
      vertex -23.4119 8.77061 -5.5
      vertex -23.5021 8.47316 -10
      vertex -23.5021 8.47316 -5.5
    endloop
  endfacet
  facet normal -0.471448 0.881894 0
    outer loop
      vertex -25.625 5.88638 -10
      vertex -25.8991 5.73985 -5.5
      vertex -25.625 5.88638 -5.5
    endloop
  endfacet
  facet normal -0.471448 0.881894 0
    outer loop
      vertex -25.8991 5.73985 -5.5
      vertex -25.625 5.88638 -10
      vertex -25.8991 5.73985 -10
    endloop
  endfacet
  facet normal -0.0328114 -0.999462 0
    outer loop
      vertex -28 14.75 -10
      vertex -27.6893 14.7398 -5.5
      vertex -28 14.75 -5.5
    endloop
  endfacet
  facet normal -0.0328114 -0.999462 -0
    outer loop
      vertex -27.6893 14.7398 -5.5
      vertex -28 14.75 -10
      vertex -27.6893 14.7398 -10
    endloop
  endfacet
  facet normal 0.032715 0.999465 -0
    outer loop
      vertex -28 5.25 -10
      vertex -28.3107 5.26017 -5.5
      vertex -28 5.25 -5.5
    endloop
  endfacet
  facet normal 0.032715 0.999465 0
    outer loop
      vertex -28.3107 5.26017 -5.5
      vertex -28 5.25 -10
      vertex -28.3107 5.26017 -10
    endloop
  endfacet
  facet normal 0.527915 -0.849297 0
    outer loop
      vertex -30.639 13.9495 -10
      vertex -30.375 14.1136 -5.5
      vertex -30.639 13.9495 -5.5
    endloop
  endfacet
  facet normal 0.527915 -0.849297 0
    outer loop
      vertex -30.375 14.1136 -5.5
      vertex -30.639 13.9495 -10
      vertex -30.375 14.1136 -10
    endloop
  endfacet
  facet normal 0.849297 -0.527915 0
    outer loop
      vertex -32.1136 12.375 -5.5
      vertex -31.9495 12.639 -10
      vertex -31.9495 12.639 -5.5
    endloop
  endfacet
  facet normal 0.849297 -0.527915 0
    outer loop
      vertex -31.9495 12.639 -10
      vertex -32.1136 12.375 -5.5
      vertex -32.1136 12.375 -10
    endloop
  endfacet
  facet normal 0.352287 -0.935892 0
    outer loop
      vertex -29.8177 14.3884 -10
      vertex -29.5268 14.4979 -5.5
      vertex -29.8177 14.3884 -5.5
    endloop
  endfacet
  facet normal 0.352287 -0.935892 0
    outer loop
      vertex -29.5268 14.4979 -5.5
      vertex -29.8177 14.3884 -10
      vertex -29.5268 14.4979 -10
    endloop
  endfacet
  facet normal 0.999461 0.0328156 0
    outer loop
      vertex -32.7398 9.68934 -5.5
      vertex -32.75 10 -10
      vertex -32.75 10 -5.5
    endloop
  endfacet
  facet normal 0.999461 0.0328156 0
    outer loop
      vertex -32.75 10 -10
      vertex -32.7398 9.68934 -5.5
      vertex -32.7398 9.68934 -10
    endloop
  endfacet
  facet normal -0.849261 0.527973 0
    outer loop
      vertex -24.0505 7.36104 -10
      vertex -23.8864 7.625 -5.5
      vertex -23.8864 7.625 -10
    endloop
  endfacet
  facet normal -0.849261 0.527973 0
    outer loop
      vertex -23.8864 7.625 -5.5
      vertex -24.0505 7.36104 -10
      vertex -24.0505 7.36104 -5.5
    endloop
  endfacet
  facet normal -0.91084 0.41276 0
    outer loop
      vertex -23.7399 7.89913 -10
      vertex -23.6116 8.18225 -5.5
      vertex -23.6116 8.18225 -10
    endloop
  endfacet
  facet normal -0.91084 0.41276 0
    outer loop
      vertex -23.6116 8.18225 -5.5
      vertex -23.7399 7.89913 -10
      vertex -23.7399 7.89913 -5.5
    endloop
  endfacet
  facet normal -0.163095 -0.98661 0
    outer loop
      vertex -27.38 14.7094 -10
      vertex -27.0733 14.6587 -5.5
      vertex -27.38 14.7094 -5.5
    endloop
  endfacet
  facet normal -0.163095 -0.98661 -0
    outer loop
      vertex -27.0733 14.6587 -5.5
      vertex -27.38 14.7094 -10
      vertex -27.0733 14.6587 -10
    endloop
  endfacet
  facet normal 0.956968 0.290195 0
    outer loop
      vertex -32.4979 8.47316 -5.5
      vertex -32.5881 8.77061 -10
      vertex -32.5881 8.77061 -5.5
    endloop
  endfacet
  facet normal 0.956968 0.290195 0
    outer loop
      vertex -32.5881 8.77061 -10
      vertex -32.4979 8.47316 -5.5
      vertex -32.4979 8.47316 -10
    endloop
  endfacet
  facet normal -0.730049 -0.683395 0
    outer loop
      vertex -24.4288 13.1319 -10
      vertex -24.6412 13.3588 -5.5
      vertex -24.6412 13.3588 -10
    endloop
  endfacet
  facet normal -0.730049 -0.683395 0
    outer loop
      vertex -24.6412 13.3588 -5.5
      vertex -24.4288 13.1319 -10
      vertex -24.4288 13.1319 -5.5
    endloop
  endfacet
  facet normal 0.582668 -0.81271 0
    outer loop
      vertex -30.8916 13.7684 -10
      vertex -30.639 13.9495 -5.5
      vertex -30.8916 13.7684 -5.5
    endloop
  endfacet
  facet normal 0.582668 -0.81271 0
    outer loop
      vertex -30.639 13.9495 -5.5
      vertex -30.8916 13.7684 -10
      vertex -30.639 13.9495 -10
    endloop
  endfacet
  facet normal 0.881955 0.471333 0
    outer loop
      vertex -32.1136 7.625 -5.5
      vertex -32.2601 7.89913 -10
      vertex -32.2601 7.89913 -5.5
    endloop
  endfacet
  facet normal 0.881955 0.471333 0
    outer loop
      vertex -32.2601 7.89913 -10
      vertex -32.1136 7.625 -5.5
      vertex -32.1136 7.625 -10
    endloop
  endfacet
  facet normal 0 0 -1
    outer loop
      vertex -25.25 10 -5.5
      vertex -23.25 10 -5.5
      vertex -23.2602 9.68934 -5.5
    endloop
  endfacet
  facet normal 0 0 -1
    outer loop
      vertex -25.2559 9.82014 -5.5
      vertex -23.2602 9.68934 -5.5
      vertex -23.2906 9.38 -5.5
    endloop
  endfacet
  facet normal 0 0 -1
    outer loop
      vertex -23.25 10 -5.5
      vertex -25.25 10 -5.5
      vertex -23.2602 10.3107 -5.5
    endloop
  endfacet
  facet normal 0 0 -1
    outer loop
      vertex -25.2735 9.64105 -5.5
      vertex -23.2906 9.38 -5.5
      vertex -23.3413 9.07332 -5.5
    endloop
  endfacet
  facet normal 0 0 -1
    outer loop
      vertex -25.2559 10.1799 -5.5
      vertex -23.2602 10.3107 -5.5
      vertex -25.25 10 -5.5
    endloop
  endfacet
  facet normal 0 0 -1
    outer loop
      vertex -25.3028 9.4635 -5.5
      vertex -23.3413 9.07332 -5.5
      vertex -23.4119 8.77061 -5.5
    endloop
  endfacet
  facet normal -0 0 -1
    outer loop
      vertex -23.2602 10.3107 -5.5
      vertex -25.2559 10.1799 -5.5
      vertex -23.2906 10.62 -5.5
    endloop
  endfacet
  facet normal 0 0 -1
    outer loop
      vertex -25.3437 9.28825 -5.5
      vertex -23.4119 8.77061 -5.5
      vertex -23.5021 8.47316 -5.5
    endloop
  endfacet
  facet normal 0 0 -1
    outer loop
      vertex -25.2735 10.3589 -5.5
      vertex -23.2906 10.62 -5.5
      vertex -25.2559 10.1799 -5.5
    endloop
  endfacet
  facet normal 0 0 -1
    outer loop
      vertex -25.3959 9.11604 -5.5
      vertex -23.5021 8.47316 -5.5
      vertex -23.6116 8.18225 -5.5
    endloop
  endfacet
  facet normal -0 0 -1
    outer loop
      vertex -23.2906 10.62 -5.5
      vertex -25.2735 10.3589 -5.5
      vertex -23.3413 10.9267 -5.5
    endloop
  endfacet
  facet normal 0 0 -1
    outer loop
      vertex -25.4593 8.94762 -5.5
      vertex -23.6116 8.18225 -5.5
      vertex -23.7399 7.89913 -5.5
    endloop
  endfacet
  facet normal 0 0 -1
    outer loop
      vertex -25.3028 10.5365 -5.5
      vertex -23.3413 10.9267 -5.5
      vertex -25.2735 10.3589 -5.5
    endloop
  endfacet
  facet normal 0 0 -1
    outer loop
      vertex -25.5336 8.78371 -5.5
      vertex -23.7399 7.89913 -5.5
      vertex -23.8864 7.625 -5.5
    endloop
  endfacet
  facet normal -0 0 -1
    outer loop
      vertex -23.3413 10.9267 -5.5
      vertex -25.3028 10.5365 -5.5
      vertex -23.4119 11.2294 -5.5
    endloop
  endfacet
  facet normal 0 0 -1
    outer loop
      vertex -25.6184 8.625 -5.5
      vertex -23.8864 7.625 -5.5
      vertex -24.0505 7.36104 -5.5
    endloop
  endfacet
  facet normal 0 0 -1
    outer loop
      vertex -25.3437 10.7118 -5.5
      vertex -23.4119 11.2294 -5.5
      vertex -25.3028 10.5365 -5.5
    endloop
  endfacet
  facet normal 0 0 -1
    outer loop
      vertex -25.7135 8.47218 -5.5
      vertex -24.0505 7.36104 -5.5
      vertex -24.2316 7.10838 -5.5
    endloop
  endfacet
  facet normal -0 0 -1
    outer loop
      vertex -23.4119 11.2294 -5.5
      vertex -25.3437 10.7118 -5.5
      vertex -23.5021 11.5268 -5.5
    endloop
  endfacet
  facet normal 0 0 -1
    outer loop
      vertex -25.8183 8.32591 -5.5
      vertex -24.2316 7.10838 -5.5
      vertex -24.4288 6.86811 -5.5
    endloop
  endfacet
  facet normal 0 0 -1
    outer loop
      vertex -25.3959 10.884 -5.5
      vertex -23.5021 11.5268 -5.5
      vertex -25.3437 10.7118 -5.5
    endloop
  endfacet
  facet normal 0 0 -1
    outer loop
      vertex -25.9324 8.1868 -5.5
      vertex -24.4288 6.86811 -5.5
      vertex -24.6412 6.64124 -5.5
    endloop
  endfacet
  facet normal -0 0 -1
    outer loop
      vertex -23.5021 11.5268 -5.5
      vertex -25.3959 10.884 -5.5
      vertex -23.6116 11.8177 -5.5
    endloop
  endfacet
  facet normal 0 0 -1
    outer loop
      vertex -26.0555 8.05546 -5.5
      vertex -24.6412 6.64124 -5.5
      vertex -24.8681 6.42876 -5.5
    endloop
  endfacet
  facet normal 0 0 -1
    outer loop
      vertex -25.4593 11.0524 -5.5
      vertex -23.6116 11.8177 -5.5
      vertex -25.3959 10.884 -5.5
    endloop
  endfacet
  facet normal 0 0 -1
    outer loop
      vertex -26.1868 7.93244 -5.5
      vertex -24.8681 6.42876 -5.5
      vertex -25.1084 6.23157 -5.5
    endloop
  endfacet
  facet normal -0 0 -1
    outer loop
      vertex -23.6116 11.8177 -5.5
      vertex -25.4593 11.0524 -5.5
      vertex -23.7399 12.1009 -5.5
    endloop
  endfacet
  facet normal 0 0 -1
    outer loop
      vertex -25.5336 11.2163 -5.5
      vertex -23.7399 12.1009 -5.5
      vertex -25.4593 11.0524 -5.5
    endloop
  endfacet
  facet normal 0 0 -1
    outer loop
      vertex -23.2602 9.68934 -5.5
      vertex -25.2559 9.82014 -5.5
      vertex -25.25 10 -5.5
    endloop
  endfacet
  facet normal 0 0 -1
    outer loop
      vertex -23.2906 9.38 -5.5
      vertex -25.2735 9.64105 -5.5
      vertex -25.2559 9.82014 -5.5
    endloop
  endfacet
  facet normal 0 0 -1
    outer loop
      vertex -23.3413 9.07332 -5.5
      vertex -25.3028 9.4635 -5.5
      vertex -25.2735 9.64105 -5.5
    endloop
  endfacet
  facet normal 0 0 -1
    outer loop
      vertex -23.4119 8.77061 -5.5
      vertex -25.3437 9.28825 -5.5
      vertex -25.3028 9.4635 -5.5
    endloop
  endfacet
  facet normal 0 0 -1
    outer loop
      vertex -26.3259 7.81828 -5.5
      vertex -25.1084 6.23157 -5.5
      vertex -25.361 6.05052 -5.5
    endloop
  endfacet
  facet normal 0 0 -1
    outer loop
      vertex -23.5021 8.47316 -5.5
      vertex -25.3959 9.11604 -5.5
      vertex -25.3437 9.28825 -5.5
    endloop
  endfacet
  facet normal 0 0 -1
    outer loop
      vertex -23.6116 8.18225 -5.5
      vertex -25.4593 8.94762 -5.5
      vertex -25.3959 9.11604 -5.5
    endloop
  endfacet
  facet normal 0 0 -1
    outer loop
      vertex -23.7399 7.89913 -5.5
      vertex -25.5336 8.78371 -5.5
      vertex -25.4593 8.94762 -5.5
    endloop
  endfacet
  facet normal 0 0 -1
    outer loop
      vertex -23.8864 7.625 -5.5
      vertex -25.6184 8.625 -5.5
      vertex -25.5336 8.78371 -5.5
    endloop
  endfacet
  facet normal 0 0 -1
    outer loop
      vertex -26.4722 7.71346 -5.5
      vertex -25.361 6.05052 -5.5
      vertex -25.625 5.88638 -5.5
    endloop
  endfacet
  facet normal 0 0 -1
    outer loop
      vertex -24.0505 7.36104 -5.5
      vertex -25.7135 8.47218 -5.5
      vertex -25.6184 8.625 -5.5
    endloop
  endfacet
  facet normal 0 0 -1
    outer loop
      vertex -24.2316 7.10838 -5.5
      vertex -25.8183 8.32591 -5.5
      vertex -25.7135 8.47218 -5.5
    endloop
  endfacet
  facet normal 0 0 -1
    outer loop
      vertex -26.625 7.61843 -5.5
      vertex -25.625 5.88638 -5.5
      vertex -25.8991 5.73985 -5.5
    endloop
  endfacet
  facet normal 0 0 -1
    outer loop
      vertex -24.4288 6.86811 -5.5
      vertex -25.9324 8.1868 -5.5
      vertex -25.8183 8.32591 -5.5
    endloop
  endfacet
  facet normal 0 0 -1
    outer loop
      vertex -24.6412 6.64124 -5.5
      vertex -26.0555 8.05546 -5.5
      vertex -25.9324 8.1868 -5.5
    endloop
  endfacet
  facet normal 0 0 -1
    outer loop
      vertex -26.7837 7.5336 -5.5
      vertex -25.8991 5.73985 -5.5
      vertex -26.1823 5.61157 -5.5
    endloop
  endfacet
  facet normal 0 0 -1
    outer loop
      vertex -24.8681 6.42876 -5.5
      vertex -26.1868 7.93244 -5.5
      vertex -26.0555 8.05546 -5.5
    endloop
  endfacet
  facet normal 0 0 -1
    outer loop
      vertex -25.1084 6.23157 -5.5
      vertex -26.3259 7.81828 -5.5
      vertex -26.1868 7.93244 -5.5
    endloop
  endfacet
  facet normal 0 0 -1
    outer loop
      vertex -25.361 6.05052 -5.5
      vertex -26.4722 7.71346 -5.5
      vertex -26.3259 7.81828 -5.5
    endloop
  endfacet
  facet normal 0 0 -1
    outer loop
      vertex -26.9476 7.45933 -5.5
      vertex -26.1823 5.61157 -5.5
      vertex -26.4732 5.50208 -5.5
    endloop
  endfacet
  facet normal 0 0 -1
    outer loop
      vertex -25.625 5.88638 -5.5
      vertex -26.625 7.61843 -5.5
      vertex -26.4722 7.71346 -5.5
    endloop
  endfacet
  facet normal 0 0 -1
    outer loop
      vertex -27.116 7.39594 -5.5
      vertex -26.4732 5.50208 -5.5
      vertex -26.7706 5.41185 -5.5
    endloop
  endfacet
  facet normal 0 0 -1
    outer loop
      vertex -25.8991 5.73985 -5.5
      vertex -26.7837 7.5336 -5.5
      vertex -26.625 7.61843 -5.5
    endloop
  endfacet
  facet normal 0 0 -1
    outer loop
      vertex -26.1823 5.61157 -5.5
      vertex -26.9476 7.45933 -5.5
      vertex -26.7837 7.5336 -5.5
    endloop
  endfacet
  facet normal 0 0 -1
    outer loop
      vertex -27.2882 7.3437 -5.5
      vertex -26.7706 5.41185 -5.5
      vertex -27.0733 5.34127 -5.5
    endloop
  endfacet
  facet normal 0 0 -1
    outer loop
      vertex -26.4732 5.50208 -5.5
      vertex -27.116 7.39594 -5.5
      vertex -26.9476 7.45933 -5.5
    endloop
  endfacet
  facet normal 0 0 -1
    outer loop
      vertex -26.7706 5.41185 -5.5
      vertex -27.2882 7.3437 -5.5
      vertex -27.116 7.39594 -5.5
    endloop
  endfacet
  facet normal 0 0 -1
    outer loop
      vertex -27.4635 7.30284 -5.5
      vertex -27.0733 5.34127 -5.5
      vertex -27.38 5.29064 -5.5
    endloop
  endfacet
  facet normal 0 0 -1
    outer loop
      vertex -27.0733 5.34127 -5.5
      vertex -27.4635 7.30284 -5.5
      vertex -27.2882 7.3437 -5.5
    endloop
  endfacet
  facet normal 0 0 -1
    outer loop
      vertex -27.38 5.29064 -5.5
      vertex -27.6411 7.27353 -5.5
      vertex -27.4635 7.30284 -5.5
    endloop
  endfacet
  facet normal 0 0 -1
    outer loop
      vertex -27.6893 5.26017 -5.5
      vertex -27.6411 7.27353 -5.5
      vertex -27.38 5.29064 -5.5
    endloop
  endfacet
  facet normal 0 0 -1
    outer loop
      vertex -27.6893 5.26017 -5.5
      vertex -27.8201 7.25589 -5.5
      vertex -27.6411 7.27353 -5.5
    endloop
  endfacet
  facet normal 0 0 -1
    outer loop
      vertex -28 5.25 -5.5
      vertex -27.8201 7.25589 -5.5
      vertex -27.6893 5.26017 -5.5
    endloop
  endfacet
  facet normal 0 0 -1
    outer loop
      vertex -28 5.25 -5.5
      vertex -28 7.25 -5.5
      vertex -27.8201 7.25589 -5.5
    endloop
  endfacet
  facet normal 0 0 -1
    outer loop
      vertex -28 5.25 -5.5
      vertex -28.1799 7.25589 -5.5
      vertex -28 7.25 -5.5
    endloop
  endfacet
  facet normal 0 0 -1
    outer loop
      vertex -28.3107 5.26017 -5.5
      vertex -28.1799 7.25589 -5.5
      vertex -28 5.25 -5.5
    endloop
  endfacet
  facet normal 0 0 -1
    outer loop
      vertex -28.3107 5.26017 -5.5
      vertex -28.3589 7.27353 -5.5
      vertex -28.1799 7.25589 -5.5
    endloop
  endfacet
  facet normal 0 0 -1
    outer loop
      vertex -28.62 5.29064 -5.5
      vertex -28.3589 7.27353 -5.5
      vertex -28.3107 5.26017 -5.5
    endloop
  endfacet
  facet normal -0 0 -1
    outer loop
      vertex -28.3589 7.27353 -5.5
      vertex -28.62 5.29064 -5.5
      vertex -28.5365 7.30284 -5.5
    endloop
  endfacet
  facet normal 0 0 -1
    outer loop
      vertex -28.9267 5.34127 -5.5
      vertex -28.5365 7.30284 -5.5
      vertex -28.62 5.29064 -5.5
    endloop
  endfacet
  facet normal -0 0 -1
    outer loop
      vertex -28.5365 7.30284 -5.5
      vertex -28.9267 5.34127 -5.5
      vertex -28.7118 7.3437 -5.5
    endloop
  endfacet
  facet normal 0 0 -1
    outer loop
      vertex -29.2294 5.41185 -5.5
      vertex -28.7118 7.3437 -5.5
      vertex -28.9267 5.34127 -5.5
    endloop
  endfacet
  facet normal -0 0 -1
    outer loop
      vertex -28.7118 7.3437 -5.5
      vertex -29.2294 5.41185 -5.5
      vertex -28.884 7.39594 -5.5
    endloop
  endfacet
  facet normal 0 0 -1
    outer loop
      vertex -29.5268 5.50208 -5.5
      vertex -28.884 7.39594 -5.5
      vertex -29.2294 5.41185 -5.5
    endloop
  endfacet
  facet normal -0 0 -1
    outer loop
      vertex -28.884 7.39594 -5.5
      vertex -29.5268 5.50208 -5.5
      vertex -29.0524 7.45933 -5.5
    endloop
  endfacet
  facet normal 0 0 -1
    outer loop
      vertex -29.8177 5.61157 -5.5
      vertex -29.0524 7.45933 -5.5
      vertex -29.5268 5.50208 -5.5
    endloop
  endfacet
  facet normal -0 0 -1
    outer loop
      vertex -29.0524 7.45933 -5.5
      vertex -29.8177 5.61157 -5.5
      vertex -29.2163 7.5336 -5.5
    endloop
  endfacet
  facet normal 0 0 -1
    outer loop
      vertex -30.1009 5.73985 -5.5
      vertex -29.2163 7.5336 -5.5
      vertex -29.8177 5.61157 -5.5
    endloop
  endfacet
  facet normal -0 0 -1
    outer loop
      vertex -29.2163 7.5336 -5.5
      vertex -30.1009 5.73985 -5.5
      vertex -29.375 7.61843 -5.5
    endloop
  endfacet
  facet normal 0 0 -1
    outer loop
      vertex -30.375 5.88638 -5.5
      vertex -29.375 7.61843 -5.5
      vertex -30.1009 5.73985 -5.5
    endloop
  endfacet
  facet normal -0 0 -1
    outer loop
      vertex -29.375 7.61843 -5.5
      vertex -30.375 5.88638 -5.5
      vertex -29.5278 7.71346 -5.5
    endloop
  endfacet
  facet normal 0 0 -1
    outer loop
      vertex -30.639 6.05052 -5.5
      vertex -29.5278 7.71346 -5.5
      vertex -30.375 5.88638 -5.5
    endloop
  endfacet
  facet normal -0 0 -1
    outer loop
      vertex -29.5278 7.71346 -5.5
      vertex -30.639 6.05052 -5.5
      vertex -29.6741 7.81828 -5.5
    endloop
  endfacet
  facet normal 0 0 -1
    outer loop
      vertex -30.8916 6.23157 -5.5
      vertex -29.6741 7.81828 -5.5
      vertex -30.639 6.05052 -5.5
    endloop
  endfacet
  facet normal -0 0 -1
    outer loop
      vertex -29.6741 7.81828 -5.5
      vertex -30.8916 6.23157 -5.5
      vertex -29.8132 7.93244 -5.5
    endloop
  endfacet
  facet normal 0 0 -1
    outer loop
      vertex -31.1319 6.42876 -5.5
      vertex -29.8132 7.93244 -5.5
      vertex -30.8916 6.23157 -5.5
    endloop
  endfacet
  facet normal -0 0 -1
    outer loop
      vertex -29.8132 7.93244 -5.5
      vertex -31.1319 6.42876 -5.5
      vertex -29.9445 8.05546 -5.5
    endloop
  endfacet
  facet normal 0 0 -1
    outer loop
      vertex -31.3588 6.64124 -5.5
      vertex -29.9445 8.05546 -5.5
      vertex -31.1319 6.42876 -5.5
    endloop
  endfacet
  facet normal -0 0 -1
    outer loop
      vertex -29.9445 8.05546 -5.5
      vertex -31.3588 6.64124 -5.5
      vertex -30.0676 8.1868 -5.5
    endloop
  endfacet
  facet normal 0 0 -1
    outer loop
      vertex -31.5712 6.86811 -5.5
      vertex -30.0676 8.1868 -5.5
      vertex -31.3588 6.64124 -5.5
    endloop
  endfacet
  facet normal -0 0 -1
    outer loop
      vertex -30.0676 8.1868 -5.5
      vertex -31.5712 6.86811 -5.5
      vertex -30.1817 8.32591 -5.5
    endloop
  endfacet
  facet normal 0 0 -1
    outer loop
      vertex -31.7684 7.10838 -5.5
      vertex -30.1817 8.32591 -5.5
      vertex -31.5712 6.86811 -5.5
    endloop
  endfacet
  facet normal -0 0 -1
    outer loop
      vertex -30.1817 8.32591 -5.5
      vertex -31.7684 7.10838 -5.5
      vertex -30.2865 8.47218 -5.5
    endloop
  endfacet
  facet normal 0 0 -1
    outer loop
      vertex -31.9495 7.36104 -5.5
      vertex -30.2865 8.47218 -5.5
      vertex -31.7684 7.10838 -5.5
    endloop
  endfacet
  facet normal -0 0 -1
    outer loop
      vertex -30.2865 8.47218 -5.5
      vertex -31.9495 7.36104 -5.5
      vertex -30.3816 8.625 -5.5
    endloop
  endfacet
  facet normal 0 0 -1
    outer loop
      vertex -32.1136 7.625 -5.5
      vertex -30.3816 8.625 -5.5
      vertex -31.9495 7.36104 -5.5
    endloop
  endfacet
  facet normal -0 0 -1
    outer loop
      vertex -30.3816 8.625 -5.5
      vertex -32.1136 7.625 -5.5
      vertex -30.4664 8.78371 -5.5
    endloop
  endfacet
  facet normal 0 0 -1
    outer loop
      vertex -32.2601 7.89913 -5.5
      vertex -30.4664 8.78371 -5.5
      vertex -32.1136 7.625 -5.5
    endloop
  endfacet
  facet normal -0 0 -1
    outer loop
      vertex -23.7399 12.1009 -5.5
      vertex -25.5336 11.2163 -5.5
      vertex -23.8864 12.375 -5.5
    endloop
  endfacet
  facet normal 0 0 -1
    outer loop
      vertex -25.6184 11.375 -5.5
      vertex -23.8864 12.375 -5.5
      vertex -25.5336 11.2163 -5.5
    endloop
  endfacet
  facet normal -0 0 -1
    outer loop
      vertex -23.8864 12.375 -5.5
      vertex -25.6184 11.375 -5.5
      vertex -24.0505 12.639 -5.5
    endloop
  endfacet
  facet normal 0 0 -1
    outer loop
      vertex -25.7135 11.5278 -5.5
      vertex -24.0505 12.639 -5.5
      vertex -25.6184 11.375 -5.5
    endloop
  endfacet
  facet normal -0 0 -1
    outer loop
      vertex -24.0505 12.639 -5.5
      vertex -25.7135 11.5278 -5.5
      vertex -24.2316 12.8916 -5.5
    endloop
  endfacet
  facet normal 0 0 -1
    outer loop
      vertex -25.8183 11.6741 -5.5
      vertex -24.2316 12.8916 -5.5
      vertex -25.7135 11.5278 -5.5
    endloop
  endfacet
  facet normal -0 0 -1
    outer loop
      vertex -24.2316 12.8916 -5.5
      vertex -25.8183 11.6741 -5.5
      vertex -24.4288 13.1319 -5.5
    endloop
  endfacet
  facet normal 0 0 -1
    outer loop
      vertex -25.9324 11.8132 -5.5
      vertex -24.4288 13.1319 -5.5
      vertex -25.8183 11.6741 -5.5
    endloop
  endfacet
  facet normal -0 0 -1
    outer loop
      vertex -24.4288 13.1319 -5.5
      vertex -25.9324 11.8132 -5.5
      vertex -24.6412 13.3588 -5.5
    endloop
  endfacet
  facet normal 0 0 -1
    outer loop
      vertex -26.0555 11.9445 -5.5
      vertex -24.6412 13.3588 -5.5
      vertex -25.9324 11.8132 -5.5
    endloop
  endfacet
  facet normal -0 0 -1
    outer loop
      vertex -24.6412 13.3588 -5.5
      vertex -26.0555 11.9445 -5.5
      vertex -24.8681 13.5712 -5.5
    endloop
  endfacet
  facet normal 0 0 -1
    outer loop
      vertex -26.1868 12.0676 -5.5
      vertex -24.8681 13.5712 -5.5
      vertex -26.0555 11.9445 -5.5
    endloop
  endfacet
  facet normal -0 0 -1
    outer loop
      vertex -24.8681 13.5712 -5.5
      vertex -26.1868 12.0676 -5.5
      vertex -25.1084 13.7684 -5.5
    endloop
  endfacet
  facet normal 0 0 -1
    outer loop
      vertex -26.3259 12.1817 -5.5
      vertex -25.1084 13.7684 -5.5
      vertex -26.1868 12.0676 -5.5
    endloop
  endfacet
  facet normal -0 0 -1
    outer loop
      vertex -25.1084 13.7684 -5.5
      vertex -26.3259 12.1817 -5.5
      vertex -25.361 13.9495 -5.5
    endloop
  endfacet
  facet normal 0 0 -1
    outer loop
      vertex -26.4722 12.2865 -5.5
      vertex -25.361 13.9495 -5.5
      vertex -26.3259 12.1817 -5.5
    endloop
  endfacet
  facet normal -0 0 -1
    outer loop
      vertex -25.361 13.9495 -5.5
      vertex -26.4722 12.2865 -5.5
      vertex -25.625 14.1136 -5.5
    endloop
  endfacet
  facet normal 0 0 -1
    outer loop
      vertex -26.625 12.3816 -5.5
      vertex -25.625 14.1136 -5.5
      vertex -26.4722 12.2865 -5.5
    endloop
  endfacet
  facet normal -0 0 -1
    outer loop
      vertex -25.625 14.1136 -5.5
      vertex -26.625 12.3816 -5.5
      vertex -25.8991 14.2601 -5.5
    endloop
  endfacet
  facet normal 0 0 -1
    outer loop
      vertex -26.7837 12.4664 -5.5
      vertex -25.8991 14.2601 -5.5
      vertex -26.625 12.3816 -5.5
    endloop
  endfacet
  facet normal -0 0 -1
    outer loop
      vertex -25.8991 14.2601 -5.5
      vertex -26.7837 12.4664 -5.5
      vertex -26.1823 14.3884 -5.5
    endloop
  endfacet
  facet normal 0 0 -1
    outer loop
      vertex -26.9476 12.5407 -5.5
      vertex -26.1823 14.3884 -5.5
      vertex -26.7837 12.4664 -5.5
    endloop
  endfacet
  facet normal -0 0 -1
    outer loop
      vertex -26.1823 14.3884 -5.5
      vertex -26.9476 12.5407 -5.5
      vertex -26.4732 14.4979 -5.5
    endloop
  endfacet
  facet normal 0 0 -1
    outer loop
      vertex -27.116 12.6041 -5.5
      vertex -26.4732 14.4979 -5.5
      vertex -26.9476 12.5407 -5.5
    endloop
  endfacet
  facet normal -0 0 -1
    outer loop
      vertex -26.4732 14.4979 -5.5
      vertex -27.116 12.6041 -5.5
      vertex -26.7706 14.5881 -5.5
    endloop
  endfacet
  facet normal 0 0 -1
    outer loop
      vertex -27.2882 12.6563 -5.5
      vertex -26.7706 14.5881 -5.5
      vertex -27.116 12.6041 -5.5
    endloop
  endfacet
  facet normal -0 0 -1
    outer loop
      vertex -26.7706 14.5881 -5.5
      vertex -27.2882 12.6563 -5.5
      vertex -27.0733 14.6587 -5.5
    endloop
  endfacet
  facet normal 0 0 -1
    outer loop
      vertex -27.4635 12.6972 -5.5
      vertex -27.0733 14.6587 -5.5
      vertex -27.2882 12.6563 -5.5
    endloop
  endfacet
  facet normal -0 0 -1
    outer loop
      vertex -27.0733 14.6587 -5.5
      vertex -27.4635 12.6972 -5.5
      vertex -27.38 14.7094 -5.5
    endloop
  endfacet
  facet normal 0 0 -1
    outer loop
      vertex -27.6411 12.7265 -5.5
      vertex -27.38 14.7094 -5.5
      vertex -27.4635 12.6972 -5.5
    endloop
  endfacet
  facet normal 0 0 -1
    outer loop
      vertex -27.6411 12.7265 -5.5
      vertex -27.6893 14.7398 -5.5
      vertex -27.38 14.7094 -5.5
    endloop
  endfacet
  facet normal 0 0 -1
    outer loop
      vertex -27.8201 12.7441 -5.5
      vertex -27.6893 14.7398 -5.5
      vertex -27.6411 12.7265 -5.5
    endloop
  endfacet
  facet normal 0 0 -1
    outer loop
      vertex -28 12.75 -5.5
      vertex -27.6893 14.7398 -5.5
      vertex -27.8201 12.7441 -5.5
    endloop
  endfacet
  facet normal 0 0 -1
    outer loop
      vertex -28 12.75 -5.5
      vertex -28 14.75 -5.5
      vertex -27.6893 14.7398 -5.5
    endloop
  endfacet
  facet normal 0 0 -1
    outer loop
      vertex -28.1799 12.7441 -5.5
      vertex -28 14.75 -5.5
      vertex -28 12.75 -5.5
    endloop
  endfacet
  facet normal 0 0 -1
    outer loop
      vertex -28.1799 12.7441 -5.5
      vertex -28.3107 14.7398 -5.5
      vertex -28 14.75 -5.5
    endloop
  endfacet
  facet normal 0 0 -1
    outer loop
      vertex -28.3589 12.7265 -5.5
      vertex -28.3107 14.7398 -5.5
      vertex -28.1799 12.7441 -5.5
    endloop
  endfacet
  facet normal 0 0 -1
    outer loop
      vertex -28.62 14.7094 -5.5
      vertex -28.3589 12.7265 -5.5
      vertex -28.5365 12.6972 -5.5
    endloop
  endfacet
  facet normal 0 0 -1
    outer loop
      vertex -28.3589 12.7265 -5.5
      vertex -28.62 14.7094 -5.5
      vertex -28.3107 14.7398 -5.5
    endloop
  endfacet
  facet normal 0 0 -1
    outer loop
      vertex -28.9267 14.6587 -5.5
      vertex -28.5365 12.6972 -5.5
      vertex -28.7118 12.6563 -5.5
    endloop
  endfacet
  facet normal 0 0 -1
    outer loop
      vertex -29.2294 14.5881 -5.5
      vertex -28.7118 12.6563 -5.5
      vertex -28.884 12.6041 -5.5
    endloop
  endfacet
  facet normal 0 0 -1
    outer loop
      vertex -28.5365 12.6972 -5.5
      vertex -28.9267 14.6587 -5.5
      vertex -28.62 14.7094 -5.5
    endloop
  endfacet
  facet normal 0 0 -1
    outer loop
      vertex -29.5268 14.4979 -5.5
      vertex -28.884 12.6041 -5.5
      vertex -29.0524 12.5407 -5.5
    endloop
  endfacet
  facet normal 0 0 -1
    outer loop
      vertex -29.8177 14.3884 -5.5
      vertex -29.0524 12.5407 -5.5
      vertex -29.2163 12.4664 -5.5
    endloop
  endfacet
  facet normal 0 0 -1
    outer loop
      vertex -28.7118 12.6563 -5.5
      vertex -29.2294 14.5881 -5.5
      vertex -28.9267 14.6587 -5.5
    endloop
  endfacet
  facet normal 0 0 -1
    outer loop
      vertex -30.1009 14.2601 -5.5
      vertex -29.2163 12.4664 -5.5
      vertex -29.375 12.3816 -5.5
    endloop
  endfacet
  facet normal 0 0 -1
    outer loop
      vertex -28.884 12.6041 -5.5
      vertex -29.5268 14.4979 -5.5
      vertex -29.2294 14.5881 -5.5
    endloop
  endfacet
  facet normal 0 0 -1
    outer loop
      vertex -30.375 14.1136 -5.5
      vertex -29.375 12.3816 -5.5
      vertex -29.5278 12.2865 -5.5
    endloop
  endfacet
  facet normal 0 0 -1
    outer loop
      vertex -30.639 13.9495 -5.5
      vertex -29.5278 12.2865 -5.5
      vertex -29.6741 12.1817 -5.5
    endloop
  endfacet
  facet normal 0 0 -1
    outer loop
      vertex -30.8916 13.7684 -5.5
      vertex -29.6741 12.1817 -5.5
      vertex -29.8132 12.0676 -5.5
    endloop
  endfacet
  facet normal 0 0 -1
    outer loop
      vertex -29.0524 12.5407 -5.5
      vertex -29.8177 14.3884 -5.5
      vertex -29.5268 14.4979 -5.5
    endloop
  endfacet
  facet normal 0 0 -1
    outer loop
      vertex -31.1319 13.5712 -5.5
      vertex -29.8132 12.0676 -5.5
      vertex -29.9445 11.9445 -5.5
    endloop
  endfacet
  facet normal 0 0 -1
    outer loop
      vertex -31.3588 13.3588 -5.5
      vertex -29.9445 11.9445 -5.5
      vertex -30.0676 11.8132 -5.5
    endloop
  endfacet
  facet normal 0 0 -1
    outer loop
      vertex -29.2163 12.4664 -5.5
      vertex -30.1009 14.2601 -5.5
      vertex -29.8177 14.3884 -5.5
    endloop
  endfacet
  facet normal 0 0 -1
    outer loop
      vertex -31.5712 13.1319 -5.5
      vertex -30.0676 11.8132 -5.5
      vertex -30.1817 11.6741 -5.5
    endloop
  endfacet
  facet normal 0 0 -1
    outer loop
      vertex -31.7684 12.8916 -5.5
      vertex -30.1817 11.6741 -5.5
      vertex -30.2865 11.5278 -5.5
    endloop
  endfacet
  facet normal 0 0 -1
    outer loop
      vertex -29.375 12.3816 -5.5
      vertex -30.375 14.1136 -5.5
      vertex -30.1009 14.2601 -5.5
    endloop
  endfacet
  facet normal 0 0 -1
    outer loop
      vertex -31.9495 12.639 -5.5
      vertex -30.2865 11.5278 -5.5
      vertex -30.3816 11.375 -5.5
    endloop
  endfacet
  facet normal 0 0 -1
    outer loop
      vertex -32.1136 12.375 -5.5
      vertex -30.3816 11.375 -5.5
      vertex -30.4664 11.2163 -5.5
    endloop
  endfacet
  facet normal 0 0 -1
    outer loop
      vertex -32.2601 12.1009 -5.5
      vertex -30.4664 11.2163 -5.5
      vertex -30.5407 11.0524 -5.5
    endloop
  endfacet
  facet normal 0 0 -1
    outer loop
      vertex -32.3884 11.8177 -5.5
      vertex -30.5407 11.0524 -5.5
      vertex -30.6041 10.884 -5.5
    endloop
  endfacet
  facet normal 0 0 -1
    outer loop
      vertex -29.5278 12.2865 -5.5
      vertex -30.639 13.9495 -5.5
      vertex -30.375 14.1136 -5.5
    endloop
  endfacet
  facet normal 0 0 -1
    outer loop
      vertex -32.4979 11.5268 -5.5
      vertex -30.6041 10.884 -5.5
      vertex -30.6563 10.7118 -5.5
    endloop
  endfacet
  facet normal 0 0 -1
    outer loop
      vertex -32.5881 11.2294 -5.5
      vertex -30.6563 10.7118 -5.5
      vertex -30.6972 10.5365 -5.5
    endloop
  endfacet
  facet normal 0 0 -1
    outer loop
      vertex -32.6587 10.9267 -5.5
      vertex -30.6972 10.5365 -5.5
      vertex -30.7265 10.3589 -5.5
    endloop
  endfacet
  facet normal 0 0 -1
    outer loop
      vertex -32.7094 10.62 -5.5
      vertex -30.7265 10.3589 -5.5
      vertex -30.7441 10.1799 -5.5
    endloop
  endfacet
  facet normal 0 0 -1
    outer loop
      vertex -32.7398 10.3107 -5.5
      vertex -30.7441 10.1799 -5.5
      vertex -30.75 10 -5.5
    endloop
  endfacet
  facet normal -0 0 -1
    outer loop
      vertex -30.4664 8.78371 -5.5
      vertex -32.2601 7.89913 -5.5
      vertex -30.5407 8.94762 -5.5
    endloop
  endfacet
  facet normal 0 0 -1
    outer loop
      vertex -29.6741 12.1817 -5.5
      vertex -30.8916 13.7684 -5.5
      vertex -30.639 13.9495 -5.5
    endloop
  endfacet
  facet normal 0 0 -1
    outer loop
      vertex -32.3884 8.18225 -5.5
      vertex -30.5407 8.94762 -5.5
      vertex -32.2601 7.89913 -5.5
    endloop
  endfacet
  facet normal 0 0 -1
    outer loop
      vertex -29.8132 12.0676 -5.5
      vertex -31.1319 13.5712 -5.5
      vertex -30.8916 13.7684 -5.5
    endloop
  endfacet
  facet normal -0 0 -1
    outer loop
      vertex -30.5407 8.94762 -5.5
      vertex -32.3884 8.18225 -5.5
      vertex -30.6041 9.11604 -5.5
    endloop
  endfacet
  facet normal 0 0 -1
    outer loop
      vertex -29.9445 11.9445 -5.5
      vertex -31.3588 13.3588 -5.5
      vertex -31.1319 13.5712 -5.5
    endloop
  endfacet
  facet normal 0 0 -1
    outer loop
      vertex -32.4979 8.47316 -5.5
      vertex -30.6041 9.11604 -5.5
      vertex -32.3884 8.18225 -5.5
    endloop
  endfacet
  facet normal 0 0 -1
    outer loop
      vertex -30.0676 11.8132 -5.5
      vertex -31.5712 13.1319 -5.5
      vertex -31.3588 13.3588 -5.5
    endloop
  endfacet
  facet normal -0 0 -1
    outer loop
      vertex -30.6041 9.11604 -5.5
      vertex -32.4979 8.47316 -5.5
      vertex -30.6563 9.28825 -5.5
    endloop
  endfacet
  facet normal 0 0 -1
    outer loop
      vertex -30.1817 11.6741 -5.5
      vertex -31.7684 12.8916 -5.5
      vertex -31.5712 13.1319 -5.5
    endloop
  endfacet
  facet normal 0 0 -1
    outer loop
      vertex -32.5881 8.77061 -5.5
      vertex -30.6563 9.28825 -5.5
      vertex -32.4979 8.47316 -5.5
    endloop
  endfacet
  facet normal 0 0 -1
    outer loop
      vertex -30.2865 11.5278 -5.5
      vertex -31.9495 12.639 -5.5
      vertex -31.7684 12.8916 -5.5
    endloop
  endfacet
  facet normal -0 0 -1
    outer loop
      vertex -30.6563 9.28825 -5.5
      vertex -32.5881 8.77061 -5.5
      vertex -30.6972 9.4635 -5.5
    endloop
  endfacet
  facet normal 0 0 -1
    outer loop
      vertex -30.3816 11.375 -5.5
      vertex -32.1136 12.375 -5.5
      vertex -31.9495 12.639 -5.5
    endloop
  endfacet
  facet normal 0 0 -1
    outer loop
      vertex -32.6587 9.07332 -5.5
      vertex -30.6972 9.4635 -5.5
      vertex -32.5881 8.77061 -5.5
    endloop
  endfacet
  facet normal 0 0 -1
    outer loop
      vertex -30.4664 11.2163 -5.5
      vertex -32.2601 12.1009 -5.5
      vertex -32.1136 12.375 -5.5
    endloop
  endfacet
  facet normal -0 0 -1
    outer loop
      vertex -30.6972 9.4635 -5.5
      vertex -32.6587 9.07332 -5.5
      vertex -30.7265 9.64105 -5.5
    endloop
  endfacet
  facet normal 0 0 -1
    outer loop
      vertex -30.5407 11.0524 -5.5
      vertex -32.3884 11.8177 -5.5
      vertex -32.2601 12.1009 -5.5
    endloop
  endfacet
  facet normal 0 0 -1
    outer loop
      vertex -32.7094 9.38 -5.5
      vertex -30.7265 9.64105 -5.5
      vertex -32.6587 9.07332 -5.5
    endloop
  endfacet
  facet normal 0 0 -1
    outer loop
      vertex -30.6041 10.884 -5.5
      vertex -32.4979 11.5268 -5.5
      vertex -32.3884 11.8177 -5.5
    endloop
  endfacet
  facet normal -0 0 -1
    outer loop
      vertex -30.7265 9.64105 -5.5
      vertex -32.7094 9.38 -5.5
      vertex -30.7441 9.82014 -5.5
    endloop
  endfacet
  facet normal 0 0 -1
    outer loop
      vertex -30.6563 10.7118 -5.5
      vertex -32.5881 11.2294 -5.5
      vertex -32.4979 11.5268 -5.5
    endloop
  endfacet
  facet normal 0 0 -1
    outer loop
      vertex -32.7398 9.68934 -5.5
      vertex -30.7441 9.82014 -5.5
      vertex -32.7094 9.38 -5.5
    endloop
  endfacet
  facet normal 0 0 -1
    outer loop
      vertex -30.6972 10.5365 -5.5
      vertex -32.6587 10.9267 -5.5
      vertex -32.5881 11.2294 -5.5
    endloop
  endfacet
  facet normal -0 0 -1
    outer loop
      vertex -30.7441 9.82014 -5.5
      vertex -32.7398 9.68934 -5.5
      vertex -30.75 10 -5.5
    endloop
  endfacet
  facet normal 0 0 -1
    outer loop
      vertex -30.7265 10.3589 -5.5
      vertex -32.7094 10.62 -5.5
      vertex -32.6587 10.9267 -5.5
    endloop
  endfacet
  facet normal 0 0 -1
    outer loop
      vertex -32.75 10 -5.5
      vertex -30.75 10 -5.5
      vertex -32.7398 9.68934 -5.5
    endloop
  endfacet
  facet normal 0 0 -1
    outer loop
      vertex -30.7441 10.1799 -5.5
      vertex -32.7398 10.3107 -5.5
      vertex -32.7094 10.62 -5.5
    endloop
  endfacet
  facet normal 0 0 -1
    outer loop
      vertex -30.75 10 -5.5
      vertex -32.75 10 -5.5
      vertex -32.7398 10.3107 -5.5
    endloop
  endfacet
  facet normal 0.995206 0.0978026 0
    outer loop
      vertex -32.7094 9.38 -5.5
      vertex -32.7398 9.68934 -10
      vertex -32.7398 9.68934 -5.5
    endloop
  endfacet
  facet normal 0.995206 0.0978026 0
    outer loop
      vertex -32.7398 9.68934 -10
      vertex -32.7094 9.38 -5.5
      vertex -32.7094 9.38 -10
    endloop
  endfacet
  facet normal 0.98661 -0.163095 0
    outer loop
      vertex -32.7094 10.62 -5.5
      vertex -32.6587 10.9267 -10
      vertex -32.6587 10.9267 -5.5
    endloop
  endfacet
  facet normal 0.98661 -0.163095 0
    outer loop
      vertex -32.6587 10.9267 -10
      vertex -32.7094 10.62 -5.5
      vertex -32.7094 10.62 -10
    endloop
  endfacet
  facet normal 0.582561 0.812787 -0
    outer loop
      vertex -30.639 6.05052 -10
      vertex -30.8916 6.23157 -5.5
      vertex -30.639 6.05052 -5.5
    endloop
  endfacet
  facet normal 0.582561 0.812787 0
    outer loop
      vertex -30.8916 6.23157 -5.5
      vertex -30.639 6.05052 -10
      vertex -30.8916 6.23157 -10
    endloop
  endfacet
  facet normal 0.412664 -0.910883 0
    outer loop
      vertex -30.1009 14.2601 -10
      vertex -29.8177 14.3884 -5.5
      vertex -30.1009 14.2601 -5.5
    endloop
  endfacet
  facet normal 0.412664 -0.910883 0
    outer loop
      vertex -29.8177 14.3884 -5.5
      vertex -30.1009 14.2601 -10
      vertex -29.8177 14.3884 -10
    endloop
  endfacet
  facet normal -0.527915 -0.849297 0
    outer loop
      vertex -25.625 14.1136 -10
      vertex -25.361 13.9495 -5.5
      vertex -25.625 14.1136 -5.5
    endloop
  endfacet
  facet normal -0.527915 -0.849297 -0
    outer loop
      vertex -25.361 13.9495 -5.5
      vertex -25.625 14.1136 -10
      vertex -25.361 13.9495 -10
    endloop
  endfacet
  facet normal 0.227077 0.973877 -0
    outer loop
      vertex -28.9267 5.34127 -10
      vertex -29.2294 5.41185 -5.5
      vertex -28.9267 5.34127 -5.5
    endloop
  endfacet
  facet normal 0.227077 0.973877 0
    outer loop
      vertex -29.2294 5.41185 -5.5
      vertex -28.9267 5.34127 -10
      vertex -29.2294 5.41185 -10
    endloop
  endfacet
  facet normal 0.0328114 -0.999462 0
    outer loop
      vertex -28.3107 14.7398 -10
      vertex -28 14.75 -5.5
      vertex -28.3107 14.7398 -5.5
    endloop
  endfacet
  facet normal 0.0328114 -0.999462 0
    outer loop
      vertex -28 14.75 -5.5
      vertex -28.3107 14.7398 -10
      vertex -28 14.75 -10
    endloop
  endfacet
  facet normal -0.683532 0.72992 0
    outer loop
      vertex -24.6412 6.64124 -10
      vertex -24.8681 6.42876 -5.5
      vertex -24.6412 6.64124 -5.5
    endloop
  endfacet
  facet normal -0.683532 0.72992 0
    outer loop
      vertex -24.8681 6.42876 -5.5
      vertex -24.6412 6.64124 -10
      vertex -24.8681 6.42876 -10
    endloop
  endfacet
  facet normal 0.730049 -0.683395 0
    outer loop
      vertex -31.5712 13.1319 -5.5
      vertex -31.3588 13.3588 -10
      vertex -31.3588 13.3588 -5.5
    endloop
  endfacet
  facet normal 0.730049 -0.683395 0
    outer loop
      vertex -31.3588 13.3588 -10
      vertex -31.5712 13.1319 -5.5
      vertex -31.5712 13.1319 -10
    endloop
  endfacet
  facet normal -0.29024 -0.956954 0
    outer loop
      vertex -26.7706 14.5881 -10
      vertex -26.4732 14.4979 -5.5
      vertex -26.7706 14.5881 -5.5
    endloop
  endfacet
  facet normal -0.29024 -0.956954 -0
    outer loop
      vertex -26.4732 14.4979 -5.5
      vertex -26.7706 14.5881 -10
      vertex -26.4732 14.4979 -10
    endloop
  endfacet
  facet normal -0.471373 -0.881934 0
    outer loop
      vertex -25.8991 14.2601 -10
      vertex -25.625 14.1136 -5.5
      vertex -25.8991 14.2601 -5.5
    endloop
  endfacet
  facet normal -0.471373 -0.881934 -0
    outer loop
      vertex -25.625 14.1136 -5.5
      vertex -25.8991 14.2601 -10
      vertex -25.625 14.1136 -10
    endloop
  endfacet
  facet normal 0.352258 0.935903 -0
    outer loop
      vertex -29.5268 5.50208 -10
      vertex -29.8177 5.61157 -5.5
      vertex -29.5268 5.50208 -5.5
    endloop
  endfacet
  facet normal 0.352258 0.935903 0
    outer loop
      vertex -29.8177 5.61157 -5.5
      vertex -29.5268 5.50208 -10
      vertex -29.8177 5.61157 -10
    endloop
  endfacet
  facet normal -0.81271 -0.582668 0
    outer loop
      vertex -24.0505 12.639 -10
      vertex -24.2316 12.8916 -5.5
      vertex -24.2316 12.8916 -10
    endloop
  endfacet
  facet normal -0.81271 -0.582668 0
    outer loop
      vertex -24.2316 12.8916 -5.5
      vertex -24.0505 12.639 -10
      vertex -24.0505 12.639 -5.5
    endloop
  endfacet
  facet normal -0.352258 0.935903 0
    outer loop
      vertex -26.1823 5.61157 -10
      vertex -26.4732 5.50208 -5.5
      vertex -26.1823 5.61157 -5.5
    endloop
  endfacet
  facet normal -0.352258 0.935903 0
    outer loop
      vertex -26.4732 5.50208 -5.5
      vertex -26.1823 5.61157 -10
      vertex -26.4732 5.50208 -10
    endloop
  endfacet
  facet normal 0.683532 0.72992 -0
    outer loop
      vertex -31.1319 6.42876 -10
      vertex -31.3588 6.64124 -5.5
      vertex -31.1319 6.42876 -5.5
    endloop
  endfacet
  facet normal 0.683532 0.72992 0
    outer loop
      vertex -31.3588 6.64124 -5.5
      vertex -31.1319 6.42876 -10
      vertex -31.3588 6.64124 -10
    endloop
  endfacet
  facet normal 0.634357 0.773041 -0
    outer loop
      vertex -30.8916 6.23157 -10
      vertex -31.1319 6.42876 -5.5
      vertex -30.8916 6.23157 -5.5
    endloop
  endfacet
  facet normal 0.634357 0.773041 0
    outer loop
      vertex -31.1319 6.42876 -5.5
      vertex -30.8916 6.23157 -10
      vertex -31.1319 6.42876 -10
    endloop
  endfacet
  facet normal 0.995205 -0.0978151 0
    outer loop
      vertex -32.7398 10.3107 -5.5
      vertex -32.7094 10.62 -10
      vertex -32.7094 10.62 -5.5
    endloop
  endfacet
  facet normal 0.995205 -0.0978151 0
    outer loop
      vertex -32.7094 10.62 -10
      vertex -32.7398 10.3107 -5.5
      vertex -32.7398 10.3107 -10
    endloop
  endfacet
  facet normal 0.634376 -0.773025 0
    outer loop
      vertex -31.1319 13.5712 -10
      vertex -30.8916 13.7684 -5.5
      vertex -31.1319 13.5712 -5.5
    endloop
  endfacet
  facet normal 0.634376 -0.773025 0
    outer loop
      vertex -30.8916 13.7684 -5.5
      vertex -31.1319 13.5712 -10
      vertex -30.8916 13.7684 -10
    endloop
  endfacet
  facet normal 0.41261 0.910908 -0
    outer loop
      vertex -29.8177 5.61157 -10
      vertex -30.1009 5.73985 -5.5
      vertex -29.8177 5.61157 -5.5
    endloop
  endfacet
  facet normal 0.41261 0.910908 0
    outer loop
      vertex -30.1009 5.73985 -5.5
      vertex -29.8177 5.61157 -10
      vertex -30.1009 5.73985 -10
    endloop
  endfacet
  facet normal 0.910883 -0.412664 0
    outer loop
      vertex -32.3884 11.8177 -5.5
      vertex -32.2601 12.1009 -10
      vertex -32.2601 12.1009 -5.5
    endloop
  endfacet
  facet normal 0.910883 -0.412664 0
    outer loop
      vertex -32.2601 12.1009 -10
      vertex -32.3884 11.8177 -5.5
      vertex -32.3884 11.8177 -10
    endloop
  endfacet
  facet normal -0.995201 -0.0978522 0
    outer loop
      vertex -25.2559 10.1799 -5.5
      vertex -25.2735 10.3589 -1
      vertex -25.2735 10.3589 -5.5
    endloop
  endfacet
  facet normal -0.995201 -0.0978522 0
    outer loop
      vertex -25.2735 10.3589 -1
      vertex -25.2559 10.1799 -5.5
      vertex -25.2559 10.1799 -1
    endloop
  endfacet
  facet normal -0.999463 -0.0327784 0
    outer loop
      vertex -25.25 10 -5.5
      vertex -25.2559 10.1799 -1
      vertex -25.2559 10.1799 -5.5
    endloop
  endfacet
  facet normal -0.999463 -0.0327784 0
    outer loop
      vertex -25.2559 10.1799 -1
      vertex -25.25 10 -5.5
      vertex -25.25 10 -1
    endloop
  endfacet
  facet normal 0.812888 0.58242 0
    outer loop
      vertex -30.1817 8.32591 -1
      vertex -30.2865 8.47218 -5.5
      vertex -30.2865 8.47218 -1
    endloop
  endfacet
  facet normal 0.812888 0.58242 0
    outer loop
      vertex -30.2865 8.47218 -5.5
      vertex -30.1817 8.32591 -1
      vertex -30.1817 8.32591 -5.5
    endloop
  endfacet
  facet normal 0.973831 0.227274 0
    outer loop
      vertex -30.6563 9.28825 -1
      vertex -30.6972 9.4635 -5.5
      vertex -30.6972 9.4635 -1
    endloop
  endfacet
  facet normal 0.973831 0.227274 0
    outer loop
      vertex -30.6972 9.4635 -5.5
      vertex -30.6563 9.28825 -1
      vertex -30.6563 9.28825 -5.5
    endloop
  endfacet
  facet normal 0.352293 0.93589 -0
    outer loop
      vertex -28.884 7.39594 -5.5
      vertex -29.0524 7.45933 -1
      vertex -28.884 7.39594 -1
    endloop
  endfacet
  facet normal 0.352293 0.93589 0
    outer loop
      vertex -29.0524 7.45933 -1
      vertex -28.884 7.39594 -5.5
      vertex -29.0524 7.45933 -5.5
    endloop
  endfacet
  facet normal 0.848996 -0.5284 0
    outer loop
      vertex -30.3816 11.375 -1
      vertex -30.2865 11.5278 -5.5
      vertex -30.2865 11.5278 -1
    endloop
  endfacet
  facet normal 0.848996 -0.5284 0
    outer loop
      vertex -30.2865 11.5278 -5.5
      vertex -30.3816 11.375 -1
      vertex -30.3816 11.375 -5.5
    endloop
  endfacet
  facet normal -0.352293 0.93589 0
    outer loop
      vertex -26.9476 7.45933 -5.5
      vertex -27.116 7.39594 -1
      vertex -26.9476 7.45933 -1
    endloop
  endfacet
  facet normal -0.352293 0.93589 0
    outer loop
      vertex -27.116 7.39594 -1
      vertex -26.9476 7.45933 -5.5
      vertex -27.116 7.39594 -5.5
    endloop
  endfacet
  facet normal -0.227001 0.973894 0
    outer loop
      vertex -27.2882 7.3437 -5.5
      vertex -27.4635 7.30284 -1
      vertex -27.2882 7.3437 -1
    endloop
  endfacet
  facet normal -0.227001 0.973894 0
    outer loop
      vertex -27.4635 7.30284 -1
      vertex -27.2882 7.3437 -5.5
      vertex -27.4635 7.30284 -5.5
    endloop
  endfacet
  facet normal 0.935872 -0.352341 0
    outer loop
      vertex -30.6041 10.884 -1
      vertex -30.5407 11.0524 -5.5
      vertex -30.5407 11.0524 -1
    endloop
  endfacet
  facet normal 0.935872 -0.352341 0
    outer loop
      vertex -30.5407 11.0524 -5.5
      vertex -30.6041 10.884 -1
      vertex -30.6041 10.884 -5.5
    endloop
  endfacet
  facet normal 0.68396 -0.72952 0
    outer loop
      vertex -29.9445 11.9445 -5.5
      vertex -29.8132 12.0676 -1
      vertex -29.9445 11.9445 -1
    endloop
  endfacet
  facet normal 0.68396 -0.72952 0
    outer loop
      vertex -29.8132 12.0676 -1
      vertex -29.9445 11.9445 -5.5
      vertex -29.8132 12.0676 -5.5
    endloop
  endfacet
  facet normal -0.0978522 -0.995201 0
    outer loop
      vertex -27.8201 12.7441 -5.5
      vertex -27.6411 12.7265 -1
      vertex -27.8201 12.7441 -1
    endloop
  endfacet
  facet normal -0.0978522 -0.995201 -0
    outer loop
      vertex -27.6411 12.7265 -1
      vertex -27.8201 12.7441 -5.5
      vertex -27.6411 12.7265 -5.5
    endloop
  endfacet
  facet normal 0.5284 -0.848996 0
    outer loop
      vertex -29.5278 12.2865 -5.5
      vertex -29.375 12.3816 -1
      vertex -29.5278 12.2865 -1
    endloop
  endfacet
  facet normal 0.5284 -0.848996 0
    outer loop
      vertex -29.375 12.3816 -1
      vertex -29.5278 12.2865 -5.5
      vertex -29.375 12.3816 -5.5
    endloop
  endfacet
  facet normal 0.881996 0.471257 0
    outer loop
      vertex -30.3816 8.625 -1
      vertex -30.4664 8.78371 -5.5
      vertex -30.4664 8.78371 -1
    endloop
  endfacet
  facet normal 0.881996 0.471257 0
    outer loop
      vertex -30.4664 8.78371 -5.5
      vertex -30.3816 8.625 -1
      vertex -30.3816 8.625 -5.5
    endloop
  endfacet
  facet normal -0.999462 0.0327857 0
    outer loop
      vertex -25.2559 9.82014 -5.5
      vertex -25.25 10 -1
      vertex -25.25 10 -5.5
    endloop
  endfacet
  facet normal -0.999462 0.0327857 0
    outer loop
      vertex -25.25 10 -1
      vertex -25.2559 9.82014 -5.5
      vertex -25.2559 9.82014 -1
    endloop
  endfacet
  facet normal -0.162831 0.986654 0
    outer loop
      vertex -27.4635 7.30284 -5.5
      vertex -27.6411 7.27353 -1
      vertex -27.4635 7.30284 -1
    endloop
  endfacet
  facet normal -0.162831 0.986654 0
    outer loop
      vertex -27.6411 7.27353 -1
      vertex -27.4635 7.30284 -5.5
      vertex -27.6411 7.27353 -5.5
    endloop
  endfacet
  facet normal -0.812944 -0.582341 0
    outer loop
      vertex -25.7135 11.5278 -5.5
      vertex -25.8183 11.6741 -1
      vertex -25.8183 11.6741 -5.5
    endloop
  endfacet
  facet normal -0.812944 -0.582341 0
    outer loop
      vertex -25.8183 11.6741 -1
      vertex -25.7135 11.5278 -5.5
      vertex -25.7135 11.5278 -1
    endloop
  endfacet
  facet normal -0.881983 -0.47128 0
    outer loop
      vertex -25.5336 11.2163 -5.5
      vertex -25.6184 11.375 -1
      vertex -25.6184 11.375 -5.5
    endloop
  endfacet
  facet normal -0.881983 -0.47128 0
    outer loop
      vertex -25.6184 11.375 -1
      vertex -25.5336 11.2163 -5.5
      vertex -25.5336 11.2163 -1
    endloop
  endfacet
  facet normal 0.973845 -0.227212 0
    outer loop
      vertex -30.6972 10.5365 -1
      vertex -30.6563 10.7118 -5.5
      vertex -30.6563 10.7118 -1
    endloop
  endfacet
  facet normal 0.973845 -0.227212 0
    outer loop
      vertex -30.6563 10.7118 -5.5
      vertex -30.6972 10.5365 -1
      vertex -30.6972 10.5365 -5.5
    endloop
  endfacet
  facet normal 0.910785 -0.412882 0
    outer loop
      vertex -30.5407 11.0524 -1
      vertex -30.4664 11.2163 -5.5
      vertex -30.4664 11.2163 -1
    endloop
  endfacet
  facet normal 0.910785 -0.412882 0
    outer loop
      vertex -30.4664 11.2163 -5.5
      vertex -30.5407 11.0524 -1
      vertex -30.5407 11.0524 -5.5
    endloop
  endfacet
  facet normal 0.162777 -0.986663 0
    outer loop
      vertex -28.5365 12.6972 -5.5
      vertex -28.3589 12.7265 -1
      vertex -28.5365 12.6972 -1
    endloop
  endfacet
  facet normal 0.162777 -0.986663 0
    outer loop
      vertex -28.3589 12.7265 -1
      vertex -28.5365 12.6972 -5.5
      vertex -28.3589 12.7265 -5.5
    endloop
  endfacet
  facet normal 0.986655 0.162822 0
    outer loop
      vertex -30.6972 9.4635 -1
      vertex -30.7265 9.64105 -5.5
      vertex -30.7265 9.64105 -1
    endloop
  endfacet
  facet normal 0.986655 0.162822 0
    outer loop
      vertex -30.7265 9.64105 -5.5
      vertex -30.6972 9.4635 -1
      vertex -30.6972 9.4635 -5.5
    endloop
  endfacet
  facet normal -0.72952 -0.68396 0
    outer loop
      vertex -25.9324 11.8132 -5.5
      vertex -26.0555 11.9445 -1
      vertex -26.0555 11.9445 -5.5
    endloop
  endfacet
  facet normal -0.72952 -0.68396 0
    outer loop
      vertex -26.0555 11.9445 -1
      vertex -25.9324 11.8132 -5.5
      vertex -25.9324 11.8132 -1
    endloop
  endfacet
  facet normal -0.986655 0.162822 0
    outer loop
      vertex -25.3028 9.4635 -5.5
      vertex -25.2735 9.64105 -1
      vertex -25.2735 9.64105 -5.5
    endloop
  endfacet
  facet normal -0.986655 0.162822 0
    outer loop
      vertex -25.2735 9.64105 -1
      vertex -25.3028 9.4635 -5.5
      vertex -25.3028 9.4635 -1
    endloop
  endfacet
  facet normal -0.634206 -0.773164 0
    outer loop
      vertex -26.3259 12.1817 -5.5
      vertex -26.1868 12.0676 -1
      vertex -26.3259 12.1817 -1
    endloop
  endfacet
  facet normal -0.634206 -0.773164 -0
    outer loop
      vertex -26.1868 12.0676 -1
      vertex -26.3259 12.1817 -5.5
      vertex -26.1868 12.0676 -5.5
    endloop
  endfacet
  facet normal -0.412882 -0.910785 0
    outer loop
      vertex -26.9476 12.5407 -5.5
      vertex -26.7837 12.4664 -1
      vertex -26.9476 12.5407 -1
    endloop
  endfacet
  facet normal -0.412882 -0.910785 -0
    outer loop
      vertex -26.7837 12.4664 -1
      vertex -26.9476 12.5407 -5.5
      vertex -26.7837 12.4664 -5.5
    endloop
  endfacet
  facet normal 0.2901 -0.956996 0
    outer loop
      vertex -28.884 12.6041 -5.5
      vertex -28.7118 12.6563 -1
      vertex -28.884 12.6041 -1
    endloop
  endfacet
  facet normal 0.2901 -0.956996 0
    outer loop
      vertex -28.7118 12.6563 -1
      vertex -28.884 12.6041 -5.5
      vertex -28.7118 12.6563 -5.5
    endloop
  endfacet
  facet normal -0.812888 0.58242 0
    outer loop
      vertex -25.8183 8.32591 -5.5
      vertex -25.7135 8.47218 -1
      vertex -25.7135 8.47218 -5.5
    endloop
  endfacet
  facet normal -0.812888 0.58242 0
    outer loop
      vertex -25.7135 8.47218 -1
      vertex -25.8183 8.32591 -5.5
      vertex -25.8183 8.32591 -1
    endloop
  endfacet
  facet normal -0.973845 -0.227212 0
    outer loop
      vertex -25.3028 10.5365 -5.5
      vertex -25.3437 10.7118 -1
      vertex -25.3437 10.7118 -5.5
    endloop
  endfacet
  facet normal -0.973845 -0.227212 0
    outer loop
      vertex -25.3437 10.7118 -1
      vertex -25.3028 10.5365 -5.5
      vertex -25.3028 10.5365 -1
    endloop
  endfacet
  facet normal 0.72952 -0.68396 0
    outer loop
      vertex -30.0676 11.8132 -1
      vertex -29.9445 11.9445 -5.5
      vertex -29.9445 11.9445 -1
    endloop
  endfacet
  facet normal 0.72952 -0.68396 0
    outer loop
      vertex -29.9445 11.9445 -5.5
      vertex -30.0676 11.8132 -1
      vertex -30.0676 11.8132 -5.5
    endloop
  endfacet
  facet normal 0.729624 0.683849 0
    outer loop
      vertex -29.9445 8.05546 -1
      vertex -30.0676 8.1868 -5.5
      vertex -30.0676 8.1868 -1
    endloop
  endfacet
  facet normal 0.729624 0.683849 0
    outer loop
      vertex -30.0676 8.1868 -5.5
      vertex -29.9445 8.05546 -1
      vertex -29.9445 8.05546 -5.5
    endloop
  endfacet
  facet normal -0.881996 0.471257 0
    outer loop
      vertex -25.6184 8.625 -5.5
      vertex -25.5336 8.78371 -1
      vertex -25.5336 8.78371 -5.5
    endloop
  endfacet
  facet normal -0.881996 0.471257 0
    outer loop
      vertex -25.5336 8.78371 -1
      vertex -25.6184 8.625 -5.5
      vertex -25.6184 8.625 -1
    endloop
  endfacet
  facet normal 0.995206 0.0978035 0
    outer loop
      vertex -30.7265 9.64105 -1
      vertex -30.7441 9.82014 -5.5
      vertex -30.7441 9.82014 -1
    endloop
  endfacet
  facet normal 0.995206 0.0978035 0
    outer loop
      vertex -30.7441 9.82014 -5.5
      vertex -30.7265 9.64105 -1
      vertex -30.7265 9.64105 -5.5
    endloop
  endfacet
  facet normal -0.582341 -0.812944 0
    outer loop
      vertex -26.4722 12.2865 -5.5
      vertex -26.3259 12.1817 -1
      vertex -26.4722 12.2865 -1
    endloop
  endfacet
  facet normal -0.582341 -0.812944 -0
    outer loop
      vertex -26.3259 12.1817 -1
      vertex -26.4722 12.2865 -5.5
      vertex -26.3259 12.1817 -5.5
    endloop
  endfacet
  facet normal -0.957001 0.290085 0
    outer loop
      vertex -25.3959 9.11604 -5.5
      vertex -25.3437 9.28825 -1
      vertex -25.3437 9.28825 -5.5
    endloop
  endfacet
  facet normal -0.957001 0.290085 0
    outer loop
      vertex -25.3437 9.28825 -1
      vertex -25.3959 9.11604 -5.5
      vertex -25.3959 9.11604 -1
    endloop
  endfacet
  facet normal -0.412743 0.910847 0
    outer loop
      vertex -26.7837 7.5336 -5.5
      vertex -26.9476 7.45933 -1
      vertex -26.7837 7.5336 -1
    endloop
  endfacet
  facet normal -0.412743 0.910847 0
    outer loop
      vertex -26.9476 7.45933 -1
      vertex -26.7837 7.5336 -5.5
      vertex -26.9476 7.45933 -5.5
    endloop
  endfacet
  facet normal -0.5284 -0.848996 0
    outer loop
      vertex -26.625 12.3816 -5.5
      vertex -26.4722 12.2865 -1
      vertex -26.625 12.3816 -1
    endloop
  endfacet
  facet normal -0.5284 -0.848996 -0
    outer loop
      vertex -26.4722 12.2865 -1
      vertex -26.625 12.3816 -5.5
      vertex -26.4722 12.2865 -5.5
    endloop
  endfacet
  facet normal 0.582341 -0.812944 0
    outer loop
      vertex -29.6741 12.1817 -5.5
      vertex -29.5278 12.2865 -1
      vertex -29.6741 12.1817 -1
    endloop
  endfacet
  facet normal 0.582341 -0.812944 0
    outer loop
      vertex -29.5278 12.2865 -1
      vertex -29.6741 12.1817 -5.5
      vertex -29.5278 12.2865 -5.5
    endloop
  endfacet
  facet normal -0.910785 -0.412882 0
    outer loop
      vertex -25.4593 11.0524 -5.5
      vertex -25.5336 11.2163 -1
      vertex -25.5336 11.2163 -5.5
    endloop
  endfacet
  facet normal -0.910785 -0.412882 0
    outer loop
      vertex -25.5336 11.2163 -1
      vertex -25.4593 11.0524 -5.5
      vertex -25.4593 11.0524 -1
    endloop
  endfacet
  facet normal -0.0327229 0.999464 0
    outer loop
      vertex -27.8201 7.25589 -5.5
      vertex -28 7.25 -1
      vertex -27.8201 7.25589 -1
    endloop
  endfacet
  facet normal -0.0327229 0.999464 0
    outer loop
      vertex -28 7.25 -1
      vertex -27.8201 7.25589 -5.5
      vertex -28 7.25 -5.5
    endloop
  endfacet
  facet normal -0.849027 0.52835 0
    outer loop
      vertex -25.7135 8.47218 -5.5
      vertex -25.6184 8.625 -1
      vertex -25.6184 8.625 -5.5
    endloop
  endfacet
  facet normal -0.849027 0.52835 0
    outer loop
      vertex -25.6184 8.625 -1
      vertex -25.7135 8.47218 -5.5
      vertex -25.7135 8.47218 -1
    endloop
  endfacet
  facet normal -0.773164 -0.634206 0
    outer loop
      vertex -25.8183 11.6741 -5.5
      vertex -25.9324 11.8132 -1
      vertex -25.9324 11.8132 -5.5
    endloop
  endfacet
  facet normal -0.773164 -0.634206 0
    outer loop
      vertex -25.9324 11.8132 -1
      vertex -25.8183 11.6741 -5.5
      vertex -25.8183 11.6741 -1
    endloop
  endfacet
  facet normal 0.227212 -0.973845 0
    outer loop
      vertex -28.7118 12.6563 -5.5
      vertex -28.5365 12.6972 -1
      vertex -28.7118 12.6563 -1
    endloop
  endfacet
  facet normal 0.227212 -0.973845 0
    outer loop
      vertex -28.5365 12.6972 -1
      vertex -28.7118 12.6563 -5.5
      vertex -28.5365 12.6972 -5.5
    endloop
  endfacet
  facet normal -0.995206 0.0978035 0
    outer loop
      vertex -25.2735 9.64105 -5.5
      vertex -25.2559 9.82014 -1
      vertex -25.2559 9.82014 -5.5
    endloop
  endfacet
  facet normal -0.995206 0.0978035 0
    outer loop
      vertex -25.2559 9.82014 -1
      vertex -25.2735 9.64105 -5.5
      vertex -25.2735 9.64105 -1
    endloop
  endfacet
  facet normal 0.812944 -0.582341 0
    outer loop
      vertex -30.2865 11.5278 -1
      vertex -30.1817 11.6741 -5.5
      vertex -30.1817 11.6741 -1
    endloop
  endfacet
  facet normal 0.812944 -0.582341 0
    outer loop
      vertex -30.1817 11.6741 -5.5
      vertex -30.2865 11.5278 -1
      vertex -30.2865 11.5278 -5.5
    endloop
  endfacet
  facet normal -0.582415 0.812892 0
    outer loop
      vertex -26.3259 7.81828 -5.5
      vertex -26.4722 7.71346 -1
      vertex -26.3259 7.81828 -1
    endloop
  endfacet
  facet normal -0.582415 0.812892 0
    outer loop
      vertex -26.4722 7.71346 -1
      vertex -26.3259 7.81828 -5.5
      vertex -26.4722 7.71346 -5.5
    endloop
  endfacet
  facet normal 0.352341 -0.935872 0
    outer loop
      vertex -29.0524 12.5407 -5.5
      vertex -28.884 12.6041 -1
      vertex -29.0524 12.5407 -1
    endloop
  endfacet
  facet normal 0.352341 -0.935872 0
    outer loop
      vertex -28.884 12.6041 -1
      vertex -29.0524 12.5407 -5.5
      vertex -28.884 12.6041 -5.5
    endloop
  endfacet
  facet normal -0.352341 -0.935872 0
    outer loop
      vertex -27.116 12.6041 -5.5
      vertex -26.9476 12.5407 -1
      vertex -27.116 12.6041 -1
    endloop
  endfacet
  facet normal -0.352341 -0.935872 -0
    outer loop
      vertex -26.9476 12.5407 -1
      vertex -27.116 12.6041 -5.5
      vertex -26.9476 12.5407 -5.5
    endloop
  endfacet
  facet normal -0.956996 -0.2901 0
    outer loop
      vertex -25.3437 10.7118 -5.5
      vertex -25.3959 10.884 -1
      vertex -25.3959 10.884 -5.5
    endloop
  endfacet
  facet normal -0.956996 -0.2901 0
    outer loop
      vertex -25.3959 10.884 -1
      vertex -25.3437 10.7118 -5.5
      vertex -25.3437 10.7118 -1
    endloop
  endfacet
  facet normal 0.0978522 -0.995201 0
    outer loop
      vertex -28.3589 12.7265 -5.5
      vertex -28.1799 12.7441 -1
      vertex -28.3589 12.7265 -1
    endloop
  endfacet
  facet normal 0.0978522 -0.995201 0
    outer loop
      vertex -28.1799 12.7441 -1
      vertex -28.3589 12.7265 -5.5
      vertex -28.1799 12.7441 -5.5
    endloop
  endfacet
  facet normal 0.956996 -0.2901 0
    outer loop
      vertex -30.6563 10.7118 -1
      vertex -30.6041 10.884 -5.5
      vertex -30.6041 10.884 -1
    endloop
  endfacet
  facet normal 0.956996 -0.2901 0
    outer loop
      vertex -30.6041 10.884 -5.5
      vertex -30.6563 10.7118 -1
      vertex -30.6563 10.7118 -5.5
    endloop
  endfacet
  facet normal 0.290304 0.956935 -0
    outer loop
      vertex -28.7118 7.3437 -5.5
      vertex -28.884 7.39594 -1
      vertex -28.7118 7.3437 -1
    endloop
  endfacet
  facet normal 0.290304 0.956935 0
    outer loop
      vertex -28.884 7.39594 -1
      vertex -28.7118 7.3437 -5.5
      vertex -28.884 7.39594 -5.5
    endloop
  endfacet
  facet normal -0.68396 -0.72952 0
    outer loop
      vertex -26.1868 12.0676 -5.5
      vertex -26.0555 11.9445 -1
      vertex -26.1868 12.0676 -1
    endloop
  endfacet
  facet normal -0.68396 -0.72952 -0
    outer loop
      vertex -26.0555 11.9445 -1
      vertex -26.1868 12.0676 -5.5
      vertex -26.0555 11.9445 -5.5
    endloop
  endfacet
  facet normal -0.0327784 -0.999463 0
    outer loop
      vertex -28 12.75 -5.5
      vertex -27.8201 12.7441 -1
      vertex -28 12.75 -1
    endloop
  endfacet
  facet normal -0.0327784 -0.999463 -0
    outer loop
      vertex -27.8201 12.7441 -1
      vertex -28 12.75 -5.5
      vertex -27.8201 12.7441 -5.5
    endloop
  endfacet
  facet normal -0.528119 0.84917 0
    outer loop
      vertex -26.4722 7.71346 -5.5
      vertex -26.625 7.61843 -1
      vertex -26.4722 7.71346 -1
    endloop
  endfacet
  facet normal -0.528119 0.84917 0
    outer loop
      vertex -26.625 7.61843 -1
      vertex -26.4722 7.71346 -5.5
      vertex -26.625 7.61843 -5.5
    endloop
  endfacet
  facet normal 0.0327784 -0.999463 0
    outer loop
      vertex -28.1799 12.7441 -5.5
      vertex -28 12.75 -1
      vertex -28.1799 12.7441 -1
    endloop
  endfacet
  facet normal 0.0327784 -0.999463 0
    outer loop
      vertex -28 12.75 -1
      vertex -28.1799 12.7441 -5.5
      vertex -28 12.75 -5.5
    endloop
  endfacet
  facet normal 0.849027 0.52835 0
    outer loop
      vertex -30.2865 8.47218 -1
      vertex -30.3816 8.625 -5.5
      vertex -30.3816 8.625 -1
    endloop
  endfacet
  facet normal 0.849027 0.52835 0
    outer loop
      vertex -30.3816 8.625 -5.5
      vertex -30.2865 8.47218 -1
      vertex -30.2865 8.47218 -5.5
    endloop
  endfacet
  facet normal 0.412882 -0.910785 0
    outer loop
      vertex -29.2163 12.4664 -5.5
      vertex -29.0524 12.5407 -1
      vertex -29.2163 12.4664 -1
    endloop
  endfacet
  facet normal 0.412882 -0.910785 0
    outer loop
      vertex -29.0524 12.5407 -1
      vertex -29.2163 12.4664 -5.5
      vertex -29.0524 12.5407 -5.5
    endloop
  endfacet
  facet normal 0.999462 0.0327857 0
    outer loop
      vertex -30.7441 9.82014 -1
      vertex -30.75 10 -5.5
      vertex -30.75 10 -1
    endloop
  endfacet
  facet normal 0.999462 0.0327857 0
    outer loop
      vertex -30.75 10 -5.5
      vertex -30.7441 9.82014 -1
      vertex -30.7441 9.82014 -5.5
    endloop
  endfacet
  facet normal 0.935885 0.352305 0
    outer loop
      vertex -30.5407 8.94762 -1
      vertex -30.6041 9.11604 -5.5
      vertex -30.6041 9.11604 -1
    endloop
  endfacet
  facet normal 0.935885 0.352305 0
    outer loop
      vertex -30.6041 9.11604 -5.5
      vertex -30.5407 8.94762 -1
      vertex -30.5407 8.94762 -5.5
    endloop
  endfacet
  facet normal -0.773187 0.634179 0
    outer loop
      vertex -25.9324 8.1868 -5.5
      vertex -25.8183 8.32591 -1
      vertex -25.8183 8.32591 -5.5
    endloop
  endfacet
  facet normal -0.773187 0.634179 0
    outer loop
      vertex -25.8183 8.32591 -1
      vertex -25.9324 8.1868 -5.5
      vertex -25.9324 8.1868 -1
    endloop
  endfacet
  facet normal -0.973831 0.227274 0
    outer loop
      vertex -25.3437 9.28825 -5.5
      vertex -25.3028 9.4635 -1
      vertex -25.3028 9.4635 -5.5
    endloop
  endfacet
  facet normal -0.973831 0.227274 0
    outer loop
      vertex -25.3028 9.4635 -1
      vertex -25.3437 9.28825 -5.5
      vertex -25.3437 9.28825 -1
    endloop
  endfacet
  facet normal -0.290304 0.956935 0
    outer loop
      vertex -27.116 7.39594 -5.5
      vertex -27.2882 7.3437 -1
      vertex -27.116 7.39594 -1
    endloop
  endfacet
  facet normal -0.290304 0.956935 0
    outer loop
      vertex -27.2882 7.3437 -1
      vertex -27.116 7.39594 -5.5
      vertex -27.2882 7.3437 -5.5
    endloop
  endfacet
  facet normal -0.47128 -0.881983 0
    outer loop
      vertex -26.7837 12.4664 -5.5
      vertex -26.625 12.3816 -1
      vertex -26.7837 12.4664 -1
    endloop
  endfacet
  facet normal -0.47128 -0.881983 -0
    outer loop
      vertex -26.625 12.3816 -1
      vertex -26.7837 12.4664 -5.5
      vertex -26.625 12.3816 -5.5
    endloop
  endfacet
  facet normal -0.848996 -0.5284 0
    outer loop
      vertex -25.6184 11.375 -5.5
      vertex -25.7135 11.5278 -1
      vertex -25.7135 11.5278 -5.5
    endloop
  endfacet
  facet normal -0.848996 -0.5284 0
    outer loop
      vertex -25.7135 11.5278 -1
      vertex -25.6184 11.375 -5.5
      vertex -25.6184 11.375 -1
    endloop
  endfacet
  facet normal 0.986663 -0.162777 0
    outer loop
      vertex -30.7265 10.3589 -1
      vertex -30.6972 10.5365 -5.5
      vertex -30.6972 10.5365 -1
    endloop
  endfacet
  facet normal 0.986663 -0.162777 0
    outer loop
      vertex -30.6972 10.5365 -5.5
      vertex -30.7265 10.3589 -1
      vertex -30.7265 10.3589 -5.5
    endloop
  endfacet
  facet normal 0.227001 0.973894 -0
    outer loop
      vertex -28.5365 7.30284 -5.5
      vertex -28.7118 7.3437 -1
      vertex -28.5365 7.30284 -1
    endloop
  endfacet
  facet normal 0.227001 0.973894 0
    outer loop
      vertex -28.7118 7.3437 -1
      vertex -28.5365 7.30284 -5.5
      vertex -28.7118 7.3437 -5.5
    endloop
  endfacet
  facet normal -0.935885 0.352305 0
    outer loop
      vertex -25.4593 8.94762 -5.5
      vertex -25.3959 9.11604 -1
      vertex -25.3959 9.11604 -5.5
    endloop
  endfacet
  facet normal -0.935885 0.352305 0
    outer loop
      vertex -25.3959 9.11604 -1
      vertex -25.4593 8.94762 -5.5
      vertex -25.4593 8.94762 -1
    endloop
  endfacet
  facet normal 0.910794 0.412861 0
    outer loop
      vertex -30.4664 8.78371 -1
      vertex -30.5407 8.94762 -5.5
      vertex -30.5407 8.94762 -1
    endloop
  endfacet
  facet normal 0.910794 0.412861 0
    outer loop
      vertex -30.5407 8.94762 -5.5
      vertex -30.4664 8.78371 -1
      vertex -30.4664 8.78371 -5.5
    endloop
  endfacet
  facet normal -0.162777 -0.986663 0
    outer loop
      vertex -27.6411 12.7265 -5.5
      vertex -27.4635 12.6972 -1
      vertex -27.6411 12.7265 -1
    endloop
  endfacet
  facet normal -0.162777 -0.986663 -0
    outer loop
      vertex -27.4635 12.6972 -1
      vertex -27.6411 12.7265 -5.5
      vertex -27.4635 12.6972 -5.5
    endloop
  endfacet
  facet normal -0.935872 -0.352341 0
    outer loop
      vertex -25.3959 10.884 -5.5
      vertex -25.4593 11.0524 -1
      vertex -25.4593 11.0524 -5.5
    endloop
  endfacet
  facet normal -0.935872 -0.352341 0
    outer loop
      vertex -25.4593 11.0524 -1
      vertex -25.3959 10.884 -5.5
      vertex -25.3959 10.884 -1
    endloop
  endfacet
  facet normal 0.47141 0.881914 -0
    outer loop
      vertex -29.2163 7.5336 -5.5
      vertex -29.375 7.61843 -1
      vertex -29.2163 7.5336 -1
    endloop
  endfacet
  facet normal 0.47141 0.881914 0
    outer loop
      vertex -29.375 7.61843 -1
      vertex -29.2163 7.5336 -5.5
      vertex -29.375 7.61843 -5.5
    endloop
  endfacet
  facet normal -0.986663 -0.162777 0
    outer loop
      vertex -25.2735 10.3589 -5.5
      vertex -25.3028 10.5365 -1
      vertex -25.3028 10.5365 -5.5
    endloop
  endfacet
  facet normal -0.986663 -0.162777 0
    outer loop
      vertex -25.3028 10.5365 -1
      vertex -25.2735 10.3589 -5.5
      vertex -25.2735 10.3589 -1
    endloop
  endfacet
  facet normal 0.0327229 0.999464 -0
    outer loop
      vertex -28 7.25 -5.5
      vertex -28.1799 7.25589 -1
      vertex -28 7.25 -1
    endloop
  endfacet
  facet normal 0.0327229 0.999464 0
    outer loop
      vertex -28.1799 7.25589 -1
      vertex -28 7.25 -5.5
      vertex -28.1799 7.25589 -5.5
    endloop
  endfacet
  facet normal 0.634206 -0.773164 0
    outer loop
      vertex -29.8132 12.0676 -5.5
      vertex -29.6741 12.1817 -1
      vertex -29.8132 12.0676 -1
    endloop
  endfacet
  facet normal 0.634206 -0.773164 0
    outer loop
      vertex -29.6741 12.1817 -1
      vertex -29.8132 12.0676 -5.5
      vertex -29.6741 12.1817 -5.5
    endloop
  endfacet
  facet normal -0.0980724 0.995179 0
    outer loop
      vertex -27.6411 7.27353 -5.5
      vertex -27.8201 7.25589 -1
      vertex -27.6411 7.27353 -1
    endloop
  endfacet
  facet normal -0.0980724 0.995179 0
    outer loop
      vertex -27.8201 7.25589 -1
      vertex -27.6411 7.27353 -5.5
      vertex -27.8201 7.25589 -5.5
    endloop
  endfacet
  facet normal 0.683723 0.729742 -0
    outer loop
      vertex -29.8132 7.93244 -5.5
      vertex -29.9445 8.05546 -1
      vertex -29.8132 7.93244 -1
    endloop
  endfacet
  facet normal 0.683723 0.729742 0
    outer loop
      vertex -29.9445 8.05546 -1
      vertex -29.8132 7.93244 -5.5
      vertex -29.9445 8.05546 -5.5
    endloop
  endfacet
  facet normal 0.999463 -0.0327784 0
    outer loop
      vertex -30.75 10 -1
      vertex -30.7441 10.1799 -5.5
      vertex -30.7441 10.1799 -1
    endloop
  endfacet
  facet normal 0.999463 -0.0327784 0
    outer loop
      vertex -30.7441 10.1799 -5.5
      vertex -30.75 10 -1
      vertex -30.75 10 -5.5
    endloop
  endfacet
  facet normal 0.957001 0.290085 0
    outer loop
      vertex -30.6041 9.11604 -1
      vertex -30.6563 9.28825 -5.5
      vertex -30.6563 9.28825 -1
    endloop
  endfacet
  facet normal 0.957001 0.290085 0
    outer loop
      vertex -30.6563 9.28825 -5.5
      vertex -30.6041 9.11604 -1
      vertex -30.6041 9.11604 -5.5
    endloop
  endfacet
  facet normal 0.773164 -0.634206 0
    outer loop
      vertex -30.1817 11.6741 -1
      vertex -30.0676 11.8132 -5.5
      vertex -30.0676 11.8132 -1
    endloop
  endfacet
  facet normal 0.773164 -0.634206 0
    outer loop
      vertex -30.0676 11.8132 -5.5
      vertex -30.1817 11.6741 -1
      vertex -30.1817 11.6741 -5.5
    endloop
  endfacet
  facet normal -0.729624 0.683849 0
    outer loop
      vertex -26.0555 8.05546 -5.5
      vertex -25.9324 8.1868 -1
      vertex -25.9324 8.1868 -5.5
    endloop
  endfacet
  facet normal -0.729624 0.683849 0
    outer loop
      vertex -25.9324 8.1868 -1
      vertex -26.0555 8.05546 -5.5
      vertex -26.0555 8.05546 -1
    endloop
  endfacet
  facet normal -0.683723 0.729742 0
    outer loop
      vertex -26.0555 8.05546 -5.5
      vertex -26.1868 7.93244 -1
      vertex -26.0555 8.05546 -1
    endloop
  endfacet
  facet normal -0.683723 0.729742 0
    outer loop
      vertex -26.1868 7.93244 -1
      vertex -26.0555 8.05546 -5.5
      vertex -26.1868 7.93244 -5.5
    endloop
  endfacet
  facet normal -0.47141 0.881914 0
    outer loop
      vertex -26.625 7.61843 -5.5
      vertex -26.7837 7.5336 -1
      vertex -26.625 7.61843 -1
    endloop
  endfacet
  facet normal -0.47141 0.881914 0
    outer loop
      vertex -26.7837 7.5336 -1
      vertex -26.625 7.61843 -5.5
      vertex -26.7837 7.5336 -5.5
    endloop
  endfacet
  facet normal -0.227212 -0.973845 0
    outer loop
      vertex -27.4635 12.6972 -5.5
      vertex -27.2882 12.6563 -1
      vertex -27.4635 12.6972 -1
    endloop
  endfacet
  facet normal -0.227212 -0.973845 -0
    outer loop
      vertex -27.2882 12.6563 -1
      vertex -27.4635 12.6972 -5.5
      vertex -27.2882 12.6563 -5.5
    endloop
  endfacet
  facet normal 0.47128 -0.881983 0
    outer loop
      vertex -29.375 12.3816 -5.5
      vertex -29.2163 12.4664 -1
      vertex -29.375 12.3816 -1
    endloop
  endfacet
  facet normal 0.47128 -0.881983 0
    outer loop
      vertex -29.2163 12.4664 -1
      vertex -29.375 12.3816 -5.5
      vertex -29.2163 12.4664 -5.5
    endloop
  endfacet
  facet normal -0.634405 0.773001 0
    outer loop
      vertex -26.1868 7.93244 -5.5
      vertex -26.3259 7.81828 -1
      vertex -26.1868 7.93244 -1
    endloop
  endfacet
  facet normal -0.634405 0.773001 0
    outer loop
      vertex -26.3259 7.81828 -1
      vertex -26.1868 7.93244 -5.5
      vertex -26.3259 7.81828 -5.5
    endloop
  endfacet
  facet normal 0.528119 0.84917 -0
    outer loop
      vertex -29.375 7.61843 -5.5
      vertex -29.5278 7.71346 -1
      vertex -29.375 7.61843 -1
    endloop
  endfacet
  facet normal 0.528119 0.84917 0
    outer loop
      vertex -29.5278 7.71346 -1
      vertex -29.375 7.61843 -5.5
      vertex -29.5278 7.71346 -5.5
    endloop
  endfacet
  facet normal 0.881983 -0.47128 0
    outer loop
      vertex -30.4664 11.2163 -1
      vertex -30.3816 11.375 -5.5
      vertex -30.3816 11.375 -1
    endloop
  endfacet
  facet normal 0.881983 -0.47128 0
    outer loop
      vertex -30.3816 11.375 -5.5
      vertex -30.4664 11.2163 -1
      vertex -30.4664 11.2163 -5.5
    endloop
  endfacet
  facet normal -0.910794 0.412861 0
    outer loop
      vertex -25.5336 8.78371 -5.5
      vertex -25.4593 8.94762 -1
      vertex -25.4593 8.94762 -5.5
    endloop
  endfacet
  facet normal -0.910794 0.412861 0
    outer loop
      vertex -25.4593 8.94762 -1
      vertex -25.5336 8.78371 -5.5
      vertex -25.5336 8.78371 -1
    endloop
  endfacet
  facet normal -0.2901 -0.956996 0
    outer loop
      vertex -27.2882 12.6563 -5.5
      vertex -27.116 12.6041 -1
      vertex -27.2882 12.6563 -1
    endloop
  endfacet
  facet normal -0.2901 -0.956996 -0
    outer loop
      vertex -27.116 12.6041 -1
      vertex -27.2882 12.6563 -5.5
      vertex -27.116 12.6041 -5.5
    endloop
  endfacet
  facet normal 0.634405 0.773001 -0
    outer loop
      vertex -29.6741 7.81828 -5.5
      vertex -29.8132 7.93244 -1
      vertex -29.6741 7.81828 -1
    endloop
  endfacet
  facet normal 0.634405 0.773001 0
    outer loop
      vertex -29.8132 7.93244 -1
      vertex -29.6741 7.81828 -5.5
      vertex -29.8132 7.93244 -5.5
    endloop
  endfacet
  facet normal 0.773187 0.634179 0
    outer loop
      vertex -30.0676 8.1868 -1
      vertex -30.1817 8.32591 -5.5
      vertex -30.1817 8.32591 -1
    endloop
  endfacet
  facet normal 0.773187 0.634179 0
    outer loop
      vertex -30.1817 8.32591 -5.5
      vertex -30.0676 8.1868 -1
      vertex -30.0676 8.1868 -5.5
    endloop
  endfacet
  facet normal 0.162831 0.986654 -0
    outer loop
      vertex -28.3589 7.27353 -5.5
      vertex -28.5365 7.30284 -1
      vertex -28.3589 7.27353 -1
    endloop
  endfacet
  facet normal 0.162831 0.986654 0
    outer loop
      vertex -28.5365 7.30284 -1
      vertex -28.3589 7.27353 -5.5
      vertex -28.5365 7.30284 -5.5
    endloop
  endfacet
  facet normal 0.0980724 0.995179 -0
    outer loop
      vertex -28.1799 7.25589 -5.5
      vertex -28.3589 7.27353 -1
      vertex -28.1799 7.25589 -1
    endloop
  endfacet
  facet normal 0.0980724 0.995179 0
    outer loop
      vertex -28.3589 7.27353 -1
      vertex -28.1799 7.25589 -5.5
      vertex -28.3589 7.27353 -5.5
    endloop
  endfacet
  facet normal 0.995201 -0.0978522 0
    outer loop
      vertex -30.7441 10.1799 -1
      vertex -30.7265 10.3589 -5.5
      vertex -30.7265 10.3589 -1
    endloop
  endfacet
  facet normal 0.995201 -0.0978522 0
    outer loop
      vertex -30.7265 10.3589 -5.5
      vertex -30.7441 10.1799 -1
      vertex -30.7441 10.1799 -5.5
    endloop
  endfacet
  facet normal 0.412743 0.910847 -0
    outer loop
      vertex -29.0524 7.45933 -5.5
      vertex -29.2163 7.5336 -1
      vertex -29.0524 7.45933 -1
    endloop
  endfacet
  facet normal 0.412743 0.910847 0
    outer loop
      vertex -29.2163 7.5336 -1
      vertex -29.0524 7.45933 -5.5
      vertex -29.2163 7.5336 -5.5
    endloop
  endfacet
  facet normal 0.582415 0.812892 -0
    outer loop
      vertex -29.5278 7.71346 -5.5
      vertex -29.6741 7.81828 -1
      vertex -29.5278 7.71346 -1
    endloop
  endfacet
  facet normal 0.582415 0.812892 0
    outer loop
      vertex -29.6741 7.81828 -1
      vertex -29.5278 7.71346 -5.5
      vertex -29.6741 7.81828 -5.5
    endloop
  endfacet
  facet normal -0.999461 0.0328156 0
    outer loop
      vertex 32.7398 9.68934 -10
      vertex 32.75 10 -5.5
      vertex 32.75 10 -10
    endloop
  endfacet
  facet normal -0.999461 0.0328156 0
    outer loop
      vertex 32.75 10 -5.5
      vertex 32.7398 9.68934 -10
      vertex 32.7398 9.68934 -5.5
    endloop
  endfacet
  facet normal -0.995205 -0.0978151 0
    outer loop
      vertex 32.7398 10.3107 -10
      vertex 32.7094 10.62 -5.5
      vertex 32.7094 10.62 -10
    endloop
  endfacet
  facet normal -0.995205 -0.0978151 0
    outer loop
      vertex 32.7094 10.62 -5.5
      vertex 32.7398 10.3107 -10
      vertex 32.7398 10.3107 -5.5
    endloop
  endfacet
  facet normal -0.999462 -0.0328114 0
    outer loop
      vertex 32.75 10 -10
      vertex 32.7398 10.3107 -5.5
      vertex 32.7398 10.3107 -10
    endloop
  endfacet
  facet normal -0.999462 -0.0328114 0
    outer loop
      vertex 32.7398 10.3107 -5.5
      vertex 32.75 10 -10
      vertex 32.75 10 -5.5
    endloop
  endfacet
  facet normal -0.98661 -0.163095 0
    outer loop
      vertex 32.7094 10.62 -10
      vertex 32.6587 10.9267 -5.5
      vertex 32.6587 10.9267 -10
    endloop
  endfacet
  facet normal -0.98661 -0.163095 0
    outer loop
      vertex 32.6587 10.9267 -5.5
      vertex 32.7094 10.62 -10
      vertex 32.7094 10.62 -5.5
    endloop
  endfacet
  facet normal 0.773025 -0.634376 0
    outer loop
      vertex 24.2316 12.8916 -5.5
      vertex 24.4288 13.1319 -10
      vertex 24.4288 13.1319 -5.5
    endloop
  endfacet
  facet normal 0.773025 -0.634376 0
    outer loop
      vertex 24.4288 13.1319 -10
      vertex 24.2316 12.8916 -5.5
      vertex 24.2316 12.8916 -10
    endloop
  endfacet
  facet normal 0.973864 0.227131 0
    outer loop
      vertex 23.4119 8.77061 -5.5
      vertex 23.3413 9.07332 -10
      vertex 23.3413 9.07332 -5.5
    endloop
  endfacet
  facet normal 0.973864 0.227131 0
    outer loop
      vertex 23.3413 9.07332 -10
      vertex 23.4119 8.77061 -5.5
      vertex 23.4119 8.77061 -10
    endloop
  endfacet
  facet normal -0.032715 0.999465 0
    outer loop
      vertex 28.3107 5.26017 -10
      vertex 28 5.25 -5.5
      vertex 28.3107 5.26017 -5.5
    endloop
  endfacet
  facet normal -0.032715 0.999465 0
    outer loop
      vertex 28 5.25 -5.5
      vertex 28.3107 5.26017 -10
      vertex 28 5.25 -10
    endloop
  endfacet
  facet normal -0.881934 -0.471373 0
    outer loop
      vertex 32.2601 12.1009 -10
      vertex 32.1136 12.375 -5.5
      vertex 32.1136 12.375 -10
    endloop
  endfacet
  facet normal -0.881934 -0.471373 0
    outer loop
      vertex 32.1136 12.375 -5.5
      vertex 32.2601 12.1009 -10
      vertex 32.2601 12.1009 -5.5
    endloop
  endfacet
  facet normal 0.935896 0.352276 0
    outer loop
      vertex 23.6116 8.18225 -5.5
      vertex 23.5021 8.47316 -10
      vertex 23.5021 8.47316 -5.5
    endloop
  endfacet
  facet normal 0.935896 0.352276 0
    outer loop
      vertex 23.5021 8.47316 -10
      vertex 23.6116 8.18225 -5.5
      vertex 23.6116 8.18225 -10
    endloop
  endfacet
  facet normal 0.730004 0.683443 0
    outer loop
      vertex 24.6412 6.64124 -5.5
      vertex 24.4288 6.86811 -10
      vertex 24.4288 6.86811 -5.5
    endloop
  endfacet
  facet normal 0.730004 0.683443 0
    outer loop
      vertex 24.4288 6.86811 -10
      vertex 24.6412 6.64124 -5.5
      vertex 24.6412 6.64124 -10
    endloop
  endfacet
  facet normal -0.582668 -0.81271 0
    outer loop
      vertex 30.639 13.9495 -10
      vertex 30.8916 13.7684 -5.5
      vertex 30.639 13.9495 -5.5
    endloop
  endfacet
  facet normal -0.582668 -0.81271 -0
    outer loop
      vertex 30.8916 13.7684 -5.5
      vertex 30.639 13.9495 -10
      vertex 30.8916 13.7684 -10
    endloop
  endfacet
  facet normal 0.683395 -0.730049 0
    outer loop
      vertex 24.6412 13.3588 -10
      vertex 24.8681 13.5712 -5.5
      vertex 24.6412 13.3588 -5.5
    endloop
  endfacet
  facet normal 0.683395 -0.730049 0
    outer loop
      vertex 24.8681 13.5712 -5.5
      vertex 24.6412 13.3588 -10
      vertex 24.8681 13.5712 -10
    endloop
  endfacet
  facet normal 0.986609 0.163105 0
    outer loop
      vertex 23.3413 9.07332 -5.5
      vertex 23.2906 9.38 -10
      vertex 23.2906 9.38 -5.5
    endloop
  endfacet
  facet normal 0.986609 0.163105 0
    outer loop
      vertex 23.2906 9.38 -10
      vertex 23.3413 9.07332 -5.5
      vertex 23.3413 9.07332 -10
    endloop
  endfacet
  facet normal -0.956954 -0.29024 0
    outer loop
      vertex 32.5881 11.2294 -10
      vertex 32.4979 11.5268 -5.5
      vertex 32.4979 11.5268 -10
    endloop
  endfacet
  facet normal -0.956954 -0.29024 0
    outer loop
      vertex 32.4979 11.5268 -5.5
      vertex 32.5881 11.2294 -10
      vertex 32.5881 11.2294 -5.5
    endloop
  endfacet
  facet normal -0.162876 0.986647 0
    outer loop
      vertex 28.9267 5.34127 -10
      vertex 28.62 5.29064 -5.5
      vertex 28.9267 5.34127 -5.5
    endloop
  endfacet
  facet normal -0.162876 0.986647 0
    outer loop
      vertex 28.62 5.29064 -5.5
      vertex 28.9267 5.34127 -10
      vertex 28.62 5.29064 -10
    endloop
  endfacet
  facet normal -0.730004 0.683443 0
    outer loop
      vertex 31.3588 6.64124 -10
      vertex 31.5712 6.86811 -5.5
      vertex 31.5712 6.86811 -10
    endloop
  endfacet
  facet normal -0.730004 0.683443 0
    outer loop
      vertex 31.5712 6.86811 -5.5
      vertex 31.3588 6.64124 -10
      vertex 31.3588 6.64124 -5.5
    endloop
  endfacet
  facet normal -0.935896 0.352276 0
    outer loop
      vertex 32.3884 8.18225 -10
      vertex 32.4979 8.47316 -5.5
      vertex 32.4979 8.47316 -10
    endloop
  endfacet
  facet normal -0.935896 0.352276 0
    outer loop
      vertex 32.4979 8.47316 -5.5
      vertex 32.3884 8.18225 -10
      vertex 32.3884 8.18225 -5.5
    endloop
  endfacet
  facet normal 0.849261 0.527973 0
    outer loop
      vertex 24.0505 7.36104 -5.5
      vertex 23.8864 7.625 -10
      vertex 23.8864 7.625 -5.5
    endloop
  endfacet
  facet normal 0.849261 0.527973 0
    outer loop
      vertex 23.8864 7.625 -10
      vertex 24.0505 7.36104 -5.5
      vertex 24.0505 7.36104 -10
    endloop
  endfacet
  facet normal 0.812776 0.582576 0
    outer loop
      vertex 24.2316 7.10838 -5.5
      vertex 24.0505 7.36104 -10
      vertex 24.0505 7.36104 -5.5
    endloop
  endfacet
  facet normal 0.812776 0.582576 0
    outer loop
      vertex 24.0505 7.36104 -10
      vertex 24.2316 7.10838 -5.5
      vertex 24.2316 7.10838 -10
    endloop
  endfacet
  facet normal -0.0980382 0.995183 0
    outer loop
      vertex 28.62 5.29064 -10
      vertex 28.3107 5.26017 -5.5
      vertex 28.62 5.29064 -5.5
    endloop
  endfacet
  facet normal -0.0980382 0.995183 0
    outer loop
      vertex 28.3107 5.26017 -5.5
      vertex 28.62 5.29064 -10
      vertex 28.3107 5.26017 -10
    endloop
  endfacet
  facet normal -0.582561 0.812787 0
    outer loop
      vertex 30.8916 6.23157 -10
      vertex 30.639 6.05052 -5.5
      vertex 30.8916 6.23157 -5.5
    endloop
  endfacet
  facet normal -0.582561 0.812787 0
    outer loop
      vertex 30.639 6.05052 -5.5
      vertex 30.8916 6.23157 -10
      vertex 30.639 6.05052 -10
    endloop
  endfacet
  facet normal -0.683395 -0.730049 0
    outer loop
      vertex 31.1319 13.5712 -10
      vertex 31.3588 13.3588 -5.5
      vertex 31.1319 13.5712 -5.5
    endloop
  endfacet
  facet normal -0.683395 -0.730049 -0
    outer loop
      vertex 31.3588 13.3588 -5.5
      vertex 31.1319 13.5712 -10
      vertex 31.3588 13.3588 -10
    endloop
  endfacet
  facet normal -0.528008 0.849239 0
    outer loop
      vertex 30.639 6.05052 -10
      vertex 30.375 5.88638 -5.5
      vertex 30.639 6.05052 -5.5
    endloop
  endfacet
  facet normal -0.528008 0.849239 0
    outer loop
      vertex 30.375 5.88638 -5.5
      vertex 30.639 6.05052 -10
      vertex 30.375 5.88638 -10
    endloop
  endfacet
  facet normal 0.528008 0.849239 -0
    outer loop
      vertex 25.625 5.88638 -10
      vertex 25.361 6.05052 -5.5
      vertex 25.625 5.88638 -5.5
    endloop
  endfacet
  facet normal 0.528008 0.849239 0
    outer loop
      vertex 25.361 6.05052 -5.5
      vertex 25.625 5.88638 -10
      vertex 25.361 6.05052 -10
    endloop
  endfacet
  facet normal -0.973863 -0.227138 0
    outer loop
      vertex 32.6587 10.9267 -10
      vertex 32.5881 11.2294 -5.5
      vertex 32.5881 11.2294 -10
    endloop
  endfacet
  facet normal -0.973863 -0.227138 0
    outer loop
      vertex 32.5881 11.2294 -5.5
      vertex 32.6587 10.9267 -10
      vertex 32.6587 10.9267 -5.5
    endloop
  endfacet
  facet normal 0.973863 -0.227138 0
    outer loop
      vertex 23.3413 10.9267 -5.5
      vertex 23.4119 11.2294 -10
      vertex 23.4119 11.2294 -5.5
    endloop
  endfacet
  facet normal 0.973863 -0.227138 0
    outer loop
      vertex 23.4119 11.2294 -10
      vertex 23.3413 10.9267 -5.5
      vertex 23.3413 10.9267 -10
    endloop
  endfacet
  facet normal -0.881955 0.471333 0
    outer loop
      vertex 32.1136 7.625 -10
      vertex 32.2601 7.89913 -5.5
      vertex 32.2601 7.89913 -10
    endloop
  endfacet
  facet normal -0.881955 0.471333 0
    outer loop
      vertex 32.2601 7.89913 -5.5
      vertex 32.1136 7.625 -10
      vertex 32.1136 7.625 -5.5
    endloop
  endfacet
  facet normal 0.227138 -0.973863 0
    outer loop
      vertex 26.7706 14.5881 -10
      vertex 27.0733 14.6587 -5.5
      vertex 26.7706 14.5881 -5.5
    endloop
  endfacet
  facet normal 0.227138 -0.973863 0
    outer loop
      vertex 27.0733 14.6587 -5.5
      vertex 26.7706 14.5881 -10
      vertex 27.0733 14.6587 -10
    endloop
  endfacet
  facet normal -0.849297 -0.527915 0
    outer loop
      vertex 32.1136 12.375 -10
      vertex 31.9495 12.639 -5.5
      vertex 31.9495 12.639 -10
    endloop
  endfacet
  facet normal -0.849297 -0.527915 0
    outer loop
      vertex 31.9495 12.639 -5.5
      vertex 32.1136 12.375 -10
      vertex 32.1136 12.375 -5.5
    endloop
  endfacet
  facet normal 0.81271 -0.582668 0
    outer loop
      vertex 24.0505 12.639 -5.5
      vertex 24.2316 12.8916 -10
      vertex 24.2316 12.8916 -5.5
    endloop
  endfacet
  facet normal 0.81271 -0.582668 0
    outer loop
      vertex 24.2316 12.8916 -10
      vertex 24.0505 12.639 -5.5
      vertex 24.0505 12.639 -10
    endloop
  endfacet
  facet normal 0.162876 0.986647 -0
    outer loop
      vertex 27.38 5.29064 -10
      vertex 27.0733 5.34127 -5.5
      vertex 27.38 5.29064 -5.5
    endloop
  endfacet
  facet normal 0.162876 0.986647 0
    outer loop
      vertex 27.0733 5.34127 -5.5
      vertex 27.38 5.29064 -10
      vertex 27.0733 5.34127 -10
    endloop
  endfacet
  facet normal -0.634357 0.773041 0
    outer loop
      vertex 31.1319 6.42876 -10
      vertex 30.8916 6.23157 -5.5
      vertex 31.1319 6.42876 -5.5
    endloop
  endfacet
  facet normal -0.634357 0.773041 0
    outer loop
      vertex 30.8916 6.23157 -5.5
      vertex 31.1319 6.42876 -10
      vertex 30.8916 6.23157 -10
    endloop
  endfacet
  facet normal 0.935892 -0.352287 0
    outer loop
      vertex 23.5021 11.5268 -5.5
      vertex 23.6116 11.8177 -10
      vertex 23.6116 11.8177 -5.5
    endloop
  endfacet
  facet normal 0.935892 -0.352287 0
    outer loop
      vertex 23.6116 11.8177 -10
      vertex 23.5021 11.5268 -5.5
      vertex 23.5021 11.5268 -10
    endloop
  endfacet
  facet normal -0.41261 0.910908 0
    outer loop
      vertex 30.1009 5.73985 -10
      vertex 29.8177 5.61157 -5.5
      vertex 30.1009 5.73985 -5.5
    endloop
  endfacet
  facet normal -0.41261 0.910908 0
    outer loop
      vertex 29.8177 5.61157 -5.5
      vertex 30.1009 5.73985 -10
      vertex 29.8177 5.61157 -10
    endloop
  endfacet
  facet normal 0.0978151 -0.995205 0
    outer loop
      vertex 27.38 14.7094 -10
      vertex 27.6893 14.7398 -5.5
      vertex 27.38 14.7094 -5.5
    endloop
  endfacet
  facet normal 0.0978151 -0.995205 0
    outer loop
      vertex 27.6893 14.7398 -5.5
      vertex 27.38 14.7094 -10
      vertex 27.6893 14.7398 -10
    endloop
  endfacet
  facet normal -0.935892 -0.352287 0
    outer loop
      vertex 32.4979 11.5268 -10
      vertex 32.3884 11.8177 -5.5
      vertex 32.3884 11.8177 -10
    endloop
  endfacet
  facet normal -0.935892 -0.352287 0
    outer loop
      vertex 32.3884 11.8177 -5.5
      vertex 32.4979 11.5268 -10
      vertex 32.4979 11.5268 -5.5
    endloop
  endfacet
  facet normal 0.91084 0.41276 0
    outer loop
      vertex 23.7399 7.89913 -5.5
      vertex 23.6116 8.18225 -10
      vertex 23.6116 8.18225 -5.5
    endloop
  endfacet
  facet normal 0.91084 0.41276 0
    outer loop
      vertex 23.6116 8.18225 -10
      vertex 23.7399 7.89913 -5.5
      vertex 23.7399 7.89913 -10
    endloop
  endfacet
  facet normal 0.999462 -0.0328114 0
    outer loop
      vertex 23.25 10 -5.5
      vertex 23.2602 10.3107 -10
      vertex 23.2602 10.3107 -5.5
    endloop
  endfacet
  facet normal 0.999462 -0.0328114 0
    outer loop
      vertex 23.2602 10.3107 -10
      vertex 23.25 10 -5.5
      vertex 23.25 10 -10
    endloop
  endfacet
  facet normal -0.634376 -0.773025 0
    outer loop
      vertex 30.8916 13.7684 -10
      vertex 31.1319 13.5712 -5.5
      vertex 30.8916 13.7684 -5.5
    endloop
  endfacet
  facet normal -0.634376 -0.773025 -0
    outer loop
      vertex 31.1319 13.5712 -5.5
      vertex 30.8916 13.7684 -10
      vertex 31.1319 13.5712 -10
    endloop
  endfacet
  facet normal -0.412664 -0.910883 0
    outer loop
      vertex 29.8177 14.3884 -10
      vertex 30.1009 14.2601 -5.5
      vertex 29.8177 14.3884 -5.5
    endloop
  endfacet
  facet normal -0.412664 -0.910883 -0
    outer loop
      vertex 30.1009 14.2601 -5.5
      vertex 29.8177 14.3884 -10
      vertex 30.1009 14.2601 -10
    endloop
  endfacet
  facet normal -0.773025 -0.634376 0
    outer loop
      vertex 31.7684 12.8916 -10
      vertex 31.5712 13.1319 -5.5
      vertex 31.5712 13.1319 -10
    endloop
  endfacet
  facet normal -0.773025 -0.634376 0
    outer loop
      vertex 31.5712 13.1319 -5.5
      vertex 31.7684 12.8916 -10
      vertex 31.7684 12.8916 -5.5
    endloop
  endfacet
  facet normal 0.471448 0.881894 -0
    outer loop
      vertex 25.8991 5.73985 -10
      vertex 25.625 5.88638 -5.5
      vertex 25.8991 5.73985 -5.5
    endloop
  endfacet
  facet normal 0.471448 0.881894 0
    outer loop
      vertex 25.625 5.88638 -5.5
      vertex 25.8991 5.73985 -10
      vertex 25.625 5.88638 -10
    endloop
  endfacet
  facet normal -0.772986 0.634423 0
    outer loop
      vertex 31.5712 6.86811 -10
      vertex 31.7684 7.10838 -5.5
      vertex 31.7684 7.10838 -10
    endloop
  endfacet
  facet normal -0.772986 0.634423 0
    outer loop
      vertex 31.7684 7.10838 -5.5
      vertex 31.5712 6.86811 -10
      vertex 31.5712 6.86811 -5.5
    endloop
  endfacet
  facet normal -0.227138 -0.973863 0
    outer loop
      vertex 28.9267 14.6587 -10
      vertex 29.2294 14.5881 -5.5
      vertex 28.9267 14.6587 -5.5
    endloop
  endfacet
  facet normal -0.227138 -0.973863 -0
    outer loop
      vertex 29.2294 14.5881 -5.5
      vertex 28.9267 14.6587 -10
      vertex 29.2294 14.5881 -10
    endloop
  endfacet
  facet normal 0.0980382 0.995183 -0
    outer loop
      vertex 27.6893 5.26017 -10
      vertex 27.38 5.29064 -5.5
      vertex 27.6893 5.26017 -5.5
    endloop
  endfacet
  facet normal 0.0980382 0.995183 0
    outer loop
      vertex 27.38 5.29064 -5.5
      vertex 27.6893 5.26017 -10
      vertex 27.38 5.29064 -10
    endloop
  endfacet
  facet normal -0.986609 0.163105 0
    outer loop
      vertex 32.6587 9.07332 -10
      vertex 32.7094 9.38 -5.5
      vertex 32.7094 9.38 -10
    endloop
  endfacet
  facet normal -0.986609 0.163105 0
    outer loop
      vertex 32.7094 9.38 -5.5
      vertex 32.6587 9.07332 -10
      vertex 32.6587 9.07332 -5.5
    endloop
  endfacet
  facet normal 0.956954 -0.29024 0
    outer loop
      vertex 23.4119 11.2294 -5.5
      vertex 23.5021 11.5268 -10
      vertex 23.5021 11.5268 -5.5
    endloop
  endfacet
  facet normal 0.956954 -0.29024 0
    outer loop
      vertex 23.5021 11.5268 -10
      vertex 23.4119 11.2294 -5.5
      vertex 23.4119 11.2294 -10
    endloop
  endfacet
  facet normal -0.910883 -0.412664 0
    outer loop
      vertex 32.3884 11.8177 -10
      vertex 32.2601 12.1009 -5.5
      vertex 32.2601 12.1009 -10
    endloop
  endfacet
  facet normal -0.910883 -0.412664 0
    outer loop
      vertex 32.2601 12.1009 -5.5
      vertex 32.3884 11.8177 -10
      vertex 32.3884 11.8177 -5.5
    endloop
  endfacet
  facet normal 0.881934 -0.471373 0
    outer loop
      vertex 23.7399 12.1009 -5.5
      vertex 23.8864 12.375 -10
      vertex 23.8864 12.375 -5.5
    endloop
  endfacet
  facet normal 0.881934 -0.471373 0
    outer loop
      vertex 23.8864 12.375 -10
      vertex 23.7399 12.1009 -5.5
      vertex 23.7399 12.1009 -10
    endloop
  endfacet
  facet normal -0.227077 0.973877 0
    outer loop
      vertex 29.2294 5.41185 -10
      vertex 28.9267 5.34127 -5.5
      vertex 29.2294 5.41185 -5.5
    endloop
  endfacet
  facet normal -0.227077 0.973877 0
    outer loop
      vertex 28.9267 5.34127 -5.5
      vertex 29.2294 5.41185 -10
      vertex 28.9267 5.34127 -10
    endloop
  endfacet
  facet normal -0.352287 -0.935892 0
    outer loop
      vertex 29.5268 14.4979 -10
      vertex 29.8177 14.3884 -5.5
      vertex 29.5268 14.4979 -5.5
    endloop
  endfacet
  facet normal -0.352287 -0.935892 -0
    outer loop
      vertex 29.8177 14.3884 -5.5
      vertex 29.5268 14.4979 -10
      vertex 29.8177 14.3884 -10
    endloop
  endfacet
  facet normal -0.290328 0.956927 0
    outer loop
      vertex 29.5268 5.50208 -10
      vertex 29.2294 5.41185 -5.5
      vertex 29.5268 5.50208 -5.5
    endloop
  endfacet
  facet normal -0.290328 0.956927 0
    outer loop
      vertex 29.2294 5.41185 -5.5
      vertex 29.5268 5.50208 -10
      vertex 29.2294 5.41185 -10
    endloop
  endfacet
  facet normal -0.995206 0.0978026 0
    outer loop
      vertex 32.7094 9.38 -10
      vertex 32.7398 9.68934 -5.5
      vertex 32.7398 9.68934 -10
    endloop
  endfacet
  facet normal -0.995206 0.0978026 0
    outer loop
      vertex 32.7398 9.68934 -5.5
      vertex 32.7094 9.38 -10
      vertex 32.7094 9.38 -5.5
    endloop
  endfacet
  facet normal -0.973864 0.227131 0
    outer loop
      vertex 32.5881 8.77061 -10
      vertex 32.6587 9.07332 -5.5
      vertex 32.6587 9.07332 -10
    endloop
  endfacet
  facet normal -0.973864 0.227131 0
    outer loop
      vertex 32.6587 9.07332 -5.5
      vertex 32.5881 8.77061 -10
      vertex 32.5881 8.77061 -5.5
    endloop
  endfacet
  facet normal 0.290328 0.956927 -0
    outer loop
      vertex 26.7706 5.41185 -10
      vertex 26.4732 5.50208 -5.5
      vertex 26.7706 5.41185 -5.5
    endloop
  endfacet
  facet normal 0.290328 0.956927 0
    outer loop
      vertex 26.4732 5.50208 -5.5
      vertex 26.7706 5.41185 -10
      vertex 26.4732 5.50208 -10
    endloop
  endfacet
  facet normal -0.0978151 -0.995205 0
    outer loop
      vertex 28.3107 14.7398 -10
      vertex 28.62 14.7094 -5.5
      vertex 28.3107 14.7398 -5.5
    endloop
  endfacet
  facet normal -0.0978151 -0.995205 -0
    outer loop
      vertex 28.62 14.7094 -5.5
      vertex 28.3107 14.7398 -10
      vertex 28.62 14.7094 -10
    endloop
  endfacet
  facet normal 0.163095 -0.98661 0
    outer loop
      vertex 27.0733 14.6587 -10
      vertex 27.38 14.7094 -5.5
      vertex 27.0733 14.6587 -5.5
    endloop
  endfacet
  facet normal 0.163095 -0.98661 0
    outer loop
      vertex 27.38 14.7094 -5.5
      vertex 27.0733 14.6587 -10
      vertex 27.38 14.7094 -10
    endloop
  endfacet
  facet normal 0.471373 -0.881934 0
    outer loop
      vertex 25.625 14.1136 -10
      vertex 25.8991 14.2601 -5.5
      vertex 25.625 14.1136 -5.5
    endloop
  endfacet
  facet normal 0.471373 -0.881934 0
    outer loop
      vertex 25.8991 14.2601 -5.5
      vertex 25.625 14.1136 -10
      vertex 25.8991 14.2601 -10
    endloop
  endfacet
  facet normal -0.812776 0.582576 0
    outer loop
      vertex 31.7684 7.10838 -10
      vertex 31.9495 7.36104 -5.5
      vertex 31.9495 7.36104 -10
    endloop
  endfacet
  facet normal -0.812776 0.582576 0
    outer loop
      vertex 31.9495 7.36104 -5.5
      vertex 31.7684 7.10838 -10
      vertex 31.7684 7.10838 -5.5
    endloop
  endfacet
  facet normal 0.772986 0.634423 0
    outer loop
      vertex 24.4288 6.86811 -5.5
      vertex 24.2316 7.10838 -10
      vertex 24.2316 7.10838 -5.5
    endloop
  endfacet
  facet normal 0.772986 0.634423 0
    outer loop
      vertex 24.2316 7.10838 -10
      vertex 24.4288 6.86811 -5.5
      vertex 24.4288 6.86811 -10
    endloop
  endfacet
  facet normal 0.29024 -0.956954 0
    outer loop
      vertex 26.4732 14.4979 -10
      vertex 26.7706 14.5881 -5.5
      vertex 26.4732 14.4979 -5.5
    endloop
  endfacet
  facet normal 0.29024 -0.956954 0
    outer loop
      vertex 26.7706 14.5881 -5.5
      vertex 26.4732 14.4979 -10
      vertex 26.7706 14.5881 -10
    endloop
  endfacet
  facet normal -0.956968 0.290195 0
    outer loop
      vertex 32.4979 8.47316 -10
      vertex 32.5881 8.77061 -5.5
      vertex 32.5881 8.77061 -10
    endloop
  endfacet
  facet normal -0.956968 0.290195 0
    outer loop
      vertex 32.5881 8.77061 -5.5
      vertex 32.4979 8.47316 -10
      vertex 32.4979 8.47316 -5.5
    endloop
  endfacet
  facet normal -0.471448 0.881894 0
    outer loop
      vertex 30.375 5.88638 -10
      vertex 30.1009 5.73985 -5.5
      vertex 30.375 5.88638 -5.5
    endloop
  endfacet
  facet normal -0.471448 0.881894 0
    outer loop
      vertex 30.1009 5.73985 -5.5
      vertex 30.375 5.88638 -10
      vertex 30.1009 5.73985 -10
    endloop
  endfacet
  facet normal -0.0328114 -0.999462 0
    outer loop
      vertex 28 14.75 -10
      vertex 28.3107 14.7398 -5.5
      vertex 28 14.75 -5.5
    endloop
  endfacet
  facet normal -0.0328114 -0.999462 -0
    outer loop
      vertex 28.3107 14.7398 -5.5
      vertex 28 14.75 -10
      vertex 28.3107 14.7398 -10
    endloop
  endfacet
  facet normal 0.032715 0.999465 -0
    outer loop
      vertex 28 5.25 -10
      vertex 27.6893 5.26017 -5.5
      vertex 28 5.25 -5.5
    endloop
  endfacet
  facet normal 0.032715 0.999465 0
    outer loop
      vertex 27.6893 5.26017 -5.5
      vertex 28 5.25 -10
      vertex 27.6893 5.26017 -10
    endloop
  endfacet
  facet normal 0.527915 -0.849297 0
    outer loop
      vertex 25.361 13.9495 -10
      vertex 25.625 14.1136 -5.5
      vertex 25.361 13.9495 -5.5
    endloop
  endfacet
  facet normal 0.527915 -0.849297 0
    outer loop
      vertex 25.625 14.1136 -5.5
      vertex 25.361 13.9495 -10
      vertex 25.625 14.1136 -10
    endloop
  endfacet
  facet normal 0.849297 -0.527915 0
    outer loop
      vertex 23.8864 12.375 -5.5
      vertex 24.0505 12.639 -10
      vertex 24.0505 12.639 -5.5
    endloop
  endfacet
  facet normal 0.849297 -0.527915 0
    outer loop
      vertex 24.0505 12.639 -10
      vertex 23.8864 12.375 -5.5
      vertex 23.8864 12.375 -10
    endloop
  endfacet
  facet normal 0.352287 -0.935892 0
    outer loop
      vertex 26.1823 14.3884 -10
      vertex 26.4732 14.4979 -5.5
      vertex 26.1823 14.3884 -5.5
    endloop
  endfacet
  facet normal 0.352287 -0.935892 0
    outer loop
      vertex 26.4732 14.4979 -5.5
      vertex 26.1823 14.3884 -10
      vertex 26.4732 14.4979 -10
    endloop
  endfacet
  facet normal 0.999461 0.0328156 0
    outer loop
      vertex 23.2602 9.68934 -5.5
      vertex 23.25 10 -10
      vertex 23.25 10 -5.5
    endloop
  endfacet
  facet normal 0.999461 0.0328156 0
    outer loop
      vertex 23.25 10 -10
      vertex 23.2602 9.68934 -5.5
      vertex 23.2602 9.68934 -10
    endloop
  endfacet
  facet normal -0.849261 0.527973 0
    outer loop
      vertex 31.9495 7.36104 -10
      vertex 32.1136 7.625 -5.5
      vertex 32.1136 7.625 -10
    endloop
  endfacet
  facet normal -0.849261 0.527973 0
    outer loop
      vertex 32.1136 7.625 -5.5
      vertex 31.9495 7.36104 -10
      vertex 31.9495 7.36104 -5.5
    endloop
  endfacet
  facet normal -0.91084 0.41276 0
    outer loop
      vertex 32.2601 7.89913 -10
      vertex 32.3884 8.18225 -5.5
      vertex 32.3884 8.18225 -10
    endloop
  endfacet
  facet normal -0.91084 0.41276 0
    outer loop
      vertex 32.3884 8.18225 -5.5
      vertex 32.2601 7.89913 -10
      vertex 32.2601 7.89913 -5.5
    endloop
  endfacet
  facet normal -0.163095 -0.98661 0
    outer loop
      vertex 28.62 14.7094 -10
      vertex 28.9267 14.6587 -5.5
      vertex 28.62 14.7094 -5.5
    endloop
  endfacet
  facet normal -0.163095 -0.98661 -0
    outer loop
      vertex 28.9267 14.6587 -5.5
      vertex 28.62 14.7094 -10
      vertex 28.9267 14.6587 -10
    endloop
  endfacet
  facet normal 0.956968 0.290195 0
    outer loop
      vertex 23.5021 8.47316 -5.5
      vertex 23.4119 8.77061 -10
      vertex 23.4119 8.77061 -5.5
    endloop
  endfacet
  facet normal 0.956968 0.290195 0
    outer loop
      vertex 23.4119 8.77061 -10
      vertex 23.5021 8.47316 -5.5
      vertex 23.5021 8.47316 -10
    endloop
  endfacet
  facet normal -0.730049 -0.683395 0
    outer loop
      vertex 31.5712 13.1319 -10
      vertex 31.3588 13.3588 -5.5
      vertex 31.3588 13.3588 -10
    endloop
  endfacet
  facet normal -0.730049 -0.683395 0
    outer loop
      vertex 31.3588 13.3588 -5.5
      vertex 31.5712 13.1319 -10
      vertex 31.5712 13.1319 -5.5
    endloop
  endfacet
  facet normal 0.582668 -0.81271 0
    outer loop
      vertex 25.1084 13.7684 -10
      vertex 25.361 13.9495 -5.5
      vertex 25.1084 13.7684 -5.5
    endloop
  endfacet
  facet normal 0.582668 -0.81271 0
    outer loop
      vertex 25.361 13.9495 -5.5
      vertex 25.1084 13.7684 -10
      vertex 25.361 13.9495 -10
    endloop
  endfacet
  facet normal 0.881955 0.471333 0
    outer loop
      vertex 23.8864 7.625 -5.5
      vertex 23.7399 7.89913 -10
      vertex 23.7399 7.89913 -5.5
    endloop
  endfacet
  facet normal 0.881955 0.471333 0
    outer loop
      vertex 23.7399 7.89913 -10
      vertex 23.8864 7.625 -5.5
      vertex 23.8864 7.625 -10
    endloop
  endfacet
  facet normal 0 0 -1
    outer loop
      vertex 30.75 10 -5.5
      vertex 32.75 10 -5.5
      vertex 32.7398 9.68934 -5.5
    endloop
  endfacet
  facet normal 0 0 -1
    outer loop
      vertex 30.7441 9.82014 -5.5
      vertex 32.7398 9.68934 -5.5
      vertex 32.7094 9.38 -5.5
    endloop
  endfacet
  facet normal 0 0 -1
    outer loop
      vertex 32.75 10 -5.5
      vertex 30.75 10 -5.5
      vertex 32.7398 10.3107 -5.5
    endloop
  endfacet
  facet normal 0 0 -1
    outer loop
      vertex 30.7265 9.64105 -5.5
      vertex 32.7094 9.38 -5.5
      vertex 32.6587 9.07332 -5.5
    endloop
  endfacet
  facet normal 0 0 -1
    outer loop
      vertex 30.7441 10.1799 -5.5
      vertex 32.7398 10.3107 -5.5
      vertex 30.75 10 -5.5
    endloop
  endfacet
  facet normal 0 0 -1
    outer loop
      vertex 30.6972 9.4635 -5.5
      vertex 32.6587 9.07332 -5.5
      vertex 32.5881 8.77061 -5.5
    endloop
  endfacet
  facet normal -0 0 -1
    outer loop
      vertex 32.7398 10.3107 -5.5
      vertex 30.7441 10.1799 -5.5
      vertex 32.7094 10.62 -5.5
    endloop
  endfacet
  facet normal 0 0 -1
    outer loop
      vertex 30.6563 9.28825 -5.5
      vertex 32.5881 8.77061 -5.5
      vertex 32.4979 8.47316 -5.5
    endloop
  endfacet
  facet normal 0 0 -1
    outer loop
      vertex 30.7265 10.3589 -5.5
      vertex 32.7094 10.62 -5.5
      vertex 30.7441 10.1799 -5.5
    endloop
  endfacet
  facet normal 0 0 -1
    outer loop
      vertex 30.6041 9.11604 -5.5
      vertex 32.4979 8.47316 -5.5
      vertex 32.3884 8.18225 -5.5
    endloop
  endfacet
  facet normal -0 0 -1
    outer loop
      vertex 32.7094 10.62 -5.5
      vertex 30.7265 10.3589 -5.5
      vertex 32.6587 10.9267 -5.5
    endloop
  endfacet
  facet normal 0 0 -1
    outer loop
      vertex 30.5407 8.94762 -5.5
      vertex 32.3884 8.18225 -5.5
      vertex 32.2601 7.89913 -5.5
    endloop
  endfacet
  facet normal 0 0 -1
    outer loop
      vertex 30.6972 10.5365 -5.5
      vertex 32.6587 10.9267 -5.5
      vertex 30.7265 10.3589 -5.5
    endloop
  endfacet
  facet normal 0 0 -1
    outer loop
      vertex 30.4664 8.78371 -5.5
      vertex 32.2601 7.89913 -5.5
      vertex 32.1136 7.625 -5.5
    endloop
  endfacet
  facet normal -0 0 -1
    outer loop
      vertex 32.6587 10.9267 -5.5
      vertex 30.6972 10.5365 -5.5
      vertex 32.5881 11.2294 -5.5
    endloop
  endfacet
  facet normal 0 0 -1
    outer loop
      vertex 30.3816 8.625 -5.5
      vertex 32.1136 7.625 -5.5
      vertex 31.9495 7.36104 -5.5
    endloop
  endfacet
  facet normal 0 0 -1
    outer loop
      vertex 30.6563 10.7118 -5.5
      vertex 32.5881 11.2294 -5.5
      vertex 30.6972 10.5365 -5.5
    endloop
  endfacet
  facet normal 0 0 -1
    outer loop
      vertex 30.2865 8.47218 -5.5
      vertex 31.9495 7.36104 -5.5
      vertex 31.7684 7.10838 -5.5
    endloop
  endfacet
  facet normal -0 0 -1
    outer loop
      vertex 32.5881 11.2294 -5.5
      vertex 30.6563 10.7118 -5.5
      vertex 32.4979 11.5268 -5.5
    endloop
  endfacet
  facet normal 0 0 -1
    outer loop
      vertex 30.1817 8.32591 -5.5
      vertex 31.7684 7.10838 -5.5
      vertex 31.5712 6.86811 -5.5
    endloop
  endfacet
  facet normal 0 0 -1
    outer loop
      vertex 30.6041 10.884 -5.5
      vertex 32.4979 11.5268 -5.5
      vertex 30.6563 10.7118 -5.5
    endloop
  endfacet
  facet normal 0 0 -1
    outer loop
      vertex 30.0676 8.1868 -5.5
      vertex 31.5712 6.86811 -5.5
      vertex 31.3588 6.64124 -5.5
    endloop
  endfacet
  facet normal -0 0 -1
    outer loop
      vertex 32.4979 11.5268 -5.5
      vertex 30.6041 10.884 -5.5
      vertex 32.3884 11.8177 -5.5
    endloop
  endfacet
  facet normal 0 0 -1
    outer loop
      vertex 29.9445 8.05546 -5.5
      vertex 31.3588 6.64124 -5.5
      vertex 31.1319 6.42876 -5.5
    endloop
  endfacet
  facet normal 0 0 -1
    outer loop
      vertex 30.5407 11.0524 -5.5
      vertex 32.3884 11.8177 -5.5
      vertex 30.6041 10.884 -5.5
    endloop
  endfacet
  facet normal 0 0 -1
    outer loop
      vertex 29.8132 7.93244 -5.5
      vertex 31.1319 6.42876 -5.5
      vertex 30.8916 6.23157 -5.5
    endloop
  endfacet
  facet normal -0 0 -1
    outer loop
      vertex 32.3884 11.8177 -5.5
      vertex 30.5407 11.0524 -5.5
      vertex 32.2601 12.1009 -5.5
    endloop
  endfacet
  facet normal 0 0 -1
    outer loop
      vertex 30.4664 11.2163 -5.5
      vertex 32.2601 12.1009 -5.5
      vertex 30.5407 11.0524 -5.5
    endloop
  endfacet
  facet normal 0 0 -1
    outer loop
      vertex 32.7398 9.68934 -5.5
      vertex 30.7441 9.82014 -5.5
      vertex 30.75 10 -5.5
    endloop
  endfacet
  facet normal 0 0 -1
    outer loop
      vertex 32.7094 9.38 -5.5
      vertex 30.7265 9.64105 -5.5
      vertex 30.7441 9.82014 -5.5
    endloop
  endfacet
  facet normal 0 0 -1
    outer loop
      vertex 32.6587 9.07332 -5.5
      vertex 30.6972 9.4635 -5.5
      vertex 30.7265 9.64105 -5.5
    endloop
  endfacet
  facet normal 0 0 -1
    outer loop
      vertex 32.5881 8.77061 -5.5
      vertex 30.6563 9.28825 -5.5
      vertex 30.6972 9.4635 -5.5
    endloop
  endfacet
  facet normal 0 0 -1
    outer loop
      vertex 29.6741 7.81828 -5.5
      vertex 30.8916 6.23157 -5.5
      vertex 30.639 6.05052 -5.5
    endloop
  endfacet
  facet normal 0 0 -1
    outer loop
      vertex 32.4979 8.47316 -5.5
      vertex 30.6041 9.11604 -5.5
      vertex 30.6563 9.28825 -5.5
    endloop
  endfacet
  facet normal 0 0 -1
    outer loop
      vertex 32.3884 8.18225 -5.5
      vertex 30.5407 8.94762 -5.5
      vertex 30.6041 9.11604 -5.5
    endloop
  endfacet
  facet normal 0 0 -1
    outer loop
      vertex 32.2601 7.89913 -5.5
      vertex 30.4664 8.78371 -5.5
      vertex 30.5407 8.94762 -5.5
    endloop
  endfacet
  facet normal 0 0 -1
    outer loop
      vertex 32.1136 7.625 -5.5
      vertex 30.3816 8.625 -5.5
      vertex 30.4664 8.78371 -5.5
    endloop
  endfacet
  facet normal 0 0 -1
    outer loop
      vertex 29.5278 7.71346 -5.5
      vertex 30.639 6.05052 -5.5
      vertex 30.375 5.88638 -5.5
    endloop
  endfacet
  facet normal 0 0 -1
    outer loop
      vertex 31.9495 7.36104 -5.5
      vertex 30.2865 8.47218 -5.5
      vertex 30.3816 8.625 -5.5
    endloop
  endfacet
  facet normal 0 0 -1
    outer loop
      vertex 31.7684 7.10838 -5.5
      vertex 30.1817 8.32591 -5.5
      vertex 30.2865 8.47218 -5.5
    endloop
  endfacet
  facet normal 0 0 -1
    outer loop
      vertex 29.375 7.61843 -5.5
      vertex 30.375 5.88638 -5.5
      vertex 30.1009 5.73985 -5.5
    endloop
  endfacet
  facet normal 0 0 -1
    outer loop
      vertex 31.5712 6.86811 -5.5
      vertex 30.0676 8.1868 -5.5
      vertex 30.1817 8.32591 -5.5
    endloop
  endfacet
  facet normal 0 0 -1
    outer loop
      vertex 31.3588 6.64124 -5.5
      vertex 29.9445 8.05546 -5.5
      vertex 30.0676 8.1868 -5.5
    endloop
  endfacet
  facet normal 0 0 -1
    outer loop
      vertex 29.2163 7.5336 -5.5
      vertex 30.1009 5.73985 -5.5
      vertex 29.8177 5.61157 -5.5
    endloop
  endfacet
  facet normal 0 0 -1
    outer loop
      vertex 31.1319 6.42876 -5.5
      vertex 29.8132 7.93244 -5.5
      vertex 29.9445 8.05546 -5.5
    endloop
  endfacet
  facet normal 0 0 -1
    outer loop
      vertex 30.8916 6.23157 -5.5
      vertex 29.6741 7.81828 -5.5
      vertex 29.8132 7.93244 -5.5
    endloop
  endfacet
  facet normal 0 0 -1
    outer loop
      vertex 30.639 6.05052 -5.5
      vertex 29.5278 7.71346 -5.5
      vertex 29.6741 7.81828 -5.5
    endloop
  endfacet
  facet normal 0 0 -1
    outer loop
      vertex 29.0524 7.45933 -5.5
      vertex 29.8177 5.61157 -5.5
      vertex 29.5268 5.50208 -5.5
    endloop
  endfacet
  facet normal 0 0 -1
    outer loop
      vertex 30.375 5.88638 -5.5
      vertex 29.375 7.61843 -5.5
      vertex 29.5278 7.71346 -5.5
    endloop
  endfacet
  facet normal 0 0 -1
    outer loop
      vertex 28.884 7.39594 -5.5
      vertex 29.5268 5.50208 -5.5
      vertex 29.2294 5.41185 -5.5
    endloop
  endfacet
  facet normal 0 0 -1
    outer loop
      vertex 30.1009 5.73985 -5.5
      vertex 29.2163 7.5336 -5.5
      vertex 29.375 7.61843 -5.5
    endloop
  endfacet
  facet normal 0 0 -1
    outer loop
      vertex 29.8177 5.61157 -5.5
      vertex 29.0524 7.45933 -5.5
      vertex 29.2163 7.5336 -5.5
    endloop
  endfacet
  facet normal 0 0 -1
    outer loop
      vertex 28.7118 7.3437 -5.5
      vertex 29.2294 5.41185 -5.5
      vertex 28.9267 5.34127 -5.5
    endloop
  endfacet
  facet normal 0 0 -1
    outer loop
      vertex 29.5268 5.50208 -5.5
      vertex 28.884 7.39594 -5.5
      vertex 29.0524 7.45933 -5.5
    endloop
  endfacet
  facet normal 0 0 -1
    outer loop
      vertex 29.2294 5.41185 -5.5
      vertex 28.7118 7.3437 -5.5
      vertex 28.884 7.39594 -5.5
    endloop
  endfacet
  facet normal 0 0 -1
    outer loop
      vertex 28.5365 7.30284 -5.5
      vertex 28.9267 5.34127 -5.5
      vertex 28.62 5.29064 -5.5
    endloop
  endfacet
  facet normal 0 0 -1
    outer loop
      vertex 28.9267 5.34127 -5.5
      vertex 28.5365 7.30284 -5.5
      vertex 28.7118 7.3437 -5.5
    endloop
  endfacet
  facet normal 0 0 -1
    outer loop
      vertex 28.62 5.29064 -5.5
      vertex 28.3589 7.27353 -5.5
      vertex 28.5365 7.30284 -5.5
    endloop
  endfacet
  facet normal 0 0 -1
    outer loop
      vertex 28.3107 5.26017 -5.5
      vertex 28.3589 7.27353 -5.5
      vertex 28.62 5.29064 -5.5
    endloop
  endfacet
  facet normal 0 0 -1
    outer loop
      vertex 28.3107 5.26017 -5.5
      vertex 28.1799 7.25589 -5.5
      vertex 28.3589 7.27353 -5.5
    endloop
  endfacet
  facet normal 0 0 -1
    outer loop
      vertex 28 5.25 -5.5
      vertex 28.1799 7.25589 -5.5
      vertex 28.3107 5.26017 -5.5
    endloop
  endfacet
  facet normal 0 0 -1
    outer loop
      vertex 28 5.25 -5.5
      vertex 28 7.25 -5.5
      vertex 28.1799 7.25589 -5.5
    endloop
  endfacet
  facet normal 0 0 -1
    outer loop
      vertex 28 5.25 -5.5
      vertex 27.8201 7.25589 -5.5
      vertex 28 7.25 -5.5
    endloop
  endfacet
  facet normal 0 0 -1
    outer loop
      vertex 27.6893 5.26017 -5.5
      vertex 27.8201 7.25589 -5.5
      vertex 28 5.25 -5.5
    endloop
  endfacet
  facet normal 0 0 -1
    outer loop
      vertex 27.6893 5.26017 -5.5
      vertex 27.6411 7.27353 -5.5
      vertex 27.8201 7.25589 -5.5
    endloop
  endfacet
  facet normal 0 0 -1
    outer loop
      vertex 27.38 5.29064 -5.5
      vertex 27.6411 7.27353 -5.5
      vertex 27.6893 5.26017 -5.5
    endloop
  endfacet
  facet normal -0 0 -1
    outer loop
      vertex 27.6411 7.27353 -5.5
      vertex 27.38 5.29064 -5.5
      vertex 27.4635 7.30284 -5.5
    endloop
  endfacet
  facet normal 0 0 -1
    outer loop
      vertex 27.0733 5.34127 -5.5
      vertex 27.4635 7.30284 -5.5
      vertex 27.38 5.29064 -5.5
    endloop
  endfacet
  facet normal -0 0 -1
    outer loop
      vertex 27.4635 7.30284 -5.5
      vertex 27.0733 5.34127 -5.5
      vertex 27.2882 7.3437 -5.5
    endloop
  endfacet
  facet normal 0 0 -1
    outer loop
      vertex 26.7706 5.41185 -5.5
      vertex 27.2882 7.3437 -5.5
      vertex 27.0733 5.34127 -5.5
    endloop
  endfacet
  facet normal -0 0 -1
    outer loop
      vertex 27.2882 7.3437 -5.5
      vertex 26.7706 5.41185 -5.5
      vertex 27.116 7.39594 -5.5
    endloop
  endfacet
  facet normal 0 0 -1
    outer loop
      vertex 26.4732 5.50208 -5.5
      vertex 27.116 7.39594 -5.5
      vertex 26.7706 5.41185 -5.5
    endloop
  endfacet
  facet normal -0 0 -1
    outer loop
      vertex 27.116 7.39594 -5.5
      vertex 26.4732 5.50208 -5.5
      vertex 26.9476 7.45933 -5.5
    endloop
  endfacet
  facet normal 0 0 -1
    outer loop
      vertex 26.1823 5.61157 -5.5
      vertex 26.9476 7.45933 -5.5
      vertex 26.4732 5.50208 -5.5
    endloop
  endfacet
  facet normal -0 0 -1
    outer loop
      vertex 26.9476 7.45933 -5.5
      vertex 26.1823 5.61157 -5.5
      vertex 26.7837 7.5336 -5.5
    endloop
  endfacet
  facet normal 0 0 -1
    outer loop
      vertex 25.8991 5.73985 -5.5
      vertex 26.7837 7.5336 -5.5
      vertex 26.1823 5.61157 -5.5
    endloop
  endfacet
  facet normal -0 0 -1
    outer loop
      vertex 26.7837 7.5336 -5.5
      vertex 25.8991 5.73985 -5.5
      vertex 26.625 7.61843 -5.5
    endloop
  endfacet
  facet normal 0 0 -1
    outer loop
      vertex 25.625 5.88638 -5.5
      vertex 26.625 7.61843 -5.5
      vertex 25.8991 5.73985 -5.5
    endloop
  endfacet
  facet normal -0 0 -1
    outer loop
      vertex 26.625 7.61843 -5.5
      vertex 25.625 5.88638 -5.5
      vertex 26.4722 7.71346 -5.5
    endloop
  endfacet
  facet normal 0 0 -1
    outer loop
      vertex 25.361 6.05052 -5.5
      vertex 26.4722 7.71346 -5.5
      vertex 25.625 5.88638 -5.5
    endloop
  endfacet
  facet normal -0 0 -1
    outer loop
      vertex 26.4722 7.71346 -5.5
      vertex 25.361 6.05052 -5.5
      vertex 26.3259 7.81828 -5.5
    endloop
  endfacet
  facet normal 0 0 -1
    outer loop
      vertex 25.1084 6.23157 -5.5
      vertex 26.3259 7.81828 -5.5
      vertex 25.361 6.05052 -5.5
    endloop
  endfacet
  facet normal -0 0 -1
    outer loop
      vertex 26.3259 7.81828 -5.5
      vertex 25.1084 6.23157 -5.5
      vertex 26.1868 7.93244 -5.5
    endloop
  endfacet
  facet normal 0 0 -1
    outer loop
      vertex 24.8681 6.42876 -5.5
      vertex 26.1868 7.93244 -5.5
      vertex 25.1084 6.23157 -5.5
    endloop
  endfacet
  facet normal -0 0 -1
    outer loop
      vertex 26.1868 7.93244 -5.5
      vertex 24.8681 6.42876 -5.5
      vertex 26.0555 8.05546 -5.5
    endloop
  endfacet
  facet normal 0 0 -1
    outer loop
      vertex 24.6412 6.64124 -5.5
      vertex 26.0555 8.05546 -5.5
      vertex 24.8681 6.42876 -5.5
    endloop
  endfacet
  facet normal -0 0 -1
    outer loop
      vertex 26.0555 8.05546 -5.5
      vertex 24.6412 6.64124 -5.5
      vertex 25.9324 8.1868 -5.5
    endloop
  endfacet
  facet normal 0 0 -1
    outer loop
      vertex 24.4288 6.86811 -5.5
      vertex 25.9324 8.1868 -5.5
      vertex 24.6412 6.64124 -5.5
    endloop
  endfacet
  facet normal -0 0 -1
    outer loop
      vertex 25.9324 8.1868 -5.5
      vertex 24.4288 6.86811 -5.5
      vertex 25.8183 8.32591 -5.5
    endloop
  endfacet
  facet normal 0 0 -1
    outer loop
      vertex 24.2316 7.10838 -5.5
      vertex 25.8183 8.32591 -5.5
      vertex 24.4288 6.86811 -5.5
    endloop
  endfacet
  facet normal -0 0 -1
    outer loop
      vertex 25.8183 8.32591 -5.5
      vertex 24.2316 7.10838 -5.5
      vertex 25.7135 8.47218 -5.5
    endloop
  endfacet
  facet normal 0 0 -1
    outer loop
      vertex 24.0505 7.36104 -5.5
      vertex 25.7135 8.47218 -5.5
      vertex 24.2316 7.10838 -5.5
    endloop
  endfacet
  facet normal -0 0 -1
    outer loop
      vertex 25.7135 8.47218 -5.5
      vertex 24.0505 7.36104 -5.5
      vertex 25.6184 8.625 -5.5
    endloop
  endfacet
  facet normal 0 0 -1
    outer loop
      vertex 23.8864 7.625 -5.5
      vertex 25.6184 8.625 -5.5
      vertex 24.0505 7.36104 -5.5
    endloop
  endfacet
  facet normal -0 0 -1
    outer loop
      vertex 25.6184 8.625 -5.5
      vertex 23.8864 7.625 -5.5
      vertex 25.5336 8.78371 -5.5
    endloop
  endfacet
  facet normal 0 0 -1
    outer loop
      vertex 23.7399 7.89913 -5.5
      vertex 25.5336 8.78371 -5.5
      vertex 23.8864 7.625 -5.5
    endloop
  endfacet
  facet normal -0 0 -1
    outer loop
      vertex 32.2601 12.1009 -5.5
      vertex 30.4664 11.2163 -5.5
      vertex 32.1136 12.375 -5.5
    endloop
  endfacet
  facet normal 0 0 -1
    outer loop
      vertex 30.3816 11.375 -5.5
      vertex 32.1136 12.375 -5.5
      vertex 30.4664 11.2163 -5.5
    endloop
  endfacet
  facet normal -0 0 -1
    outer loop
      vertex 32.1136 12.375 -5.5
      vertex 30.3816 11.375 -5.5
      vertex 31.9495 12.639 -5.5
    endloop
  endfacet
  facet normal 0 0 -1
    outer loop
      vertex 30.2865 11.5278 -5.5
      vertex 31.9495 12.639 -5.5
      vertex 30.3816 11.375 -5.5
    endloop
  endfacet
  facet normal -0 0 -1
    outer loop
      vertex 31.9495 12.639 -5.5
      vertex 30.2865 11.5278 -5.5
      vertex 31.7684 12.8916 -5.5
    endloop
  endfacet
  facet normal 0 0 -1
    outer loop
      vertex 30.1817 11.6741 -5.5
      vertex 31.7684 12.8916 -5.5
      vertex 30.2865 11.5278 -5.5
    endloop
  endfacet
  facet normal -0 0 -1
    outer loop
      vertex 31.7684 12.8916 -5.5
      vertex 30.1817 11.6741 -5.5
      vertex 31.5712 13.1319 -5.5
    endloop
  endfacet
  facet normal 0 0 -1
    outer loop
      vertex 30.0676 11.8132 -5.5
      vertex 31.5712 13.1319 -5.5
      vertex 30.1817 11.6741 -5.5
    endloop
  endfacet
  facet normal -0 0 -1
    outer loop
      vertex 31.5712 13.1319 -5.5
      vertex 30.0676 11.8132 -5.5
      vertex 31.3588 13.3588 -5.5
    endloop
  endfacet
  facet normal 0 0 -1
    outer loop
      vertex 29.9445 11.9445 -5.5
      vertex 31.3588 13.3588 -5.5
      vertex 30.0676 11.8132 -5.5
    endloop
  endfacet
  facet normal -0 0 -1
    outer loop
      vertex 31.3588 13.3588 -5.5
      vertex 29.9445 11.9445 -5.5
      vertex 31.1319 13.5712 -5.5
    endloop
  endfacet
  facet normal 0 0 -1
    outer loop
      vertex 29.8132 12.0676 -5.5
      vertex 31.1319 13.5712 -5.5
      vertex 29.9445 11.9445 -5.5
    endloop
  endfacet
  facet normal -0 0 -1
    outer loop
      vertex 31.1319 13.5712 -5.5
      vertex 29.8132 12.0676 -5.5
      vertex 30.8916 13.7684 -5.5
    endloop
  endfacet
  facet normal 0 0 -1
    outer loop
      vertex 29.6741 12.1817 -5.5
      vertex 30.8916 13.7684 -5.5
      vertex 29.8132 12.0676 -5.5
    endloop
  endfacet
  facet normal -0 0 -1
    outer loop
      vertex 30.8916 13.7684 -5.5
      vertex 29.6741 12.1817 -5.5
      vertex 30.639 13.9495 -5.5
    endloop
  endfacet
  facet normal 0 0 -1
    outer loop
      vertex 29.5278 12.2865 -5.5
      vertex 30.639 13.9495 -5.5
      vertex 29.6741 12.1817 -5.5
    endloop
  endfacet
  facet normal -0 0 -1
    outer loop
      vertex 30.639 13.9495 -5.5
      vertex 29.5278 12.2865 -5.5
      vertex 30.375 14.1136 -5.5
    endloop
  endfacet
  facet normal 0 0 -1
    outer loop
      vertex 29.375 12.3816 -5.5
      vertex 30.375 14.1136 -5.5
      vertex 29.5278 12.2865 -5.5
    endloop
  endfacet
  facet normal -0 0 -1
    outer loop
      vertex 30.375 14.1136 -5.5
      vertex 29.375 12.3816 -5.5
      vertex 30.1009 14.2601 -5.5
    endloop
  endfacet
  facet normal 0 0 -1
    outer loop
      vertex 29.2163 12.4664 -5.5
      vertex 30.1009 14.2601 -5.5
      vertex 29.375 12.3816 -5.5
    endloop
  endfacet
  facet normal -0 0 -1
    outer loop
      vertex 30.1009 14.2601 -5.5
      vertex 29.2163 12.4664 -5.5
      vertex 29.8177 14.3884 -5.5
    endloop
  endfacet
  facet normal 0 0 -1
    outer loop
      vertex 29.0524 12.5407 -5.5
      vertex 29.8177 14.3884 -5.5
      vertex 29.2163 12.4664 -5.5
    endloop
  endfacet
  facet normal -0 0 -1
    outer loop
      vertex 29.8177 14.3884 -5.5
      vertex 29.0524 12.5407 -5.5
      vertex 29.5268 14.4979 -5.5
    endloop
  endfacet
  facet normal 0 0 -1
    outer loop
      vertex 28.884 12.6041 -5.5
      vertex 29.5268 14.4979 -5.5
      vertex 29.0524 12.5407 -5.5
    endloop
  endfacet
  facet normal -0 0 -1
    outer loop
      vertex 29.5268 14.4979 -5.5
      vertex 28.884 12.6041 -5.5
      vertex 29.2294 14.5881 -5.5
    endloop
  endfacet
  facet normal 0 0 -1
    outer loop
      vertex 28.7118 12.6563 -5.5
      vertex 29.2294 14.5881 -5.5
      vertex 28.884 12.6041 -5.5
    endloop
  endfacet
  facet normal -0 0 -1
    outer loop
      vertex 29.2294 14.5881 -5.5
      vertex 28.7118 12.6563 -5.5
      vertex 28.9267 14.6587 -5.5
    endloop
  endfacet
  facet normal 0 0 -1
    outer loop
      vertex 28.5365 12.6972 -5.5
      vertex 28.9267 14.6587 -5.5
      vertex 28.7118 12.6563 -5.5
    endloop
  endfacet
  facet normal -0 0 -1
    outer loop
      vertex 28.9267 14.6587 -5.5
      vertex 28.5365 12.6972 -5.5
      vertex 28.62 14.7094 -5.5
    endloop
  endfacet
  facet normal 0 0 -1
    outer loop
      vertex 28.3589 12.7265 -5.5
      vertex 28.62 14.7094 -5.5
      vertex 28.5365 12.6972 -5.5
    endloop
  endfacet
  facet normal 0 0 -1
    outer loop
      vertex 28.3589 12.7265 -5.5
      vertex 28.3107 14.7398 -5.5
      vertex 28.62 14.7094 -5.5
    endloop
  endfacet
  facet normal 0 0 -1
    outer loop
      vertex 28.1799 12.7441 -5.5
      vertex 28.3107 14.7398 -5.5
      vertex 28.3589 12.7265 -5.5
    endloop
  endfacet
  facet normal 0 0 -1
    outer loop
      vertex 28 12.75 -5.5
      vertex 28.3107 14.7398 -5.5
      vertex 28.1799 12.7441 -5.5
    endloop
  endfacet
  facet normal 0 0 -1
    outer loop
      vertex 28 12.75 -5.5
      vertex 28 14.75 -5.5
      vertex 28.3107 14.7398 -5.5
    endloop
  endfacet
  facet normal 0 0 -1
    outer loop
      vertex 27.8201 12.7441 -5.5
      vertex 28 14.75 -5.5
      vertex 28 12.75 -5.5
    endloop
  endfacet
  facet normal 0 0 -1
    outer loop
      vertex 27.8201 12.7441 -5.5
      vertex 27.6893 14.7398 -5.5
      vertex 28 14.75 -5.5
    endloop
  endfacet
  facet normal 0 0 -1
    outer loop
      vertex 27.6411 12.7265 -5.5
      vertex 27.6893 14.7398 -5.5
      vertex 27.8201 12.7441 -5.5
    endloop
  endfacet
  facet normal 0 0 -1
    outer loop
      vertex 27.38 14.7094 -5.5
      vertex 27.6411 12.7265 -5.5
      vertex 27.4635 12.6972 -5.5
    endloop
  endfacet
  facet normal 0 0 -1
    outer loop
      vertex 27.6411 12.7265 -5.5
      vertex 27.38 14.7094 -5.5
      vertex 27.6893 14.7398 -5.5
    endloop
  endfacet
  facet normal 0 0 -1
    outer loop
      vertex 27.0733 14.6587 -5.5
      vertex 27.4635 12.6972 -5.5
      vertex 27.2882 12.6563 -5.5
    endloop
  endfacet
  facet normal 0 0 -1
    outer loop
      vertex 26.7706 14.5881 -5.5
      vertex 27.2882 12.6563 -5.5
      vertex 27.116 12.6041 -5.5
    endloop
  endfacet
  facet normal 0 0 -1
    outer loop
      vertex 27.4635 12.6972 -5.5
      vertex 27.0733 14.6587 -5.5
      vertex 27.38 14.7094 -5.5
    endloop
  endfacet
  facet normal 0 0 -1
    outer loop
      vertex 26.4732 14.4979 -5.5
      vertex 27.116 12.6041 -5.5
      vertex 26.9476 12.5407 -5.5
    endloop
  endfacet
  facet normal 0 0 -1
    outer loop
      vertex 26.1823 14.3884 -5.5
      vertex 26.9476 12.5407 -5.5
      vertex 26.7837 12.4664 -5.5
    endloop
  endfacet
  facet normal 0 0 -1
    outer loop
      vertex 27.2882 12.6563 -5.5
      vertex 26.7706 14.5881 -5.5
      vertex 27.0733 14.6587 -5.5
    endloop
  endfacet
  facet normal 0 0 -1
    outer loop
      vertex 25.8991 14.2601 -5.5
      vertex 26.7837 12.4664 -5.5
      vertex 26.625 12.3816 -5.5
    endloop
  endfacet
  facet normal 0 0 -1
    outer loop
      vertex 27.116 12.6041 -5.5
      vertex 26.4732 14.4979 -5.5
      vertex 26.7706 14.5881 -5.5
    endloop
  endfacet
  facet normal 0 0 -1
    outer loop
      vertex 25.625 14.1136 -5.5
      vertex 26.625 12.3816 -5.5
      vertex 26.4722 12.2865 -5.5
    endloop
  endfacet
  facet normal 0 0 -1
    outer loop
      vertex 25.361 13.9495 -5.5
      vertex 26.4722 12.2865 -5.5
      vertex 26.3259 12.1817 -5.5
    endloop
  endfacet
  facet normal 0 0 -1
    outer loop
      vertex 25.1084 13.7684 -5.5
      vertex 26.3259 12.1817 -5.5
      vertex 26.1868 12.0676 -5.5
    endloop
  endfacet
  facet normal 0 0 -1
    outer loop
      vertex 26.9476 12.5407 -5.5
      vertex 26.1823 14.3884 -5.5
      vertex 26.4732 14.4979 -5.5
    endloop
  endfacet
  facet normal 0 0 -1
    outer loop
      vertex 24.8681 13.5712 -5.5
      vertex 26.1868 12.0676 -5.5
      vertex 26.0555 11.9445 -5.5
    endloop
  endfacet
  facet normal 0 0 -1
    outer loop
      vertex 24.6412 13.3588 -5.5
      vertex 26.0555 11.9445 -5.5
      vertex 25.9324 11.8132 -5.5
    endloop
  endfacet
  facet normal 0 0 -1
    outer loop
      vertex 26.7837 12.4664 -5.5
      vertex 25.8991 14.2601 -5.5
      vertex 26.1823 14.3884 -5.5
    endloop
  endfacet
  facet normal 0 0 -1
    outer loop
      vertex 24.4288 13.1319 -5.5
      vertex 25.9324 11.8132 -5.5
      vertex 25.8183 11.6741 -5.5
    endloop
  endfacet
  facet normal 0 0 -1
    outer loop
      vertex 24.2316 12.8916 -5.5
      vertex 25.8183 11.6741 -5.5
      vertex 25.7135 11.5278 -5.5
    endloop
  endfacet
  facet normal 0 0 -1
    outer loop
      vertex 26.625 12.3816 -5.5
      vertex 25.625 14.1136 -5.5
      vertex 25.8991 14.2601 -5.5
    endloop
  endfacet
  facet normal 0 0 -1
    outer loop
      vertex 24.0505 12.639 -5.5
      vertex 25.7135 11.5278 -5.5
      vertex 25.6184 11.375 -5.5
    endloop
  endfacet
  facet normal 0 0 -1
    outer loop
      vertex 23.8864 12.375 -5.5
      vertex 25.6184 11.375 -5.5
      vertex 25.5336 11.2163 -5.5
    endloop
  endfacet
  facet normal 0 0 -1
    outer loop
      vertex 23.7399 12.1009 -5.5
      vertex 25.5336 11.2163 -5.5
      vertex 25.4593 11.0524 -5.5
    endloop
  endfacet
  facet normal 0 0 -1
    outer loop
      vertex 23.6116 11.8177 -5.5
      vertex 25.4593 11.0524 -5.5
      vertex 25.3959 10.884 -5.5
    endloop
  endfacet
  facet normal 0 0 -1
    outer loop
      vertex 26.4722 12.2865 -5.5
      vertex 25.361 13.9495 -5.5
      vertex 25.625 14.1136 -5.5
    endloop
  endfacet
  facet normal 0 0 -1
    outer loop
      vertex 23.5021 11.5268 -5.5
      vertex 25.3959 10.884 -5.5
      vertex 25.3437 10.7118 -5.5
    endloop
  endfacet
  facet normal 0 0 -1
    outer loop
      vertex 23.4119 11.2294 -5.5
      vertex 25.3437 10.7118 -5.5
      vertex 25.3028 10.5365 -5.5
    endloop
  endfacet
  facet normal 0 0 -1
    outer loop
      vertex 23.3413 10.9267 -5.5
      vertex 25.3028 10.5365 -5.5
      vertex 25.2735 10.3589 -5.5
    endloop
  endfacet
  facet normal 0 0 -1
    outer loop
      vertex 23.2906 10.62 -5.5
      vertex 25.2735 10.3589 -5.5
      vertex 25.2559 10.1799 -5.5
    endloop
  endfacet
  facet normal 0 0 -1
    outer loop
      vertex 23.2602 10.3107 -5.5
      vertex 25.2559 10.1799 -5.5
      vertex 25.25 10 -5.5
    endloop
  endfacet
  facet normal -0 0 -1
    outer loop
      vertex 25.5336 8.78371 -5.5
      vertex 23.7399 7.89913 -5.5
      vertex 25.4593 8.94762 -5.5
    endloop
  endfacet
  facet normal 0 0 -1
    outer loop
      vertex 26.3259 12.1817 -5.5
      vertex 25.1084 13.7684 -5.5
      vertex 25.361 13.9495 -5.5
    endloop
  endfacet
  facet normal 0 0 -1
    outer loop
      vertex 23.6116 8.18225 -5.5
      vertex 25.4593 8.94762 -5.5
      vertex 23.7399 7.89913 -5.5
    endloop
  endfacet
  facet normal 0 0 -1
    outer loop
      vertex 26.1868 12.0676 -5.5
      vertex 24.8681 13.5712 -5.5
      vertex 25.1084 13.7684 -5.5
    endloop
  endfacet
  facet normal -0 0 -1
    outer loop
      vertex 25.4593 8.94762 -5.5
      vertex 23.6116 8.18225 -5.5
      vertex 25.3959 9.11604 -5.5
    endloop
  endfacet
  facet normal 0 0 -1
    outer loop
      vertex 26.0555 11.9445 -5.5
      vertex 24.6412 13.3588 -5.5
      vertex 24.8681 13.5712 -5.5
    endloop
  endfacet
  facet normal 0 0 -1
    outer loop
      vertex 23.5021 8.47316 -5.5
      vertex 25.3959 9.11604 -5.5
      vertex 23.6116 8.18225 -5.5
    endloop
  endfacet
  facet normal 0 0 -1
    outer loop
      vertex 25.9324 11.8132 -5.5
      vertex 24.4288 13.1319 -5.5
      vertex 24.6412 13.3588 -5.5
    endloop
  endfacet
  facet normal -0 0 -1
    outer loop
      vertex 25.3959 9.11604 -5.5
      vertex 23.5021 8.47316 -5.5
      vertex 25.3437 9.28825 -5.5
    endloop
  endfacet
  facet normal 0 0 -1
    outer loop
      vertex 25.8183 11.6741 -5.5
      vertex 24.2316 12.8916 -5.5
      vertex 24.4288 13.1319 -5.5
    endloop
  endfacet
  facet normal 0 0 -1
    outer loop
      vertex 23.4119 8.77061 -5.5
      vertex 25.3437 9.28825 -5.5
      vertex 23.5021 8.47316 -5.5
    endloop
  endfacet
  facet normal 0 0 -1
    outer loop
      vertex 25.7135 11.5278 -5.5
      vertex 24.0505 12.639 -5.5
      vertex 24.2316 12.8916 -5.5
    endloop
  endfacet
  facet normal -0 0 -1
    outer loop
      vertex 25.3437 9.28825 -5.5
      vertex 23.4119 8.77061 -5.5
      vertex 25.3028 9.4635 -5.5
    endloop
  endfacet
  facet normal 0 0 -1
    outer loop
      vertex 25.6184 11.375 -5.5
      vertex 23.8864 12.375 -5.5
      vertex 24.0505 12.639 -5.5
    endloop
  endfacet
  facet normal 0 0 -1
    outer loop
      vertex 23.3413 9.07332 -5.5
      vertex 25.3028 9.4635 -5.5
      vertex 23.4119 8.77061 -5.5
    endloop
  endfacet
  facet normal 0 0 -1
    outer loop
      vertex 25.5336 11.2163 -5.5
      vertex 23.7399 12.1009 -5.5
      vertex 23.8864 12.375 -5.5
    endloop
  endfacet
  facet normal -0 0 -1
    outer loop
      vertex 25.3028 9.4635 -5.5
      vertex 23.3413 9.07332 -5.5
      vertex 25.2735 9.64105 -5.5
    endloop
  endfacet
  facet normal 0 0 -1
    outer loop
      vertex 25.4593 11.0524 -5.5
      vertex 23.6116 11.8177 -5.5
      vertex 23.7399 12.1009 -5.5
    endloop
  endfacet
  facet normal 0 0 -1
    outer loop
      vertex 23.2906 9.38 -5.5
      vertex 25.2735 9.64105 -5.5
      vertex 23.3413 9.07332 -5.5
    endloop
  endfacet
  facet normal 0 0 -1
    outer loop
      vertex 25.3959 10.884 -5.5
      vertex 23.5021 11.5268 -5.5
      vertex 23.6116 11.8177 -5.5
    endloop
  endfacet
  facet normal -0 0 -1
    outer loop
      vertex 25.2735 9.64105 -5.5
      vertex 23.2906 9.38 -5.5
      vertex 25.2559 9.82014 -5.5
    endloop
  endfacet
  facet normal 0 0 -1
    outer loop
      vertex 25.3437 10.7118 -5.5
      vertex 23.4119 11.2294 -5.5
      vertex 23.5021 11.5268 -5.5
    endloop
  endfacet
  facet normal 0 0 -1
    outer loop
      vertex 23.2602 9.68934 -5.5
      vertex 25.2559 9.82014 -5.5
      vertex 23.2906 9.38 -5.5
    endloop
  endfacet
  facet normal 0 0 -1
    outer loop
      vertex 25.3028 10.5365 -5.5
      vertex 23.3413 10.9267 -5.5
      vertex 23.4119 11.2294 -5.5
    endloop
  endfacet
  facet normal -0 0 -1
    outer loop
      vertex 25.2559 9.82014 -5.5
      vertex 23.2602 9.68934 -5.5
      vertex 25.25 10 -5.5
    endloop
  endfacet
  facet normal 0 0 -1
    outer loop
      vertex 25.2735 10.3589 -5.5
      vertex 23.2906 10.62 -5.5
      vertex 23.3413 10.9267 -5.5
    endloop
  endfacet
  facet normal 0 0 -1
    outer loop
      vertex 23.25 10 -5.5
      vertex 25.25 10 -5.5
      vertex 23.2602 9.68934 -5.5
    endloop
  endfacet
  facet normal 0 0 -1
    outer loop
      vertex 25.2559 10.1799 -5.5
      vertex 23.2602 10.3107 -5.5
      vertex 23.2906 10.62 -5.5
    endloop
  endfacet
  facet normal 0 0 -1
    outer loop
      vertex 25.25 10 -5.5
      vertex 23.25 10 -5.5
      vertex 23.2602 10.3107 -5.5
    endloop
  endfacet
  facet normal 0.995206 0.0978026 0
    outer loop
      vertex 23.2906 9.38 -5.5
      vertex 23.2602 9.68934 -10
      vertex 23.2602 9.68934 -5.5
    endloop
  endfacet
  facet normal 0.995206 0.0978026 0
    outer loop
      vertex 23.2602 9.68934 -10
      vertex 23.2906 9.38 -5.5
      vertex 23.2906 9.38 -10
    endloop
  endfacet
  facet normal 0.98661 -0.163095 0
    outer loop
      vertex 23.2906 10.62 -5.5
      vertex 23.3413 10.9267 -10
      vertex 23.3413 10.9267 -5.5
    endloop
  endfacet
  facet normal 0.98661 -0.163095 0
    outer loop
      vertex 23.3413 10.9267 -10
      vertex 23.2906 10.62 -5.5
      vertex 23.2906 10.62 -10
    endloop
  endfacet
  facet normal 0.582561 0.812787 -0
    outer loop
      vertex 25.361 6.05052 -10
      vertex 25.1084 6.23157 -5.5
      vertex 25.361 6.05052 -5.5
    endloop
  endfacet
  facet normal 0.582561 0.812787 0
    outer loop
      vertex 25.1084 6.23157 -5.5
      vertex 25.361 6.05052 -10
      vertex 25.1084 6.23157 -10
    endloop
  endfacet
  facet normal 0.412664 -0.910883 0
    outer loop
      vertex 25.8991 14.2601 -10
      vertex 26.1823 14.3884 -5.5
      vertex 25.8991 14.2601 -5.5
    endloop
  endfacet
  facet normal 0.412664 -0.910883 0
    outer loop
      vertex 26.1823 14.3884 -5.5
      vertex 25.8991 14.2601 -10
      vertex 26.1823 14.3884 -10
    endloop
  endfacet
  facet normal -0.527915 -0.849297 0
    outer loop
      vertex 30.375 14.1136 -10
      vertex 30.639 13.9495 -5.5
      vertex 30.375 14.1136 -5.5
    endloop
  endfacet
  facet normal -0.527915 -0.849297 -0
    outer loop
      vertex 30.639 13.9495 -5.5
      vertex 30.375 14.1136 -10
      vertex 30.639 13.9495 -10
    endloop
  endfacet
  facet normal 0.227077 0.973877 -0
    outer loop
      vertex 27.0733 5.34127 -10
      vertex 26.7706 5.41185 -5.5
      vertex 27.0733 5.34127 -5.5
    endloop
  endfacet
  facet normal 0.227077 0.973877 0
    outer loop
      vertex 26.7706 5.41185 -5.5
      vertex 27.0733 5.34127 -10
      vertex 26.7706 5.41185 -10
    endloop
  endfacet
  facet normal 0.0328114 -0.999462 0
    outer loop
      vertex 27.6893 14.7398 -10
      vertex 28 14.75 -5.5
      vertex 27.6893 14.7398 -5.5
    endloop
  endfacet
  facet normal 0.0328114 -0.999462 0
    outer loop
      vertex 28 14.75 -5.5
      vertex 27.6893 14.7398 -10
      vertex 28 14.75 -10
    endloop
  endfacet
  facet normal -0.683532 0.72992 0
    outer loop
      vertex 31.3588 6.64124 -10
      vertex 31.1319 6.42876 -5.5
      vertex 31.3588 6.64124 -5.5
    endloop
  endfacet
  facet normal -0.683532 0.72992 0
    outer loop
      vertex 31.1319 6.42876 -5.5
      vertex 31.3588 6.64124 -10
      vertex 31.1319 6.42876 -10
    endloop
  endfacet
  facet normal 0.730049 -0.683395 0
    outer loop
      vertex 24.4288 13.1319 -5.5
      vertex 24.6412 13.3588 -10
      vertex 24.6412 13.3588 -5.5
    endloop
  endfacet
  facet normal 0.730049 -0.683395 0
    outer loop
      vertex 24.6412 13.3588 -10
      vertex 24.4288 13.1319 -5.5
      vertex 24.4288 13.1319 -10
    endloop
  endfacet
  facet normal -0.29024 -0.956954 0
    outer loop
      vertex 29.2294 14.5881 -10
      vertex 29.5268 14.4979 -5.5
      vertex 29.2294 14.5881 -5.5
    endloop
  endfacet
  facet normal -0.29024 -0.956954 -0
    outer loop
      vertex 29.5268 14.4979 -5.5
      vertex 29.2294 14.5881 -10
      vertex 29.5268 14.4979 -10
    endloop
  endfacet
  facet normal -0.471373 -0.881934 0
    outer loop
      vertex 30.1009 14.2601 -10
      vertex 30.375 14.1136 -5.5
      vertex 30.1009 14.2601 -5.5
    endloop
  endfacet
  facet normal -0.471373 -0.881934 -0
    outer loop
      vertex 30.375 14.1136 -5.5
      vertex 30.1009 14.2601 -10
      vertex 30.375 14.1136 -10
    endloop
  endfacet
  facet normal 0.352258 0.935903 -0
    outer loop
      vertex 26.4732 5.50208 -10
      vertex 26.1823 5.61157 -5.5
      vertex 26.4732 5.50208 -5.5
    endloop
  endfacet
  facet normal 0.352258 0.935903 0
    outer loop
      vertex 26.1823 5.61157 -5.5
      vertex 26.4732 5.50208 -10
      vertex 26.1823 5.61157 -10
    endloop
  endfacet
  facet normal -0.81271 -0.582668 0
    outer loop
      vertex 31.9495 12.639 -10
      vertex 31.7684 12.8916 -5.5
      vertex 31.7684 12.8916 -10
    endloop
  endfacet
  facet normal -0.81271 -0.582668 0
    outer loop
      vertex 31.7684 12.8916 -5.5
      vertex 31.9495 12.639 -10
      vertex 31.9495 12.639 -5.5
    endloop
  endfacet
  facet normal -0.352258 0.935903 0
    outer loop
      vertex 29.8177 5.61157 -10
      vertex 29.5268 5.50208 -5.5
      vertex 29.8177 5.61157 -5.5
    endloop
  endfacet
  facet normal -0.352258 0.935903 0
    outer loop
      vertex 29.5268 5.50208 -5.5
      vertex 29.8177 5.61157 -10
      vertex 29.5268 5.50208 -10
    endloop
  endfacet
  facet normal 0.683532 0.72992 -0
    outer loop
      vertex 24.8681 6.42876 -10
      vertex 24.6412 6.64124 -5.5
      vertex 24.8681 6.42876 -5.5
    endloop
  endfacet
  facet normal 0.683532 0.72992 0
    outer loop
      vertex 24.6412 6.64124 -5.5
      vertex 24.8681 6.42876 -10
      vertex 24.6412 6.64124 -10
    endloop
  endfacet
  facet normal 0.634357 0.773041 -0
    outer loop
      vertex 25.1084 6.23157 -10
      vertex 24.8681 6.42876 -5.5
      vertex 25.1084 6.23157 -5.5
    endloop
  endfacet
  facet normal 0.634357 0.773041 0
    outer loop
      vertex 24.8681 6.42876 -5.5
      vertex 25.1084 6.23157 -10
      vertex 24.8681 6.42876 -10
    endloop
  endfacet
  facet normal 0.995205 -0.0978151 0
    outer loop
      vertex 23.2602 10.3107 -5.5
      vertex 23.2906 10.62 -10
      vertex 23.2906 10.62 -5.5
    endloop
  endfacet
  facet normal 0.995205 -0.0978151 0
    outer loop
      vertex 23.2906 10.62 -10
      vertex 23.2602 10.3107 -5.5
      vertex 23.2602 10.3107 -10
    endloop
  endfacet
  facet normal 0.634376 -0.773025 0
    outer loop
      vertex 24.8681 13.5712 -10
      vertex 25.1084 13.7684 -5.5
      vertex 24.8681 13.5712 -5.5
    endloop
  endfacet
  facet normal 0.634376 -0.773025 0
    outer loop
      vertex 25.1084 13.7684 -5.5
      vertex 24.8681 13.5712 -10
      vertex 25.1084 13.7684 -10
    endloop
  endfacet
  facet normal 0.41261 0.910908 -0
    outer loop
      vertex 26.1823 5.61157 -10
      vertex 25.8991 5.73985 -5.5
      vertex 26.1823 5.61157 -5.5
    endloop
  endfacet
  facet normal 0.41261 0.910908 0
    outer loop
      vertex 25.8991 5.73985 -5.5
      vertex 26.1823 5.61157 -10
      vertex 25.8991 5.73985 -10
    endloop
  endfacet
  facet normal 0.910883 -0.412664 0
    outer loop
      vertex 23.6116 11.8177 -5.5
      vertex 23.7399 12.1009 -10
      vertex 23.7399 12.1009 -5.5
    endloop
  endfacet
  facet normal 0.910883 -0.412664 0
    outer loop
      vertex 23.7399 12.1009 -10
      vertex 23.6116 11.8177 -5.5
      vertex 23.6116 11.8177 -10
    endloop
  endfacet
  facet normal -0.995201 -0.0978522 0
    outer loop
      vertex 30.7441 10.1799 -5.5
      vertex 30.7265 10.3589 -1
      vertex 30.7265 10.3589 -5.5
    endloop
  endfacet
  facet normal -0.995201 -0.0978522 0
    outer loop
      vertex 30.7265 10.3589 -1
      vertex 30.7441 10.1799 -5.5
      vertex 30.7441 10.1799 -1
    endloop
  endfacet
  facet normal -0.999463 -0.0327784 0
    outer loop
      vertex 30.75 10 -5.5
      vertex 30.7441 10.1799 -1
      vertex 30.7441 10.1799 -5.5
    endloop
  endfacet
  facet normal -0.999463 -0.0327784 0
    outer loop
      vertex 30.7441 10.1799 -1
      vertex 30.75 10 -5.5
      vertex 30.75 10 -1
    endloop
  endfacet
  facet normal 0.812888 0.58242 0
    outer loop
      vertex 25.8183 8.32591 -1
      vertex 25.7135 8.47218 -5.5
      vertex 25.7135 8.47218 -1
    endloop
  endfacet
  facet normal 0.812888 0.58242 0
    outer loop
      vertex 25.7135 8.47218 -5.5
      vertex 25.8183 8.32591 -1
      vertex 25.8183 8.32591 -5.5
    endloop
  endfacet
  facet normal 0.973831 0.227274 0
    outer loop
      vertex 25.3437 9.28825 -1
      vertex 25.3028 9.4635 -5.5
      vertex 25.3028 9.4635 -1
    endloop
  endfacet
  facet normal 0.973831 0.227274 0
    outer loop
      vertex 25.3028 9.4635 -5.5
      vertex 25.3437 9.28825 -1
      vertex 25.3437 9.28825 -5.5
    endloop
  endfacet
  facet normal 0.352293 0.93589 -0
    outer loop
      vertex 27.116 7.39594 -5.5
      vertex 26.9476 7.45933 -1
      vertex 27.116 7.39594 -1
    endloop
  endfacet
  facet normal 0.352293 0.93589 0
    outer loop
      vertex 26.9476 7.45933 -1
      vertex 27.116 7.39594 -5.5
      vertex 26.9476 7.45933 -5.5
    endloop
  endfacet
  facet normal 0.848996 -0.5284 0
    outer loop
      vertex 25.6184 11.375 -1
      vertex 25.7135 11.5278 -5.5
      vertex 25.7135 11.5278 -1
    endloop
  endfacet
  facet normal 0.848996 -0.5284 0
    outer loop
      vertex 25.7135 11.5278 -5.5
      vertex 25.6184 11.375 -1
      vertex 25.6184 11.375 -5.5
    endloop
  endfacet
  facet normal -0.352293 0.93589 0
    outer loop
      vertex 29.0524 7.45933 -5.5
      vertex 28.884 7.39594 -1
      vertex 29.0524 7.45933 -1
    endloop
  endfacet
  facet normal -0.352293 0.93589 0
    outer loop
      vertex 28.884 7.39594 -1
      vertex 29.0524 7.45933 -5.5
      vertex 28.884 7.39594 -5.5
    endloop
  endfacet
  facet normal -0.227001 0.973894 0
    outer loop
      vertex 28.7118 7.3437 -5.5
      vertex 28.5365 7.30284 -1
      vertex 28.7118 7.3437 -1
    endloop
  endfacet
  facet normal -0.227001 0.973894 0
    outer loop
      vertex 28.5365 7.30284 -1
      vertex 28.7118 7.3437 -5.5
      vertex 28.5365 7.30284 -5.5
    endloop
  endfacet
  facet normal 0.935872 -0.352341 0
    outer loop
      vertex 25.3959 10.884 -1
      vertex 25.4593 11.0524 -5.5
      vertex 25.4593 11.0524 -1
    endloop
  endfacet
  facet normal 0.935872 -0.352341 0
    outer loop
      vertex 25.4593 11.0524 -5.5
      vertex 25.3959 10.884 -1
      vertex 25.3959 10.884 -5.5
    endloop
  endfacet
  facet normal 0.68396 -0.72952 0
    outer loop
      vertex 26.0555 11.9445 -5.5
      vertex 26.1868 12.0676 -1
      vertex 26.0555 11.9445 -1
    endloop
  endfacet
  facet normal 0.68396 -0.72952 0
    outer loop
      vertex 26.1868 12.0676 -1
      vertex 26.0555 11.9445 -5.5
      vertex 26.1868 12.0676 -5.5
    endloop
  endfacet
  facet normal -0.0978522 -0.995201 0
    outer loop
      vertex 28.1799 12.7441 -5.5
      vertex 28.3589 12.7265 -1
      vertex 28.1799 12.7441 -1
    endloop
  endfacet
  facet normal -0.0978522 -0.995201 -0
    outer loop
      vertex 28.3589 12.7265 -1
      vertex 28.1799 12.7441 -5.5
      vertex 28.3589 12.7265 -5.5
    endloop
  endfacet
  facet normal 0.5284 -0.848996 0
    outer loop
      vertex 26.4722 12.2865 -5.5
      vertex 26.625 12.3816 -1
      vertex 26.4722 12.2865 -1
    endloop
  endfacet
  facet normal 0.5284 -0.848996 0
    outer loop
      vertex 26.625 12.3816 -1
      vertex 26.4722 12.2865 -5.5
      vertex 26.625 12.3816 -5.5
    endloop
  endfacet
  facet normal 0.881996 0.471257 0
    outer loop
      vertex 25.6184 8.625 -1
      vertex 25.5336 8.78371 -5.5
      vertex 25.5336 8.78371 -1
    endloop
  endfacet
  facet normal 0.881996 0.471257 0
    outer loop
      vertex 25.5336 8.78371 -5.5
      vertex 25.6184 8.625 -1
      vertex 25.6184 8.625 -5.5
    endloop
  endfacet
  facet normal -0.999462 0.0327857 0
    outer loop
      vertex 30.7441 9.82014 -5.5
      vertex 30.75 10 -1
      vertex 30.75 10 -5.5
    endloop
  endfacet
  facet normal -0.999462 0.0327857 0
    outer loop
      vertex 30.75 10 -1
      vertex 30.7441 9.82014 -5.5
      vertex 30.7441 9.82014 -1
    endloop
  endfacet
  facet normal -0.162831 0.986654 0
    outer loop
      vertex 28.5365 7.30284 -5.5
      vertex 28.3589 7.27353 -1
      vertex 28.5365 7.30284 -1
    endloop
  endfacet
  facet normal -0.162831 0.986654 0
    outer loop
      vertex 28.3589 7.27353 -1
      vertex 28.5365 7.30284 -5.5
      vertex 28.3589 7.27353 -5.5
    endloop
  endfacet
  facet normal -0.812944 -0.582341 0
    outer loop
      vertex 30.2865 11.5278 -5.5
      vertex 30.1817 11.6741 -1
      vertex 30.1817 11.6741 -5.5
    endloop
  endfacet
  facet normal -0.812944 -0.582341 0
    outer loop
      vertex 30.1817 11.6741 -1
      vertex 30.2865 11.5278 -5.5
      vertex 30.2865 11.5278 -1
    endloop
  endfacet
  facet normal -0.881983 -0.47128 0
    outer loop
      vertex 30.4664 11.2163 -5.5
      vertex 30.3816 11.375 -1
      vertex 30.3816 11.375 -5.5
    endloop
  endfacet
  facet normal -0.881983 -0.47128 0
    outer loop
      vertex 30.3816 11.375 -1
      vertex 30.4664 11.2163 -5.5
      vertex 30.4664 11.2163 -1
    endloop
  endfacet
  facet normal 0.973845 -0.227212 0
    outer loop
      vertex 25.3028 10.5365 -1
      vertex 25.3437 10.7118 -5.5
      vertex 25.3437 10.7118 -1
    endloop
  endfacet
  facet normal 0.973845 -0.227212 0
    outer loop
      vertex 25.3437 10.7118 -5.5
      vertex 25.3028 10.5365 -1
      vertex 25.3028 10.5365 -5.5
    endloop
  endfacet
  facet normal 0.910785 -0.412882 0
    outer loop
      vertex 25.4593 11.0524 -1
      vertex 25.5336 11.2163 -5.5
      vertex 25.5336 11.2163 -1
    endloop
  endfacet
  facet normal 0.910785 -0.412882 0
    outer loop
      vertex 25.5336 11.2163 -5.5
      vertex 25.4593 11.0524 -1
      vertex 25.4593 11.0524 -5.5
    endloop
  endfacet
  facet normal 0.162777 -0.986663 0
    outer loop
      vertex 27.4635 12.6972 -5.5
      vertex 27.6411 12.7265 -1
      vertex 27.4635 12.6972 -1
    endloop
  endfacet
  facet normal 0.162777 -0.986663 0
    outer loop
      vertex 27.6411 12.7265 -1
      vertex 27.4635 12.6972 -5.5
      vertex 27.6411 12.7265 -5.5
    endloop
  endfacet
  facet normal 0.986655 0.162822 0
    outer loop
      vertex 25.3028 9.4635 -1
      vertex 25.2735 9.64105 -5.5
      vertex 25.2735 9.64105 -1
    endloop
  endfacet
  facet normal 0.986655 0.162822 0
    outer loop
      vertex 25.2735 9.64105 -5.5
      vertex 25.3028 9.4635 -1
      vertex 25.3028 9.4635 -5.5
    endloop
  endfacet
  facet normal -0.72952 -0.68396 0
    outer loop
      vertex 30.0676 11.8132 -5.5
      vertex 29.9445 11.9445 -1
      vertex 29.9445 11.9445 -5.5
    endloop
  endfacet
  facet normal -0.72952 -0.68396 0
    outer loop
      vertex 29.9445 11.9445 -1
      vertex 30.0676 11.8132 -5.5
      vertex 30.0676 11.8132 -1
    endloop
  endfacet
  facet normal -0.986655 0.162822 0
    outer loop
      vertex 30.6972 9.4635 -5.5
      vertex 30.7265 9.64105 -1
      vertex 30.7265 9.64105 -5.5
    endloop
  endfacet
  facet normal -0.986655 0.162822 0
    outer loop
      vertex 30.7265 9.64105 -1
      vertex 30.6972 9.4635 -5.5
      vertex 30.6972 9.4635 -1
    endloop
  endfacet
  facet normal -0.634206 -0.773164 0
    outer loop
      vertex 29.6741 12.1817 -5.5
      vertex 29.8132 12.0676 -1
      vertex 29.6741 12.1817 -1
    endloop
  endfacet
  facet normal -0.634206 -0.773164 -0
    outer loop
      vertex 29.8132 12.0676 -1
      vertex 29.6741 12.1817 -5.5
      vertex 29.8132 12.0676 -5.5
    endloop
  endfacet
  facet normal -0.412882 -0.910785 0
    outer loop
      vertex 29.0524 12.5407 -5.5
      vertex 29.2163 12.4664 -1
      vertex 29.0524 12.5407 -1
    endloop
  endfacet
  facet normal -0.412882 -0.910785 -0
    outer loop
      vertex 29.2163 12.4664 -1
      vertex 29.0524 12.5407 -5.5
      vertex 29.2163 12.4664 -5.5
    endloop
  endfacet
  facet normal 0.2901 -0.956996 0
    outer loop
      vertex 27.116 12.6041 -5.5
      vertex 27.2882 12.6563 -1
      vertex 27.116 12.6041 -1
    endloop
  endfacet
  facet normal 0.2901 -0.956996 0
    outer loop
      vertex 27.2882 12.6563 -1
      vertex 27.116 12.6041 -5.5
      vertex 27.2882 12.6563 -5.5
    endloop
  endfacet
  facet normal -0.812888 0.58242 0
    outer loop
      vertex 30.1817 8.32591 -5.5
      vertex 30.2865 8.47218 -1
      vertex 30.2865 8.47218 -5.5
    endloop
  endfacet
  facet normal -0.812888 0.58242 0
    outer loop
      vertex 30.2865 8.47218 -1
      vertex 30.1817 8.32591 -5.5
      vertex 30.1817 8.32591 -1
    endloop
  endfacet
  facet normal -0.973845 -0.227212 0
    outer loop
      vertex 30.6972 10.5365 -5.5
      vertex 30.6563 10.7118 -1
      vertex 30.6563 10.7118 -5.5
    endloop
  endfacet
  facet normal -0.973845 -0.227212 0
    outer loop
      vertex 30.6563 10.7118 -1
      vertex 30.6972 10.5365 -5.5
      vertex 30.6972 10.5365 -1
    endloop
  endfacet
  facet normal 0.72952 -0.68396 0
    outer loop
      vertex 25.9324 11.8132 -1
      vertex 26.0555 11.9445 -5.5
      vertex 26.0555 11.9445 -1
    endloop
  endfacet
  facet normal 0.72952 -0.68396 0
    outer loop
      vertex 26.0555 11.9445 -5.5
      vertex 25.9324 11.8132 -1
      vertex 25.9324 11.8132 -5.5
    endloop
  endfacet
  facet normal 0.729624 0.683849 0
    outer loop
      vertex 26.0555 8.05546 -1
      vertex 25.9324 8.1868 -5.5
      vertex 25.9324 8.1868 -1
    endloop
  endfacet
  facet normal 0.729624 0.683849 0
    outer loop
      vertex 25.9324 8.1868 -5.5
      vertex 26.0555 8.05546 -1
      vertex 26.0555 8.05546 -5.5
    endloop
  endfacet
  facet normal -0.881996 0.471257 0
    outer loop
      vertex 30.3816 8.625 -5.5
      vertex 30.4664 8.78371 -1
      vertex 30.4664 8.78371 -5.5
    endloop
  endfacet
  facet normal -0.881996 0.471257 0
    outer loop
      vertex 30.4664 8.78371 -1
      vertex 30.3816 8.625 -5.5
      vertex 30.3816 8.625 -1
    endloop
  endfacet
  facet normal 0.995206 0.0978035 0
    outer loop
      vertex 25.2735 9.64105 -1
      vertex 25.2559 9.82014 -5.5
      vertex 25.2559 9.82014 -1
    endloop
  endfacet
  facet normal 0.995206 0.0978035 0
    outer loop
      vertex 25.2559 9.82014 -5.5
      vertex 25.2735 9.64105 -1
      vertex 25.2735 9.64105 -5.5
    endloop
  endfacet
  facet normal -0.582341 -0.812944 0
    outer loop
      vertex 29.5278 12.2865 -5.5
      vertex 29.6741 12.1817 -1
      vertex 29.5278 12.2865 -1
    endloop
  endfacet
  facet normal -0.582341 -0.812944 -0
    outer loop
      vertex 29.6741 12.1817 -1
      vertex 29.5278 12.2865 -5.5
      vertex 29.6741 12.1817 -5.5
    endloop
  endfacet
  facet normal -0.957001 0.290085 0
    outer loop
      vertex 30.6041 9.11604 -5.5
      vertex 30.6563 9.28825 -1
      vertex 30.6563 9.28825 -5.5
    endloop
  endfacet
  facet normal -0.957001 0.290085 0
    outer loop
      vertex 30.6563 9.28825 -1
      vertex 30.6041 9.11604 -5.5
      vertex 30.6041 9.11604 -1
    endloop
  endfacet
  facet normal -0.412743 0.910847 0
    outer loop
      vertex 29.2163 7.5336 -5.5
      vertex 29.0524 7.45933 -1
      vertex 29.2163 7.5336 -1
    endloop
  endfacet
  facet normal -0.412743 0.910847 0
    outer loop
      vertex 29.0524 7.45933 -1
      vertex 29.2163 7.5336 -5.5
      vertex 29.0524 7.45933 -5.5
    endloop
  endfacet
  facet normal -0.5284 -0.848996 0
    outer loop
      vertex 29.375 12.3816 -5.5
      vertex 29.5278 12.2865 -1
      vertex 29.375 12.3816 -1
    endloop
  endfacet
  facet normal -0.5284 -0.848996 -0
    outer loop
      vertex 29.5278 12.2865 -1
      vertex 29.375 12.3816 -5.5
      vertex 29.5278 12.2865 -5.5
    endloop
  endfacet
  facet normal 0.582341 -0.812944 0
    outer loop
      vertex 26.3259 12.1817 -5.5
      vertex 26.4722 12.2865 -1
      vertex 26.3259 12.1817 -1
    endloop
  endfacet
  facet normal 0.582341 -0.812944 0
    outer loop
      vertex 26.4722 12.2865 -1
      vertex 26.3259 12.1817 -5.5
      vertex 26.4722 12.2865 -5.5
    endloop
  endfacet
  facet normal -0.910785 -0.412882 0
    outer loop
      vertex 30.5407 11.0524 -5.5
      vertex 30.4664 11.2163 -1
      vertex 30.4664 11.2163 -5.5
    endloop
  endfacet
  facet normal -0.910785 -0.412882 0
    outer loop
      vertex 30.4664 11.2163 -1
      vertex 30.5407 11.0524 -5.5
      vertex 30.5407 11.0524 -1
    endloop
  endfacet
  facet normal -0.0327229 0.999464 0
    outer loop
      vertex 28.1799 7.25589 -5.5
      vertex 28 7.25 -1
      vertex 28.1799 7.25589 -1
    endloop
  endfacet
  facet normal -0.0327229 0.999464 0
    outer loop
      vertex 28 7.25 -1
      vertex 28.1799 7.25589 -5.5
      vertex 28 7.25 -5.5
    endloop
  endfacet
  facet normal -0.849027 0.52835 0
    outer loop
      vertex 30.2865 8.47218 -5.5
      vertex 30.3816 8.625 -1
      vertex 30.3816 8.625 -5.5
    endloop
  endfacet
  facet normal -0.849027 0.52835 0
    outer loop
      vertex 30.3816 8.625 -1
      vertex 30.2865 8.47218 -5.5
      vertex 30.2865 8.47218 -1
    endloop
  endfacet
  facet normal -0.773164 -0.634206 0
    outer loop
      vertex 30.1817 11.6741 -5.5
      vertex 30.0676 11.8132 -1
      vertex 30.0676 11.8132 -5.5
    endloop
  endfacet
  facet normal -0.773164 -0.634206 0
    outer loop
      vertex 30.0676 11.8132 -1
      vertex 30.1817 11.6741 -5.5
      vertex 30.1817 11.6741 -1
    endloop
  endfacet
  facet normal 0.227212 -0.973845 0
    outer loop
      vertex 27.2882 12.6563 -5.5
      vertex 27.4635 12.6972 -1
      vertex 27.2882 12.6563 -1
    endloop
  endfacet
  facet normal 0.227212 -0.973845 0
    outer loop
      vertex 27.4635 12.6972 -1
      vertex 27.2882 12.6563 -5.5
      vertex 27.4635 12.6972 -5.5
    endloop
  endfacet
  facet normal -0.995206 0.0978035 0
    outer loop
      vertex 30.7265 9.64105 -5.5
      vertex 30.7441 9.82014 -1
      vertex 30.7441 9.82014 -5.5
    endloop
  endfacet
  facet normal -0.995206 0.0978035 0
    outer loop
      vertex 30.7441 9.82014 -1
      vertex 30.7265 9.64105 -5.5
      vertex 30.7265 9.64105 -1
    endloop
  endfacet
  facet normal 0.812944 -0.582341 0
    outer loop
      vertex 25.7135 11.5278 -1
      vertex 25.8183 11.6741 -5.5
      vertex 25.8183 11.6741 -1
    endloop
  endfacet
  facet normal 0.812944 -0.582341 0
    outer loop
      vertex 25.8183 11.6741 -5.5
      vertex 25.7135 11.5278 -1
      vertex 25.7135 11.5278 -5.5
    endloop
  endfacet
  facet normal -0.582415 0.812892 0
    outer loop
      vertex 29.6741 7.81828 -5.5
      vertex 29.5278 7.71346 -1
      vertex 29.6741 7.81828 -1
    endloop
  endfacet
  facet normal -0.582415 0.812892 0
    outer loop
      vertex 29.5278 7.71346 -1
      vertex 29.6741 7.81828 -5.5
      vertex 29.5278 7.71346 -5.5
    endloop
  endfacet
  facet normal 0.352341 -0.935872 0
    outer loop
      vertex 26.9476 12.5407 -5.5
      vertex 27.116 12.6041 -1
      vertex 26.9476 12.5407 -1
    endloop
  endfacet
  facet normal 0.352341 -0.935872 0
    outer loop
      vertex 27.116 12.6041 -1
      vertex 26.9476 12.5407 -5.5
      vertex 27.116 12.6041 -5.5
    endloop
  endfacet
  facet normal -0.352341 -0.935872 0
    outer loop
      vertex 28.884 12.6041 -5.5
      vertex 29.0524 12.5407 -1
      vertex 28.884 12.6041 -1
    endloop
  endfacet
  facet normal -0.352341 -0.935872 -0
    outer loop
      vertex 29.0524 12.5407 -1
      vertex 28.884 12.6041 -5.5
      vertex 29.0524 12.5407 -5.5
    endloop
  endfacet
  facet normal -0.956996 -0.2901 0
    outer loop
      vertex 30.6563 10.7118 -5.5
      vertex 30.6041 10.884 -1
      vertex 30.6041 10.884 -5.5
    endloop
  endfacet
  facet normal -0.956996 -0.2901 0
    outer loop
      vertex 30.6041 10.884 -1
      vertex 30.6563 10.7118 -5.5
      vertex 30.6563 10.7118 -1
    endloop
  endfacet
  facet normal 0.0978522 -0.995201 0
    outer loop
      vertex 27.6411 12.7265 -5.5
      vertex 27.8201 12.7441 -1
      vertex 27.6411 12.7265 -1
    endloop
  endfacet
  facet normal 0.0978522 -0.995201 0
    outer loop
      vertex 27.8201 12.7441 -1
      vertex 27.6411 12.7265 -5.5
      vertex 27.8201 12.7441 -5.5
    endloop
  endfacet
  facet normal 0.956996 -0.2901 0
    outer loop
      vertex 25.3437 10.7118 -1
      vertex 25.3959 10.884 -5.5
      vertex 25.3959 10.884 -1
    endloop
  endfacet
  facet normal 0.956996 -0.2901 0
    outer loop
      vertex 25.3959 10.884 -5.5
      vertex 25.3437 10.7118 -1
      vertex 25.3437 10.7118 -5.5
    endloop
  endfacet
  facet normal 0.290304 0.956935 -0
    outer loop
      vertex 27.2882 7.3437 -5.5
      vertex 27.116 7.39594 -1
      vertex 27.2882 7.3437 -1
    endloop
  endfacet
  facet normal 0.290304 0.956935 0
    outer loop
      vertex 27.116 7.39594 -1
      vertex 27.2882 7.3437 -5.5
      vertex 27.116 7.39594 -5.5
    endloop
  endfacet
  facet normal -0.68396 -0.72952 0
    outer loop
      vertex 29.8132 12.0676 -5.5
      vertex 29.9445 11.9445 -1
      vertex 29.8132 12.0676 -1
    endloop
  endfacet
  facet normal -0.68396 -0.72952 -0
    outer loop
      vertex 29.9445 11.9445 -1
      vertex 29.8132 12.0676 -5.5
      vertex 29.9445 11.9445 -5.5
    endloop
  endfacet
  facet normal -0.0327784 -0.999463 0
    outer loop
      vertex 28 12.75 -5.5
      vertex 28.1799 12.7441 -1
      vertex 28 12.75 -1
    endloop
  endfacet
  facet normal -0.0327784 -0.999463 -0
    outer loop
      vertex 28.1799 12.7441 -1
      vertex 28 12.75 -5.5
      vertex 28.1799 12.7441 -5.5
    endloop
  endfacet
  facet normal -0.528119 0.84917 0
    outer loop
      vertex 29.5278 7.71346 -5.5
      vertex 29.375 7.61843 -1
      vertex 29.5278 7.71346 -1
    endloop
  endfacet
  facet normal -0.528119 0.84917 0
    outer loop
      vertex 29.375 7.61843 -1
      vertex 29.5278 7.71346 -5.5
      vertex 29.375 7.61843 -5.5
    endloop
  endfacet
  facet normal 0.0327784 -0.999463 0
    outer loop
      vertex 27.8201 12.7441 -5.5
      vertex 28 12.75 -1
      vertex 27.8201 12.7441 -1
    endloop
  endfacet
  facet normal 0.0327784 -0.999463 0
    outer loop
      vertex 28 12.75 -1
      vertex 27.8201 12.7441 -5.5
      vertex 28 12.75 -5.5
    endloop
  endfacet
  facet normal 0.849027 0.52835 0
    outer loop
      vertex 25.7135 8.47218 -1
      vertex 25.6184 8.625 -5.5
      vertex 25.6184 8.625 -1
    endloop
  endfacet
  facet normal 0.849027 0.52835 0
    outer loop
      vertex 25.6184 8.625 -5.5
      vertex 25.7135 8.47218 -1
      vertex 25.7135 8.47218 -5.5
    endloop
  endfacet
  facet normal 0.412882 -0.910785 0
    outer loop
      vertex 26.7837 12.4664 -5.5
      vertex 26.9476 12.5407 -1
      vertex 26.7837 12.4664 -1
    endloop
  endfacet
  facet normal 0.412882 -0.910785 0
    outer loop
      vertex 26.9476 12.5407 -1
      vertex 26.7837 12.4664 -5.5
      vertex 26.9476 12.5407 -5.5
    endloop
  endfacet
  facet normal 0.999462 0.0327857 0
    outer loop
      vertex 25.2559 9.82014 -1
      vertex 25.25 10 -5.5
      vertex 25.25 10 -1
    endloop
  endfacet
  facet normal 0.999462 0.0327857 0
    outer loop
      vertex 25.25 10 -5.5
      vertex 25.2559 9.82014 -1
      vertex 25.2559 9.82014 -5.5
    endloop
  endfacet
  facet normal 0.935885 0.352305 0
    outer loop
      vertex 25.4593 8.94762 -1
      vertex 25.3959 9.11604 -5.5
      vertex 25.3959 9.11604 -1
    endloop
  endfacet
  facet normal 0.935885 0.352305 0
    outer loop
      vertex 25.3959 9.11604 -5.5
      vertex 25.4593 8.94762 -1
      vertex 25.4593 8.94762 -5.5
    endloop
  endfacet
  facet normal -0.773187 0.634179 0
    outer loop
      vertex 30.0676 8.1868 -5.5
      vertex 30.1817 8.32591 -1
      vertex 30.1817 8.32591 -5.5
    endloop
  endfacet
  facet normal -0.773187 0.634179 0
    outer loop
      vertex 30.1817 8.32591 -1
      vertex 30.0676 8.1868 -5.5
      vertex 30.0676 8.1868 -1
    endloop
  endfacet
  facet normal -0.973831 0.227274 0
    outer loop
      vertex 30.6563 9.28825 -5.5
      vertex 30.6972 9.4635 -1
      vertex 30.6972 9.4635 -5.5
    endloop
  endfacet
  facet normal -0.973831 0.227274 0
    outer loop
      vertex 30.6972 9.4635 -1
      vertex 30.6563 9.28825 -5.5
      vertex 30.6563 9.28825 -1
    endloop
  endfacet
  facet normal -0.290304 0.956935 0
    outer loop
      vertex 28.884 7.39594 -5.5
      vertex 28.7118 7.3437 -1
      vertex 28.884 7.39594 -1
    endloop
  endfacet
  facet normal -0.290304 0.956935 0
    outer loop
      vertex 28.7118 7.3437 -1
      vertex 28.884 7.39594 -5.5
      vertex 28.7118 7.3437 -5.5
    endloop
  endfacet
  facet normal -0.47128 -0.881983 0
    outer loop
      vertex 29.2163 12.4664 -5.5
      vertex 29.375 12.3816 -1
      vertex 29.2163 12.4664 -1
    endloop
  endfacet
  facet normal -0.47128 -0.881983 -0
    outer loop
      vertex 29.375 12.3816 -1
      vertex 29.2163 12.4664 -5.5
      vertex 29.375 12.3816 -5.5
    endloop
  endfacet
  facet normal -0.848996 -0.5284 0
    outer loop
      vertex 30.3816 11.375 -5.5
      vertex 30.2865 11.5278 -1
      vertex 30.2865 11.5278 -5.5
    endloop
  endfacet
  facet normal -0.848996 -0.5284 0
    outer loop
      vertex 30.2865 11.5278 -1
      vertex 30.3816 11.375 -5.5
      vertex 30.3816 11.375 -1
    endloop
  endfacet
  facet normal 0.986663 -0.162777 0
    outer loop
      vertex 25.2735 10.3589 -1
      vertex 25.3028 10.5365 -5.5
      vertex 25.3028 10.5365 -1
    endloop
  endfacet
  facet normal 0.986663 -0.162777 0
    outer loop
      vertex 25.3028 10.5365 -5.5
      vertex 25.2735 10.3589 -1
      vertex 25.2735 10.3589 -5.5
    endloop
  endfacet
  facet normal 0.227001 0.973894 -0
    outer loop
      vertex 27.4635 7.30284 -5.5
      vertex 27.2882 7.3437 -1
      vertex 27.4635 7.30284 -1
    endloop
  endfacet
  facet normal 0.227001 0.973894 0
    outer loop
      vertex 27.2882 7.3437 -1
      vertex 27.4635 7.30284 -5.5
      vertex 27.2882 7.3437 -5.5
    endloop
  endfacet
  facet normal -0.935885 0.352305 0
    outer loop
      vertex 30.5407 8.94762 -5.5
      vertex 30.6041 9.11604 -1
      vertex 30.6041 9.11604 -5.5
    endloop
  endfacet
  facet normal -0.935885 0.352305 0
    outer loop
      vertex 30.6041 9.11604 -1
      vertex 30.5407 8.94762 -5.5
      vertex 30.5407 8.94762 -1
    endloop
  endfacet
  facet normal 0.910794 0.412861 0
    outer loop
      vertex 25.5336 8.78371 -1
      vertex 25.4593 8.94762 -5.5
      vertex 25.4593 8.94762 -1
    endloop
  endfacet
  facet normal 0.910794 0.412861 0
    outer loop
      vertex 25.4593 8.94762 -5.5
      vertex 25.5336 8.78371 -1
      vertex 25.5336 8.78371 -5.5
    endloop
  endfacet
  facet normal -0.162777 -0.986663 0
    outer loop
      vertex 28.3589 12.7265 -5.5
      vertex 28.5365 12.6972 -1
      vertex 28.3589 12.7265 -1
    endloop
  endfacet
  facet normal -0.162777 -0.986663 -0
    outer loop
      vertex 28.5365 12.6972 -1
      vertex 28.3589 12.7265 -5.5
      vertex 28.5365 12.6972 -5.5
    endloop
  endfacet
  facet normal -0.935872 -0.352341 0
    outer loop
      vertex 30.6041 10.884 -5.5
      vertex 30.5407 11.0524 -1
      vertex 30.5407 11.0524 -5.5
    endloop
  endfacet
  facet normal -0.935872 -0.352341 0
    outer loop
      vertex 30.5407 11.0524 -1
      vertex 30.6041 10.884 -5.5
      vertex 30.6041 10.884 -1
    endloop
  endfacet
  facet normal 0.47141 0.881914 -0
    outer loop
      vertex 26.7837 7.5336 -5.5
      vertex 26.625 7.61843 -1
      vertex 26.7837 7.5336 -1
    endloop
  endfacet
  facet normal 0.47141 0.881914 0
    outer loop
      vertex 26.625 7.61843 -1
      vertex 26.7837 7.5336 -5.5
      vertex 26.625 7.61843 -5.5
    endloop
  endfacet
  facet normal -0.986663 -0.162777 0
    outer loop
      vertex 30.7265 10.3589 -5.5
      vertex 30.6972 10.5365 -1
      vertex 30.6972 10.5365 -5.5
    endloop
  endfacet
  facet normal -0.986663 -0.162777 0
    outer loop
      vertex 30.6972 10.5365 -1
      vertex 30.7265 10.3589 -5.5
      vertex 30.7265 10.3589 -1
    endloop
  endfacet
  facet normal 0.0327229 0.999464 -0
    outer loop
      vertex 28 7.25 -5.5
      vertex 27.8201 7.25589 -1
      vertex 28 7.25 -1
    endloop
  endfacet
  facet normal 0.0327229 0.999464 0
    outer loop
      vertex 27.8201 7.25589 -1
      vertex 28 7.25 -5.5
      vertex 27.8201 7.25589 -5.5
    endloop
  endfacet
  facet normal 0.634206 -0.773164 0
    outer loop
      vertex 26.1868 12.0676 -5.5
      vertex 26.3259 12.1817 -1
      vertex 26.1868 12.0676 -1
    endloop
  endfacet
  facet normal 0.634206 -0.773164 0
    outer loop
      vertex 26.3259 12.1817 -1
      vertex 26.1868 12.0676 -5.5
      vertex 26.3259 12.1817 -5.5
    endloop
  endfacet
  facet normal -0.0980724 0.995179 0
    outer loop
      vertex 28.3589 7.27353 -5.5
      vertex 28.1799 7.25589 -1
      vertex 28.3589 7.27353 -1
    endloop
  endfacet
  facet normal -0.0980724 0.995179 0
    outer loop
      vertex 28.1799 7.25589 -1
      vertex 28.3589 7.27353 -5.5
      vertex 28.1799 7.25589 -5.5
    endloop
  endfacet
  facet normal 0.683723 0.729742 -0
    outer loop
      vertex 26.1868 7.93244 -5.5
      vertex 26.0555 8.05546 -1
      vertex 26.1868 7.93244 -1
    endloop
  endfacet
  facet normal 0.683723 0.729742 0
    outer loop
      vertex 26.0555 8.05546 -1
      vertex 26.1868 7.93244 -5.5
      vertex 26.0555 8.05546 -5.5
    endloop
  endfacet
  facet normal 0.999463 -0.0327784 0
    outer loop
      vertex 25.25 10 -1
      vertex 25.2559 10.1799 -5.5
      vertex 25.2559 10.1799 -1
    endloop
  endfacet
  facet normal 0.999463 -0.0327784 0
    outer loop
      vertex 25.2559 10.1799 -5.5
      vertex 25.25 10 -1
      vertex 25.25 10 -5.5
    endloop
  endfacet
  facet normal 0.957001 0.290085 0
    outer loop
      vertex 25.3959 9.11604 -1
      vertex 25.3437 9.28825 -5.5
      vertex 25.3437 9.28825 -1
    endloop
  endfacet
  facet normal 0.957001 0.290085 0
    outer loop
      vertex 25.3437 9.28825 -5.5
      vertex 25.3959 9.11604 -1
      vertex 25.3959 9.11604 -5.5
    endloop
  endfacet
  facet normal 0.773164 -0.634206 0
    outer loop
      vertex 25.8183 11.6741 -1
      vertex 25.9324 11.8132 -5.5
      vertex 25.9324 11.8132 -1
    endloop
  endfacet
  facet normal 0.773164 -0.634206 0
    outer loop
      vertex 25.9324 11.8132 -5.5
      vertex 25.8183 11.6741 -1
      vertex 25.8183 11.6741 -5.5
    endloop
  endfacet
  facet normal -0.729624 0.683849 0
    outer loop
      vertex 29.9445 8.05546 -5.5
      vertex 30.0676 8.1868 -1
      vertex 30.0676 8.1868 -5.5
    endloop
  endfacet
  facet normal -0.729624 0.683849 0
    outer loop
      vertex 30.0676 8.1868 -1
      vertex 29.9445 8.05546 -5.5
      vertex 29.9445 8.05546 -1
    endloop
  endfacet
  facet normal -0.683723 0.729742 0
    outer loop
      vertex 29.9445 8.05546 -5.5
      vertex 29.8132 7.93244 -1
      vertex 29.9445 8.05546 -1
    endloop
  endfacet
  facet normal -0.683723 0.729742 0
    outer loop
      vertex 29.8132 7.93244 -1
      vertex 29.9445 8.05546 -5.5
      vertex 29.8132 7.93244 -5.5
    endloop
  endfacet
  facet normal -0.47141 0.881914 0
    outer loop
      vertex 29.375 7.61843 -5.5
      vertex 29.2163 7.5336 -1
      vertex 29.375 7.61843 -1
    endloop
  endfacet
  facet normal -0.47141 0.881914 0
    outer loop
      vertex 29.2163 7.5336 -1
      vertex 29.375 7.61843 -5.5
      vertex 29.2163 7.5336 -5.5
    endloop
  endfacet
  facet normal -0.227212 -0.973845 0
    outer loop
      vertex 28.5365 12.6972 -5.5
      vertex 28.7118 12.6563 -1
      vertex 28.5365 12.6972 -1
    endloop
  endfacet
  facet normal -0.227212 -0.973845 -0
    outer loop
      vertex 28.7118 12.6563 -1
      vertex 28.5365 12.6972 -5.5
      vertex 28.7118 12.6563 -5.5
    endloop
  endfacet
  facet normal 0.47128 -0.881983 0
    outer loop
      vertex 26.625 12.3816 -5.5
      vertex 26.7837 12.4664 -1
      vertex 26.625 12.3816 -1
    endloop
  endfacet
  facet normal 0.47128 -0.881983 0
    outer loop
      vertex 26.7837 12.4664 -1
      vertex 26.625 12.3816 -5.5
      vertex 26.7837 12.4664 -5.5
    endloop
  endfacet
  facet normal -0.634405 0.773001 0
    outer loop
      vertex 29.8132 7.93244 -5.5
      vertex 29.6741 7.81828 -1
      vertex 29.8132 7.93244 -1
    endloop
  endfacet
  facet normal -0.634405 0.773001 0
    outer loop
      vertex 29.6741 7.81828 -1
      vertex 29.8132 7.93244 -5.5
      vertex 29.6741 7.81828 -5.5
    endloop
  endfacet
  facet normal 0.528119 0.84917 -0
    outer loop
      vertex 26.625 7.61843 -5.5
      vertex 26.4722 7.71346 -1
      vertex 26.625 7.61843 -1
    endloop
  endfacet
  facet normal 0.528119 0.84917 0
    outer loop
      vertex 26.4722 7.71346 -1
      vertex 26.625 7.61843 -5.5
      vertex 26.4722 7.71346 -5.5
    endloop
  endfacet
  facet normal 0.881983 -0.47128 0
    outer loop
      vertex 25.5336 11.2163 -1
      vertex 25.6184 11.375 -5.5
      vertex 25.6184 11.375 -1
    endloop
  endfacet
  facet normal 0.881983 -0.47128 0
    outer loop
      vertex 25.6184 11.375 -5.5
      vertex 25.5336 11.2163 -1
      vertex 25.5336 11.2163 -5.5
    endloop
  endfacet
  facet normal -0.910794 0.412861 0
    outer loop
      vertex 30.4664 8.78371 -5.5
      vertex 30.5407 8.94762 -1
      vertex 30.5407 8.94762 -5.5
    endloop
  endfacet
  facet normal -0.910794 0.412861 0
    outer loop
      vertex 30.5407 8.94762 -1
      vertex 30.4664 8.78371 -5.5
      vertex 30.4664 8.78371 -1
    endloop
  endfacet
  facet normal -0.2901 -0.956996 0
    outer loop
      vertex 28.7118 12.6563 -5.5
      vertex 28.884 12.6041 -1
      vertex 28.7118 12.6563 -1
    endloop
  endfacet
  facet normal -0.2901 -0.956996 -0
    outer loop
      vertex 28.884 12.6041 -1
      vertex 28.7118 12.6563 -5.5
      vertex 28.884 12.6041 -5.5
    endloop
  endfacet
  facet normal 0.634405 0.773001 -0
    outer loop
      vertex 26.3259 7.81828 -5.5
      vertex 26.1868 7.93244 -1
      vertex 26.3259 7.81828 -1
    endloop
  endfacet
  facet normal 0.634405 0.773001 0
    outer loop
      vertex 26.1868 7.93244 -1
      vertex 26.3259 7.81828 -5.5
      vertex 26.1868 7.93244 -5.5
    endloop
  endfacet
  facet normal 0.773187 0.634179 0
    outer loop
      vertex 25.9324 8.1868 -1
      vertex 25.8183 8.32591 -5.5
      vertex 25.8183 8.32591 -1
    endloop
  endfacet
  facet normal 0.773187 0.634179 0
    outer loop
      vertex 25.8183 8.32591 -5.5
      vertex 25.9324 8.1868 -1
      vertex 25.9324 8.1868 -5.5
    endloop
  endfacet
  facet normal 0.162831 0.986654 -0
    outer loop
      vertex 27.6411 7.27353 -5.5
      vertex 27.4635 7.30284 -1
      vertex 27.6411 7.27353 -1
    endloop
  endfacet
  facet normal 0.162831 0.986654 0
    outer loop
      vertex 27.4635 7.30284 -1
      vertex 27.6411 7.27353 -5.5
      vertex 27.4635 7.30284 -5.5
    endloop
  endfacet
  facet normal 0.0980724 0.995179 -0
    outer loop
      vertex 27.8201 7.25589 -5.5
      vertex 27.6411 7.27353 -1
      vertex 27.8201 7.25589 -1
    endloop
  endfacet
  facet normal 0.0980724 0.995179 0
    outer loop
      vertex 27.6411 7.27353 -1
      vertex 27.8201 7.25589 -5.5
      vertex 27.6411 7.27353 -5.5
    endloop
  endfacet
  facet normal 0.995201 -0.0978522 0
    outer loop
      vertex 25.2559 10.1799 -1
      vertex 25.2735 10.3589 -5.5
      vertex 25.2735 10.3589 -1
    endloop
  endfacet
  facet normal 0.995201 -0.0978522 0
    outer loop
      vertex 25.2735 10.3589 -5.5
      vertex 25.2559 10.1799 -1
      vertex 25.2559 10.1799 -5.5
    endloop
  endfacet
  facet normal 0.412743 0.910847 -0
    outer loop
      vertex 26.9476 7.45933 -5.5
      vertex 26.7837 7.5336 -1
      vertex 26.9476 7.45933 -1
    endloop
  endfacet
  facet normal 0.412743 0.910847 0
    outer loop
      vertex 26.7837 7.5336 -1
      vertex 26.9476 7.45933 -5.5
      vertex 26.7837 7.5336 -5.5
    endloop
  endfacet
  facet normal 0.582415 0.812892 -0
    outer loop
      vertex 26.4722 7.71346 -5.5
      vertex 26.3259 7.81828 -1
      vertex 26.4722 7.71346 -1
    endloop
  endfacet
  facet normal 0.582415 0.812892 0
    outer loop
      vertex 26.3259 7.81828 -1
      vertex 26.4722 7.71346 -5.5
      vertex 26.3259 7.81828 -5.5
    endloop
  endfacet
  facet normal -0.998247 -0.0493638 0.032662
    outer loop
      vertex 17.1133 0.9 -1.12166
      vertex 17.15 0.9 0
      vertex 16.25 19.1 0
    endloop
  endfacet
  facet normal -0.934757 -0.0493642 0.351842
    outer loop
      vertex 15.8445 0.9 -6.56302
      vertex 15.3876 19.1 -5.22339
      vertex 15.013 19.1 -6.21861
    endloop
  endfacet
  facet normal 0.289869 -0.0493671 0.955792
    outer loop
      vertex -4.43875 0.9 -16.5656
      vertex -5.22339 19.1 -15.3876
      vertex -5.51269 0.9 -16.2399
    endloop
  endfacet
  facet normal 0.0978967 -0.0493653 0.993971
    outer loop
      vertex -1.12166 0.9 -17.1133
      vertex -1.0628 19.1 -16.2152
      vertex -2.23852 0.9 -17.0033
    endloop
  endfacet
  facet normal 0.351842 -0.0493642 0.934757
    outer loop
      vertex -5.22339 19.1 -15.3876
      vertex -6.21861 19.1 -15.013
      vertex -6.56302 0.9 -15.8445
    endloop
  endfacet
  facet normal -0.0978711 -0.0493637 0.993974
    outer loop
      vertex 2.23852 0.9 -17.0033
      vertex 2.12105 19.1 -16.111
      vertex 1.0628 19.1 -16.2152
    endloop
  endfacet
  facet normal -0.682773 -0.0493642 0.728961
    outer loop
      vertex 12.1269 0.9 -12.1269
      vertex 11.4905 19.1 -11.4905
      vertex 11.3078 0.9 -12.8941
    endloop
  endfacet
  facet normal -0.728973 -0.0493652 0.68276
    outer loop
      vertex 12.8941 0.9 -11.3078
      vertex 12.2174 19.1 -10.7144
      vertex 11.4905 19.1 -11.4905
    endloop
  endfacet
  facet normal -0.351886 -0.049367 0.93474
    outer loop
      vertex 5.51269 0.9 -16.2399
      vertex 6.56302 0.9 -15.8445
      vertex 5.22339 19.1 -15.3876
    endloop
  endfacet
  facet normal -0.16268 -0.0493638 0.985443
    outer loop
      vertex 2.23852 0.9 -17.0033
      vertex 3.17022 19.1 -15.9378
      vertex 2.12105 19.1 -16.111
    endloop
  endfacet
  facet normal 0.955768 -0.0493621 0.289948
    outer loop
      vertex -15.3876 19.1 -5.22339
      vertex -15.6963 19.1 -4.20581
      vertex -16.5656 0.9 -4.43875
    endloop
  endfacet
  facet normal 0.68276 -0.0493652 0.728973
    outer loop
      vertex -11.3078 0.9 -12.8941
      vertex -10.7144 19.1 -12.2174
      vertex -11.4905 19.1 -11.4905
    endloop
  endfacet
  facet normal -0.909774 -0.0493642 0.412159
    outer loop
      vertex 15.8445 0.9 -6.56302
      vertex 15.013 19.1 -6.21861
      vertex 14.5742 19.1 -7.18719
    endloop
  endfacet
  facet normal 0.22685 -0.0493634 0.972678
    outer loop
      vertex -3.3458 0.9 -16.8205
      vertex -3.17022 19.1 -15.9378
      vertex -4.43875 0.9 -16.5656
    endloop
  endfacet
  facet normal -0.527403 -0.0493628 0.84818
    outer loop
      vertex 8.575 0.9 -14.8523
      vertex 9.52803 0.9 -14.2597
      vertex 8.125 19.1 -14.0729
    endloop
  endfacet
  facet normal 0.772078 -0.0493653 0.633607
    outer loop
      vertex -12.2174 19.1 -10.7144
      vertex -12.892 19.1 -9.89237
      vertex -12.8941 0.9 -11.3078
    endloop
  endfacet
  facet normal 0.0978711 -0.0493637 0.993974
    outer loop
      vertex -1.0628 19.1 -16.2152
      vertex -2.12105 19.1 -16.111
      vertex -2.23852 0.9 -17.0033
    endloop
  endfacet
  facet normal -0.527401 -0.0493626 0.848181
    outer loop
      vertex 9.52803 0.9 -14.2597
      vertex 9.02802 19.1 -13.5114
      vertex 8.125 19.1 -14.0729
    endloop
  endfacet
  facet normal -0.998246 -0.0493653 0.0326863
    outer loop
      vertex 17.1133 0.9 -1.12166
      vertex 16.25 19.1 0
      vertex 16.2152 19.1 -1.0628
    endloop
  endfacet
  facet normal -0.84818 -0.0493628 0.527403
    outer loop
      vertex 14.2597 0.9 -9.52803
      vertex 14.8523 0.9 -8.575
      vertex 14.0729 19.1 -8.125
    endloop
  endfacet
  facet normal -0.633607 -0.0493653 0.772078
    outer loop
      vertex 11.3078 0.9 -12.8941
      vertex 10.7144 19.1 -12.2174
      vertex 9.89237 19.1 -12.892
    endloop
  endfacet
  facet normal -0.811849 -0.0493627 0.581777
    outer loop
      vertex 14.2597 0.9 -9.52803
      vertex 13.5114 19.1 -9.02802
      vertex 12.892 19.1 -9.89237
    endloop
  endfacet
  facet normal 0.581754 -0.0493644 0.811866
    outer loop
      vertex -9.52803 0.9 -14.2597
      vertex -9.89237 19.1 -12.892
      vertex -10.4403 0.9 -13.606
    endloop
  endfacet
  facet normal 0.581777 -0.0493627 0.811849
    outer loop
      vertex -9.52803 0.9 -14.2597
      vertex -9.02802 19.1 -13.5114
      vertex -9.89237 19.1 -12.892
    endloop
  endfacet
  facet normal -0.909776 -0.0493645 0.412155
    outer loop
      vertex 15.3814 0.9 -7.58525
      vertex 15.8445 0.9 -6.56302
      vertex 14.5742 19.1 -7.18719
    endloop
  endfacet
  facet normal -0.972683 -0.0493621 0.22683
    outer loop
      vertex 16.5656 0.9 -4.43875
      vertex 15.9378 19.1 -3.17022
      vertex 15.6963 19.1 -4.20581
    endloop
  endfacet
  facet normal 0.880834 -0.0493628 0.470844
    outer loop
      vertex -14.0729 19.1 -8.125
      vertex -14.5742 19.1 -7.18719
      vertex -14.8523 0.9 -8.575
    endloop
  endfacet
  facet normal 0.412155 -0.0493645 0.909776
    outer loop
      vertex -6.56302 0.9 -15.8445
      vertex -7.18719 19.1 -14.5742
      vertex -7.58525 0.9 -15.3814
    endloop
  endfacet
  facet normal -0.162686 -0.0493634 0.985442
    outer loop
      vertex 3.3458 0.9 -16.8205
      vertex 3.17022 19.1 -15.9378
      vertex 2.23852 0.9 -17.0033
    endloop
  endfacet
  facet normal -0.972678 -0.0493634 0.22685
    outer loop
      vertex 16.5656 0.9 -4.43875
      vertex 16.8205 0.9 -3.3458
      vertex 15.9378 19.1 -3.17022
    endloop
  endfacet
  facet normal 0.993971 -0.0493653 0.0978967
    outer loop
      vertex -17.0033 0.9 -2.23852
      vertex -16.2152 19.1 -1.0628
      vertex -17.1133 0.9 -1.12166
    endloop
  endfacet
  facet normal -0.880834 -0.0493628 0.470844
    outer loop
      vertex 14.8523 0.9 -8.575
      vertex 14.5742 19.1 -7.18719
      vertex 14.0729 19.1 -8.125
    endloop
  endfacet
  facet normal 0.985443 -0.0493638 0.16268
    outer loop
      vertex -15.9378 19.1 -3.17022
      vertex -16.111 19.1 -2.12105
      vertex -17.0033 0.9 -2.23852
    endloop
  endfacet
  facet normal 0.032662 -0.0493638 0.998247
    outer loop
      vertex 0 0.9 -17.15
      vertex 0 19.1 -16.25
      vertex -1.12166 0.9 -17.1133
    endloop
  endfacet
  facet normal 0.955792 -0.0493671 0.289869
    outer loop
      vertex -16.2399 0.9 -5.51269
      vertex -15.3876 19.1 -5.22339
      vertex -16.5656 0.9 -4.43875
    endloop
  endfacet
  facet normal 0.633599 -0.0493647 0.772085
    outer loop
      vertex -10.4403 0.9 -13.606
      vertex -9.89237 19.1 -12.892
      vertex -11.3078 0.9 -12.8941
    endloop
  endfacet
  facet normal 0.412159 -0.0493642 0.909774
    outer loop
      vertex -6.56302 0.9 -15.8445
      vertex -6.21861 19.1 -15.013
      vertex -7.18719 19.1 -14.5742
    endloop
  endfacet
  facet normal 0.728961 -0.0493642 0.682773
    outer loop
      vertex -12.1269 0.9 -12.1269
      vertex -11.4905 19.1 -11.4905
      vertex -12.8941 0.9 -11.3078
    endloop
  endfacet
  facet normal -0.985443 -0.0493638 0.16268
    outer loop
      vertex 17.0033 0.9 -2.23852
      vertex 16.111 19.1 -2.12105
      vertex 15.9378 19.1 -3.17022
    endloop
  endfacet
  facet normal -0.985442 -0.0493634 0.162686
    outer loop
      vertex 16.8205 0.9 -3.3458
      vertex 17.0033 0.9 -2.23852
      vertex 15.9378 19.1 -3.17022
    endloop
  endfacet
  facet normal 0.972678 -0.0493634 0.22685
    outer loop
      vertex -16.5656 0.9 -4.43875
      vertex -15.9378 19.1 -3.17022
      vertex -16.8205 0.9 -3.3458
    endloop
  endfacet
  facet normal 0.993974 -0.0493637 0.0978711
    outer loop
      vertex -16.111 19.1 -2.12105
      vertex -16.2152 19.1 -1.0628
      vertex -17.0033 0.9 -2.23852
    endloop
  endfacet
  facet normal -0.811866 -0.0493644 0.581754
    outer loop
      vertex 13.606 0.9 -10.4403
      vertex 14.2597 0.9 -9.52803
      vertex 12.892 19.1 -9.89237
    endloop
  endfacet
  facet normal -0.032662 -0.0493638 0.998247
    outer loop
      vertex 1.12166 0.9 -17.1133
      vertex 0 19.1 -16.25
      vertex 0 0.9 -17.15
    endloop
  endfacet
  facet normal 0.985442 -0.0493634 0.162686
    outer loop
      vertex -16.8205 0.9 -3.3458
      vertex -15.9378 19.1 -3.17022
      vertex -17.0033 0.9 -2.23852
    endloop
  endfacet
  facet normal -0.412155 -0.0493645 0.909776
    outer loop
      vertex 7.58525 0.9 -15.3814
      vertex 7.18719 19.1 -14.5742
      vertex 6.56302 0.9 -15.8445
    endloop
  endfacet
  facet normal -0.728961 -0.0493642 0.682773
    outer loop
      vertex 12.1269 0.9 -12.1269
      vertex 12.8941 0.9 -11.3078
      vertex 11.4905 19.1 -11.4905
    endloop
  endfacet
  facet normal 0.84818 -0.0493628 0.527403
    outer loop
      vertex -14.2597 0.9 -9.52803
      vertex -14.0729 19.1 -8.125
      vertex -14.8523 0.9 -8.575
    endloop
  endfacet
  facet normal -0.0978967 -0.0493653 0.993971
    outer loop
      vertex 1.12166 0.9 -17.1133
      vertex 2.23852 0.9 -17.0033
      vertex 1.0628 19.1 -16.2152
    endloop
  endfacet
  facet normal -0.0326863 -0.0493653 0.998246
    outer loop
      vertex 1.12166 0.9 -17.1133
      vertex 1.0628 19.1 -16.2152
      vertex 0 19.1 -16.25
    endloop
  endfacet
  facet normal -0.633599 -0.0493647 0.772085
    outer loop
      vertex 10.4403 0.9 -13.606
      vertex 11.3078 0.9 -12.8941
      vertex 9.89237 19.1 -12.892
    endloop
  endfacet
  facet normal 0.470869 -0.0493644 0.880821
    outer loop
      vertex -7.58525 0.9 -15.3814
      vertex -7.18719 19.1 -14.5742
      vertex -8.575 0.9 -14.8523
    endloop
  endfacet
  facet normal 0.16268 -0.0493638 0.985443
    outer loop
      vertex -2.23852 0.9 -17.0033
      vertex -2.12105 19.1 -16.111
      vertex -3.17022 19.1 -15.9378
    endloop
  endfacet
  facet normal -0.772085 -0.0493647 0.633599
    outer loop
      vertex 12.8941 0.9 -11.3078
      vertex 13.606 0.9 -10.4403
      vertex 12.892 19.1 -9.89237
    endloop
  endfacet
  facet normal 0.93474 -0.049367 0.351886
    outer loop
      vertex -15.8445 0.9 -6.56302
      vertex -15.3876 19.1 -5.22339
      vertex -16.2399 0.9 -5.51269
    endloop
  endfacet
  facet normal -0.289948 -0.0493621 0.955768
    outer loop
      vertex 4.43875 0.9 -16.5656
      vertex 5.22339 19.1 -15.3876
      vertex 4.20581 19.1 -15.6963
    endloop
  endfacet
  facet normal -0.993974 -0.0493637 0.0978711
    outer loop
      vertex 17.0033 0.9 -2.23852
      vertex 16.2152 19.1 -1.0628
      vertex 16.111 19.1 -2.12105
    endloop
  endfacet
  facet normal -0.993971 -0.0493653 0.0978967
    outer loop
      vertex 17.0033 0.9 -2.23852
      vertex 17.1133 0.9 -1.12166
      vertex 16.2152 19.1 -1.0628
    endloop
  endfacet
  facet normal -0.470869 -0.0493644 0.880821
    outer loop
      vertex 7.58525 0.9 -15.3814
      vertex 8.575 0.9 -14.8523
      vertex 7.18719 19.1 -14.5742
    endloop
  endfacet
  facet normal 0.22683 -0.0493621 0.972683
    outer loop
      vertex -3.17022 19.1 -15.9378
      vertex -4.20581 19.1 -15.6963
      vertex -4.43875 0.9 -16.5656
    endloop
  endfacet
  facet normal 0.909774 -0.0493642 0.412159
    outer loop
      vertex -14.5742 19.1 -7.18719
      vertex -15.013 19.1 -6.21861
      vertex -15.8445 0.9 -6.56302
    endloop
  endfacet
  facet normal -0.581754 -0.0493644 0.811866
    outer loop
      vertex 10.4403 0.9 -13.606
      vertex 9.89237 19.1 -12.892
      vertex 9.52803 0.9 -14.2597
    endloop
  endfacet
  facet normal -0.351842 -0.0493642 0.934757
    outer loop
      vertex 6.56302 0.9 -15.8445
      vertex 6.21861 19.1 -15.013
      vertex 5.22339 19.1 -15.3876
    endloop
  endfacet
  facet normal 0.682773 -0.0493642 0.728961
    outer loop
      vertex -11.3078 0.9 -12.8941
      vertex -11.4905 19.1 -11.4905
      vertex -12.1269 0.9 -12.1269
    endloop
  endfacet
  facet normal -0.68276 -0.0493652 0.728973
    outer loop
      vertex 11.3078 0.9 -12.8941
      vertex 11.4905 19.1 -11.4905
      vertex 10.7144 19.1 -12.2174
    endloop
  endfacet
  facet normal 0.351886 -0.049367 0.93474
    outer loop
      vertex -5.51269 0.9 -16.2399
      vertex -5.22339 19.1 -15.3876
      vertex -6.56302 0.9 -15.8445
    endloop
  endfacet
  facet normal 0.972683 -0.0493621 0.22683
    outer loop
      vertex -15.6963 19.1 -4.20581
      vertex -15.9378 19.1 -3.17022
      vertex -16.5656 0.9 -4.43875
    endloop
  endfacet
  facet normal -0.22685 -0.0493634 0.972678
    outer loop
      vertex 3.3458 0.9 -16.8205
      vertex 4.43875 0.9 -16.5656
      vertex 3.17022 19.1 -15.9378
    endloop
  endfacet
  facet normal -0.581777 -0.0493627 0.811849
    outer loop
      vertex 9.52803 0.9 -14.2597
      vertex 9.89237 19.1 -12.892
      vertex 9.02802 19.1 -13.5114
    endloop
  endfacet
  facet normal 0.998247 -0.0493638 0.032662
    outer loop
      vertex -17.1133 0.9 -1.12166
      vertex -16.25 19.1 0
      vertex -17.15 0.9 0
    endloop
  endfacet
  facet normal -0.880821 -0.0493644 0.470869
    outer loop
      vertex 14.8523 0.9 -8.575
      vertex 15.3814 0.9 -7.58525
      vertex 14.5742 19.1 -7.18719
    endloop
  endfacet
  facet normal 0.633607 -0.0493653 0.772078
    outer loop
      vertex -9.89237 19.1 -12.892
      vertex -10.7144 19.1 -12.2174
      vertex -11.3078 0.9 -12.8941
    endloop
  endfacet
  facet normal 0.289948 -0.0493621 0.955768
    outer loop
      vertex -4.43875 0.9 -16.5656
      vertex -4.20581 19.1 -15.6963
      vertex -5.22339 19.1 -15.3876
    endloop
  endfacet
  facet normal 0.0326863 -0.0493653 0.998246
    outer loop
      vertex 0 19.1 -16.25
      vertex -1.0628 19.1 -16.2152
      vertex -1.12166 0.9 -17.1133
    endloop
  endfacet
  facet normal -0.93474 -0.049367 0.351886
    outer loop
      vertex 15.8445 0.9 -6.56302
      vertex 16.2399 0.9 -5.51269
      vertex 15.3876 19.1 -5.22339
    endloop
  endfacet
  facet normal -0.772078 -0.0493653 0.633607
    outer loop
      vertex 12.8941 0.9 -11.3078
      vertex 12.892 19.1 -9.89237
      vertex 12.2174 19.1 -10.7144
    endloop
  endfacet
  facet normal 0.811866 -0.0493644 0.581754
    outer loop
      vertex -13.606 0.9 -10.4403
      vertex -12.892 19.1 -9.89237
      vertex -14.2597 0.9 -9.52803
    endloop
  endfacet
  facet normal -0.955792 -0.0493671 0.289869
    outer loop
      vertex 16.2399 0.9 -5.51269
      vertex 16.5656 0.9 -4.43875
      vertex 15.3876 19.1 -5.22339
    endloop
  endfacet
  facet normal -0.955768 -0.0493621 0.289948
    outer loop
      vertex 16.5656 0.9 -4.43875
      vertex 15.6963 19.1 -4.20581
      vertex 15.3876 19.1 -5.22339
    endloop
  endfacet
  facet normal 0.527401 -0.0493626 0.848181
    outer loop
      vertex -8.125 19.1 -14.0729
      vertex -9.02802 19.1 -13.5114
      vertex -9.52803 0.9 -14.2597
    endloop
  endfacet
  facet normal -0.289869 -0.0493671 0.955792
    outer loop
      vertex 5.51269 0.9 -16.2399
      vertex 5.22339 19.1 -15.3876
      vertex 4.43875 0.9 -16.5656
    endloop
  endfacet
  facet normal 0 -1 0
    outer loop
      vertex -16.2152 19.1 -1.0628
      vertex 16.25 19.1 0
      vertex -16.25 19.1 0
    endloop
  endfacet
  facet normal 0 -1 0
    outer loop
      vertex -16.2152 19.1 -1.0628
      vertex 16.2152 19.1 -1.0628
      vertex 16.25 19.1 0
    endloop
  endfacet
  facet normal 0 -1 0
    outer loop
      vertex -16.111 19.1 -2.12105
      vertex 16.2152 19.1 -1.0628
      vertex -16.2152 19.1 -1.0628
    endloop
  endfacet
  facet normal 0 -1 0
    outer loop
      vertex -16.111 19.1 -2.12105
      vertex 16.111 19.1 -2.12105
      vertex 16.2152 19.1 -1.0628
    endloop
  endfacet
  facet normal 0 -1 0
    outer loop
      vertex -15.9378 19.1 -3.17022
      vertex 16.111 19.1 -2.12105
      vertex -16.111 19.1 -2.12105
    endloop
  endfacet
  facet normal 0 -1 0
    outer loop
      vertex -15.9378 19.1 -3.17022
      vertex 15.9378 19.1 -3.17022
      vertex 16.111 19.1 -2.12105
    endloop
  endfacet
  facet normal 0 -1 0
    outer loop
      vertex -15.6963 19.1 -4.20581
      vertex 15.9378 19.1 -3.17022
      vertex -15.9378 19.1 -3.17022
    endloop
  endfacet
  facet normal 0 -1 0
    outer loop
      vertex -15.6963 19.1 -4.20581
      vertex 15.6963 19.1 -4.20581
      vertex 15.9378 19.1 -3.17022
    endloop
  endfacet
  facet normal 0 -1 0
    outer loop
      vertex -15.3876 19.1 -5.22339
      vertex 15.6963 19.1 -4.20581
      vertex -15.6963 19.1 -4.20581
    endloop
  endfacet
  facet normal 0 -1 0
    outer loop
      vertex -15.3876 19.1 -5.22339
      vertex 15.3876 19.1 -5.22339
      vertex 15.6963 19.1 -4.20581
    endloop
  endfacet
  facet normal 0 -1 0
    outer loop
      vertex -15.013 19.1 -6.21861
      vertex 15.3876 19.1 -5.22339
      vertex -15.3876 19.1 -5.22339
    endloop
  endfacet
  facet normal 0 -1 0
    outer loop
      vertex -15.013 19.1 -6.21861
      vertex 15.013 19.1 -6.21861
      vertex 15.3876 19.1 -5.22339
    endloop
  endfacet
  facet normal 0 -1 0
    outer loop
      vertex -14.5742 19.1 -7.18719
      vertex 15.013 19.1 -6.21861
      vertex -15.013 19.1 -6.21861
    endloop
  endfacet
  facet normal 0 -1 0
    outer loop
      vertex -14.5742 19.1 -7.18719
      vertex 14.5742 19.1 -7.18719
      vertex 15.013 19.1 -6.21861
    endloop
  endfacet
  facet normal 0 -1 0
    outer loop
      vertex -14.0729 19.1 -8.125
      vertex 14.5742 19.1 -7.18719
      vertex -14.5742 19.1 -7.18719
    endloop
  endfacet
  facet normal 0 -1 0
    outer loop
      vertex -14.0729 19.1 -8.125
      vertex 14.0729 19.1 -8.125
      vertex 14.5742 19.1 -7.18719
    endloop
  endfacet
  facet normal 0 -1 0
    outer loop
      vertex -13.5114 19.1 -9.02802
      vertex 14.0729 19.1 -8.125
      vertex -14.0729 19.1 -8.125
    endloop
  endfacet
  facet normal 0 -1 0
    outer loop
      vertex -13.5114 19.1 -9.02802
      vertex 13.5114 19.1 -9.02802
      vertex 14.0729 19.1 -8.125
    endloop
  endfacet
  facet normal 0 -1 0
    outer loop
      vertex -12.892 19.1 -9.89237
      vertex 13.5114 19.1 -9.02802
      vertex -13.5114 19.1 -9.02802
    endloop
  endfacet
  facet normal 0 -1 0
    outer loop
      vertex -12.892 19.1 -9.89237
      vertex 12.892 19.1 -9.89237
      vertex 13.5114 19.1 -9.02802
    endloop
  endfacet
  facet normal 0 -1 0
    outer loop
      vertex -12.2174 19.1 -10.7144
      vertex 12.892 19.1 -9.89237
      vertex -12.892 19.1 -9.89237
    endloop
  endfacet
  facet normal 0 -1 0
    outer loop
      vertex -12.2174 19.1 -10.7144
      vertex 12.2174 19.1 -10.7144
      vertex 12.892 19.1 -9.89237
    endloop
  endfacet
  facet normal 0 -1 0
    outer loop
      vertex -11.4905 19.1 -11.4905
      vertex 12.2174 19.1 -10.7144
      vertex -12.2174 19.1 -10.7144
    endloop
  endfacet
  facet normal 0 -1 0
    outer loop
      vertex -11.4905 19.1 -11.4905
      vertex 11.4905 19.1 -11.4905
      vertex 12.2174 19.1 -10.7144
    endloop
  endfacet
  facet normal 0 -1 0
    outer loop
      vertex -10.7144 19.1 -12.2174
      vertex 11.4905 19.1 -11.4905
      vertex -11.4905 19.1 -11.4905
    endloop
  endfacet
  facet normal 0 -1 0
    outer loop
      vertex -10.7144 19.1 -12.2174
      vertex 10.7144 19.1 -12.2174
      vertex 11.4905 19.1 -11.4905
    endloop
  endfacet
  facet normal 0 -1 0
    outer loop
      vertex -9.89237 19.1 -12.892
      vertex 10.7144 19.1 -12.2174
      vertex -10.7144 19.1 -12.2174
    endloop
  endfacet
  facet normal 0 -1 0
    outer loop
      vertex -9.89237 19.1 -12.892
      vertex 9.89237 19.1 -12.892
      vertex 10.7144 19.1 -12.2174
    endloop
  endfacet
  facet normal 0 -1 0
    outer loop
      vertex -9.02802 19.1 -13.5114
      vertex 9.89237 19.1 -12.892
      vertex -9.89237 19.1 -12.892
    endloop
  endfacet
  facet normal 0 -1 0
    outer loop
      vertex -9.02802 19.1 -13.5114
      vertex 9.02802 19.1 -13.5114
      vertex 9.89237 19.1 -12.892
    endloop
  endfacet
  facet normal 0 -1 0
    outer loop
      vertex -8.125 19.1 -14.0729
      vertex 9.02802 19.1 -13.5114
      vertex -9.02802 19.1 -13.5114
    endloop
  endfacet
  facet normal 0 -1 0
    outer loop
      vertex -8.125 19.1 -14.0729
      vertex 8.125 19.1 -14.0729
      vertex 9.02802 19.1 -13.5114
    endloop
  endfacet
  facet normal 0 -1 0
    outer loop
      vertex -7.18719 19.1 -14.5742
      vertex 8.125 19.1 -14.0729
      vertex -8.125 19.1 -14.0729
    endloop
  endfacet
  facet normal 0 -1 0
    outer loop
      vertex -7.18719 19.1 -14.5742
      vertex 7.18719 19.1 -14.5742
      vertex 8.125 19.1 -14.0729
    endloop
  endfacet
  facet normal 0 -1 0
    outer loop
      vertex -6.21861 19.1 -15.013
      vertex 7.18719 19.1 -14.5742
      vertex -7.18719 19.1 -14.5742
    endloop
  endfacet
  facet normal 0 -1 0
    outer loop
      vertex -6.21861 19.1 -15.013
      vertex 6.21861 19.1 -15.013
      vertex 7.18719 19.1 -14.5742
    endloop
  endfacet
  facet normal 0 -1 0
    outer loop
      vertex -5.22339 19.1 -15.3876
      vertex 6.21861 19.1 -15.013
      vertex -6.21861 19.1 -15.013
    endloop
  endfacet
  facet normal 0 -1 0
    outer loop
      vertex -5.22339 19.1 -15.3876
      vertex 5.22339 19.1 -15.3876
      vertex 6.21861 19.1 -15.013
    endloop
  endfacet
  facet normal 0 -1 0
    outer loop
      vertex -4.20581 19.1 -15.6963
      vertex 5.22339 19.1 -15.3876
      vertex -5.22339 19.1 -15.3876
    endloop
  endfacet
  facet normal 0 -1 0
    outer loop
      vertex -4.20581 19.1 -15.6963
      vertex 4.20581 19.1 -15.6963
      vertex 5.22339 19.1 -15.3876
    endloop
  endfacet
  facet normal 0 -1 0
    outer loop
      vertex -3.17022 19.1 -15.9378
      vertex 4.20581 19.1 -15.6963
      vertex -4.20581 19.1 -15.6963
    endloop
  endfacet
  facet normal 0 -1 0
    outer loop
      vertex -3.17022 19.1 -15.9378
      vertex 3.17022 19.1 -15.9378
      vertex 4.20581 19.1 -15.6963
    endloop
  endfacet
  facet normal 0 -1 0
    outer loop
      vertex -2.12105 19.1 -16.111
      vertex 3.17022 19.1 -15.9378
      vertex -3.17022 19.1 -15.9378
    endloop
  endfacet
  facet normal 0 -1 0
    outer loop
      vertex -2.12105 19.1 -16.111
      vertex 2.12105 19.1 -16.111
      vertex 3.17022 19.1 -15.9378
    endloop
  endfacet
  facet normal 0 -1 0
    outer loop
      vertex -1.0628 19.1 -16.2152
      vertex 2.12105 19.1 -16.111
      vertex -2.12105 19.1 -16.111
    endloop
  endfacet
  facet normal 0 -1 0
    outer loop
      vertex -1.0628 19.1 -16.2152
      vertex 1.0628 19.1 -16.2152
      vertex 2.12105 19.1 -16.111
    endloop
  endfacet
  facet normal -0 -1 0
    outer loop
      vertex 1.0628 19.1 -16.2152
      vertex -1.0628 19.1 -16.2152
      vertex 0 19.1 -16.25
    endloop
  endfacet
  facet normal -0.22683 -0.0493621 0.972683
    outer loop
      vertex 4.43875 0.9 -16.5656
      vertex 4.20581 19.1 -15.6963
      vertex 3.17022 19.1 -15.9378
    endloop
  endfacet
  facet normal 0.470844 -0.0493628 0.880834
    outer loop
      vertex -7.18719 19.1 -14.5742
      vertex -8.125 19.1 -14.0729
      vertex -8.575 0.9 -14.8523
    endloop
  endfacet
  facet normal 0.772085 -0.0493647 0.633599
    outer loop
      vertex -12.8941 0.9 -11.3078
      vertex -12.892 19.1 -9.89237
      vertex -13.606 0.9 -10.4403
    endloop
  endfacet
  facet normal 0.934757 -0.0493642 0.351842
    outer loop
      vertex -15.013 19.1 -6.21861
      vertex -15.3876 19.1 -5.22339
      vertex -15.8445 0.9 -6.56302
    endloop
  endfacet
  facet normal 0.880821 -0.0493644 0.470869
    outer loop
      vertex -14.8523 0.9 -8.575
      vertex -14.5742 19.1 -7.18719
      vertex -15.3814 0.9 -7.58525
    endloop
  endfacet
  facet normal 0.909776 -0.0493645 0.412155
    outer loop
      vertex -15.3814 0.9 -7.58525
      vertex -14.5742 19.1 -7.18719
      vertex -15.8445 0.9 -6.56302
    endloop
  endfacet
  facet normal 0.527403 -0.0493628 0.84818
    outer loop
      vertex -8.575 0.9 -14.8523
      vertex -8.125 19.1 -14.0729
      vertex -9.52803 0.9 -14.2597
    endloop
  endfacet
  facet normal 0.998246 -0.0493653 0.0326863
    outer loop
      vertex -16.2152 19.1 -1.0628
      vertex -16.25 19.1 0
      vertex -17.1133 0.9 -1.12166
    endloop
  endfacet
  facet normal 0.728973 -0.0493652 0.68276
    outer loop
      vertex -11.4905 19.1 -11.4905
      vertex -12.2174 19.1 -10.7144
      vertex -12.8941 0.9 -11.3078
    endloop
  endfacet
  facet normal 0.848181 -0.0493626 0.527401
    outer loop
      vertex -13.5114 19.1 -9.02802
      vertex -14.0729 19.1 -8.125
      vertex -14.2597 0.9 -9.52803
    endloop
  endfacet
  facet normal 0.162686 -0.0493634 0.985442
    outer loop
      vertex -2.23852 0.9 -17.0033
      vertex -3.17022 19.1 -15.9378
      vertex -3.3458 0.9 -16.8205
    endloop
  endfacet
  facet normal -0.848181 -0.0493626 0.527401
    outer loop
      vertex 14.2597 0.9 -9.52803
      vertex 14.0729 19.1 -8.125
      vertex 13.5114 19.1 -9.02802
    endloop
  endfacet
  facet normal -0.470844 -0.0493628 0.880834
    outer loop
      vertex 8.575 0.9 -14.8523
      vertex 8.125 19.1 -14.0729
      vertex 7.18719 19.1 -14.5742
    endloop
  endfacet
  facet normal 0.811849 -0.0493627 0.581777
    outer loop
      vertex -12.892 19.1 -9.89237
      vertex -13.5114 19.1 -9.02802
      vertex -14.2597 0.9 -9.52803
    endloop
  endfacet
  facet normal -0.412159 -0.0493642 0.909774
    outer loop
      vertex 6.56302 0.9 -15.8445
      vertex 7.18719 19.1 -14.5742
      vertex 6.21861 19.1 -15.013
    endloop
  endfacet
endsolid OpenSCAD_Model
