solid OpenSCAD_Model
  facet normal -0.973856 0.227165 0
    outer loop
      vertex -80.3221 40.2458 8
      vertex -80.1883 40.8194 27.31
      vertex -80.1883 40.8194 8
    endloop
  endfacet
  facet normal -0.973856 0.227165 0
    outer loop
      vertex -80.1883 40.8194 27.31
      vertex -80.3221 40.2458 8
      vertex -80.3221 40.2458 27.31
    endloop
  endfacet
  facet normal 0 -0.705925 0.708286
    outer loop
      vertex -71.4458 -44.49 30.3
      vertex -25 -47.49 27.31
      vertex -25 -44.49 30.3
    endloop
  endfacet
  facet normal 0 -0.705925 0.708286
    outer loop
      vertex -25 -47.49 27.31
      vertex -71.4458 -44.49 30.3
      vertex -71.495 -47.49 27.31
    endloop
  endfacet
  facet normal 0 -0.705925 0.708286
    outer loop
      vertex 25 -47.49 27.31
      vertex 71.4458 -44.49 30.3
      vertex 25 -44.49 30.3
    endloop
  endfacet
  facet normal 0 -0.705925 0.708286
    outer loop
      vertex 71.4458 -44.49 30.3
      vertex 25 -47.49 27.31
      vertex 71.495 -47.49 27.31
    endloop
  endfacet
  facet normal 0.0691625 0.702533 0.708283
    outer loop
      vertex 72.6697 47.413 27.31
      vertex 72.0836 47.4707 27.31
      vertex 72.2779 44.4371 30.3
    endloop
  endfacet
  facet normal -0.642999 -0.291357 0.708282
    outer loop
      vertex -76.8747 -41.1432 30.3
      vertex -79.8099 -41.9341 27.31
      vertex -79.5668 -42.4706 27.31
    endloop
  endfacet
  facet normal -0.995264 0.0972118 0
    outer loop
      vertex -80.4673 39.1646 0
      vertex -80.4757 39.0786 0
      vertex -80.4673 39.1646 8
    endloop
  endfacet
  facet normal -0.995176 0.0981047 0
    outer loop
      vertex -80.4673 39.1646 8
      vertex -80.418 39.6647 27.31
      vertex -80.418 39.6647 8
    endloop
  endfacet
  facet normal -0.995189 0.0979737 3.42587e-06
    outer loop
      vertex -80.4673 39.1646 8
      vertex -80.4757 39.0786 27.31
      vertex -80.418 39.6647 27.31
    endloop
  endfacet
  facet normal -0.995264 0.0972118 0
    outer loop
      vertex -80.4757 39.0786 27.31
      vertex -80.4673 39.1646 8
      vertex -80.4757 39.0786 0
    endloop
  endfacet
  facet normal -0.675512 -0.204973 0.708286
    outer loop
      vertex -77.289 -40.0424 30.3
      vertex -80.1883 -40.8194 27.31
      vertex -77.175 -40.4181 30.3
    endloop
  endfacet
  facet normal 0.622588 0.33275 0.708281
    outer loop
      vertex 79.2892 42.99 27.31
      vertex 76.8747 41.1432 30.3
      vertex 79.5668 42.4706 27.31
    endloop
  endfacet
  facet normal 0 1 -0
    outer loop
      vertex 71.495 47.49 8
      vertex -71.495 47.49 27.31
      vertex 71.495 47.49 27.31
    endloop
  endfacet
  facet normal 0 1 0
    outer loop
      vertex -71.495 47.49 27.31
      vertex 71.495 47.49 8
      vertex -71.495 47.49 8
    endloop
  endfacet
  facet normal -0.115063 -0.696489 0.708282
    outer loop
      vertex -72.6653 -44.3731 30.3
      vertex -72.6697 -47.413 27.31
      vertex -72.2779 -44.4371 30.3
    endloop
  endfacet
  facet normal 0.881939 -0.471364 0
    outer loop
      vertex 79.2892 -42.99 27.31
      vertex 79.5668 -42.4706 0
      vertex 79.5668 -42.4706 27.31
    endloop
  endfacet
  facet normal 0.881939 -0.471364 0
    outer loop
      vertex 79.5668 -42.4706 0
      vertex 79.2892 -42.99 27.31
      vertex 79.2892 -42.99 0
    endloop
  endfacet
  facet normal 0.52809 -0.849189 0
    outer loop
      vertex 75.995 -46.2842 0
      vertex 76.4951 -45.9732 27.31
      vertex 75.995 -46.2842 27.31
    endloop
  endfacet
  facet normal 0.52809 -0.849189 0
    outer loop
      vertex 76.4951 -45.9732 27.31
      vertex 75.995 -46.2842 0
      vertex 76.4951 -45.9732 0
    endloop
  endfacet
  facet normal -0.412728 -0.910854 0
    outer loop
      vertex -75.4756 -46.5618 0
      vertex -74.9391 -46.8049 27.31
      vertex -75.4756 -46.5618 27.31
    endloop
  endfacet
  facet normal -0.412728 -0.910854 -0
    outer loop
      vertex -74.9391 -46.8049 27.31
      vertex -75.4756 -46.5618 0
      vertex -74.9391 -46.8049 0
    endloop
  endfacet
  facet normal -0.0231346 -0.705546 0.708286
    outer loop
      vertex -71.4458 -44.49 30.3
      vertex -72.0836 -47.4707 27.31
      vertex -71.495 -47.49 27.31
    endloop
  endfacet
  facet normal 0.999463 -0.0327721 0
    outer loop
      vertex 80.4757 -39.0786 27.31
      vertex 80.495 -38.49 0
      vertex 80.495 -38.49 27.31
    endloop
  endfacet
  facet normal 0.999463 -0.0327721 0
    outer loop
      vertex 80.495 -38.49 0
      vertex 80.4757 -39.0786 27.31
      vertex 80.4757 -39.0786 0
    endloop
  endfacet
  facet normal 0.0231346 -0.705546 0.708286
    outer loop
      vertex 72.0836 -47.4707 27.31
      vertex 71.4458 -44.49 30.3
      vertex 71.495 -47.49 27.31
    endloop
  endfacet
  facet normal 0.599468 0.372794 0.708282
    outer loop
      vertex 78.9782 43.4901 27.31
      vertex 76.4825 41.8225 30.3
      vertex 79.2892 42.99 27.31
    endloop
  endfacet
  facet normal -0.0691017 -0.702534 0.708288
    outer loop
      vertex -71.8875 -44.4755 30.3
      vertex -72.2779 -44.4371 30.3
      vertex -72.0836 -47.4707 27.31
    endloop
  endfacet
  facet normal -0.0691625 -0.702533 0.708283
    outer loop
      vertex -72.2779 -44.4371 30.3
      vertex -72.6697 -47.413 27.31
      vertex -72.0836 -47.4707 27.31
    endloop
  endfacet
  facet normal -0.33275 -0.622588 0.708281
    outer loop
      vertex -74.1482 -43.8697 30.3
      vertex -75.995 -46.2842 27.31
      vertex -75.4756 -46.5618 27.31
    endloop
  endfacet
  facet normal 0.411164 0.573831 0.708281
    outer loop
      vertex 76.4951 45.9732 27.31
      vertex 75.1467 43.2488 30.3
      vertex 76.9738 45.6302 27.31
    endloop
  endfacet
  facet normal 0.227165 0.973856 -0
    outer loop
      vertex 73.8244 47.1833 8
      vertex 73.2508 47.3171 27.31
      vertex 73.8244 47.1833 27.31
    endloop
  endfacet
  facet normal 0.227165 0.973856 0
    outer loop
      vertex 73.2508 47.3171 27.31
      vertex 73.8244 47.1833 8
      vertex 73.2508 47.3171 8
    endloop
  endfacet
  facet normal 0.986654 0.162829 0
    outer loop
      vertex 80.418 39.6647 27.31
      vertex 80.3221 40.2458 8
      vertex 80.3221 40.2458 27.31
    endloop
  endfacet
  facet normal 0.986654 0.162829 0
    outer loop
      vertex 80.3221 40.2458 8
      vertex 80.418 39.6647 27.31
      vertex 80.418 39.6647 8
    endloop
  endfacet
  facet normal -0.482479 -0.515323 0.708277
    outer loop
      vertex -75.4499 -43 30.3
      vertex -77.859 -44.854 27.31
      vertex -77.4291 -45.2565 27.31
    endloop
  endfacet
  facet normal -0.471364 0.881939 0
    outer loop
      vertex -75.4756 46.5618 8
      vertex -75.995 46.2842 27.31
      vertex -75.4756 46.5618 27.31
    endloop
  endfacet
  facet normal -0.471364 0.881939 0
    outer loop
      vertex -75.995 46.2842 27.31
      vertex -75.4756 46.5618 8
      vertex -75.995 46.2842 8
    endloop
  endfacet
  facet normal 0.411164 -0.573831 0.708281
    outer loop
      vertex 76.9738 -45.6302 27.31
      vertex 75.1467 -43.2488 30.3
      vertex 76.4951 -45.9732 27.31
    endloop
  endfacet
  facet normal 0.696499 0.114944 0.708292
    outer loop
      vertex 80.3221 40.2458 27.31
      vertex 77.3781 39.6603 30.3
      vertex 80.418 39.6647 27.31
    endloop
  endfacet
  facet normal 0.573783 0.411232 0.708281
    outer loop
      vertex 78.9782 43.4901 27.31
      vertex 76.2538 42.1416 30.3
      vertex 76.4825 41.8225 30.3
    endloop
  endfacet
  facet normal -0.0231614 0.705543 0.708289
    outer loop
      vertex -71.4458 44.49 30.3
      vertex -72.0836 47.4707 27.31
      vertex -71.8875 44.4755 30.3
    endloop
  endfacet
  facet normal -0.675533 0.204878 0.708294
    outer loop
      vertex -80.0174 41.3829 27.31
      vertex -80.1883 40.8194 27.31
      vertex -77.175 40.4181 30.3
    endloop
  endfacet
  facet normal 0.643014 -0.291315 0.708286
    outer loop
      vertex 77.0368 -40.7854 30.3
      vertex 76.8747 -41.1432 30.3
      vertex 79.8099 -41.9341 27.31
    endloop
  endfacet
  facet normal -0.999463 0.0327721 0
    outer loop
      vertex -80.495 38.49 0
      vertex -80.4757 39.0786 27.31
      vertex -80.4757 39.0786 0
    endloop
  endfacet
  facet normal -0.999463 0.0327721 0
    outer loop
      vertex -80.4757 39.0786 27.31
      vertex -80.495 38.49 0
      vertex -80.495 38.49 27.31
    endloop
  endfacet
  facet normal 0.573826 -0.41116 0.708288
    outer loop
      vertex 78.9782 -43.4901 27.31
      vertex 76.2538 -42.1416 30.3
      vertex 78.6352 -43.9688 27.31
    endloop
  endfacet
  facet normal -0.702533 0.0691625 0.708283
    outer loop
      vertex -80.418 39.6647 27.31
      vertex -80.4757 39.0786 27.31
      vertex -77.4421 39.2729 30.3
    endloop
  endfacet
  facet normal -0.729902 -0.683551 0
    outer loop
      vertex -77.859 -44.854 0
      vertex -78.2616 -44.4241 27.31
      vertex -78.2616 -44.4241 0
    endloop
  endfacet
  facet normal -0.729902 -0.683551 0
    outer loop
      vertex -78.2616 -44.4241 27.31
      vertex -77.859 -44.854 0
      vertex -77.859 -44.854 27.31
    endloop
  endfacet
  facet normal 0 -1 0
    outer loop
      vertex -71.495 -47.49 0
      vertex -25 -47.49 27.31
      vertex -71.495 -47.49 27.31
    endloop
  endfacet
  facet normal 0 -1 -0
    outer loop
      vertex -25 -47.49 27.31
      vertex -71.495 -47.49 0
      vertex -25 -47.49 0
    endloop
  endfacet
  facet normal 0 -1 0
    outer loop
      vertex 25 -47.49 0
      vertex 71.495 -47.49 27.31
      vertex 25 -47.49 27.31
    endloop
  endfacet
  facet normal 0 -1 -0
    outer loop
      vertex 71.495 -47.49 27.31
      vertex 25 -47.49 0
      vertex 71.495 -47.49 0
    endloop
  endfacet
  facet normal 0.660696 0.248593 0.708296
    outer loop
      vertex 80.0174 41.3829 27.31
      vertex 77.0368 40.7854 30.3
      vertex 77.175 40.4181 30.3
    endloop
  endfacet
  facet normal 0.115063 -0.696489 0.708282
    outer loop
      vertex 72.6653 -44.3731 30.3
      vertex 72.2779 -44.4371 30.3
      vertex 72.6697 -47.413 27.31
    endloop
  endfacet
  facet normal 0.0327721 0.999463 -0
    outer loop
      vertex 72.0836 47.4707 8
      vertex 71.495 47.49 27.31
      vertex 72.0836 47.4707 27.31
    endloop
  endfacet
  facet normal 0.0327721 0.999463 0
    outer loop
      vertex 71.495 47.49 27.31
      vertex 72.0836 47.4707 8
      vertex 71.495 47.49 8
    endloop
  endfacet
  facet normal -0.660696 0.248593 0.708296
    outer loop
      vertex -77.0368 40.7854 30.3
      vertex -80.0174 41.3829 27.31
      vertex -77.175 40.4181 30.3
    endloop
  endfacet
  facet normal -0.935882 -0.352314 0
    outer loop
      vertex -79.8099 -41.9341 0
      vertex -80.0174 -41.3829 27.31
      vertex -80.0174 -41.3829 0
    endloop
  endfacet
  facet normal -0.935882 -0.352314 0
    outer loop
      vertex -80.0174 -41.3829 27.31
      vertex -79.8099 -41.9341 0
      vertex -79.8099 -41.9341 27.31
    endloop
  endfacet
  facet normal -0.447874 -0.545671 0.708274
    outer loop
      vertex -75.4499 -43 30.3
      vertex -77.4291 -45.2565 27.31
      vertex -76.9738 -45.6302 27.31
    endloop
  endfacet
  facet normal 1 -0 0
    outer loop
      vertex 80.495 -38.49 27.31
      vertex 80.495 38.49 0
      vertex 80.495 38.49 27.31
    endloop
  endfacet
  facet normal 1 0 0
    outer loop
      vertex 80.495 38.49 0
      vertex 80.495 -38.49 27.31
      vertex 80.495 -38.49 0
    endloop
  endfacet
  facet normal 0.705546 0.0231346 0.708286
    outer loop
      vertex 80.4757 39.0786 27.31
      vertex 77.495 38.4408 30.3
      vertex 80.495 38.49 27.31
    endloop
  endfacet
  facet normal 0.705925 0 0.708286
    outer loop
      vertex 77.495 38.4408 30.3
      vertex 80.495 -38.49 27.31
      vertex 80.495 38.49 27.31
    endloop
  endfacet
  facet normal 0.705925 0 0.708286
    outer loop
      vertex 80.495 -38.49 27.31
      vertex 77.495 38.4408 30.3
      vertex 77.495 -38.4408 30.3
    endloop
  endfacet
  facet normal 0.599468 -0.372794 0.708282
    outer loop
      vertex 79.2892 -42.99 27.31
      vertex 76.4825 -41.8225 30.3
      vertex 78.9782 -43.4901 27.31
    endloop
  endfacet
  facet normal 0.696489 0.115063 0.708282
    outer loop
      vertex 80.418 39.6647 27.31
      vertex 77.3781 39.6603 30.3
      vertex 77.4421 39.2729 30.3
    endloop
  endfacet
  facet normal -0.204843 -0.67554 0.708297
    outer loop
      vertex -73.4231 -44.17 30.3
      vertex -74.388 -47.0124 27.31
      vertex -73.8244 -47.1833 27.31
    endloop
  endfacet
  facet normal 0.999463 0.0327721 0
    outer loop
      vertex 80.495 38.49 27.31
      vertex 80.4757 39.0786 0
      vertex 80.4757 39.0786 27.31
    endloop
  endfacet
  facet normal 0.999463 0.0327721 0
    outer loop
      vertex 80.4757 39.0786 0
      vertex 80.495 38.49 27.31
      vertex 80.495 38.49 0
    endloop
  endfacet
  facet normal -0.705925 0 0.708286
    outer loop
      vertex -80.495 38.49 27.31
      vertex -77.495 -38.4408 30.3
      vertex -77.495 38.4408 30.3
    endloop
  endfacet
  facet normal -0.705925 0 0.708286
    outer loop
      vertex -77.495 -38.4408 30.3
      vertex -80.495 38.49 27.31
      vertex -80.495 -38.49 27.31
    endloop
  endfacet
  facet normal 0.956957 -0.290229 0
    outer loop
      vertex 80.0174 -41.3829 27.31
      vertex 80.1883 -40.8194 0
      vertex 80.1883 -40.8194 27.31
    endloop
  endfacet
  facet normal 0.956957 -0.290229 0
    outer loop
      vertex 80.1883 -40.8194 0
      vertex 80.0174 -41.3829 27.31
      vertex 80.0174 -41.3829 0
    endloop
  endfacet
  facet normal 0.482626 0.515161 0.708295
    outer loop
      vertex 77.859 44.854 27.31
      vertex 75.4499 43 30.3
      vertex 75.7365 42.7315 30.3
    endloop
  endfacet
  facet normal -0.515258 -0.482538 0.708284
    outer loop
      vertex -76.005 -42.4449 30.3
      vertex -78.2616 -44.4241 27.31
      vertex -77.859 -44.854 27.31
    endloop
  endfacet
  facet normal 0.849189 -0.52809 0
    outer loop
      vertex 78.9782 -43.4901 27.31
      vertex 79.2892 -42.99 0
      vertex 79.2892 -42.99 27.31
    endloop
  endfacet
  facet normal 0.849189 -0.52809 0
    outer loop
      vertex 79.2892 -42.99 0
      vertex 78.9782 -43.4901 27.31
      vertex 78.9782 -43.4901 0
    endloop
  endfacet
  facet normal -0.372794 -0.599468 0.708282
    outer loop
      vertex -74.8275 -43.4775 30.3
      vertex -76.4951 -45.9732 27.31
      vertex -75.995 -46.2842 27.31
    endloop
  endfacet
  facet normal 0.910854 -0.412728 0
    outer loop
      vertex 79.5668 -42.4706 27.31
      vertex 79.8099 -41.9341 0
      vertex 79.8099 -41.9341 27.31
    endloop
  endfacet
  facet normal 0.910854 -0.412728 0
    outer loop
      vertex 79.8099 -41.9341 0
      vertex 79.5668 -42.4706 27.31
      vertex 79.5668 -42.4706 0
    endloop
  endfacet
  facet normal 0.204843 0.67554 0.708297
    outer loop
      vertex 73.8244 47.1833 27.31
      vertex 73.4231 44.17 30.3
      vertex 74.388 47.0124 27.31
    endloop
  endfacet
  facet normal 0.995176 0.0981047 0
    outer loop
      vertex 80.418 39.6647 27.31
      vertex 80.4673 39.1646 8
      vertex 80.418 39.6647 8
    endloop
  endfacet
  facet normal 0.995189 0.0979737 3.42587e-06
    outer loop
      vertex 80.4757 39.0786 27.31
      vertex 80.4673 39.1646 8
      vertex 80.418 39.6647 27.31
    endloop
  endfacet
  facet normal 0.995264 0.0972118 -0
    outer loop
      vertex 80.4757 39.0786 0
      vertex 80.4673 39.1646 8
      vertex 80.4757 39.0786 27.31
    endloop
  endfacet
  facet normal 0.995264 0.0972118 0
    outer loop
      vertex 80.4673 39.1646 8
      vertex 80.4757 39.0786 0
      vertex 80.4673 39.1646 0
    endloop
  endfacet
  facet normal -0.515258 0.482538 0.708284
    outer loop
      vertex -77.859 44.854 27.31
      vertex -78.2616 44.4241 27.31
      vertex -76.005 42.4449 30.3
    endloop
  endfacet
  facet normal 0 0.705925 0.708286
    outer loop
      vertex 71.495 47.49 27.31
      vertex -71.4458 44.49 30.3
      vertex 71.4458 44.49 30.3
    endloop
  endfacet
  facet normal 0 0.705925 0.708286
    outer loop
      vertex -71.4458 44.49 30.3
      vertex 71.495 47.49 27.31
      vertex -71.495 47.49 27.31
    endloop
  endfacet
  facet normal -0.332789 -0.622562 0.708285
    outer loop
      vertex -74.4941 -43.6848 30.3
      vertex -75.995 -46.2842 27.31
      vertex -74.1482 -43.8697 30.3
    endloop
  endfacet
  facet normal -0.411146 -0.573842 0.708283
    outer loop
      vertex -75.1467 -43.2488 30.3
      vertex -76.4951 -45.9732 27.31
      vertex -74.8275 -43.4775 30.3
    endloop
  endfacet
  facet normal 0.881939 0.471364 0
    outer loop
      vertex 79.5668 42.4706 27.31
      vertex 79.2892 42.99 8
      vertex 79.2892 42.99 27.31
    endloop
  endfacet
  facet normal 0.881939 0.471364 0
    outer loop
      vertex 79.2892 42.99 8
      vertex 79.5668 42.4706 27.31
      vertex 79.5668 42.4706 8
    endloop
  endfacet
  facet normal 0.114944 0.696499 0.708292
    outer loop
      vertex 72.6697 47.413 27.31
      vertex 72.6653 44.3731 30.3
      vertex 73.2508 47.3171 27.31
    endloop
  endfacet
  facet normal 0.0979737 0.995189 -0
    outer loop
      vertex 72.6697 47.413 8
      vertex 72.0836 47.4707 27.31
      vertex 72.6697 47.413 27.31
    endloop
  endfacet
  facet normal 0.0979737 0.995189 0
    outer loop
      vertex 72.0836 47.4707 27.31
      vertex 72.6697 47.413 8
      vertex 72.0836 47.4707 8
    endloop
  endfacet
  facet normal 0.687465 -0.160361 0.708291
    outer loop
      vertex 80.3221 -40.2458 27.31
      vertex 77.3781 -39.6603 30.3
      vertex 80.1883 -40.8194 27.31
    endloop
  endfacet
  facet normal 0.705543 0.0231614 0.708289
    outer loop
      vertex 80.4757 39.0786 27.31
      vertex 77.4805 38.8825 30.3
      vertex 77.495 38.4408 30.3
    endloop
  endfacet
  facet normal -0.687465 -0.160361 0.708291
    outer loop
      vertex -77.3781 -39.6603 30.3
      vertex -80.3221 -40.2458 27.31
      vertex -80.1883 -40.8194 27.31
    endloop
  endfacet
  facet normal 0.0231346 0.705546 0.708286
    outer loop
      vertex 71.495 47.49 27.31
      vertex 71.4458 44.49 30.3
      vertex 72.0836 47.4707 27.31
    endloop
  endfacet
  facet normal -0.773056 0.634337 0
    outer loop
      vertex -78.6352 43.9688 8
      vertex -78.2616 44.4241 27.31
      vertex -78.2616 44.4241 8
    endloop
  endfacet
  facet normal -0.773056 0.634337 0
    outer loop
      vertex -78.2616 44.4241 27.31
      vertex -78.6352 43.9688 8
      vertex -78.6352 43.9688 27.31
    endloop
  endfacet
  facet normal 0.471364 0.881939 -0
    outer loop
      vertex 75.995 46.2842 8
      vertex 75.4756 46.5618 27.31
      vertex 75.995 46.2842 27.31
    endloop
  endfacet
  facet normal 0.471364 0.881939 0
    outer loop
      vertex 75.4756 46.5618 27.31
      vertex 75.995 46.2842 8
      vertex 75.4756 46.5618 8
    endloop
  endfacet
  facet normal -0.812872 -0.582442 0
    outer loop
      vertex -78.6352 -43.9688 0
      vertex -78.9782 -43.4901 27.31
      vertex -78.9782 -43.4901 0
    endloop
  endfacet
  facet normal -0.812872 -0.582442 0
    outer loop
      vertex -78.9782 -43.4901 27.31
      vertex -78.6352 -43.9688 0
      vertex -78.6352 -43.9688 27.31
    endloop
  endfacet
  facet normal 0.812872 0.582442 0
    outer loop
      vertex 78.9782 43.4901 27.31
      vertex 78.6352 43.9688 8
      vertex 78.6352 43.9688 27.31
    endloop
  endfacet
  facet normal 0.812872 0.582442 0
    outer loop
      vertex 78.6352 43.9688 8
      vertex 78.9782 43.4901 27.31
      vertex 78.9782 43.4901 8
    endloop
  endfacet
  facet normal 0.545724 0.447798 0.708282
    outer loop
      vertex 78.2616 44.4241 27.31
      vertex 76.005 42.4449 30.3
      vertex 78.6352 43.9688 27.31
    endloop
  endfacet
  facet normal -0.332789 0.622562 0.708285
    outer loop
      vertex -74.1482 43.8697 30.3
      vertex -75.995 46.2842 27.31
      vertex -74.4941 43.6848 30.3
    endloop
  endfacet
  facet normal -0.35237 0.935861 0
    outer loop
      vertex -74.388 47.0124 8
      vertex -74.9391 46.8049 27.31
      vertex -74.388 47.0124 27.31
    endloop
  endfacet
  facet normal -0.35237 0.935861 0
    outer loop
      vertex -74.9391 46.8049 27.31
      vertex -74.388 47.0124 8
      vertex -74.9391 46.8049 8
    endloop
  endfacet
  facet normal 0.660696 -0.248593 0.708296
    outer loop
      vertex 77.175 -40.4181 30.3
      vertex 77.0368 -40.7854 30.3
      vertex 80.0174 -41.3829 27.31
    endloop
  endfacet
  facet normal -0.683461 -0.729987 0
    outer loop
      vertex -77.859 -44.854 0
      vertex -77.4291 -45.2565 27.31
      vertex -77.859 -44.854 27.31
    endloop
  endfacet
  facet normal -0.683461 -0.729987 -0
    outer loop
      vertex -77.4291 -45.2565 27.31
      vertex -77.859 -44.854 0
      vertex -77.4291 -45.2565 0
    endloop
  endfacet
  facet normal -0.599491 -0.372749 0.708286
    outer loop
      vertex -76.6898 -41.4891 30.3
      vertex -79.2892 -42.99 27.31
      vertex -76.4825 -41.8225 30.3
    endloop
  endfacet
  facet normal -0.372794 0.599468 0.708282
    outer loop
      vertex -75.995 46.2842 27.31
      vertex -76.4951 45.9732 27.31
      vertex -74.8275 43.4775 30.3
    endloop
  endfacet
  facet normal -0.705546 0.0231346 0.708286
    outer loop
      vertex -80.4757 39.0786 27.31
      vertex -80.495 38.49 27.31
      vertex -77.495 38.4408 30.3
    endloop
  endfacet
  facet normal -1 0 0
    outer loop
      vertex -80.495 -38.49 0
      vertex -80.495 38.49 27.31
      vertex -80.495 38.49 0
    endloop
  endfacet
  facet normal -1 -0 0
    outer loop
      vertex -80.495 38.49 27.31
      vertex -80.495 -38.49 0
      vertex -80.495 -38.49 27.31
    endloop
  endfacet
  facet normal -0.687482 -0.16031 0.708286
    outer loop
      vertex -77.3781 -39.6603 30.3
      vertex -80.1883 -40.8194 27.31
      vertex -77.289 -40.0424 30.3
    endloop
  endfacet
  facet normal 0.634439 -0.772973 0
    outer loop
      vertex 76.9738 -45.6302 0
      vertex 77.4291 -45.2565 27.31
      vertex 76.9738 -45.6302 27.31
    endloop
  endfacet
  facet normal 0.634439 -0.772973 0
    outer loop
      vertex 77.4291 -45.2565 27.31
      vertex 76.9738 -45.6302 0
      vertex 77.4291 -45.2565 0
    endloop
  endfacet
  facet normal -0.52809 0.849189 0
    outer loop
      vertex -75.995 46.2842 8
      vertex -76.4951 45.9732 27.31
      vertex -75.995 46.2842 27.31
    endloop
  endfacet
  facet normal -0.52809 0.849189 0
    outer loop
      vertex -76.4951 45.9732 27.31
      vertex -75.995 46.2842 8
      vertex -76.4951 45.9732 8
    endloop
  endfacet
  facet normal -0.372749 -0.599491 0.708286
    outer loop
      vertex -74.8275 -43.4775 30.3
      vertex -75.995 -46.2842 27.31
      vertex -74.4941 -43.6848 30.3
    endloop
  endfacet
  facet normal -0.545783 -0.447712 0.70829
    outer loop
      vertex -76.2538 -42.1416 30.3
      vertex -78.6352 -43.9688 27.31
      vertex -76.005 -42.4449 30.3
    endloop
  endfacet
  facet normal 0.411146 -0.573842 0.708283
    outer loop
      vertex 75.1467 -43.2488 30.3
      vertex 74.8275 -43.4775 30.3
      vertex 76.4951 -45.9732 27.31
    endloop
  endfacet
  facet normal -0.660663 -0.248708 0.708286
    outer loop
      vertex -77.0368 -40.7854 30.3
      vertex -80.0174 -41.3829 27.31
      vertex -79.8099 -41.9341 27.31
    endloop
  endfacet
  facet normal -0.0327721 -0.999463 0
    outer loop
      vertex -72.0836 -47.4707 0
      vertex -71.495 -47.49 27.31
      vertex -72.0836 -47.4707 27.31
    endloop
  endfacet
  facet normal -0.0327721 -0.999463 -0
    outer loop
      vertex -71.495 -47.49 27.31
      vertex -72.0836 -47.4707 0
      vertex -71.495 -47.49 0
    endloop
  endfacet
  facet normal 0.0231614 0.705543 0.708289
    outer loop
      vertex 72.0836 47.4707 27.31
      vertex 71.4458 44.49 30.3
      vertex 71.8875 44.4755 30.3
    endloop
  endfacet
  facet normal -0.411146 0.573842 0.708283
    outer loop
      vertex -74.8275 43.4775 30.3
      vertex -76.4951 45.9732 27.31
      vertex -75.1467 43.2488 30.3
    endloop
  endfacet
  facet normal -0.849189 0.52809 0
    outer loop
      vertex -79.2892 42.99 8
      vertex -78.9782 43.4901 27.31
      vertex -78.9782 43.4901 8
    endloop
  endfacet
  facet normal -0.849189 0.52809 0
    outer loop
      vertex -78.9782 43.4901 27.31
      vertex -79.2892 42.99 8
      vertex -79.2892 42.99 27.31
    endloop
  endfacet
  facet normal -0.291315 0.643014 0.708286
    outer loop
      vertex -73.7904 44.0318 30.3
      vertex -74.9391 46.8049 27.31
      vertex -74.1482 43.8697 30.3
    endloop
  endfacet
  facet normal -0.482479 0.515323 0.708277
    outer loop
      vertex -77.4291 45.2565 27.31
      vertex -77.859 44.854 27.31
      vertex -75.4499 43 30.3
    endloop
  endfacet
  facet normal 0.115063 0.696489 0.708282
    outer loop
      vertex 72.6697 47.413 27.31
      vertex 72.2779 44.4371 30.3
      vertex 72.6653 44.3731 30.3
    endloop
  endfacet
  facet normal 0.986654 -0.162829 0
    outer loop
      vertex 80.3221 -40.2458 27.31
      vertex 80.418 -39.6647 0
      vertex 80.418 -39.6647 27.31
    endloop
  endfacet
  facet normal 0.986654 -0.162829 0
    outer loop
      vertex 80.418 -39.6647 0
      vertex 80.3221 -40.2458 27.31
      vertex 80.3221 -40.2458 0
    endloop
  endfacet
  facet normal 0.956957 0.290229 0
    outer loop
      vertex 80.1883 40.8194 27.31
      vertex 80.0174 41.3829 8
      vertex 80.0174 41.3829 27.31
    endloop
  endfacet
  facet normal 0.956957 0.290229 0
    outer loop
      vertex 80.0174 41.3829 8
      vertex 80.1883 40.8194 27.31
      vertex 80.1883 40.8194 8
    endloop
  endfacet
  facet normal 0.642999 0.291357 0.708282
    outer loop
      vertex 79.5668 42.4706 27.31
      vertex 76.8747 41.1432 30.3
      vertex 79.8099 41.9341 27.31
    endloop
  endfacet
  facet normal -0.582442 -0.812872 0
    outer loop
      vertex -76.9738 -45.6302 0
      vertex -76.4951 -45.9732 27.31
      vertex -76.9738 -45.6302 27.31
    endloop
  endfacet
  facet normal -0.582442 -0.812872 -0
    outer loop
      vertex -76.4951 -45.9732 27.31
      vertex -76.9738 -45.6302 0
      vertex -76.4951 -45.9732 0
    endloop
  endfacet
  facet normal -0.411164 -0.573831 0.708281
    outer loop
      vertex -75.1467 -43.2488 30.3
      vertex -76.9738 -45.6302 27.31
      vertex -76.4951 -45.9732 27.31
    endloop
  endfacet
  facet normal 0.162829 0.986654 -0
    outer loop
      vertex 73.2508 47.3171 8
      vertex 72.6697 47.413 27.31
      vertex 73.2508 47.3171 27.31
    endloop
  endfacet
  facet normal 0.162829 0.986654 0
    outer loop
      vertex 72.6697 47.413 27.31
      vertex 73.2508 47.3171 8
      vertex 72.6697 47.413 8
    endloop
  endfacet
  facet normal 0.291315 -0.643014 0.708286
    outer loop
      vertex 74.1482 -43.8697 30.3
      vertex 73.7904 -44.0318 30.3
      vertex 74.9391 -46.8049 27.31
    endloop
  endfacet
  facet normal 0.332789 -0.622562 0.708285
    outer loop
      vertex 74.4941 -43.6848 30.3
      vertex 74.1482 -43.8697 30.3
      vertex 75.995 -46.2842 27.31
    endloop
  endfacet
  facet normal 0.372794 0.599468 0.708282
    outer loop
      vertex 75.995 46.2842 27.31
      vertex 74.8275 43.4775 30.3
      vertex 76.4951 45.9732 27.31
    endloop
  endfacet
  facet normal 0.687465 0.160361 0.708291
    outer loop
      vertex 80.1883 40.8194 27.31
      vertex 77.3781 39.6603 30.3
      vertex 80.3221 40.2458 27.31
    endloop
  endfacet
  facet normal -0.35237 -0.935861 0
    outer loop
      vertex -74.9391 -46.8049 0
      vertex -74.388 -47.0124 27.31
      vertex -74.9391 -46.8049 27.31
    endloop
  endfacet
  facet normal -0.35237 -0.935861 -0
    outer loop
      vertex -74.388 -47.0124 27.31
      vertex -74.9391 -46.8049 0
      vertex -74.388 -47.0124 0
    endloop
  endfacet
  facet normal -0.291357 0.642999 0.708282
    outer loop
      vertex -74.9391 46.8049 27.31
      vertex -75.4756 46.5618 27.31
      vertex -74.1482 43.8697 30.3
    endloop
  endfacet
  facet normal -0.956957 0.290229 0
    outer loop
      vertex -80.1883 40.8194 8
      vertex -80.0174 41.3829 27.31
      vertex -80.0174 41.3829 8
    endloop
  endfacet
  facet normal -0.956957 0.290229 0
    outer loop
      vertex -80.0174 41.3829 27.31
      vertex -80.1883 40.8194 8
      vertex -80.1883 40.8194 27.31
    endloop
  endfacet
  facet normal 0.204973 -0.675512 0.708286
    outer loop
      vertex 73.4231 -44.17 30.3
      vertex 73.0474 -44.284 30.3
      vertex 73.8244 -47.1833 27.31
    endloop
  endfacet
  facet normal -0.515161 -0.482626 0.708295
    outer loop
      vertex -76.005 -42.4449 30.3
      vertex -77.859 -44.854 27.31
      vertex -75.7365 -42.7315 30.3
    endloop
  endfacet
  facet normal 0 0 -1
    outer loop
      vertex 78.0373 39.3512 0
      vertex 80.4673 39.1646 0
      vertex 78.0796 38.9215 0
    endloop
  endfacet
  facet normal 0 0 -1
    outer loop
      vertex 80.4673 39.1646 0
      vertex 78.0373 39.3512 0
      vertex 78.095 39.89 0
    endloop
  endfacet
  facet normal 0 0 -1
    outer loop
      vertex 77.9669 39.7774 0
      vertex 78.095 39.89 0
      vertex 78.0373 39.3512 0
    endloop
  endfacet
  facet normal -0 0 -1
    outer loop
      vertex 78.095 39.89 0
      vertex 77.9669 39.7774 0
      vertex 77.9407 39.89 0
    endloop
  endfacet
  facet normal -0 0 -1
    outer loop
      vertex 80.495 -38.49 0
      vertex 78.0796 -38.9215 0
      vertex 78.095 -38.4506 0
    endloop
  endfacet
  facet normal 0 0 -1
    outer loop
      vertex 78.6352 -43.9688 0
      vertex 78.0373 -39.3512 0
      vertex 78.0796 -38.9215 0
    endloop
  endfacet
  facet normal 0 0 -1
    outer loop
      vertex 78.6352 -43.9688 0
      vertex 77.9669 -39.7774 0
      vertex 78.0373 -39.3512 0
    endloop
  endfacet
  facet normal 0 0 -1
    outer loop
      vertex 78.6352 -43.9688 0
      vertex 77.8689 -40.1978 0
      vertex 77.9669 -39.7774 0
    endloop
  endfacet
  facet normal 0 0 -1
    outer loop
      vertex 76.4562 -42.8408 0
      vertex 78.2616 -44.4241 0
      vertex 77.859 -44.854 0
    endloop
  endfacet
  facet normal 0 0 -1
    outer loop
      vertex 78.6352 -43.9688 0
      vertex 77.7435 -40.6111 0
      vertex 77.8689 -40.1978 0
    endloop
  endfacet
  facet normal 0 0 -1
    outer loop
      vertex 78.6352 -43.9688 0
      vertex 77.5914 -41.0153 0
      vertex 77.7435 -40.6111 0
    endloop
  endfacet
  facet normal 0 0 -1
    outer loop
      vertex 76.161 -43.156 0
      vertex 77.859 -44.854 0
      vertex 77.4291 -45.2565 0
    endloop
  endfacet
  facet normal 0 0 -1
    outer loop
      vertex 78.6352 -43.9688 0
      vertex 77.4133 -41.4083 0
      vertex 77.5914 -41.0153 0
    endloop
  endfacet
  facet normal 0 0 -1
    outer loop
      vertex 78.6352 -43.9688 0
      vertex 77.2096 -41.7894 0
      vertex 77.4133 -41.4083 0
    endloop
  endfacet
  facet normal 0 0 -1
    outer loop
      vertex 78.6352 -43.9688 0
      vertex 76.9816 -42.156 0
      vertex 77.2096 -41.7894 0
    endloop
  endfacet
  facet normal 0 0 -1
    outer loop
      vertex 75.8458 -43.4512 0
      vertex 77.4291 -45.2565 0
      vertex 76.9738 -45.6302 0
    endloop
  endfacet
  facet normal 0 0 -1
    outer loop
      vertex 78.6352 -43.9688 0
      vertex 76.7301 -42.507 0
      vertex 76.9816 -42.156 0
    endloop
  endfacet
  facet normal 0 0 -1
    outer loop
      vertex 75.512 -43.7251 0
      vertex 76.9738 -45.6302 0
      vertex 76.4951 -45.9732 0
    endloop
  endfacet
  facet normal 0 0 -1
    outer loop
      vertex 78.2616 -44.4241 0
      vertex 76.4562 -42.8408 0
      vertex 76.7301 -42.507 0
    endloop
  endfacet
  facet normal 0 0 -1
    outer loop
      vertex 77.859 -44.854 0
      vertex 76.161 -43.156 0
      vertex 76.4562 -42.8408 0
    endloop
  endfacet
  facet normal 0 0 -1
    outer loop
      vertex 75.161 -43.9766 0
      vertex 76.4951 -45.9732 0
      vertex 75.995 -46.2842 0
    endloop
  endfacet
  facet normal 0 0 -1
    outer loop
      vertex 77.4291 -45.2565 0
      vertex 75.8458 -43.4512 0
      vertex 76.161 -43.156 0
    endloop
  endfacet
  facet normal 0 0 -1
    outer loop
      vertex 76.9738 -45.6302 0
      vertex 75.512 -43.7251 0
      vertex 75.8458 -43.4512 0
    endloop
  endfacet
  facet normal 0 0 -1
    outer loop
      vertex 74.7944 -44.2046 0
      vertex 75.995 -46.2842 0
      vertex 75.4756 -46.5618 0
    endloop
  endfacet
  facet normal 0 0 -1
    outer loop
      vertex 76.4951 -45.9732 0
      vertex 75.161 -43.9766 0
      vertex 75.512 -43.7251 0
    endloop
  endfacet
  facet normal 0 0 -1
    outer loop
      vertex 74.4133 -44.4083 0
      vertex 75.4756 -46.5618 0
      vertex 74.9391 -46.8049 0
    endloop
  endfacet
  facet normal 0 0 -1
    outer loop
      vertex 75.995 -46.2842 0
      vertex 74.7944 -44.2046 0
      vertex 75.161 -43.9766 0
    endloop
  endfacet
  facet normal 0 0 -1
    outer loop
      vertex 75.4756 -46.5618 0
      vertex 74.4133 -44.4083 0
      vertex 74.7944 -44.2046 0
    endloop
  endfacet
  facet normal 0 0 -1
    outer loop
      vertex 74.0203 -44.5864 0
      vertex 74.9391 -46.8049 0
      vertex 74.388 -47.0124 0
    endloop
  endfacet
  facet normal 0 0 -1
    outer loop
      vertex 74.9391 -46.8049 0
      vertex 74.0203 -44.5864 0
      vertex 74.4133 -44.4083 0
    endloop
  endfacet
  facet normal 0 0 -1
    outer loop
      vertex 73.6161 -44.7385 0
      vertex 74.388 -47.0124 0
      vertex 73.8244 -47.1833 0
    endloop
  endfacet
  facet normal 0 0 -1
    outer loop
      vertex 74.388 -47.0124 0
      vertex 73.6161 -44.7385 0
      vertex 74.0203 -44.5864 0
    endloop
  endfacet
  facet normal 0 0 -1
    outer loop
      vertex 73.2028 -44.8639 0
      vertex 73.8244 -47.1833 0
      vertex 73.2508 -47.3171 0
    endloop
  endfacet
  facet normal 0 0 -1
    outer loop
      vertex 73.8244 -47.1833 0
      vertex 73.2028 -44.8639 0
      vertex 73.6161 -44.7385 0
    endloop
  endfacet
  facet normal 0 0 -1
    outer loop
      vertex 73.2508 -47.3171 0
      vertex 72.7824 -44.9619 0
      vertex 73.2028 -44.8639 0
    endloop
  endfacet
  facet normal 0 0 -1
    outer loop
      vertex 72.6697 -47.413 0
      vertex 72.7824 -44.9619 0
      vertex 73.2508 -47.3171 0
    endloop
  endfacet
  facet normal 0 0 -1
    outer loop
      vertex 72.6697 -47.413 0
      vertex 72.3562 -45.0323 0
      vertex 72.7824 -44.9619 0
    endloop
  endfacet
  facet normal 0 0 -1
    outer loop
      vertex 72.0836 -47.4707 0
      vertex 72.3562 -45.0323 0
      vertex 72.6697 -47.413 0
    endloop
  endfacet
  facet normal 0 0 -1
    outer loop
      vertex 72.0836 -47.4707 0
      vertex 71.9265 -45.0746 0
      vertex 72.3562 -45.0323 0
    endloop
  endfacet
  facet normal 0 0 -1
    outer loop
      vertex 71.495 -47.49 0
      vertex 71.9265 -45.0746 0
      vertex 72.0836 -47.4707 0
    endloop
  endfacet
  facet normal 0 0 -1
    outer loop
      vertex 71.495 -47.49 0
      vertex 71.4556 -45.09 0
      vertex 71.9265 -45.0746 0
    endloop
  endfacet
  facet normal 0 0 -1
    outer loop
      vertex 25 -47.49 0
      vertex 71.4556 -45.09 0
      vertex 71.495 -47.49 0
    endloop
  endfacet
  facet normal -0 0 -1
    outer loop
      vertex 71.4556 -45.09 0
      vertex 25 -47.49 0
      vertex 25 -45.09 0
    endloop
  endfacet
  facet normal 0 0 -1
    outer loop
      vertex 78.0796 -38.9215 0
      vertex 80.495 -38.49 0
      vertex 80.4757 -39.0786 0
    endloop
  endfacet
  facet normal 0 0 -1
    outer loop
      vertex 80.495 -38.49 0
      vertex 78.095 -38.4506 0
      vertex 80.495 38.49 0
    endloop
  endfacet
  facet normal 0 0 -1
    outer loop
      vertex 78.0796 38.9215 0
      vertex 80.495 38.49 0
      vertex 78.095 38.4506 0
    endloop
  endfacet
  facet normal 0 0 -1
    outer loop
      vertex 80.495 38.49 0
      vertex 78.0796 38.9215 0
      vertex 80.4757 39.0786 0
    endloop
  endfacet
  facet normal -0 0 -1
    outer loop
      vertex 80.4757 39.0786 0
      vertex 78.0796 38.9215 0
      vertex 80.4673 39.1646 0
    endloop
  endfacet
  facet normal 0 0 -1
    outer loop
      vertex 78.0796 -38.9215 0
      vertex 80.4757 -39.0786 0
      vertex 80.418 -39.6647 0
    endloop
  endfacet
  facet normal 0 0 -1
    outer loop
      vertex 80.4673 39.1646 0
      vertex 80.4268 51.4724 0
      vertex 80.4566 51.5998 0
    endloop
  endfacet
  facet normal 0 0 -1
    outer loop
      vertex 80.4673 39.1646 0
      vertex 80.3889 51.3471 0
      vertex 80.4268 51.4724 0
    endloop
  endfacet
  facet normal 0 0 -1
    outer loop
      vertex 78.0796 -38.9215 0
      vertex 80.418 -39.6647 0
      vertex 80.3221 -40.2458 0
    endloop
  endfacet
  facet normal 0 0 -1
    outer loop
      vertex 80.4673 39.1646 0
      vertex 80.3428 51.2246 0
      vertex 80.3889 51.3471 0
    endloop
  endfacet
  facet normal 0 -0 -1
    outer loop
      vertex 79.1379 50.0961 0
      vertex 80.4673 39.1646 0
      vertex 78.095 39.89 0
    endloop
  endfacet
  facet normal 0 0 -1
    outer loop
      vertex 78.0796 -38.9215 0
      vertex 80.3221 -40.2458 0
      vertex 80.1883 -40.8194 0
    endloop
  endfacet
  facet normal 0 0 -1
    outer loop
      vertex 80.4673 39.1646 0
      vertex 80.2887 51.1054 0
      vertex 80.3428 51.2246 0
    endloop
  endfacet
  facet normal 0 0 -1
    outer loop
      vertex 80.4673 39.1646 0
      vertex 80.2271 50.99 0
      vertex 80.2887 51.1054 0
    endloop
  endfacet
  facet normal 0 0 -1
    outer loop
      vertex 78.0796 -38.9215 0
      vertex 80.1883 -40.8194 0
      vertex 80.0174 -41.3829 0
    endloop
  endfacet
  facet normal 0 0 -1
    outer loop
      vertex 80.4673 39.1646 0
      vertex 80.1579 50.8789 0
      vertex 80.2271 50.99 0
    endloop
  endfacet
  facet normal 0 0 -1
    outer loop
      vertex 80.4673 39.1646 0
      vertex 80.0817 50.7725 0
      vertex 80.1579 50.8789 0
    endloop
  endfacet
  facet normal 0 0 -1
    outer loop
      vertex 80.4673 39.1646 0
      vertex 79.9987 50.6713 0
      vertex 80.0817 50.7725 0
    endloop
  endfacet
  facet normal 0 0 -1
    outer loop
      vertex 78.0796 -38.9215 0
      vertex 80.0174 -41.3829 0
      vertex 79.8099 -41.9341 0
    endloop
  endfacet
  facet normal 0 0 -1
    outer loop
      vertex 80.4673 39.1646 0
      vertex 79.9092 50.5758 0
      vertex 79.9987 50.6713 0
    endloop
  endfacet
  facet normal 0 0 -1
    outer loop
      vertex 80.4673 39.1646 0
      vertex 79.8137 50.4863 0
      vertex 79.9092 50.5758 0
    endloop
  endfacet
  facet normal 0 0 -1
    outer loop
      vertex 78.0796 -38.9215 0
      vertex 79.8099 -41.9341 0
      vertex 79.5668 -42.4706 0
    endloop
  endfacet
  facet normal 0 0 -1
    outer loop
      vertex 80.4673 39.1646 0
      vertex 79.7125 50.4033 0
      vertex 79.8137 50.4863 0
    endloop
  endfacet
  facet normal 0 0 -1
    outer loop
      vertex 80.4673 39.1646 0
      vertex 79.6061 50.3271 0
      vertex 79.7125 50.4033 0
    endloop
  endfacet
  facet normal 0 0 -1
    outer loop
      vertex 78.0796 -38.9215 0
      vertex 79.5668 -42.4706 0
      vertex 79.2892 -42.99 0
    endloop
  endfacet
  facet normal 0 0 -1
    outer loop
      vertex 80.4673 39.1646 0
      vertex 79.495 50.2579 0
      vertex 79.6061 50.3271 0
    endloop
  endfacet
  facet normal 0 0 -1
    outer loop
      vertex 80.4673 39.1646 0
      vertex 79.3796 50.1963 0
      vertex 79.495 50.2579 0
    endloop
  endfacet
  facet normal 0 0 -1
    outer loop
      vertex 80.4673 39.1646 0
      vertex 79.2604 50.1422 0
      vertex 79.3796 50.1963 0
    endloop
  endfacet
  facet normal 0 0 -1
    outer loop
      vertex 78.0796 -38.9215 0
      vertex 79.2892 -42.99 0
      vertex 78.9782 -43.4901 0
    endloop
  endfacet
  facet normal 0 0 -1
    outer loop
      vertex 80.4673 39.1646 0
      vertex 79.1379 50.0961 0
      vertex 79.2604 50.1422 0
    endloop
  endfacet
  facet normal 0 0 -1
    outer loop
      vertex 79.1379 50.0961 0
      vertex 78.095 39.89 0
      vertex 79.0126 50.0581 0
    endloop
  endfacet
  facet normal 0 0 -1
    outer loop
      vertex 78.0796 -38.9215 0
      vertex 78.9782 -43.4901 0
      vertex 78.6352 -43.9688 0
    endloop
  endfacet
  facet normal 0 0 -1
    outer loop
      vertex 79.0126 50.0581 0
      vertex 78.095 39.89 0
      vertex 78.8852 50.0284 0
    endloop
  endfacet
  facet normal 0 0 -1
    outer loop
      vertex 78.8852 50.0284 0
      vertex 78.095 39.89 0
      vertex 78.756 50.0071 0
    endloop
  endfacet
  facet normal 0 0 -1
    outer loop
      vertex 76.7301 -42.507 0
      vertex 78.6352 -43.9688 0
      vertex 78.2616 -44.4241 0
    endloop
  endfacet
  facet normal 0 0 -1
    outer loop
      vertex 80.495 38.49 0
      vertex 78.095 -38.4506 0
      vertex 78.095 38.4506 0
    endloop
  endfacet
  facet normal 0 0 -1
    outer loop
      vertex 78.756 50.0071 0
      vertex 78.095 39.89 0
      vertex 78.6258 49.9943 0
    endloop
  endfacet
  facet normal 0 0 -1
    outer loop
      vertex 78.6258 49.9943 0
      vertex 78.095 39.89 0
      vertex 78.495 49.99 0
    endloop
  endfacet
  facet normal -0 0 -1
    outer loop
      vertex 78.495 49.99 0
      vertex 78.095 39.89 0
      vertex 78.095 49.99 0
    endloop
  endfacet
  facet normal 0 0 -1
    outer loop
      vertex 80.4673 39.1646 0
      vertex 80.495 39.49 0
      vertex 80.4907 39.3592 0
    endloop
  endfacet
  facet normal 0 0 -1
    outer loop
      vertex 80.495 39.49 0
      vertex 80.4907 51.8592 0
      vertex 80.495 51.99 0
    endloop
  endfacet
  facet normal 0 0 -1
    outer loop
      vertex 80.4673 39.1646 0
      vertex 80.4907 39.3592 0
      vertex 80.4779 39.229 0
    endloop
  endfacet
  facet normal 0 0 -1
    outer loop
      vertex 80.495 39.49 0
      vertex 80.4779 51.729 0
      vertex 80.4907 51.8592 0
    endloop
  endfacet
  facet normal -0 0 -1
    outer loop
      vertex 80.495 39.49 0
      vertex 80.4673 39.1646 0
      vertex 80.4566 51.5998 0
    endloop
  endfacet
  facet normal 0 0 -1
    outer loop
      vertex 80.495 39.49 0
      vertex 80.4566 51.5998 0
      vertex 80.4779 51.729 0
    endloop
  endfacet
  facet normal 0 0 -1
    outer loop
      vertex -25 -47.49 0
      vertex -71.4556 -45.09 0
      vertex -25 -45.09 0
    endloop
  endfacet
  facet normal 0 0 -1
    outer loop
      vertex -71.495 -47.49 0
      vertex -71.4556 -45.09 0
      vertex -25 -47.49 0
    endloop
  endfacet
  facet normal 0 0 -1
    outer loop
      vertex -71.495 -47.49 0
      vertex -71.9265 -45.0746 0
      vertex -71.4556 -45.09 0
    endloop
  endfacet
  facet normal 0 0 -1
    outer loop
      vertex -72.0836 -47.4707 0
      vertex -71.9265 -45.0746 0
      vertex -71.495 -47.49 0
    endloop
  endfacet
  facet normal 0 0 -1
    outer loop
      vertex -72.0836 -47.4707 0
      vertex -72.3562 -45.0323 0
      vertex -71.9265 -45.0746 0
    endloop
  endfacet
  facet normal 0 0 -1
    outer loop
      vertex -72.6697 -47.413 0
      vertex -72.3562 -45.0323 0
      vertex -72.0836 -47.4707 0
    endloop
  endfacet
  facet normal 0 0 -1
    outer loop
      vertex -72.6697 -47.413 0
      vertex -72.7824 -44.9619 0
      vertex -72.3562 -45.0323 0
    endloop
  endfacet
  facet normal 0 0 -1
    outer loop
      vertex -73.2508 -47.3171 0
      vertex -72.7824 -44.9619 0
      vertex -72.6697 -47.413 0
    endloop
  endfacet
  facet normal -0 0 -1
    outer loop
      vertex -72.7824 -44.9619 0
      vertex -73.2508 -47.3171 0
      vertex -73.2028 -44.8639 0
    endloop
  endfacet
  facet normal 0 0 -1
    outer loop
      vertex -73.8244 -47.1833 0
      vertex -73.2028 -44.8639 0
      vertex -73.2508 -47.3171 0
    endloop
  endfacet
  facet normal -0 0 -1
    outer loop
      vertex -73.2028 -44.8639 0
      vertex -73.8244 -47.1833 0
      vertex -73.6161 -44.7385 0
    endloop
  endfacet
  facet normal 0 0 -1
    outer loop
      vertex -74.388 -47.0124 0
      vertex -73.6161 -44.7385 0
      vertex -73.8244 -47.1833 0
    endloop
  endfacet
  facet normal -0 0 -1
    outer loop
      vertex -73.6161 -44.7385 0
      vertex -74.388 -47.0124 0
      vertex -74.0203 -44.5864 0
    endloop
  endfacet
  facet normal 0 0 -1
    outer loop
      vertex -74.9391 -46.8049 0
      vertex -74.0203 -44.5864 0
      vertex -74.388 -47.0124 0
    endloop
  endfacet
  facet normal -0 0 -1
    outer loop
      vertex -74.0203 -44.5864 0
      vertex -74.9391 -46.8049 0
      vertex -74.4133 -44.4083 0
    endloop
  endfacet
  facet normal 0 0 -1
    outer loop
      vertex -75.4756 -46.5618 0
      vertex -74.4133 -44.4083 0
      vertex -74.9391 -46.8049 0
    endloop
  endfacet
  facet normal -0 0 -1
    outer loop
      vertex -74.4133 -44.4083 0
      vertex -75.4756 -46.5618 0
      vertex -74.7944 -44.2046 0
    endloop
  endfacet
  facet normal 0 0 -1
    outer loop
      vertex -75.995 -46.2842 0
      vertex -74.7944 -44.2046 0
      vertex -75.4756 -46.5618 0
    endloop
  endfacet
  facet normal -0 0 -1
    outer loop
      vertex -74.7944 -44.2046 0
      vertex -75.995 -46.2842 0
      vertex -75.161 -43.9766 0
    endloop
  endfacet
  facet normal 0 0 -1
    outer loop
      vertex -76.4951 -45.9732 0
      vertex -75.161 -43.9766 0
      vertex -75.995 -46.2842 0
    endloop
  endfacet
  facet normal -0 0 -1
    outer loop
      vertex -75.161 -43.9766 0
      vertex -76.4951 -45.9732 0
      vertex -75.512 -43.7251 0
    endloop
  endfacet
  facet normal 0 0 -1
    outer loop
      vertex -76.9738 -45.6302 0
      vertex -75.512 -43.7251 0
      vertex -76.4951 -45.9732 0
    endloop
  endfacet
  facet normal -0 0 -1
    outer loop
      vertex -75.512 -43.7251 0
      vertex -76.9738 -45.6302 0
      vertex -75.8458 -43.4512 0
    endloop
  endfacet
  facet normal 0 0 -1
    outer loop
      vertex -77.4291 -45.2565 0
      vertex -75.8458 -43.4512 0
      vertex -76.9738 -45.6302 0
    endloop
  endfacet
  facet normal -0 0 -1
    outer loop
      vertex -75.8458 -43.4512 0
      vertex -77.4291 -45.2565 0
      vertex -76.161 -43.156 0
    endloop
  endfacet
  facet normal 0 0 -1
    outer loop
      vertex -77.859 -44.854 0
      vertex -76.161 -43.156 0
      vertex -77.4291 -45.2565 0
    endloop
  endfacet
  facet normal -0 0 -1
    outer loop
      vertex -76.161 -43.156 0
      vertex -77.859 -44.854 0
      vertex -76.4562 -42.8408 0
    endloop
  endfacet
  facet normal 0 0 -1
    outer loop
      vertex -78.2616 -44.4241 0
      vertex -76.4562 -42.8408 0
      vertex -77.859 -44.854 0
    endloop
  endfacet
  facet normal -0 0 -1
    outer loop
      vertex -76.4562 -42.8408 0
      vertex -78.2616 -44.4241 0
      vertex -76.7301 -42.507 0
    endloop
  endfacet
  facet normal 0 0 -1
    outer loop
      vertex -78.6352 -43.9688 0
      vertex -76.7301 -42.507 0
      vertex -78.2616 -44.4241 0
    endloop
  endfacet
  facet normal -0 0 -1
    outer loop
      vertex -76.7301 -42.507 0
      vertex -78.6352 -43.9688 0
      vertex -76.9816 -42.156 0
    endloop
  endfacet
  facet normal 0 0 -1
    outer loop
      vertex -78.9782 -43.4901 0
      vertex -76.9816 -42.156 0
      vertex -78.6352 -43.9688 0
    endloop
  endfacet
  facet normal -0 0 -1
    outer loop
      vertex -76.9816 -42.156 0
      vertex -78.9782 -43.4901 0
      vertex -77.2096 -41.7894 0
    endloop
  endfacet
  facet normal 0 0 -1
    outer loop
      vertex -79.2892 -42.99 0
      vertex -77.2096 -41.7894 0
      vertex -78.9782 -43.4901 0
    endloop
  endfacet
  facet normal -0 0 -1
    outer loop
      vertex -77.2096 -41.7894 0
      vertex -79.2892 -42.99 0
      vertex -77.4133 -41.4083 0
    endloop
  endfacet
  facet normal 0 0 -1
    outer loop
      vertex -79.5668 -42.4706 0
      vertex -77.4133 -41.4083 0
      vertex -79.2892 -42.99 0
    endloop
  endfacet
  facet normal -0 0 -1
    outer loop
      vertex -77.4133 -41.4083 0
      vertex -79.5668 -42.4706 0
      vertex -77.5914 -41.0153 0
    endloop
  endfacet
  facet normal 0 0 -1
    outer loop
      vertex -80.495 38.49 0
      vertex -78.095 38.4506 0
      vertex -78.095 -38.4506 0
    endloop
  endfacet
  facet normal 0 -0 -1
    outer loop
      vertex -80.4757 39.0786 0
      vertex -78.095 38.4506 0
      vertex -80.495 38.49 0
    endloop
  endfacet
  facet normal 0 0 -1
    outer loop
      vertex -79.8099 -41.9341 0
      vertex -77.5914 -41.0153 0
      vertex -79.5668 -42.4706 0
    endloop
  endfacet
  facet normal -0 0 -1
    outer loop
      vertex -77.5914 -41.0153 0
      vertex -79.8099 -41.9341 0
      vertex -77.7435 -40.6111 0
    endloop
  endfacet
  facet normal 0 0 -1
    outer loop
      vertex -80.0174 -41.3829 0
      vertex -77.7435 -40.6111 0
      vertex -79.8099 -41.9341 0
    endloop
  endfacet
  facet normal 0 -0 -1
    outer loop
      vertex -80.4673 39.1646 0
      vertex -78.095 38.4506 0
      vertex -80.4757 39.0786 0
    endloop
  endfacet
  facet normal 0 0 -1
    outer loop
      vertex -80.4779 39.229 0
      vertex -78.095 39.89 0
      vertex -80.4673 39.1646 0
    endloop
  endfacet
  facet normal -0 0 -1
    outer loop
      vertex -77.7435 -40.6111 0
      vertex -80.0174 -41.3829 0
      vertex -77.8689 -40.1978 0
    endloop
  endfacet
  facet normal 0 -0 -1
    outer loop
      vertex -78.8852 50.0284 0
      vertex -78.095 39.89 0
      vertex -80.495 39.49 0
    endloop
  endfacet
  facet normal 0 0 -1
    outer loop
      vertex -78.095 39.89 0
      vertex -78.495 49.99 0
      vertex -78.095 49.99 0
    endloop
  endfacet
  facet normal 0 0 -1
    outer loop
      vertex -80.1883 -40.8194 0
      vertex -77.8689 -40.1978 0
      vertex -80.0174 -41.3829 0
    endloop
  endfacet
  facet normal 0 0 -1
    outer loop
      vertex -78.095 39.89 0
      vertex -78.6258 49.9943 0
      vertex -78.495 49.99 0
    endloop
  endfacet
  facet normal 0 0 -1
    outer loop
      vertex -78.095 39.89 0
      vertex -78.756 50.0071 0
      vertex -78.6258 49.9943 0
    endloop
  endfacet
  facet normal 0 0 -1
    outer loop
      vertex -78.095 39.89 0
      vertex -78.8852 50.0284 0
      vertex -78.756 50.0071 0
    endloop
  endfacet
  facet normal -0 0 -1
    outer loop
      vertex -77.8689 -40.1978 0
      vertex -80.1883 -40.8194 0
      vertex -77.9669 -39.7774 0
    endloop
  endfacet
  facet normal -0 0 -1
    outer loop
      vertex -78.8852 50.0284 0
      vertex -80.495 39.49 0
      vertex -79.0126 50.0581 0
    endloop
  endfacet
  facet normal -0 0 -1
    outer loop
      vertex -79.0126 50.0581 0
      vertex -80.495 39.49 0
      vertex -79.1379 50.0961 0
    endloop
  endfacet
  facet normal 0 0 -1
    outer loop
      vertex -80.3221 -40.2458 0
      vertex -77.9669 -39.7774 0
      vertex -80.1883 -40.8194 0
    endloop
  endfacet
  facet normal -0 0 -1
    outer loop
      vertex -79.1379 50.0961 0
      vertex -80.495 39.49 0
      vertex -79.2604 50.1422 0
    endloop
  endfacet
  facet normal -0 0 -1
    outer loop
      vertex -79.2604 50.1422 0
      vertex -80.495 39.49 0
      vertex -79.3796 50.1963 0
    endloop
  endfacet
  facet normal -0 0 -1
    outer loop
      vertex -77.9669 -39.7774 0
      vertex -80.3221 -40.2458 0
      vertex -78.0373 -39.3512 0
    endloop
  endfacet
  facet normal -0 0 -1
    outer loop
      vertex -79.3796 50.1963 0
      vertex -80.495 39.49 0
      vertex -79.495 50.2579 0
    endloop
  endfacet
  facet normal -0 0 -1
    outer loop
      vertex -79.6061 50.3271 0
      vertex -80.495 39.49 0
      vertex -79.7125 50.4033 0
    endloop
  endfacet
  facet normal -0 0 -1
    outer loop
      vertex -79.7125 50.4033 0
      vertex -80.495 39.49 0
      vertex -79.8137 50.4863 0
    endloop
  endfacet
  facet normal 0 0 -1
    outer loop
      vertex -80.418 -39.6647 0
      vertex -78.0373 -39.3512 0
      vertex -80.3221 -40.2458 0
    endloop
  endfacet
  facet normal -0 0 -1
    outer loop
      vertex -79.8137 50.4863 0
      vertex -80.495 39.49 0
      vertex -79.9092 50.5758 0
    endloop
  endfacet
  facet normal -0 0 -1
    outer loop
      vertex -79.9092 50.5758 0
      vertex -80.495 39.49 0
      vertex -79.9987 50.6713 0
    endloop
  endfacet
  facet normal -0 0 -1
    outer loop
      vertex -78.0373 -39.3512 0
      vertex -80.418 -39.6647 0
      vertex -78.0796 -38.9215 0
    endloop
  endfacet
  facet normal -0 0 -1
    outer loop
      vertex -79.9987 50.6713 0
      vertex -80.495 39.49 0
      vertex -80.0817 50.7725 0
    endloop
  endfacet
  facet normal -0 0 -1
    outer loop
      vertex -80.0817 50.7725 0
      vertex -80.495 39.49 0
      vertex -80.1579 50.8789 0
    endloop
  endfacet
  facet normal 0 0 -1
    outer loop
      vertex -80.4757 -39.0786 0
      vertex -78.0796 -38.9215 0
      vertex -80.418 -39.6647 0
    endloop
  endfacet
  facet normal -0 0 -1
    outer loop
      vertex -80.1579 50.8789 0
      vertex -80.495 39.49 0
      vertex -80.2271 50.99 0
    endloop
  endfacet
  facet normal -0 0 -1
    outer loop
      vertex -80.2271 50.99 0
      vertex -80.495 39.49 0
      vertex -80.2887 51.1054 0
    endloop
  endfacet
  facet normal 0 0 -1
    outer loop
      vertex -80.495 -38.49 0
      vertex -78.0796 -38.9215 0
      vertex -80.4757 -39.0786 0
    endloop
  endfacet
  facet normal -0 0 -1
    outer loop
      vertex -80.2887 51.1054 0
      vertex -80.495 39.49 0
      vertex -80.3428 51.2246 0
    endloop
  endfacet
  facet normal -0 0 -1
    outer loop
      vertex -80.3428 51.2246 0
      vertex -80.495 39.49 0
      vertex -80.3889 51.3471 0
    endloop
  endfacet
  facet normal -0 0 -1
    outer loop
      vertex -80.3889 51.3471 0
      vertex -80.495 39.49 0
      vertex -80.4268 51.4724 0
    endloop
  endfacet
  facet normal 0 0 -1
    outer loop
      vertex -78.0796 -38.9215 0
      vertex -80.495 -38.49 0
      vertex -78.095 -38.4506 0
    endloop
  endfacet
  facet normal -0 0 -1
    outer loop
      vertex -78.095 -38.4506 0
      vertex -80.495 -38.49 0
      vertex -80.495 38.49 0
    endloop
  endfacet
  facet normal -0 0 -1
    outer loop
      vertex -79.495 50.2579 0
      vertex -80.495 39.49 0
      vertex -79.6061 50.3271 0
    endloop
  endfacet
  facet normal 0 0 -1
    outer loop
      vertex -78.095 38.4506 0
      vertex -80.4673 39.1646 0
      vertex -78.095 39.89 0
    endloop
  endfacet
  facet normal 0 0 -1
    outer loop
      vertex -77.9669 39.7774 0
      vertex -78.095 39.89 0
      vertex -77.9407 39.89 0
    endloop
  endfacet
  facet normal 0 0 -1
    outer loop
      vertex -78.0373 39.3512 0
      vertex -78.095 39.89 0
      vertex -77.9669 39.7774 0
    endloop
  endfacet
  facet normal 0 0 -1
    outer loop
      vertex -78.0796 38.9215 0
      vertex -78.095 39.89 0
      vertex -78.0373 39.3512 0
    endloop
  endfacet
  facet normal 0 0 -1
    outer loop
      vertex -78.095 39.89 0
      vertex -78.0796 38.9215 0
      vertex -78.095 38.4506 0
    endloop
  endfacet
  facet normal 0 0 -1
    outer loop
      vertex -78.095 39.89 0
      vertex -80.4779 39.229 0
      vertex -80.4907 39.3592 0
    endloop
  endfacet
  facet normal -0 0 -1
    outer loop
      vertex -80.4268 51.4724 0
      vertex -80.495 39.49 0
      vertex -80.4566 51.5998 0
    endloop
  endfacet
  facet normal 0 0 -1
    outer loop
      vertex -78.095 39.89 0
      vertex -80.4907 39.3592 0
      vertex -80.495 39.49 0
    endloop
  endfacet
  facet normal -0 0 -1
    outer loop
      vertex -80.4566 51.5998 0
      vertex -80.495 39.49 0
      vertex -80.4779 51.729 0
    endloop
  endfacet
  facet normal -0 0 -1
    outer loop
      vertex -80.4779 51.729 0
      vertex -80.495 39.49 0
      vertex -80.4907 51.8592 0
    endloop
  endfacet
  facet normal -0 0 -1
    outer loop
      vertex -80.4907 51.8592 0
      vertex -80.495 39.49 0
      vertex -80.495 51.99 0
    endloop
  endfacet
  facet normal -0.0979737 0.995189 0
    outer loop
      vertex -72.0836 47.4707 8
      vertex -72.6697 47.413 27.31
      vertex -72.0836 47.4707 27.31
    endloop
  endfacet
  facet normal -0.0979737 0.995189 0
    outer loop
      vertex -72.6697 47.413 27.31
      vertex -72.0836 47.4707 8
      vertex -72.6697 47.413 8
    endloop
  endfacet
  facet normal -0.0979737 -0.995189 0
    outer loop
      vertex -72.6697 -47.413 0
      vertex -72.0836 -47.4707 27.31
      vertex -72.6697 -47.413 27.31
    endloop
  endfacet
  facet normal -0.0979737 -0.995189 -0
    outer loop
      vertex -72.0836 -47.4707 27.31
      vertex -72.6697 -47.413 0
      vertex -72.0836 -47.4707 0
    endloop
  endfacet
  facet normal -0.881939 0.471364 0
    outer loop
      vertex -79.5668 42.4706 8
      vertex -79.2892 42.99 27.31
      vertex -79.2892 42.99 8
    endloop
  endfacet
  facet normal -0.881939 0.471364 0
    outer loop
      vertex -79.2892 42.99 27.31
      vertex -79.5668 42.4706 8
      vertex -79.5668 42.4706 27.31
    endloop
  endfacet
  facet normal 0.515258 0.482538 0.708284
    outer loop
      vertex 77.859 44.854 27.31
      vertex 76.005 42.4449 30.3
      vertex 78.2616 44.4241 27.31
    endloop
  endfacet
  facet normal -0.290182 -0.956972 0
    outer loop
      vertex -74.388 -47.0124 0
      vertex -73.8244 -47.1833 27.31
      vertex -74.388 -47.0124 27.31
    endloop
  endfacet
  facet normal -0.290182 -0.956972 -0
    outer loop
      vertex -73.8244 -47.1833 27.31
      vertex -74.388 -47.0124 0
      vertex -73.8244 -47.1833 0
    endloop
  endfacet
  facet normal 0.160361 0.687465 0.708291
    outer loop
      vertex 73.2508 47.3171 27.31
      vertex 72.6653 44.3731 30.3
      vertex 73.8244 47.1833 27.31
    endloop
  endfacet
  facet normal 0.412728 -0.910854 0
    outer loop
      vertex 74.9391 -46.8049 0
      vertex 75.4756 -46.5618 27.31
      vertex 74.9391 -46.8049 27.31
    endloop
  endfacet
  facet normal 0.412728 -0.910854 0
    outer loop
      vertex 75.4756 -46.5618 27.31
      vertex 74.9391 -46.8049 0
      vertex 75.4756 -46.5618 0
    endloop
  endfacet
  facet normal -0.204973 -0.675512 0.708286
    outer loop
      vertex -73.4231 -44.17 30.3
      vertex -73.8244 -47.1833 27.31
      vertex -73.0474 -44.284 30.3
    endloop
  endfacet
  facet normal -0.702534 -0.0691017 0.708288
    outer loop
      vertex -77.4805 -38.8825 30.3
      vertex -80.4757 -39.0786 27.31
      vertex -77.4421 -39.2729 30.3
    endloop
  endfacet
  facet normal 0.702534 0.0691017 0.708288
    outer loop
      vertex 80.4757 39.0786 27.31
      vertex 77.4421 39.2729 30.3
      vertex 77.4805 38.8825 30.3
    endloop
  endfacet
  facet normal -0.705543 0.0231614 0.708289
    outer loop
      vertex -77.4805 38.8825 30.3
      vertex -80.4757 39.0786 27.31
      vertex -77.495 38.4408 30.3
    endloop
  endfacet
  facet normal -0.16031 -0.687482 0.708286
    outer loop
      vertex -73.0474 -44.284 30.3
      vertex -73.8244 -47.1833 27.31
      vertex -72.6653 -44.3731 30.3
    endloop
  endfacet
  facet normal 0.114944 -0.696499 0.708292
    outer loop
      vertex 73.2508 -47.3171 27.31
      vertex 72.6653 -44.3731 30.3
      vertex 72.6697 -47.413 27.31
    endloop
  endfacet
  facet normal -0.773056 -0.634337 0
    outer loop
      vertex -78.2616 -44.4241 0
      vertex -78.6352 -43.9688 27.31
      vertex -78.6352 -43.9688 0
    endloop
  endfacet
  facet normal -0.773056 -0.634337 0
    outer loop
      vertex -78.6352 -43.9688 27.31
      vertex -78.2616 -44.4241 0
      vertex -78.2616 -44.4241 27.31
    endloop
  endfacet
  facet normal -0.248591 -0.660692 0.7083
    outer loop
      vertex -73.7904 -44.0318 30.3
      vertex -74.388 -47.0124 27.31
      vertex -73.4231 -44.17 30.3
    endloop
  endfacet
  facet normal -0.291315 -0.643014 0.708286
    outer loop
      vertex -74.1482 -43.8697 30.3
      vertex -74.9391 -46.8049 27.31
      vertex -73.7904 -44.0318 30.3
    endloop
  endfacet
  facet normal 0.52809 0.849189 -0
    outer loop
      vertex 76.4951 45.9732 8
      vertex 75.995 46.2842 27.31
      vertex 76.4951 45.9732 27.31
    endloop
  endfacet
  facet normal 0.52809 0.849189 0
    outer loop
      vertex 75.995 46.2842 27.31
      vertex 76.4951 45.9732 8
      vertex 75.995 46.2842 8
    endloop
  endfacet
  facet normal 0.773056 -0.634337 0
    outer loop
      vertex 78.2616 -44.4241 27.31
      vertex 78.6352 -43.9688 0
      vertex 78.6352 -43.9688 27.31
    endloop
  endfacet
  facet normal 0.773056 -0.634337 0
    outer loop
      vertex 78.6352 -43.9688 0
      vertex 78.2616 -44.4241 27.31
      vertex 78.2616 -44.4241 0
    endloop
  endfacet
  facet normal -0.227165 -0.973856 0
    outer loop
      vertex -73.8244 -47.1833 0
      vertex -73.2508 -47.3171 27.31
      vertex -73.8244 -47.1833 27.31
    endloop
  endfacet
  facet normal -0.227165 -0.973856 -0
    outer loop
      vertex -73.2508 -47.3171 27.31
      vertex -73.8244 -47.1833 0
      vertex -73.2508 -47.3171 0
    endloop
  endfacet
  facet normal 0.515161 -0.482626 0.708295
    outer loop
      vertex 76.005 -42.4449 30.3
      vertex 75.7365 -42.7315 30.3
      vertex 77.859 -44.854 27.31
    endloop
  endfacet
  facet normal -0.248747 -0.660647 0.708287
    outer loop
      vertex -73.7904 -44.0318 30.3
      vertex -74.9391 -46.8049 27.31
      vertex -74.388 -47.0124 27.31
    endloop
  endfacet
  facet normal -0.910854 -0.412728 0
    outer loop
      vertex -79.5668 -42.4706 0
      vertex -79.8099 -41.9341 27.31
      vertex -79.8099 -41.9341 0
    endloop
  endfacet
  facet normal -0.910854 -0.412728 0
    outer loop
      vertex -79.8099 -41.9341 27.31
      vertex -79.5668 -42.4706 0
      vertex -79.5668 -42.4706 27.31
    endloop
  endfacet
  facet normal 0.702533 0.0691625 0.708283
    outer loop
      vertex 80.418 39.6647 27.31
      vertex 77.4421 39.2729 30.3
      vertex 80.4757 39.0786 27.31
    endloop
  endfacet
  facet normal 0.573826 0.41116 0.708288
    outer loop
      vertex 78.6352 43.9688 27.31
      vertex 76.2538 42.1416 30.3
      vertex 78.9782 43.4901 27.31
    endloop
  endfacet
  facet normal 0.696499 -0.114944 0.708292
    outer loop
      vertex 80.418 -39.6647 27.31
      vertex 77.3781 -39.6603 30.3
      vertex 80.3221 -40.2458 27.31
    endloop
  endfacet
  facet normal 0.910854 0.412728 0
    outer loop
      vertex 79.8099 41.9341 27.31
      vertex 79.5668 42.4706 8
      vertex 79.5668 42.4706 27.31
    endloop
  endfacet
  facet normal 0.910854 0.412728 0
    outer loop
      vertex 79.5668 42.4706 8
      vertex 79.8099 41.9341 27.31
      vertex 79.8099 41.9341 8
    endloop
  endfacet
  facet normal 0.995189 -0.0979737 0
    outer loop
      vertex 80.418 -39.6647 27.31
      vertex 80.4757 -39.0786 0
      vertex 80.4757 -39.0786 27.31
    endloop
  endfacet
  facet normal 0.995189 -0.0979737 0
    outer loop
      vertex 80.4757 -39.0786 0
      vertex 80.418 -39.6647 27.31
      vertex 80.418 -39.6647 0
    endloop
  endfacet
  facet normal -0.248747 0.660647 0.708287
    outer loop
      vertex -74.388 47.0124 27.31
      vertex -74.9391 46.8049 27.31
      vertex -73.7904 44.0318 30.3
    endloop
  endfacet
  facet normal -0.162829 -0.986654 0
    outer loop
      vertex -73.2508 -47.3171 0
      vertex -72.6697 -47.413 27.31
      vertex -73.2508 -47.3171 27.31
    endloop
  endfacet
  facet normal -0.162829 -0.986654 -0
    outer loop
      vertex -72.6697 -47.413 27.31
      vertex -73.2508 -47.3171 0
      vertex -72.6697 -47.413 0
    endloop
  endfacet
  facet normal -0.291357 -0.642999 0.708282
    outer loop
      vertex -74.1482 -43.8697 30.3
      vertex -75.4756 -46.5618 27.31
      vertex -74.9391 -46.8049 27.31
    endloop
  endfacet
  facet normal -0.660696 -0.248593 0.708296
    outer loop
      vertex -77.175 -40.4181 30.3
      vertex -80.0174 -41.3829 27.31
      vertex -77.0368 -40.7854 30.3
    endloop
  endfacet
  facet normal -0.482626 -0.515161 0.708295
    outer loop
      vertex -75.7365 -42.7315 30.3
      vertex -77.859 -44.854 27.31
      vertex -75.4499 -43 30.3
    endloop
  endfacet
  facet normal -0.545724 -0.447798 0.708282
    outer loop
      vertex -76.005 -42.4449 30.3
      vertex -78.6352 -43.9688 27.31
      vertex -78.2616 -44.4241 27.31
    endloop
  endfacet
  facet normal -0.573783 0.411232 0.708281
    outer loop
      vertex -76.2538 42.1416 30.3
      vertex -78.9782 43.4901 27.31
      vertex -76.4825 41.8225 30.3
    endloop
  endfacet
  facet normal -0.114944 -0.696499 0.708292
    outer loop
      vertex -72.6653 -44.3731 30.3
      vertex -73.2508 -47.3171 27.31
      vertex -72.6697 -47.413 27.31
    endloop
  endfacet
  facet normal -0.160361 -0.687465 0.708291
    outer loop
      vertex -72.6653 -44.3731 30.3
      vertex -73.8244 -47.1833 27.31
      vertex -73.2508 -47.3171 27.31
    endloop
  endfacet
  facet normal -0.573826 -0.41116 0.708288
    outer loop
      vertex -76.2538 -42.1416 30.3
      vertex -78.9782 -43.4901 27.31
      vertex -78.6352 -43.9688 27.31
    endloop
  endfacet
  facet normal 0.545783 -0.447712 0.70829
    outer loop
      vertex 76.2538 -42.1416 30.3
      vertex 76.005 -42.4449 30.3
      vertex 78.6352 -43.9688 27.31
    endloop
  endfacet
  facet normal 0.16031 0.687482 0.708286
    outer loop
      vertex 73.8244 47.1833 27.31
      vertex 72.6653 44.3731 30.3
      vertex 73.0474 44.284 30.3
    endloop
  endfacet
  facet normal 0.515161 0.482626 0.708295
    outer loop
      vertex 77.859 44.854 27.31
      vertex 75.7365 42.7315 30.3
      vertex 76.005 42.4449 30.3
    endloop
  endfacet
  facet normal -0.115063 0.696489 0.708282
    outer loop
      vertex -72.2779 44.4371 30.3
      vertex -72.6697 47.413 27.31
      vertex -72.6653 44.3731 30.3
    endloop
  endfacet
  facet normal -0.634439 -0.772973 0
    outer loop
      vertex -77.4291 -45.2565 0
      vertex -76.9738 -45.6302 27.31
      vertex -77.4291 -45.2565 27.31
    endloop
  endfacet
  facet normal -0.634439 -0.772973 -0
    outer loop
      vertex -76.9738 -45.6302 27.31
      vertex -77.4291 -45.2565 0
      vertex -76.9738 -45.6302 0
    endloop
  endfacet
  facet normal -0.52809 -0.849189 0
    outer loop
      vertex -76.4951 -45.9732 0
      vertex -75.995 -46.2842 27.31
      vertex -76.4951 -45.9732 27.31
    endloop
  endfacet
  facet normal -0.52809 -0.849189 -0
    outer loop
      vertex -75.995 -46.2842 27.31
      vertex -76.4951 -45.9732 0
      vertex -75.995 -46.2842 0
    endloop
  endfacet
  facet normal -0.573783 -0.411232 0.708281
    outer loop
      vertex -76.4825 -41.8225 30.3
      vertex -78.9782 -43.4901 27.31
      vertex -76.2538 -42.1416 30.3
    endloop
  endfacet
  facet normal -0.696489 -0.115063 0.708282
    outer loop
      vertex -77.4421 -39.2729 30.3
      vertex -80.418 -39.6647 27.31
      vertex -77.3781 -39.6603 30.3
    endloop
  endfacet
  facet normal -0.849189 -0.52809 0
    outer loop
      vertex -78.9782 -43.4901 0
      vertex -79.2892 -42.99 27.31
      vertex -79.2892 -42.99 0
    endloop
  endfacet
  facet normal -0.849189 -0.52809 0
    outer loop
      vertex -79.2892 -42.99 27.31
      vertex -78.9782 -43.4901 0
      vertex -78.9782 -43.4901 27.31
    endloop
  endfacet
  facet normal 0.0691017 0.702534 0.708288
    outer loop
      vertex 72.0836 47.4707 27.31
      vertex 71.8875 44.4755 30.3
      vertex 72.2779 44.4371 30.3
    endloop
  endfacet
  facet normal 0.582442 0.812872 -0
    outer loop
      vertex 76.9738 45.6302 8
      vertex 76.4951 45.9732 27.31
      vertex 76.9738 45.6302 27.31
    endloop
  endfacet
  facet normal 0.582442 0.812872 0
    outer loop
      vertex 76.4951 45.9732 27.31
      vertex 76.9738 45.6302 8
      vertex 76.4951 45.9732 8
    endloop
  endfacet
  facet normal 0.412728 0.910854 -0
    outer loop
      vertex 75.4756 46.5618 8
      vertex 74.9391 46.8049 27.31
      vertex 75.4756 46.5618 27.31
    endloop
  endfacet
  facet normal 0.412728 0.910854 0
    outer loop
      vertex 74.9391 46.8049 27.31
      vertex 75.4756 46.5618 8
      vertex 74.9391 46.8049 8
    endloop
  endfacet
  facet normal 0.447806 0.545718 0.708281
    outer loop
      vertex 76.9738 45.6302 27.31
      vertex 75.1467 43.2488 30.3
      vertex 75.4499 43 30.3
    endloop
  endfacet
  facet normal -0.204843 0.67554 0.708297
    outer loop
      vertex -73.8244 47.1833 27.31
      vertex -74.388 47.0124 27.31
      vertex -73.4231 44.17 30.3
    endloop
  endfacet
  facet normal -0.447806 -0.545718 0.708281
    outer loop
      vertex -75.4499 -43 30.3
      vertex -76.9738 -45.6302 27.31
      vertex -75.1467 -43.2488 30.3
    endloop
  endfacet
  facet normal 0.675533 0.204878 0.708294
    outer loop
      vertex 80.0174 41.3829 27.31
      vertex 77.175 40.4181 30.3
      vertex 80.1883 40.8194 27.31
    endloop
  endfacet
  facet normal -0.696499 0.114944 0.708292
    outer loop
      vertex -80.3221 40.2458 27.31
      vertex -80.418 39.6647 27.31
      vertex -77.3781 39.6603 30.3
    endloop
  endfacet
  facet normal 0.33275 -0.622588 0.708281
    outer loop
      vertex 75.995 -46.2842 27.31
      vertex 74.1482 -43.8697 30.3
      vertex 75.4756 -46.5618 27.31
    endloop
  endfacet
  facet normal -0.0327721 0.999463 0
    outer loop
      vertex -71.495 47.49 8
      vertex -72.0836 47.4707 27.31
      vertex -71.495 47.49 27.31
    endloop
  endfacet
  facet normal -0.0327721 0.999463 0
    outer loop
      vertex -72.0836 47.4707 27.31
      vertex -71.495 47.49 8
      vertex -72.0836 47.4707 8
    endloop
  endfacet
  facet normal 0.849189 0.52809 0
    outer loop
      vertex 79.2892 42.99 27.31
      vertex 78.9782 43.4901 8
      vertex 78.9782 43.4901 27.31
    endloop
  endfacet
  facet normal 0.849189 0.52809 0
    outer loop
      vertex 78.9782 43.4901 8
      vertex 79.2892 42.99 27.31
      vertex 79.2892 42.99 8
    endloop
  endfacet
  facet normal 0.33275 0.622588 0.708281
    outer loop
      vertex 75.4756 46.5618 27.31
      vertex 74.1482 43.8697 30.3
      vertex 75.995 46.2842 27.31
    endloop
  endfacet
  facet normal -0.910854 0.412728 0
    outer loop
      vertex -79.8099 41.9341 8
      vertex -79.5668 42.4706 27.31
      vertex -79.5668 42.4706 8
    endloop
  endfacet
  facet normal -0.910854 0.412728 0
    outer loop
      vertex -79.5668 42.4706 27.31
      vertex -79.8099 41.9341 8
      vertex -79.8099 41.9341 27.31
    endloop
  endfacet
  facet normal -0.812872 0.582442 0
    outer loop
      vertex -78.9782 43.4901 8
      vertex -78.6352 43.9688 27.31
      vertex -78.6352 43.9688 8
    endloop
  endfacet
  facet normal -0.812872 0.582442 0
    outer loop
      vertex -78.6352 43.9688 27.31
      vertex -78.9782 43.4901 8
      vertex -78.9782 43.4901 27.31
    endloop
  endfacet
  facet normal 0.573783 -0.411232 0.708281
    outer loop
      vertex 76.4825 -41.8225 30.3
      vertex 76.2538 -42.1416 30.3
      vertex 78.9782 -43.4901 27.31
    endloop
  endfacet
  facet normal 0.482479 -0.515323 0.708277
    outer loop
      vertex 77.859 -44.854 27.31
      vertex 75.4499 -43 30.3
      vertex 77.4291 -45.2565 27.31
    endloop
  endfacet
  facet normal 0.773056 0.634337 0
    outer loop
      vertex 78.6352 43.9688 27.31
      vertex 78.2616 44.4241 8
      vertex 78.2616 44.4241 27.31
    endloop
  endfacet
  facet normal 0.773056 0.634337 0
    outer loop
      vertex 78.2616 44.4241 8
      vertex 78.6352 43.9688 27.31
      vertex 78.6352 43.9688 8
    endloop
  endfacet
  facet normal 0.935882 0.352314 0
    outer loop
      vertex 80.0174 41.3829 27.31
      vertex 79.8099 41.9341 8
      vertex 79.8099 41.9341 27.31
    endloop
  endfacet
  facet normal 0.935882 0.352314 0
    outer loop
      vertex 79.8099 41.9341 8
      vertex 80.0174 41.3829 27.31
      vertex 80.0174 41.3829 8
    endloop
  endfacet
  facet normal 0.248747 -0.660647 0.708287
    outer loop
      vertex 74.9391 -46.8049 27.31
      vertex 73.7904 -44.0318 30.3
      vertex 74.388 -47.0124 27.31
    endloop
  endfacet
  facet normal -0.0231346 0.705546 0.708286
    outer loop
      vertex -71.495 47.49 27.31
      vertex -72.0836 47.4707 27.31
      vertex -71.4458 44.49 30.3
    endloop
  endfacet
  facet normal 0.683461 -0.729987 0
    outer loop
      vertex 77.4291 -45.2565 0
      vertex 77.859 -44.854 27.31
      vertex 77.4291 -45.2565 27.31
    endloop
  endfacet
  facet normal 0.683461 -0.729987 0
    outer loop
      vertex 77.859 -44.854 27.31
      vertex 77.4291 -45.2565 0
      vertex 77.859 -44.854 0
    endloop
  endfacet
  facet normal -0.973856 -0.227165 0
    outer loop
      vertex -80.1883 -40.8194 0
      vertex -80.3221 -40.2458 27.31
      vertex -80.3221 -40.2458 0
    endloop
  endfacet
  facet normal -0.973856 -0.227165 0
    outer loop
      vertex -80.3221 -40.2458 27.31
      vertex -80.1883 -40.8194 0
      vertex -80.1883 -40.8194 27.31
    endloop
  endfacet
  facet normal 0.622588 -0.33275 0.708281
    outer loop
      vertex 79.5668 -42.4706 27.31
      vertex 76.8747 -41.1432 30.3
      vertex 79.2892 -42.99 27.31
    endloop
  endfacet
  facet normal 0.447874 -0.545671 0.708274
    outer loop
      vertex 77.4291 -45.2565 27.31
      vertex 75.4499 -43 30.3
      vertex 76.9738 -45.6302 27.31
    endloop
  endfacet
  facet normal -0.599491 0.372749 0.708286
    outer loop
      vertex -76.4825 41.8225 30.3
      vertex -79.2892 42.99 27.31
      vertex -76.6898 41.4891 30.3
    endloop
  endfacet
  facet normal -0.696499 -0.114944 0.708292
    outer loop
      vertex -77.3781 -39.6603 30.3
      vertex -80.418 -39.6647 27.31
      vertex -80.3221 -40.2458 27.31
    endloop
  endfacet
  facet normal -0.471364 -0.881939 0
    outer loop
      vertex -75.995 -46.2842 0
      vertex -75.4756 -46.5618 27.31
      vertex -75.995 -46.2842 27.31
    endloop
  endfacet
  facet normal -0.471364 -0.881939 -0
    outer loop
      vertex -75.4756 -46.5618 27.31
      vertex -75.995 -46.2842 0
      vertex -75.4756 -46.5618 0
    endloop
  endfacet
  facet normal 0.642999 -0.291357 0.708282
    outer loop
      vertex 79.8099 -41.9341 27.31
      vertex 76.8747 -41.1432 30.3
      vertex 79.5668 -42.4706 27.31
    endloop
  endfacet
  facet normal -0.599468 -0.372794 0.708282
    outer loop
      vertex -76.4825 -41.8225 30.3
      vertex -79.2892 -42.99 27.31
      vertex -78.9782 -43.4901 27.31
    endloop
  endfacet
  facet normal -0.986654 -0.162829 0
    outer loop
      vertex -80.3221 -40.2458 0
      vertex -80.418 -39.6647 27.31
      vertex -80.418 -39.6647 0
    endloop
  endfacet
  facet normal -0.986654 -0.162829 0
    outer loop
      vertex -80.418 -39.6647 27.31
      vertex -80.3221 -40.2458 0
      vertex -80.3221 -40.2458 27.31
    endloop
  endfacet
  facet normal 0.0979737 -0.995189 0
    outer loop
      vertex 72.0836 -47.4707 0
      vertex 72.6697 -47.413 27.31
      vertex 72.0836 -47.4707 27.31
    endloop
  endfacet
  facet normal 0.0979737 -0.995189 0
    outer loop
      vertex 72.6697 -47.413 27.31
      vertex 72.0836 -47.4707 0
      vertex 72.6697 -47.413 0
    endloop
  endfacet
  facet normal 0.683461 0.729987 -0
    outer loop
      vertex 77.859 44.854 8
      vertex 77.4291 45.2565 27.31
      vertex 77.859 44.854 27.31
    endloop
  endfacet
  facet normal 0.683461 0.729987 0
    outer loop
      vertex 77.4291 45.2565 27.31
      vertex 77.859 44.854 8
      vertex 77.4291 45.2565 8
    endloop
  endfacet
  facet normal -0.702534 0.0691017 0.708288
    outer loop
      vertex -77.4421 39.2729 30.3
      vertex -80.4757 39.0786 27.31
      vertex -77.4805 38.8825 30.3
    endloop
  endfacet
  facet normal 0.291357 -0.642999 0.708282
    outer loop
      vertex 75.4756 -46.5618 27.31
      vertex 74.1482 -43.8697 30.3
      vertex 74.9391 -46.8049 27.31
    endloop
  endfacet
  facet normal -0.995189 -0.0979737 0
    outer loop
      vertex -80.418 -39.6647 0
      vertex -80.4757 -39.0786 27.31
      vertex -80.4757 -39.0786 0
    endloop
  endfacet
  facet normal -0.995189 -0.0979737 0
    outer loop
      vertex -80.4757 -39.0786 27.31
      vertex -80.418 -39.6647 0
      vertex -80.418 -39.6647 27.31
    endloop
  endfacet
  facet normal 0.290182 -0.956972 0
    outer loop
      vertex 73.8244 -47.1833 0
      vertex 74.388 -47.0124 27.31
      vertex 73.8244 -47.1833 27.31
    endloop
  endfacet
  facet normal 0.290182 -0.956972 0
    outer loop
      vertex 74.388 -47.0124 27.31
      vertex 73.8244 -47.1833 0
      vertex 74.388 -47.0124 0
    endloop
  endfacet
  facet normal 0.634439 0.772973 -0
    outer loop
      vertex 77.4291 45.2565 8
      vertex 76.9738 45.6302 27.31
      vertex 77.4291 45.2565 27.31
    endloop
  endfacet
  facet normal 0.634439 0.772973 0
    outer loop
      vertex 76.9738 45.6302 27.31
      vertex 77.4291 45.2565 8
      vertex 76.9738 45.6302 8
    endloop
  endfacet
  facet normal -0.881939 -0.471364 0
    outer loop
      vertex -79.2892 -42.99 0
      vertex -79.5668 -42.4706 27.31
      vertex -79.5668 -42.4706 0
    endloop
  endfacet
  facet normal -0.881939 -0.471364 0
    outer loop
      vertex -79.5668 -42.4706 27.31
      vertex -79.2892 -42.99 0
      vertex -79.2892 -42.99 27.31
    endloop
  endfacet
  facet normal -0.0231614 -0.705543 0.708289
    outer loop
      vertex -71.8875 -44.4755 30.3
      vertex -72.0836 -47.4707 27.31
      vertex -71.4458 -44.49 30.3
    endloop
  endfacet
  facet normal 0.660663 -0.248708 0.708286
    outer loop
      vertex 80.0174 -41.3829 27.31
      vertex 77.0368 -40.7854 30.3
      vertex 79.8099 -41.9341 27.31
    endloop
  endfacet
  facet normal 0.705543 -0.0231614 0.708289
    outer loop
      vertex 77.495 -38.4408 30.3
      vertex 77.4805 -38.8825 30.3
      vertex 80.4757 -39.0786 27.31
    endloop
  endfacet
  facet normal 0.702534 -0.0691017 0.708288
    outer loop
      vertex 77.4805 -38.8825 30.3
      vertex 77.4421 -39.2729 30.3
      vertex 80.4757 -39.0786 27.31
    endloop
  endfacet
  facet normal 0.248591 -0.660692 0.7083
    outer loop
      vertex 73.7904 -44.0318 30.3
      vertex 73.4231 -44.17 30.3
      vertex 74.388 -47.0124 27.31
    endloop
  endfacet
  facet normal 0.204973 0.675512 0.708286
    outer loop
      vertex 73.8244 47.1833 27.31
      vertex 73.0474 44.284 30.3
      vertex 73.4231 44.17 30.3
    endloop
  endfacet
  facet normal 0.482626 -0.515161 0.708295
    outer loop
      vertex 75.7365 -42.7315 30.3
      vertex 75.4499 -43 30.3
      vertex 77.859 -44.854 27.31
    endloop
  endfacet
  facet normal 0.35237 0.935861 -0
    outer loop
      vertex 74.9391 46.8049 8
      vertex 74.388 47.0124 27.31
      vertex 74.9391 46.8049 27.31
    endloop
  endfacet
  facet normal 0.35237 0.935861 0
    outer loop
      vertex 74.388 47.0124 27.31
      vertex 74.9391 46.8049 8
      vertex 74.388 47.0124 8
    endloop
  endfacet
  facet normal -0.643014 0.291315 0.708286
    outer loop
      vertex -76.8747 41.1432 30.3
      vertex -79.8099 41.9341 27.31
      vertex -77.0368 40.7854 30.3
    endloop
  endfacet
  facet normal 0.545783 0.447712 0.70829
    outer loop
      vertex 78.6352 43.9688 27.31
      vertex 76.005 42.4449 30.3
      vertex 76.2538 42.1416 30.3
    endloop
  endfacet
  facet normal -0.160361 0.687465 0.708291
    outer loop
      vertex -73.2508 47.3171 27.31
      vertex -73.8244 47.1833 27.31
      vertex -72.6653 44.3731 30.3
    endloop
  endfacet
  facet normal -0.675533 -0.204878 0.708294
    outer loop
      vertex -77.175 -40.4181 30.3
      vertex -80.1883 -40.8194 27.31
      vertex -80.0174 -41.3829 27.31
    endloop
  endfacet
  facet normal 0.291315 0.643014 0.708286
    outer loop
      vertex 74.9391 46.8049 27.31
      vertex 73.7904 44.0318 30.3
      vertex 74.1482 43.8697 30.3
    endloop
  endfacet
  facet normal 0.622562 0.332789 0.708285
    outer loop
      vertex 79.2892 42.99 27.31
      vertex 76.6898 41.4891 30.3
      vertex 76.8747 41.1432 30.3
    endloop
  endfacet
  facet normal -0.702533 -0.0691625 0.708283
    outer loop
      vertex -77.4421 -39.2729 30.3
      vertex -80.4757 -39.0786 27.31
      vertex -80.418 -39.6647 27.31
    endloop
  endfacet
  facet normal -0.705543 -0.0231614 0.708289
    outer loop
      vertex -77.495 -38.4408 30.3
      vertex -80.4757 -39.0786 27.31
      vertex -77.4805 -38.8825 30.3
    endloop
  endfacet
  facet normal -0.705546 -0.0231346 0.708286
    outer loop
      vertex -77.495 -38.4408 30.3
      vertex -80.495 -38.49 27.31
      vertex -80.4757 -39.0786 27.31
    endloop
  endfacet
  facet normal -0.412728 0.910854 0
    outer loop
      vertex -74.9391 46.8049 8
      vertex -75.4756 46.5618 27.31
      vertex -74.9391 46.8049 27.31
    endloop
  endfacet
  facet normal -0.412728 0.910854 0
    outer loop
      vertex -75.4756 46.5618 27.31
      vertex -74.9391 46.8049 8
      vertex -75.4756 46.5618 8
    endloop
  endfacet
  facet normal 0.973856 0.227165 0
    outer loop
      vertex 80.3221 40.2458 27.31
      vertex 80.1883 40.8194 8
      vertex 80.1883 40.8194 27.31
    endloop
  endfacet
  facet normal 0.973856 0.227165 0
    outer loop
      vertex 80.1883 40.8194 8
      vertex 80.3221 40.2458 27.31
      vertex 80.3221 40.2458 8
    endloop
  endfacet
  facet normal -0.643014 -0.291315 0.708286
    outer loop
      vertex -77.0368 -40.7854 30.3
      vertex -79.8099 -41.9341 27.31
      vertex -76.8747 -41.1432 30.3
    endloop
  endfacet
  facet normal 0.675533 -0.204878 0.708294
    outer loop
      vertex 80.1883 -40.8194 27.31
      vertex 77.175 -40.4181 30.3
      vertex 80.0174 -41.3829 27.31
    endloop
  endfacet
  facet normal 0.696489 -0.115063 0.708282
    outer loop
      vertex 77.4421 -39.2729 30.3
      vertex 77.3781 -39.6603 30.3
      vertex 80.418 -39.6647 27.31
    endloop
  endfacet
  facet normal 0.248591 0.660692 0.7083
    outer loop
      vertex 74.388 47.0124 27.31
      vertex 73.4231 44.17 30.3
      vertex 73.7904 44.0318 30.3
    endloop
  endfacet
  facet normal 0.248747 0.660647 0.708287
    outer loop
      vertex 74.388 47.0124 27.31
      vertex 73.7904 44.0318 30.3
      vertex 74.9391 46.8049 27.31
    endloop
  endfacet
  facet normal 0.447874 0.545671 0.708274
    outer loop
      vertex 76.9738 45.6302 27.31
      vertex 75.4499 43 30.3
      vertex 77.4291 45.2565 27.31
    endloop
  endfacet
  facet normal 0.482479 0.515323 0.708277
    outer loop
      vertex 77.4291 45.2565 27.31
      vertex 75.4499 43 30.3
      vertex 77.859 44.854 27.31
    endloop
  endfacet
  facet normal 0.812872 -0.582442 0
    outer loop
      vertex 78.6352 -43.9688 27.31
      vertex 78.9782 -43.4901 0
      vertex 78.9782 -43.4901 27.31
    endloop
  endfacet
  facet normal 0.812872 -0.582442 0
    outer loop
      vertex 78.9782 -43.4901 0
      vertex 78.6352 -43.9688 27.31
      vertex 78.6352 -43.9688 0
    endloop
  endfacet
  facet normal 0.291357 0.642999 0.708282
    outer loop
      vertex 74.9391 46.8049 27.31
      vertex 74.1482 43.8697 30.3
      vertex 75.4756 46.5618 27.31
    endloop
  endfacet
  facet normal 0.729902 -0.683551 0
    outer loop
      vertex 77.859 -44.854 27.31
      vertex 78.2616 -44.4241 0
      vertex 78.2616 -44.4241 27.31
    endloop
  endfacet
  facet normal 0.729902 -0.683551 0
    outer loop
      vertex 78.2616 -44.4241 0
      vertex 77.859 -44.854 27.31
      vertex 77.859 -44.854 0
    endloop
  endfacet
  facet normal 0.973856 -0.227165 0
    outer loop
      vertex 80.1883 -40.8194 27.31
      vertex 80.3221 -40.2458 0
      vertex 80.3221 -40.2458 27.31
    endloop
  endfacet
  facet normal 0.973856 -0.227165 0
    outer loop
      vertex 80.3221 -40.2458 0
      vertex 80.1883 -40.8194 27.31
      vertex 80.1883 -40.8194 0
    endloop
  endfacet
  facet normal -0.683461 0.729987 0
    outer loop
      vertex -77.4291 45.2565 8
      vertex -77.859 44.854 27.31
      vertex -77.4291 45.2565 27.31
    endloop
  endfacet
  facet normal -0.683461 0.729987 0
    outer loop
      vertex -77.859 44.854 27.31
      vertex -77.4291 45.2565 8
      vertex -77.859 44.854 8
    endloop
  endfacet
  facet normal -0.573826 0.41116 0.708288
    outer loop
      vertex -78.6352 43.9688 27.31
      vertex -78.9782 43.4901 27.31
      vertex -76.2538 42.1416 30.3
    endloop
  endfacet
  facet normal 0.372794 -0.599468 0.708282
    outer loop
      vertex 76.4951 -45.9732 27.31
      vertex 74.8275 -43.4775 30.3
      vertex 75.995 -46.2842 27.31
    endloop
  endfacet
  facet normal -0.622588 0.33275 0.708281
    outer loop
      vertex -79.2892 42.99 27.31
      vertex -79.5668 42.4706 27.31
      vertex -76.8747 41.1432 30.3
    endloop
  endfacet
  facet normal 0.0231614 -0.705543 0.708289
    outer loop
      vertex 71.8875 -44.4755 30.3
      vertex 71.4458 -44.49 30.3
      vertex 72.0836 -47.4707 27.31
    endloop
  endfacet
  facet normal -0.660663 0.248708 0.708286
    outer loop
      vertex -79.8099 41.9341 27.31
      vertex -80.0174 41.3829 27.31
      vertex -77.0368 40.7854 30.3
    endloop
  endfacet
  facet normal 0.162829 -0.986654 0
    outer loop
      vertex 72.6697 -47.413 0
      vertex 73.2508 -47.3171 27.31
      vertex 72.6697 -47.413 27.31
    endloop
  endfacet
  facet normal 0.162829 -0.986654 0
    outer loop
      vertex 73.2508 -47.3171 27.31
      vertex 72.6697 -47.413 0
      vertex 73.2508 -47.3171 0
    endloop
  endfacet
  facet normal -0.515161 0.482626 0.708295
    outer loop
      vertex -75.7365 42.7315 30.3
      vertex -77.859 44.854 27.31
      vertex -76.005 42.4449 30.3
    endloop
  endfacet
  facet normal -0.33275 0.622588 0.708281
    outer loop
      vertex -75.4756 46.5618 27.31
      vertex -75.995 46.2842 27.31
      vertex -74.1482 43.8697 30.3
    endloop
  endfacet
  facet normal 0.290182 0.956972 -0
    outer loop
      vertex 74.388 47.0124 8
      vertex 73.8244 47.1833 27.31
      vertex 74.388 47.0124 27.31
    endloop
  endfacet
  facet normal 0.290182 0.956972 0
    outer loop
      vertex 73.8244 47.1833 27.31
      vertex 74.388 47.0124 8
      vertex 73.8244 47.1833 8
    endloop
  endfacet
  facet normal 0.411146 0.573842 0.708283
    outer loop
      vertex 76.4951 45.9732 27.31
      vertex 74.8275 43.4775 30.3
      vertex 75.1467 43.2488 30.3
    endloop
  endfacet
  facet normal 0.599491 0.372749 0.708286
    outer loop
      vertex 79.2892 42.99 27.31
      vertex 76.4825 41.8225 30.3
      vertex 76.6898 41.4891 30.3
    endloop
  endfacet
  facet normal 0.372749 0.599491 0.708286
    outer loop
      vertex 75.995 46.2842 27.31
      vertex 74.4941 43.6848 30.3
      vertex 74.8275 43.4775 30.3
    endloop
  endfacet
  facet normal 0.675512 -0.204973 0.708286
    outer loop
      vertex 77.289 -40.0424 30.3
      vertex 77.175 -40.4181 30.3
      vertex 80.1883 -40.8194 27.31
    endloop
  endfacet
  facet normal -0.622588 -0.33275 0.708281
    outer loop
      vertex -76.8747 -41.1432 30.3
      vertex -79.5668 -42.4706 27.31
      vertex -79.2892 -42.99 27.31
    endloop
  endfacet
  facet normal 0.471364 -0.881939 0
    outer loop
      vertex 75.4756 -46.5618 0
      vertex 75.995 -46.2842 27.31
      vertex 75.4756 -46.5618 27.31
    endloop
  endfacet
  facet normal 0.471364 -0.881939 0
    outer loop
      vertex 75.995 -46.2842 27.31
      vertex 75.4756 -46.5618 0
      vertex 75.995 -46.2842 0
    endloop
  endfacet
  facet normal 0.0327721 -0.999463 0
    outer loop
      vertex 71.495 -47.49 0
      vertex 72.0836 -47.4707 27.31
      vertex 71.495 -47.49 27.31
    endloop
  endfacet
  facet normal 0.0327721 -0.999463 0
    outer loop
      vertex 72.0836 -47.4707 27.31
      vertex 71.495 -47.49 0
      vertex 72.0836 -47.4707 0
    endloop
  endfacet
  facet normal -0.227165 0.973856 0
    outer loop
      vertex -73.2508 47.3171 8
      vertex -73.8244 47.1833 27.31
      vertex -73.2508 47.3171 27.31
    endloop
  endfacet
  facet normal -0.227165 0.973856 0
    outer loop
      vertex -73.8244 47.1833 27.31
      vertex -73.2508 47.3171 8
      vertex -73.8244 47.1833 8
    endloop
  endfacet
  facet normal 0.0691625 -0.702533 0.708283
    outer loop
      vertex 72.2779 -44.4371 30.3
      vertex 72.0836 -47.4707 27.31
      vertex 72.6697 -47.413 27.31
    endloop
  endfacet
  facet normal 0.622562 -0.332789 0.708285
    outer loop
      vertex 76.8747 -41.1432 30.3
      vertex 76.6898 -41.4891 30.3
      vertex 79.2892 -42.99 27.31
    endloop
  endfacet
  facet normal -0.622562 -0.332789 0.708285
    outer loop
      vertex -76.8747 -41.1432 30.3
      vertex -79.2892 -42.99 27.31
      vertex -76.6898 -41.4891 30.3
    endloop
  endfacet
  facet normal 0.729902 0.683551 0
    outer loop
      vertex 78.2616 44.4241 27.31
      vertex 77.859 44.854 8
      vertex 77.859 44.854 27.31
    endloop
  endfacet
  facet normal 0.729902 0.683551 0
    outer loop
      vertex 77.859 44.854 8
      vertex 78.2616 44.4241 27.31
      vertex 78.2616 44.4241 8
    endloop
  endfacet
  facet normal -0.447806 0.545718 0.708281
    outer loop
      vertex -75.1467 43.2488 30.3
      vertex -76.9738 45.6302 27.31
      vertex -75.4499 43 30.3
    endloop
  endfacet
  facet normal 0.935882 -0.352314 0
    outer loop
      vertex 79.8099 -41.9341 27.31
      vertex 80.0174 -41.3829 0
      vertex 80.0174 -41.3829 27.31
    endloop
  endfacet
  facet normal 0.935882 -0.352314 0
    outer loop
      vertex 80.0174 -41.3829 0
      vertex 79.8099 -41.9341 27.31
      vertex 79.8099 -41.9341 0
    endloop
  endfacet
  facet normal -0.622562 0.332789 0.708285
    outer loop
      vertex -76.6898 41.4891 30.3
      vertex -79.2892 42.99 27.31
      vertex -76.8747 41.1432 30.3
    endloop
  endfacet
  facet normal 0.702533 -0.0691625 0.708283
    outer loop
      vertex 80.4757 -39.0786 27.31
      vertex 77.4421 -39.2729 30.3
      vertex 80.418 -39.6647 27.31
    endloop
  endfacet
  facet normal -0.687482 0.16031 0.708286
    outer loop
      vertex -77.289 40.0424 30.3
      vertex -80.1883 40.8194 27.31
      vertex -77.3781 39.6603 30.3
    endloop
  endfacet
  facet normal 0.705546 -0.0231346 0.708286
    outer loop
      vertex 80.495 -38.49 27.31
      vertex 77.495 -38.4408 30.3
      vertex 80.4757 -39.0786 27.31
    endloop
  endfacet
  facet normal -0.447874 0.545671 0.708274
    outer loop
      vertex -76.9738 45.6302 27.31
      vertex -77.4291 45.2565 27.31
      vertex -75.4499 43 30.3
    endloop
  endfacet
  facet normal -0.372749 0.599491 0.708286
    outer loop
      vertex -74.4941 43.6848 30.3
      vertex -75.995 46.2842 27.31
      vertex -74.8275 43.4775 30.3
    endloop
  endfacet
  facet normal -0.675512 0.204973 0.708286
    outer loop
      vertex -77.175 40.4181 30.3
      vertex -80.1883 40.8194 27.31
      vertex -77.289 40.0424 30.3
    endloop
  endfacet
  facet normal -0.956957 -0.290229 0
    outer loop
      vertex -80.0174 -41.3829 0
      vertex -80.1883 -40.8194 27.31
      vertex -80.1883 -40.8194 0
    endloop
  endfacet
  facet normal -0.956957 -0.290229 0
    outer loop
      vertex -80.1883 -40.8194 27.31
      vertex -80.0174 -41.3829 0
      vertex -80.0174 -41.3829 27.31
    endloop
  endfacet
  facet normal -0.999463 -0.0327721 0
    outer loop
      vertex -80.4757 -39.0786 0
      vertex -80.495 -38.49 27.31
      vertex -80.495 -38.49 0
    endloop
  endfacet
  facet normal -0.999463 -0.0327721 0
    outer loop
      vertex -80.495 -38.49 27.31
      vertex -80.4757 -39.0786 0
      vertex -80.4757 -39.0786 27.31
    endloop
  endfacet
  facet normal 0.687482 -0.16031 0.708286
    outer loop
      vertex 77.3781 -39.6603 30.3
      vertex 77.289 -40.0424 30.3
      vertex 80.1883 -40.8194 27.31
    endloop
  endfacet
  facet normal -0.16031 0.687482 0.708286
    outer loop
      vertex -72.6653 44.3731 30.3
      vertex -73.8244 47.1833 27.31
      vertex -73.0474 44.284 30.3
    endloop
  endfacet
  facet normal -0.114944 0.696499 0.708292
    outer loop
      vertex -72.6697 47.413 27.31
      vertex -73.2508 47.3171 27.31
      vertex -72.6653 44.3731 30.3
    endloop
  endfacet
  facet normal 0.582442 -0.812872 0
    outer loop
      vertex 76.4951 -45.9732 0
      vertex 76.9738 -45.6302 27.31
      vertex 76.4951 -45.9732 27.31
    endloop
  endfacet
  facet normal 0.582442 -0.812872 0
    outer loop
      vertex 76.9738 -45.6302 27.31
      vertex 76.4951 -45.9732 0
      vertex 76.9738 -45.6302 0
    endloop
  endfacet
  facet normal 0.599491 -0.372749 0.708286
    outer loop
      vertex 76.6898 -41.4891 30.3
      vertex 76.4825 -41.8225 30.3
      vertex 79.2892 -42.99 27.31
    endloop
  endfacet
  facet normal -0.687465 0.160361 0.708291
    outer loop
      vertex -80.1883 40.8194 27.31
      vertex -80.3221 40.2458 27.31
      vertex -77.3781 39.6603 30.3
    endloop
  endfacet
  facet normal -0.545783 0.447712 0.70829
    outer loop
      vertex -76.005 42.4449 30.3
      vertex -78.6352 43.9688 27.31
      vertex -76.2538 42.1416 30.3
    endloop
  endfacet
  facet normal -0.545724 0.447798 0.708282
    outer loop
      vertex -78.2616 44.4241 27.31
      vertex -78.6352 43.9688 27.31
      vertex -76.005 42.4449 30.3
    endloop
  endfacet
  facet normal -0.0691017 0.702534 0.708288
    outer loop
      vertex -72.0836 47.4707 27.31
      vertex -72.2779 44.4371 30.3
      vertex -71.8875 44.4755 30.3
    endloop
  endfacet
  facet normal -0.696489 0.115063 0.708282
    outer loop
      vertex -77.3781 39.6603 30.3
      vertex -80.418 39.6647 27.31
      vertex -77.4421 39.2729 30.3
    endloop
  endfacet
  facet normal -0.599468 0.372794 0.708282
    outer loop
      vertex -78.9782 43.4901 27.31
      vertex -79.2892 42.99 27.31
      vertex -76.4825 41.8225 30.3
    endloop
  endfacet
  facet normal -0.729902 0.683551 0
    outer loop
      vertex -78.2616 44.4241 8
      vertex -77.859 44.854 27.31
      vertex -77.859 44.854 8
    endloop
  endfacet
  facet normal -0.729902 0.683551 0
    outer loop
      vertex -77.859 44.854 27.31
      vertex -78.2616 44.4241 8
      vertex -78.2616 44.4241 27.31
    endloop
  endfacet
  facet normal -0.204973 0.675512 0.708286
    outer loop
      vertex -73.0474 44.284 30.3
      vertex -73.8244 47.1833 27.31
      vertex -73.4231 44.17 30.3
    endloop
  endfacet
  facet normal -0.582442 0.812872 0
    outer loop
      vertex -76.4951 45.9732 8
      vertex -76.9738 45.6302 27.31
      vertex -76.4951 45.9732 27.31
    endloop
  endfacet
  facet normal -0.582442 0.812872 0
    outer loop
      vertex -76.9738 45.6302 27.31
      vertex -76.4951 45.9732 8
      vertex -76.9738 45.6302 8
    endloop
  endfacet
  facet normal -0.634439 0.772973 0
    outer loop
      vertex -76.9738 45.6302 8
      vertex -77.4291 45.2565 27.31
      vertex -76.9738 45.6302 27.31
    endloop
  endfacet
  facet normal -0.634439 0.772973 0
    outer loop
      vertex -77.4291 45.2565 27.31
      vertex -76.9738 45.6302 8
      vertex -77.4291 45.2565 8
    endloop
  endfacet
  facet normal -0.162829 0.986654 0
    outer loop
      vertex -72.6697 47.413 8
      vertex -73.2508 47.3171 27.31
      vertex -72.6697 47.413 27.31
    endloop
  endfacet
  facet normal -0.162829 0.986654 0
    outer loop
      vertex -73.2508 47.3171 27.31
      vertex -72.6697 47.413 8
      vertex -73.2508 47.3171 8
    endloop
  endfacet
  facet normal -0.0691625 0.702533 0.708283
    outer loop
      vertex -72.0836 47.4707 27.31
      vertex -72.6697 47.413 27.31
      vertex -72.2779 44.4371 30.3
    endloop
  endfacet
  facet normal 0.204843 -0.67554 0.708297
    outer loop
      vertex 74.388 -47.0124 27.31
      vertex 73.4231 -44.17 30.3
      vertex 73.8244 -47.1833 27.31
    endloop
  endfacet
  facet normal 0.35237 -0.935861 0
    outer loop
      vertex 74.388 -47.0124 0
      vertex 74.9391 -46.8049 27.31
      vertex 74.388 -47.0124 27.31
    endloop
  endfacet
  facet normal 0.35237 -0.935861 0
    outer loop
      vertex 74.9391 -46.8049 27.31
      vertex 74.388 -47.0124 0
      vertex 74.9391 -46.8049 0
    endloop
  endfacet
  facet normal 0.16031 -0.687482 0.708286
    outer loop
      vertex 73.0474 -44.284 30.3
      vertex 72.6653 -44.3731 30.3
      vertex 73.8244 -47.1833 27.31
    endloop
  endfacet
  facet normal 0.675512 0.204973 0.708286
    outer loop
      vertex 80.1883 40.8194 27.31
      vertex 77.175 40.4181 30.3
      vertex 77.289 40.0424 30.3
    endloop
  endfacet
  facet normal 0.447806 -0.545718 0.708281
    outer loop
      vertex 75.4499 -43 30.3
      vertex 75.1467 -43.2488 30.3
      vertex 76.9738 -45.6302 27.31
    endloop
  endfacet
  facet normal -0.290182 0.956972 0
    outer loop
      vertex -73.8244 47.1833 8
      vertex -74.388 47.0124 27.31
      vertex -73.8244 47.1833 27.31
    endloop
  endfacet
  facet normal -0.290182 0.956972 0
    outer loop
      vertex -74.388 47.0124 27.31
      vertex -73.8244 47.1833 8
      vertex -74.388 47.0124 8
    endloop
  endfacet
  facet normal -0.411164 0.573831 0.708281
    outer loop
      vertex -76.4951 45.9732 27.31
      vertex -76.9738 45.6302 27.31
      vertex -75.1467 43.2488 30.3
    endloop
  endfacet
  facet normal 0.227165 -0.973856 0
    outer loop
      vertex 73.2508 -47.3171 0
      vertex 73.8244 -47.1833 27.31
      vertex 73.2508 -47.3171 27.31
    endloop
  endfacet
  facet normal 0.227165 -0.973856 0
    outer loop
      vertex 73.8244 -47.1833 27.31
      vertex 73.2508 -47.3171 0
      vertex 73.8244 -47.1833 0
    endloop
  endfacet
  facet normal 0.687482 0.16031 0.708286
    outer loop
      vertex 80.1883 40.8194 27.31
      vertex 77.289 40.0424 30.3
      vertex 77.3781 39.6603 30.3
    endloop
  endfacet
  facet normal 0.643014 0.291315 0.708286
    outer loop
      vertex 79.8099 41.9341 27.31
      vertex 76.8747 41.1432 30.3
      vertex 77.0368 40.7854 30.3
    endloop
  endfacet
  facet normal 0.660663 0.248708 0.708286
    outer loop
      vertex 79.8099 41.9341 27.31
      vertex 77.0368 40.7854 30.3
      vertex 80.0174 41.3829 27.31
    endloop
  endfacet
  facet normal 0.0691017 -0.702534 0.708288
    outer loop
      vertex 72.2779 -44.4371 30.3
      vertex 71.8875 -44.4755 30.3
      vertex 72.0836 -47.4707 27.31
    endloop
  endfacet
  facet normal 0 0 1
    outer loop
      vertex 71.4458 44.49 30.3
      vertex 77.495 38.4408 30.3
      vertex 77.4805 38.8825 30.3
    endloop
  endfacet
  facet normal 0 0 1
    outer loop
      vertex 77.495 38.4408 30.3
      vertex 24.6629 -22.8889 30.3
      vertex 77.495 -38.4408 30.3
    endloop
  endfacet
  facet normal 0 0 1
    outer loop
      vertex 71.4458 44.49 30.3
      vertex 77.4805 38.8825 30.3
      vertex 77.4421 39.2729 30.3
    endloop
  endfacet
  facet normal -0 -0 1
    outer loop
      vertex 24.7321 -23 30.3
      vertex 77.495 -38.4408 30.3
      vertex 24.6629 -22.8889 30.3
    endloop
  endfacet
  facet normal 0 0 1
    outer loop
      vertex 71.4458 44.49 30.3
      vertex 77.4421 39.2729 30.3
      vertex 77.3781 39.6603 30.3
    endloop
  endfacet
  facet normal -0 -0 1
    outer loop
      vertex 24.7937 -23.1154 30.3
      vertex 77.495 -38.4408 30.3
      vertex 24.7321 -23 30.3
    endloop
  endfacet
  facet normal 0 0 1
    outer loop
      vertex 71.4458 44.49 30.3
      vertex 77.3781 39.6603 30.3
      vertex 77.289 40.0424 30.3
    endloop
  endfacet
  facet normal -0 -0 1
    outer loop
      vertex 24.8478 -23.2346 30.3
      vertex 77.495 -38.4408 30.3
      vertex 24.7937 -23.1154 30.3
    endloop
  endfacet
  facet normal 0 0 1
    outer loop
      vertex 71.4458 44.49 30.3
      vertex 77.289 40.0424 30.3
      vertex 77.175 40.4181 30.3
    endloop
  endfacet
  facet normal -0 -0 1
    outer loop
      vertex 24.9319 -23.4824 30.3
      vertex 77.495 -38.4408 30.3
      vertex 24.8939 -23.3571 30.3
    endloop
  endfacet
  facet normal 0 0 1
    outer loop
      vertex 71.4458 44.49 30.3
      vertex 77.175 40.4181 30.3
      vertex 77.0368 40.7854 30.3
    endloop
  endfacet
  facet normal -0 -0 1
    outer loop
      vertex 24.9616 -23.6098 30.3
      vertex 77.495 -38.4408 30.3
      vertex 24.9319 -23.4824 30.3
    endloop
  endfacet
  facet normal 0 0 1
    outer loop
      vertex 71.4458 44.49 30.3
      vertex 77.0368 40.7854 30.3
      vertex 76.8747 41.1432 30.3
    endloop
  endfacet
  facet normal -0 -0 1
    outer loop
      vertex 24.9829 -23.739 30.3
      vertex 77.495 -38.4408 30.3
      vertex 24.9616 -23.6098 30.3
    endloop
  endfacet
  facet normal 0 0 1
    outer loop
      vertex 71.4458 44.49 30.3
      vertex 76.8747 41.1432 30.3
      vertex 76.6898 41.4891 30.3
    endloop
  endfacet
  facet normal 0 -0 1
    outer loop
      vertex 71.4458 -44.49 30.3
      vertex 77.495 -38.4408 30.3
      vertex 24.9829 -23.739 30.3
    endloop
  endfacet
  facet normal 0 0 1
    outer loop
      vertex 71.4458 44.49 30.3
      vertex 76.6898 41.4891 30.3
      vertex 76.4825 41.8225 30.3
    endloop
  endfacet
  facet normal 0 0 1
    outer loop
      vertex 77.495 -38.4408 30.3
      vertex 71.4458 -44.49 30.3
      vertex 77.4805 -38.8825 30.3
    endloop
  endfacet
  facet normal 0 0 1
    outer loop
      vertex 71.4458 44.49 30.3
      vertex 76.4825 41.8225 30.3
      vertex 76.2538 42.1416 30.3
    endloop
  endfacet
  facet normal 0 0 1
    outer loop
      vertex 77.4421 -39.2729 30.3
      vertex 71.4458 -44.49 30.3
      vertex 77.3781 -39.6603 30.3
    endloop
  endfacet
  facet normal 0 0 1
    outer loop
      vertex 71.4458 44.49 30.3
      vertex 76.2538 42.1416 30.3
      vertex 76.005 42.4449 30.3
    endloop
  endfacet
  facet normal 0 0 1
    outer loop
      vertex 77.3781 -39.6603 30.3
      vertex 71.4458 -44.49 30.3
      vertex 77.289 -40.0424 30.3
    endloop
  endfacet
  facet normal 0 0 1
    outer loop
      vertex 71.4458 44.49 30.3
      vertex 76.005 42.4449 30.3
      vertex 75.7365 42.7315 30.3
    endloop
  endfacet
  facet normal 0 0 1
    outer loop
      vertex 77.175 -40.4181 30.3
      vertex 71.4458 -44.49 30.3
      vertex 77.0368 -40.7854 30.3
    endloop
  endfacet
  facet normal 0 0 1
    outer loop
      vertex 71.4458 44.49 30.3
      vertex 75.7365 42.7315 30.3
      vertex 75.4499 43 30.3
    endloop
  endfacet
  facet normal 0 0 1
    outer loop
      vertex 76.8747 -41.1432 30.3
      vertex 71.4458 -44.49 30.3
      vertex 76.6898 -41.4891 30.3
    endloop
  endfacet
  facet normal 0 0 1
    outer loop
      vertex 71.4458 44.49 30.3
      vertex 75.4499 43 30.3
      vertex 75.1467 43.2488 30.3
    endloop
  endfacet
  facet normal 0 0 1
    outer loop
      vertex 76.6898 -41.4891 30.3
      vertex 71.4458 -44.49 30.3
      vertex 76.4825 -41.8225 30.3
    endloop
  endfacet
  facet normal 0 0 1
    outer loop
      vertex 71.4458 44.49 30.3
      vertex 75.1467 43.2488 30.3
      vertex 74.8275 43.4775 30.3
    endloop
  endfacet
  facet normal 0 0 1
    outer loop
      vertex 76.2538 -42.1416 30.3
      vertex 71.4458 -44.49 30.3
      vertex 76.005 -42.4449 30.3
    endloop
  endfacet
  facet normal 0 0 1
    outer loop
      vertex 71.4458 44.49 30.3
      vertex 74.8275 43.4775 30.3
      vertex 74.4941 43.6848 30.3
    endloop
  endfacet
  facet normal 0 0 1
    outer loop
      vertex 76.005 -42.4449 30.3
      vertex 71.4458 -44.49 30.3
      vertex 75.7365 -42.7315 30.3
    endloop
  endfacet
  facet normal 0 0 1
    outer loop
      vertex 71.4458 44.49 30.3
      vertex 74.4941 43.6848 30.3
      vertex 74.1482 43.8697 30.3
    endloop
  endfacet
  facet normal 0 0 1
    outer loop
      vertex 75.4499 -43 30.3
      vertex 71.4458 -44.49 30.3
      vertex 75.1467 -43.2488 30.3
    endloop
  endfacet
  facet normal 0 0 1
    outer loop
      vertex 71.4458 44.49 30.3
      vertex 74.1482 43.8697 30.3
      vertex 73.7904 44.0318 30.3
    endloop
  endfacet
  facet normal 0 0 1
    outer loop
      vertex 77.495 38.4408 30.3
      vertex 71.4458 44.49 30.3
      vertex 24.1111 -22.3371 30.3
    endloop
  endfacet
  facet normal 0 0 1
    outer loop
      vertex 71.4458 44.49 30.3
      vertex 73.7904 44.0318 30.3
      vertex 73.4231 44.17 30.3
    endloop
  endfacet
  facet normal 0 0 1
    outer loop
      vertex 74.8275 -43.4775 30.3
      vertex 71.4458 -44.49 30.3
      vertex 74.4941 -43.6848 30.3
    endloop
  endfacet
  facet normal 0 0 1
    outer loop
      vertex 71.4458 44.49 30.3
      vertex 73.4231 44.17 30.3
      vertex 73.0474 44.284 30.3
    endloop
  endfacet
  facet normal 0 0 1
    outer loop
      vertex 74.1482 -43.8697 30.3
      vertex 71.4458 -44.49 30.3
      vertex 73.7904 -44.0318 30.3
    endloop
  endfacet
  facet normal 0 0 1
    outer loop
      vertex 71.4458 44.49 30.3
      vertex 73.0474 44.284 30.3
      vertex 72.6653 44.3731 30.3
    endloop
  endfacet
  facet normal 0 0 1
    outer loop
      vertex 73.7904 -44.0318 30.3
      vertex 71.4458 -44.49 30.3
      vertex 73.4231 -44.17 30.3
    endloop
  endfacet
  facet normal 0 0 1
    outer loop
      vertex 71.4458 44.49 30.3
      vertex 72.6653 44.3731 30.3
      vertex 72.2779 44.4371 30.3
    endloop
  endfacet
  facet normal 0 0 1
    outer loop
      vertex 73.4231 -44.17 30.3
      vertex 71.4458 -44.49 30.3
      vertex 73.0474 -44.284 30.3
    endloop
  endfacet
  facet normal 0 0 1
    outer loop
      vertex 71.4458 44.49 30.3
      vertex 72.2779 44.4371 30.3
      vertex 71.8875 44.4755 30.3
    endloop
  endfacet
  facet normal 0 0 1
    outer loop
      vertex 73.0474 -44.284 30.3
      vertex 71.4458 -44.49 30.3
      vertex 72.6653 -44.3731 30.3
    endloop
  endfacet
  facet normal 0 0 1
    outer loop
      vertex 72.6653 -44.3731 30.3
      vertex 71.4458 -44.49 30.3
      vertex 72.2779 -44.4371 30.3
    endloop
  endfacet
  facet normal 0 0 1
    outer loop
      vertex 72.2779 -44.4371 30.3
      vertex 71.4458 -44.49 30.3
      vertex 71.8875 -44.4755 30.3
    endloop
  endfacet
  facet normal 0 0 1
    outer loop
      vertex 74.4941 -43.6848 30.3
      vertex 71.4458 -44.49 30.3
      vertex 74.1482 -43.8697 30.3
    endloop
  endfacet
  facet normal 0 0 1
    outer loop
      vertex 71.4458 -44.49 30.3
      vertex 24.9957 -23.8692 30.3
      vertex 25 -24 30.3
    endloop
  endfacet
  facet normal 0 0 1
    outer loop
      vertex 71.4458 -44.49 30.3
      vertex 24.9829 -23.739 30.3
      vertex 24.9957 -23.8692 30.3
    endloop
  endfacet
  facet normal 0 0 1
    outer loop
      vertex 77.4805 -38.8825 30.3
      vertex 71.4458 -44.49 30.3
      vertex 77.4421 -39.2729 30.3
    endloop
  endfacet
  facet normal 0 0 1
    outer loop
      vertex 77.289 -40.0424 30.3
      vertex 71.4458 -44.49 30.3
      vertex 77.175 -40.4181 30.3
    endloop
  endfacet
  facet normal 0 0 1
    outer loop
      vertex 77.0368 -40.7854 30.3
      vertex 71.4458 -44.49 30.3
      vertex 76.8747 -41.1432 30.3
    endloop
  endfacet
  facet normal 0 0 1
    outer loop
      vertex 76.4825 -41.8225 30.3
      vertex 71.4458 -44.49 30.3
      vertex 76.2538 -42.1416 30.3
    endloop
  endfacet
  facet normal 0 0 1
    outer loop
      vertex 75.7365 -42.7315 30.3
      vertex 71.4458 -44.49 30.3
      vertex 75.4499 -43 30.3
    endloop
  endfacet
  facet normal 0 0 1
    outer loop
      vertex 75.1467 -43.2488 30.3
      vertex 71.4458 -44.49 30.3
      vertex 74.8275 -43.4775 30.3
    endloop
  endfacet
  facet normal -0 -0 1
    outer loop
      vertex 24.8939 -23.3571 30.3
      vertex 77.495 -38.4408 30.3
      vertex 24.8478 -23.2346 30.3
    endloop
  endfacet
  facet normal 0 0 1
    outer loop
      vertex 77.495 38.4408 30.3
      vertex 24.5867 -22.7825 30.3
      vertex 24.6629 -22.8889 30.3
    endloop
  endfacet
  facet normal 0 0 1
    outer loop
      vertex 77.495 38.4408 30.3
      vertex 24.5037 -22.6813 30.3
      vertex 24.5867 -22.7825 30.3
    endloop
  endfacet
  facet normal 0 0 1
    outer loop
      vertex 77.495 38.4408 30.3
      vertex 24.4142 -22.5858 30.3
      vertex 24.5037 -22.6813 30.3
    endloop
  endfacet
  facet normal 0 0 1
    outer loop
      vertex 77.495 38.4408 30.3
      vertex 24.3187 -22.4963 30.3
      vertex 24.4142 -22.5858 30.3
    endloop
  endfacet
  facet normal 0 0 1
    outer loop
      vertex 77.495 38.4408 30.3
      vertex 24.2175 -22.4133 30.3
      vertex 24.3187 -22.4963 30.3
    endloop
  endfacet
  facet normal 0 0 1
    outer loop
      vertex 77.495 38.4408 30.3
      vertex 24.1111 -22.3371 30.3
      vertex 24.2175 -22.4133 30.3
    endloop
  endfacet
  facet normal 0 0 1
    outer loop
      vertex 71.4458 44.49 30.3
      vertex 24 -22.2679 30.3
      vertex 24.1111 -22.3371 30.3
    endloop
  endfacet
  facet normal 0 0 1
    outer loop
      vertex 71.4458 44.49 30.3
      vertex 23.8846 -22.2063 30.3
      vertex 24 -22.2679 30.3
    endloop
  endfacet
  facet normal 0 0 1
    outer loop
      vertex 71.4458 44.49 30.3
      vertex 23.7654 -22.1522 30.3
      vertex 23.8846 -22.2063 30.3
    endloop
  endfacet
  facet normal 0 0 1
    outer loop
      vertex 71.4458 44.49 30.3
      vertex 23.6429 -22.1061 30.3
      vertex 23.7654 -22.1522 30.3
    endloop
  endfacet
  facet normal 0 0 1
    outer loop
      vertex 71.4458 44.49 30.3
      vertex 23.5176 -22.0681 30.3
      vertex 23.6429 -22.1061 30.3
    endloop
  endfacet
  facet normal 0 0 1
    outer loop
      vertex 71.4458 44.49 30.3
      vertex 23.3902 -22.0384 30.3
      vertex 23.5176 -22.0681 30.3
    endloop
  endfacet
  facet normal 0 0 1
    outer loop
      vertex 71.4458 44.49 30.3
      vertex 23.261 -22.0171 30.3
      vertex 23.3902 -22.0384 30.3
    endloop
  endfacet
  facet normal 0 0 1
    outer loop
      vertex 71.4458 44.49 30.3
      vertex 23.1308 -22.0043 30.3
      vertex 23.261 -22.0171 30.3
    endloop
  endfacet
  facet normal 0 0 1
    outer loop
      vertex 71.4458 44.49 30.3
      vertex 23 -22 30.3
      vertex 23.1308 -22.0043 30.3
    endloop
  endfacet
  facet normal 0 0 1
    outer loop
      vertex 71.4458 44.49 30.3
      vertex -23 -22 30.3
      vertex 23 -22 30.3
    endloop
  endfacet
  facet normal -0 0 1
    outer loop
      vertex -71.4458 44.49 30.3
      vertex -23 -22 30.3
      vertex 71.4458 44.49 30.3
    endloop
  endfacet
  facet normal 0 0 1
    outer loop
      vertex -23 -22 30.3
      vertex -71.4458 44.49 30.3
      vertex -23.1308 -22.0043 30.3
    endloop
  endfacet
  facet normal 0 0 1
    outer loop
      vertex -23.1308 -22.0043 30.3
      vertex -71.4458 44.49 30.3
      vertex -23.261 -22.0171 30.3
    endloop
  endfacet
  facet normal 0 0 1
    outer loop
      vertex -23.261 -22.0171 30.3
      vertex -71.4458 44.49 30.3
      vertex -23.3902 -22.0384 30.3
    endloop
  endfacet
  facet normal 0 0 1
    outer loop
      vertex -23.3902 -22.0384 30.3
      vertex -71.4458 44.49 30.3
      vertex -23.5176 -22.0681 30.3
    endloop
  endfacet
  facet normal 0 0 1
    outer loop
      vertex -23.5176 -22.0681 30.3
      vertex -71.4458 44.49 30.3
      vertex -23.6429 -22.1061 30.3
    endloop
  endfacet
  facet normal 0 0 1
    outer loop
      vertex -23.6429 -22.1061 30.3
      vertex -71.4458 44.49 30.3
      vertex -23.7654 -22.1522 30.3
    endloop
  endfacet
  facet normal 0 0 1
    outer loop
      vertex -23.7654 -22.1522 30.3
      vertex -71.4458 44.49 30.3
      vertex -23.8846 -22.2063 30.3
    endloop
  endfacet
  facet normal 0 0 1
    outer loop
      vertex -23.8846 -22.2063 30.3
      vertex -71.4458 44.49 30.3
      vertex -24 -22.2679 30.3
    endloop
  endfacet
  facet normal 0 0 1
    outer loop
      vertex -24 -22.2679 30.3
      vertex -71.4458 44.49 30.3
      vertex -24.1111 -22.3371 30.3
    endloop
  endfacet
  facet normal -0 0 1
    outer loop
      vertex -77.495 38.4408 30.3
      vertex -24.1111 -22.3371 30.3
      vertex -71.4458 44.49 30.3
    endloop
  endfacet
  facet normal 0 0 1
    outer loop
      vertex -24.1111 -22.3371 30.3
      vertex -77.495 38.4408 30.3
      vertex -24.2175 -22.4133 30.3
    endloop
  endfacet
  facet normal 0 0 1
    outer loop
      vertex -24.2175 -22.4133 30.3
      vertex -77.495 38.4408 30.3
      vertex -24.3187 -22.4963 30.3
    endloop
  endfacet
  facet normal 0 0 1
    outer loop
      vertex -24.3187 -22.4963 30.3
      vertex -77.495 38.4408 30.3
      vertex -24.4142 -22.5858 30.3
    endloop
  endfacet
  facet normal 0 0 1
    outer loop
      vertex -24.4142 -22.5858 30.3
      vertex -77.495 38.4408 30.3
      vertex -24.5037 -22.6813 30.3
    endloop
  endfacet
  facet normal 0 0 1
    outer loop
      vertex -24.5037 -22.6813 30.3
      vertex -77.495 38.4408 30.3
      vertex -24.5867 -22.7825 30.3
    endloop
  endfacet
  facet normal 0 0 1
    outer loop
      vertex -24.5867 -22.7825 30.3
      vertex -77.495 38.4408 30.3
      vertex -24.6629 -22.8889 30.3
    endloop
  endfacet
  facet normal 0 0 1
    outer loop
      vertex -77.495 -38.4408 30.3
      vertex -24.6629 -22.8889 30.3
      vertex -77.495 38.4408 30.3
    endloop
  endfacet
  facet normal 0 0 1
    outer loop
      vertex -24.6629 -22.8889 30.3
      vertex -77.495 -38.4408 30.3
      vertex -24.7321 -23 30.3
    endloop
  endfacet
  facet normal 0 0 1
    outer loop
      vertex -24.7321 -23 30.3
      vertex -77.495 -38.4408 30.3
      vertex -24.7937 -23.1154 30.3
    endloop
  endfacet
  facet normal 0 0 1
    outer loop
      vertex -24.7937 -23.1154 30.3
      vertex -77.495 -38.4408 30.3
      vertex -24.8478 -23.2346 30.3
    endloop
  endfacet
  facet normal 0 0 1
    outer loop
      vertex -24.8478 -23.2346 30.3
      vertex -77.495 -38.4408 30.3
      vertex -24.8939 -23.3571 30.3
    endloop
  endfacet
  facet normal 0 0 1
    outer loop
      vertex -24.8939 -23.3571 30.3
      vertex -77.495 -38.4408 30.3
      vertex -24.9319 -23.4824 30.3
    endloop
  endfacet
  facet normal 0 0 1
    outer loop
      vertex -24.9319 -23.4824 30.3
      vertex -77.495 -38.4408 30.3
      vertex -24.9616 -23.6098 30.3
    endloop
  endfacet
  facet normal 0 0 1
    outer loop
      vertex -24.9616 -23.6098 30.3
      vertex -77.495 -38.4408 30.3
      vertex -24.9829 -23.739 30.3
    endloop
  endfacet
  facet normal 0 0 1
    outer loop
      vertex -24.9829 -23.739 30.3
      vertex -77.495 -38.4408 30.3
      vertex -24.9957 -23.8692 30.3
    endloop
  endfacet
  facet normal 0 -0 1
    outer loop
      vertex -71.4458 -44.49 30.3
      vertex -24.9957 -23.8692 30.3
      vertex -77.495 -38.4408 30.3
    endloop
  endfacet
  facet normal 0 0 1
    outer loop
      vertex -77.495 38.4408 30.3
      vertex -71.4458 44.49 30.3
      vertex -71.8875 44.4755 30.3
    endloop
  endfacet
  facet normal 0 0 1
    outer loop
      vertex -24.9957 -23.8692 30.3
      vertex -71.4458 -44.49 30.3
      vertex -25 -24 30.3
    endloop
  endfacet
  facet normal 0 0 1
    outer loop
      vertex -77.495 38.4408 30.3
      vertex -71.8875 44.4755 30.3
      vertex -72.2779 44.4371 30.3
    endloop
  endfacet
  facet normal 0 0 1
    outer loop
      vertex -25 -24 30.3
      vertex -71.4458 -44.49 30.3
      vertex -25 -44.49 30.3
    endloop
  endfacet
  facet normal 0 0 1
    outer loop
      vertex -77.495 38.4408 30.3
      vertex -72.2779 44.4371 30.3
      vertex -72.6653 44.3731 30.3
    endloop
  endfacet
  facet normal 0 0 1
    outer loop
      vertex -71.4458 -44.49 30.3
      vertex -77.495 -38.4408 30.3
      vertex -71.8875 -44.4755 30.3
    endloop
  endfacet
  facet normal 0 0 1
    outer loop
      vertex -77.495 38.4408 30.3
      vertex -72.6653 44.3731 30.3
      vertex -73.0474 44.284 30.3
    endloop
  endfacet
  facet normal 0 0 1
    outer loop
      vertex -71.8875 -44.4755 30.3
      vertex -77.495 -38.4408 30.3
      vertex -72.2779 -44.4371 30.3
    endloop
  endfacet
  facet normal 0 0 1
    outer loop
      vertex -77.495 38.4408 30.3
      vertex -73.0474 44.284 30.3
      vertex -73.4231 44.17 30.3
    endloop
  endfacet
  facet normal 0 0 1
    outer loop
      vertex -72.2779 -44.4371 30.3
      vertex -77.495 -38.4408 30.3
      vertex -72.6653 -44.3731 30.3
    endloop
  endfacet
  facet normal 0 0 1
    outer loop
      vertex -77.495 38.4408 30.3
      vertex -73.4231 44.17 30.3
      vertex -73.7904 44.0318 30.3
    endloop
  endfacet
  facet normal 0 0 1
    outer loop
      vertex -72.6653 -44.3731 30.3
      vertex -77.495 -38.4408 30.3
      vertex -73.0474 -44.284 30.3
    endloop
  endfacet
  facet normal 0 0 1
    outer loop
      vertex -77.495 38.4408 30.3
      vertex -73.7904 44.0318 30.3
      vertex -74.1482 43.8697 30.3
    endloop
  endfacet
  facet normal 0 0 1
    outer loop
      vertex -73.0474 -44.284 30.3
      vertex -77.495 -38.4408 30.3
      vertex -73.4231 -44.17 30.3
    endloop
  endfacet
  facet normal 0 0 1
    outer loop
      vertex -77.495 38.4408 30.3
      vertex -74.1482 43.8697 30.3
      vertex -74.4941 43.6848 30.3
    endloop
  endfacet
  facet normal 0 0 1
    outer loop
      vertex -73.4231 -44.17 30.3
      vertex -77.495 -38.4408 30.3
      vertex -73.7904 -44.0318 30.3
    endloop
  endfacet
  facet normal 0 0 1
    outer loop
      vertex -77.495 38.4408 30.3
      vertex -74.4941 43.6848 30.3
      vertex -74.8275 43.4775 30.3
    endloop
  endfacet
  facet normal 0 0 1
    outer loop
      vertex -73.7904 -44.0318 30.3
      vertex -77.495 -38.4408 30.3
      vertex -74.1482 -43.8697 30.3
    endloop
  endfacet
  facet normal 0 0 1
    outer loop
      vertex -77.495 38.4408 30.3
      vertex -74.8275 43.4775 30.3
      vertex -75.1467 43.2488 30.3
    endloop
  endfacet
  facet normal 0 0 1
    outer loop
      vertex -74.1482 -43.8697 30.3
      vertex -77.495 -38.4408 30.3
      vertex -74.4941 -43.6848 30.3
    endloop
  endfacet
  facet normal 0 0 1
    outer loop
      vertex -77.495 38.4408 30.3
      vertex -75.1467 43.2488 30.3
      vertex -75.4499 43 30.3
    endloop
  endfacet
  facet normal 0 0 1
    outer loop
      vertex -74.4941 -43.6848 30.3
      vertex -77.495 -38.4408 30.3
      vertex -74.8275 -43.4775 30.3
    endloop
  endfacet
  facet normal 0 0 1
    outer loop
      vertex -77.495 38.4408 30.3
      vertex -75.4499 43 30.3
      vertex -75.7365 42.7315 30.3
    endloop
  endfacet
  facet normal 0 0 1
    outer loop
      vertex -74.8275 -43.4775 30.3
      vertex -77.495 -38.4408 30.3
      vertex -75.1467 -43.2488 30.3
    endloop
  endfacet
  facet normal 0 0 1
    outer loop
      vertex -77.495 38.4408 30.3
      vertex -75.7365 42.7315 30.3
      vertex -76.005 42.4449 30.3
    endloop
  endfacet
  facet normal 0 0 1
    outer loop
      vertex -75.1467 -43.2488 30.3
      vertex -77.495 -38.4408 30.3
      vertex -75.4499 -43 30.3
    endloop
  endfacet
  facet normal 0 0 1
    outer loop
      vertex -77.495 38.4408 30.3
      vertex -76.005 42.4449 30.3
      vertex -76.2538 42.1416 30.3
    endloop
  endfacet
  facet normal 0 0 1
    outer loop
      vertex -75.4499 -43 30.3
      vertex -77.495 -38.4408 30.3
      vertex -75.7365 -42.7315 30.3
    endloop
  endfacet
  facet normal 0 0 1
    outer loop
      vertex -77.495 38.4408 30.3
      vertex -76.2538 42.1416 30.3
      vertex -76.4825 41.8225 30.3
    endloop
  endfacet
  facet normal 0 0 1
    outer loop
      vertex -75.7365 -42.7315 30.3
      vertex -77.495 -38.4408 30.3
      vertex -76.005 -42.4449 30.3
    endloop
  endfacet
  facet normal 0 0 1
    outer loop
      vertex -77.495 38.4408 30.3
      vertex -76.4825 41.8225 30.3
      vertex -76.6898 41.4891 30.3
    endloop
  endfacet
  facet normal 0 0 1
    outer loop
      vertex -76.005 -42.4449 30.3
      vertex -77.495 -38.4408 30.3
      vertex -76.2538 -42.1416 30.3
    endloop
  endfacet
  facet normal 0 0 1
    outer loop
      vertex -77.495 38.4408 30.3
      vertex -76.6898 41.4891 30.3
      vertex -76.8747 41.1432 30.3
    endloop
  endfacet
  facet normal 0 0 1
    outer loop
      vertex -76.2538 -42.1416 30.3
      vertex -77.495 -38.4408 30.3
      vertex -76.4825 -41.8225 30.3
    endloop
  endfacet
  facet normal 0 0 1
    outer loop
      vertex -77.495 38.4408 30.3
      vertex -76.8747 41.1432 30.3
      vertex -77.0368 40.7854 30.3
    endloop
  endfacet
  facet normal 0 0 1
    outer loop
      vertex -76.4825 -41.8225 30.3
      vertex -77.495 -38.4408 30.3
      vertex -76.6898 -41.4891 30.3
    endloop
  endfacet
  facet normal 0 0 1
    outer loop
      vertex -77.495 38.4408 30.3
      vertex -77.0368 40.7854 30.3
      vertex -77.175 40.4181 30.3
    endloop
  endfacet
  facet normal 0 0 1
    outer loop
      vertex -76.6898 -41.4891 30.3
      vertex -77.495 -38.4408 30.3
      vertex -76.8747 -41.1432 30.3
    endloop
  endfacet
  facet normal 0 0 1
    outer loop
      vertex -77.495 38.4408 30.3
      vertex -77.175 40.4181 30.3
      vertex -77.289 40.0424 30.3
    endloop
  endfacet
  facet normal 0 0 1
    outer loop
      vertex -76.8747 -41.1432 30.3
      vertex -77.495 -38.4408 30.3
      vertex -77.0368 -40.7854 30.3
    endloop
  endfacet
  facet normal 0 0 1
    outer loop
      vertex -77.495 38.4408 30.3
      vertex -77.289 40.0424 30.3
      vertex -77.3781 39.6603 30.3
    endloop
  endfacet
  facet normal 0 0 1
    outer loop
      vertex -77.0368 -40.7854 30.3
      vertex -77.495 -38.4408 30.3
      vertex -77.175 -40.4181 30.3
    endloop
  endfacet
  facet normal 0 0 1
    outer loop
      vertex -77.495 38.4408 30.3
      vertex -77.3781 39.6603 30.3
      vertex -77.4421 39.2729 30.3
    endloop
  endfacet
  facet normal 0 0 1
    outer loop
      vertex -77.175 -40.4181 30.3
      vertex -77.495 -38.4408 30.3
      vertex -77.289 -40.0424 30.3
    endloop
  endfacet
  facet normal 0 0 1
    outer loop
      vertex -77.495 38.4408 30.3
      vertex -77.4421 39.2729 30.3
      vertex -77.4805 38.8825 30.3
    endloop
  endfacet
  facet normal 0 0 1
    outer loop
      vertex -77.289 -40.0424 30.3
      vertex -77.495 -38.4408 30.3
      vertex -77.3781 -39.6603 30.3
    endloop
  endfacet
  facet normal 0 0 1
    outer loop
      vertex -77.3781 -39.6603 30.3
      vertex -77.495 -38.4408 30.3
      vertex -77.4421 -39.2729 30.3
    endloop
  endfacet
  facet normal 0 0 1
    outer loop
      vertex -77.4421 -39.2729 30.3
      vertex -77.495 -38.4408 30.3
      vertex -77.4805 -38.8825 30.3
    endloop
  endfacet
  facet normal 0 0 1
    outer loop
      vertex 71.4458 -44.49 30.3
      vertex 25 -24 30.3
      vertex 25 -44.49 30.3
    endloop
  endfacet
  facet normal -0.482626 0.515161 0.708295
    outer loop
      vertex -75.4499 43 30.3
      vertex -77.859 44.854 27.31
      vertex -75.7365 42.7315 30.3
    endloop
  endfacet
  facet normal 0.332789 0.622562 0.708285
    outer loop
      vertex 75.995 46.2842 27.31
      vertex 74.1482 43.8697 30.3
      vertex 74.4941 43.6848 30.3
    endloop
  endfacet
  facet normal 0.372749 -0.599491 0.708286
    outer loop
      vertex 74.8275 -43.4775 30.3
      vertex 74.4941 -43.6848 30.3
      vertex 75.995 -46.2842 27.31
    endloop
  endfacet
  facet normal -0.935882 0.352314 0
    outer loop
      vertex -80.0174 41.3829 8
      vertex -79.8099 41.9341 27.31
      vertex -79.8099 41.9341 8
    endloop
  endfacet
  facet normal -0.935882 0.352314 0
    outer loop
      vertex -79.8099 41.9341 27.31
      vertex -80.0174 41.3829 8
      vertex -80.0174 41.3829 27.31
    endloop
  endfacet
  facet normal -0.986654 0.162829 0
    outer loop
      vertex -80.418 39.6647 8
      vertex -80.3221 40.2458 27.31
      vertex -80.3221 40.2458 8
    endloop
  endfacet
  facet normal -0.986654 0.162829 0
    outer loop
      vertex -80.3221 40.2458 27.31
      vertex -80.418 39.6647 8
      vertex -80.418 39.6647 27.31
    endloop
  endfacet
  facet normal -0.642999 0.291357 0.708282
    outer loop
      vertex -79.5668 42.4706 27.31
      vertex -79.8099 41.9341 27.31
      vertex -76.8747 41.1432 30.3
    endloop
  endfacet
  facet normal 0.160361 -0.687465 0.708291
    outer loop
      vertex 73.8244 -47.1833 27.31
      vertex 72.6653 -44.3731 30.3
      vertex 73.2508 -47.3171 27.31
    endloop
  endfacet
  facet normal -0.248591 0.660692 0.7083
    outer loop
      vertex -73.4231 44.17 30.3
      vertex -74.388 47.0124 27.31
      vertex -73.7904 44.0318 30.3
    endloop
  endfacet
  facet normal 0.545724 -0.447798 0.708282
    outer loop
      vertex 78.6352 -43.9688 27.31
      vertex 76.005 -42.4449 30.3
      vertex 78.2616 -44.4241 27.31
    endloop
  endfacet
  facet normal 0.515258 -0.482538 0.708284
    outer loop
      vertex 78.2616 -44.4241 27.31
      vertex 76.005 -42.4449 30.3
      vertex 77.859 -44.854 27.31
    endloop
  endfacet
  facet normal 0.973717 0.227761 0
    outer loop
      vertex 80.4566 58.3802 8
      vertex 80.4268 58.5076 -17
      vertex 80.4268 58.5076 8
    endloop
  endfacet
  facet normal 0.973717 0.227761 0
    outer loop
      vertex 80.4268 58.5076 -17
      vertex 80.4566 58.3802 8
      vertex 80.4566 58.3802 -17
    endloop
  endfacet
  facet normal -0.0328569 0.99946 0
    outer loop
      vertex -78.495 59.99 -17
      vertex -78.6258 59.9857 8
      vertex -78.495 59.99 8
    endloop
  endfacet
  facet normal -0.0328569 0.99946 0
    outer loop
      vertex -78.6258 59.9857 8
      vertex -78.495 59.99 -17
      vertex -78.6258 59.9857 -17
    endloop
  endfacet
  facet normal 0 1 -0
    outer loop
      vertex 78.495 59.99 -17
      vertex -78.495 59.99 8
      vertex 78.495 59.99 8
    endloop
  endfacet
  facet normal 0 1 0
    outer loop
      vertex -78.495 59.99 8
      vertex 78.495 59.99 -17
      vertex -78.495 59.99 -17
    endloop
  endfacet
  facet normal -0.352212 0.93592 0
    outer loop
      vertex -79.1379 59.8839 -17
      vertex -79.2604 59.8378 8
      vertex -79.1379 59.8839 8
    endloop
  endfacet
  facet normal -0.352212 0.93592 0
    outer loop
      vertex -79.2604 59.8378 8
      vertex -79.1379 59.8839 -17
      vertex -79.2604 59.8378 -17
    endloop
  endfacet
  facet normal 0.352212 0.93592 -0
    outer loop
      vertex 79.2604 59.8378 -17
      vertex 79.1379 59.8839 8
      vertex 79.2604 59.8378 8
    endloop
  endfacet
  facet normal 0.352212 0.93592 0
    outer loop
      vertex 79.1379 59.8839 8
      vertex 79.2604 59.8378 -17
      vertex 79.1379 59.8839 -17
    endloop
  endfacet
  facet normal 0.227036 0.973886 -0
    outer loop
      vertex 79.0126 59.9219 -17
      vertex 78.8852 59.9516 8
      vertex 79.0126 59.9219 8
    endloop
  endfacet
  facet normal 0.227036 0.973886 0
    outer loop
      vertex 78.8852 59.9516 8
      vertex 79.0126 59.9219 -17
      vertex 78.8852 59.9516 -17
    endloop
  endfacet
  facet normal 0.99946 -0.0328569 0
    outer loop
      vertex 80.4907 39.3592 8
      vertex 80.495 39.49 0
      vertex 80.495 39.49 8
    endloop
  endfacet
  facet normal 0.99946 -0.0328569 0
    outer loop
      vertex 80.495 39.49 0
      vertex 80.4907 39.3592 8
      vertex 80.4907 39.3592 0
    endloop
  endfacet
  facet normal -0.58225 0.81301 0
    outer loop
      vertex -79.6061 59.6529 -17
      vertex -79.7125 59.5767 8
      vertex -79.6061 59.6529 8
    endloop
  endfacet
  facet normal -0.58225 0.81301 0
    outer loop
      vertex -79.7125 59.5767 8
      vertex -79.6061 59.6529 -17
      vertex -79.7125 59.5767 -17
    endloop
  endfacet
  facet normal 0.986681 0.162665 0
    outer loop
      vertex 80.4779 58.251 8
      vertex 80.4566 58.3802 -17
      vertex 80.4566 58.3802 8
    endloop
  endfacet
  facet normal 0.986681 0.162665 0
    outer loop
      vertex 80.4566 58.3802 -17
      vertex 80.4779 58.251 8
      vertex 80.4779 58.251 -17
    endloop
  endfacet
  facet normal 0.683814 0.729656 -0
    outer loop
      vertex 79.9092 59.4042 -17
      vertex 79.8137 59.4937 8
      vertex 79.9092 59.4042 8
    endloop
  endfacet
  facet normal 0.683814 0.729656 0
    outer loop
      vertex 79.8137 59.4937 8
      vertex 79.9092 59.4042 -17
      vertex 79.8137 59.4937 -17
    endloop
  endfacet
  facet normal -0.227036 0.973886 0
    outer loop
      vertex -78.8852 59.9516 -17
      vertex -79.0126 59.9219 8
      vertex -78.8852 59.9516 8
    endloop
  endfacet
  facet normal -0.227036 0.973886 0
    outer loop
      vertex -79.0126 59.9219 8
      vertex -78.8852 59.9516 -17
      vertex -79.0126 59.9219 -17
    endloop
  endfacet
  facet normal -0.99946 -0.0328569 0
    outer loop
      vertex -80.4907 39.3592 0
      vertex -80.495 39.49 8
      vertex -80.495 39.49 0
    endloop
  endfacet
  facet normal -0.99946 -0.0328569 0
    outer loop
      vertex -80.495 39.49 8
      vertex -80.4907 39.3592 0
      vertex -80.4907 39.3592 8
    endloop
  endfacet
  facet normal 0.162665 0.986681 -0
    outer loop
      vertex 78.8852 59.9516 -17
      vertex 78.756 59.9729 8
      vertex 78.8852 59.9516 8
    endloop
  endfacet
  facet normal 0.162665 0.986681 0
    outer loop
      vertex 78.756 59.9729 8
      vertex 78.8852 59.9516 -17
      vertex 78.756 59.9729 -17
    endloop
  endfacet
  facet normal -0.290219 0.95696 0
    outer loop
      vertex -79.0126 59.9219 -17
      vertex -79.1379 59.8839 8
      vertex -79.0126 59.9219 8
    endloop
  endfacet
  facet normal -0.290219 0.95696 0
    outer loop
      vertex -79.1379 59.8839 8
      vertex -79.0126 59.9219 -17
      vertex -79.1379 59.8839 -17
    endloop
  endfacet
  facet normal -0.162665 0.986681 0
    outer loop
      vertex -78.756 59.9729 -17
      vertex -78.8852 59.9516 8
      vertex -78.756 59.9729 8
    endloop
  endfacet
  facet normal -0.162665 0.986681 0
    outer loop
      vertex -78.8852 59.9516 8
      vertex -78.756 59.9729 -17
      vertex -78.8852 59.9516 -17
    endloop
  endfacet
  facet normal -0.986723 -0.162411 0
    outer loop
      vertex -80.4673 39.1646 0
      vertex -80.4779 39.229 8
      vertex -80.4779 39.229 0
    endloop
  endfacet
  facet normal -0.986723 -0.162411 0
    outer loop
      vertex -80.4779 39.229 8
      vertex -80.4673 39.1646 0
      vertex -80.4673 39.1646 8
    endloop
  endfacet
  facet normal -0.848813 0.528693 0
    outer loop
      vertex -80.2271 58.99 -17
      vertex -80.1579 59.1011 8
      vertex -80.1579 59.1011 -17
    endloop
  endfacet
  facet normal -0.848813 0.528693 0
    outer loop
      vertex -80.1579 59.1011 8
      vertex -80.2271 58.99 -17
      vertex -80.2271 58.99 8
    endloop
  endfacet
  facet normal -1 0 0
    outer loop
      vertex -80.495 51.99 0
      vertex -80.495 57.99 -17
      vertex -80.495 51.99 -17
    endloop
  endfacet
  facet normal -1 0 0
    outer loop
      vertex -80.495 57.99 -17
      vertex -80.495 51.99 0
      vertex -80.495 57.99 8
    endloop
  endfacet
  facet normal -1 0 0
    outer loop
      vertex -80.495 39.49 8
      vertex -80.495 51.99 0
      vertex -80.495 39.49 0
    endloop
  endfacet
  facet normal -1 0 0
    outer loop
      vertex -80.495 51.99 0
      vertex -80.495 39.49 8
      vertex -80.495 57.99 8
    endloop
  endfacet
  facet normal 0.470906 0.882184 -0
    outer loop
      vertex 79.495 59.7221 -17
      vertex 79.3796 59.7837 8
      vertex 79.495 59.7221 8
    endloop
  endfacet
  facet normal 0.470906 0.882184 0
    outer loop
      vertex 79.3796 59.7837 8
      vertex 79.495 59.7221 -17
      vertex 79.3796 59.7837 -17
    endloop
  endfacet
  facet normal -0.882184 0.470906 0
    outer loop
      vertex -80.2887 58.8746 -17
      vertex -80.2271 58.99 8
      vertex -80.2271 58.99 -17
    endloop
  endfacet
  facet normal -0.882184 0.470906 0
    outer loop
      vertex -80.2271 58.99 8
      vertex -80.2887 58.8746 -17
      vertex -80.2887 58.8746 8
    endloop
  endfacet
  facet normal -0.0978386 0.995202 0
    outer loop
      vertex -78.6258 59.9857 -17
      vertex -78.756 59.9729 8
      vertex -78.6258 59.9857 8
    endloop
  endfacet
  facet normal -0.0978386 0.995202 0
    outer loop
      vertex -78.756 59.9729 8
      vertex -78.6258 59.9857 -17
      vertex -78.756 59.9729 -17
    endloop
  endfacet
  facet normal -0.773208 0.634153 0
    outer loop
      vertex -80.0817 59.2075 -17
      vertex -79.9987 59.3087 8
      vertex -79.9987 59.3087 -17
    endloop
  endfacet
  facet normal -0.773208 0.634153 0
    outer loop
      vertex -79.9987 59.3087 8
      vertex -80.0817 59.2075 -17
      vertex -80.0817 59.2075 8
    endloop
  endfacet
  facet normal 0.0328569 0.99946 -0
    outer loop
      vertex 78.6258 59.9857 -17
      vertex 78.495 59.99 8
      vertex 78.6258 59.9857 8
    endloop
  endfacet
  facet normal 0.0328569 0.99946 0
    outer loop
      vertex 78.495 59.99 8
      vertex 78.6258 59.9857 -17
      vertex 78.495 59.99 -17
    endloop
  endfacet
  facet normal -0.81301 0.58225 0
    outer loop
      vertex -80.1579 59.1011 -17
      vertex -80.0817 59.2075 8
      vertex -80.0817 59.2075 -17
    endloop
  endfacet
  facet normal -0.81301 0.58225 0
    outer loop
      vertex -80.0817 59.2075 8
      vertex -80.1579 59.1011 -17
      vertex -80.1579 59.1011 8
    endloop
  endfacet
  facet normal 0.0978386 0.995202 -0
    outer loop
      vertex 78.756 59.9729 -17
      vertex 78.6258 59.9857 8
      vertex 78.756 59.9729 8
    endloop
  endfacet
  facet normal 0.0978386 0.995202 0
    outer loop
      vertex 78.6258 59.9857 8
      vertex 78.756 59.9729 -17
      vertex 78.6258 59.9857 -17
    endloop
  endfacet
  facet normal 0.290219 0.95696 -0
    outer loop
      vertex 79.1379 59.8839 -17
      vertex 79.0126 59.9219 8
      vertex 79.1379 59.8839 8
    endloop
  endfacet
  facet normal 0.290219 0.95696 0
    outer loop
      vertex 79.0126 59.9219 8
      vertex 79.1379 59.8839 -17
      vertex 79.0126 59.9219 -17
    endloop
  endfacet
  facet normal 1 0 0
    outer loop
      vertex 80.495 57.99 8
      vertex 80.495 51.99 0
      vertex 80.495 57.99 -17
    endloop
  endfacet
  facet normal 1 -0 0
    outer loop
      vertex 80.495 39.49 8
      vertex 80.495 51.99 0
      vertex 80.495 57.99 8
    endloop
  endfacet
  facet normal 1 0 0
    outer loop
      vertex 80.495 51.99 0
      vertex 80.495 39.49 8
      vertex 80.495 39.49 0
    endloop
  endfacet
  facet normal 1 0 0
    outer loop
      vertex 80.495 57.99 -17
      vertex 80.495 51.99 0
      vertex 80.495 51.99 -17
    endloop
  endfacet
  facet normal -0.910602 0.413285 0
    outer loop
      vertex -80.3428 58.7554 -17
      vertex -80.2887 58.8746 8
      vertex -80.2887 58.8746 -17
    endloop
  endfacet
  facet normal -0.910602 0.413285 0
    outer loop
      vertex -80.2887 58.8746 8
      vertex -80.3428 58.7554 -17
      vertex -80.3428 58.7554 8
    endloop
  endfacet
  facet normal 0.413285 0.910602 -0
    outer loop
      vertex 79.3796 59.7837 -17
      vertex 79.2604 59.8378 8
      vertex 79.3796 59.7837 8
    endloop
  endfacet
  facet normal 0.413285 0.910602 0
    outer loop
      vertex 79.2604 59.8378 8
      vertex 79.3796 59.7837 -17
      vertex 79.2604 59.8378 -17
    endloop
  endfacet
  facet normal 0.848813 0.528693 0
    outer loop
      vertex 80.2271 58.99 8
      vertex 80.1579 59.1011 -17
      vertex 80.1579 59.1011 8
    endloop
  endfacet
  facet normal 0.848813 0.528693 0
    outer loop
      vertex 80.1579 59.1011 -17
      vertex 80.2271 58.99 8
      vertex 80.2271 58.99 -17
    endloop
  endfacet
  facet normal -0.528693 0.848813 0
    outer loop
      vertex -79.495 59.7221 -17
      vertex -79.6061 59.6529 8
      vertex -79.495 59.7221 8
    endloop
  endfacet
  facet normal -0.528693 0.848813 0
    outer loop
      vertex -79.6061 59.6529 8
      vertex -79.495 59.7221 -17
      vertex -79.6061 59.6529 -17
    endloop
  endfacet
  facet normal -0.634153 0.773208 0
    outer loop
      vertex -79.7125 59.5767 -17
      vertex -79.8137 59.4937 8
      vertex -79.7125 59.5767 8
    endloop
  endfacet
  facet normal -0.634153 0.773208 0
    outer loop
      vertex -79.8137 59.4937 8
      vertex -79.7125 59.5767 -17
      vertex -79.8137 59.4937 -17
    endloop
  endfacet
  facet normal -0.995202 -0.0978386 0
    outer loop
      vertex -80.4779 39.229 0
      vertex -80.4907 39.3592 8
      vertex -80.4907 39.3592 0
    endloop
  endfacet
  facet normal -0.995202 -0.0978386 0
    outer loop
      vertex -80.4907 39.3592 8
      vertex -80.4779 39.229 0
      vertex -80.4779 39.229 8
    endloop
  endfacet
  facet normal -0.957172 0.28952 0
    outer loop
      vertex -80.4268 58.5076 -17
      vertex -80.3889 58.6329 8
      vertex -80.3889 58.6329 -17
    endloop
  endfacet
  facet normal -0.957172 0.28952 0
    outer loop
      vertex -80.3889 58.6329 8
      vertex -80.4268 58.5076 -17
      vertex -80.4268 58.5076 8
    endloop
  endfacet
  facet normal 0 0 1
    outer loop
      vertex 78.495 59.99 8
      vertex 80.495 57.99 8
      vertex 80.4907 58.1208 8
    endloop
  endfacet
  facet normal 0 0 1
    outer loop
      vertex 80.495 57.99 8
      vertex 80.3221 40.2458 8
      vertex 80.495 39.49 8
    endloop
  endfacet
  facet normal 0 0 1
    outer loop
      vertex 78.495 59.99 8
      vertex 80.4907 58.1208 8
      vertex 80.4779 58.251 8
    endloop
  endfacet
  facet normal -0 -0 1
    outer loop
      vertex 80.418 39.6647 8
      vertex 80.495 39.49 8
      vertex 80.3221 40.2458 8
    endloop
  endfacet
  facet normal 0 0 1
    outer loop
      vertex 80.4907 39.3592 8
      vertex 80.418 39.6647 8
      vertex 80.4779 39.229 8
    endloop
  endfacet
  facet normal 0 0 1
    outer loop
      vertex 78.495 59.99 8
      vertex 80.4779 58.251 8
      vertex 80.4566 58.3802 8
    endloop
  endfacet
  facet normal 0 0 1
    outer loop
      vertex 78.495 59.99 8
      vertex 80.4566 58.3802 8
      vertex 80.4268 58.5076 8
    endloop
  endfacet
  facet normal 0 0 1
    outer loop
      vertex 80.4779 39.229 8
      vertex 80.418 39.6647 8
      vertex 80.4673 39.1646 8
    endloop
  endfacet
  facet normal 0 0 1
    outer loop
      vertex 78.495 59.99 8
      vertex 80.4268 58.5076 8
      vertex 80.3889 58.6329 8
    endloop
  endfacet
  facet normal 0 0 1
    outer loop
      vertex 78.495 59.99 8
      vertex 80.3889 58.6329 8
      vertex 80.3428 58.7554 8
    endloop
  endfacet
  facet normal 0 0 1
    outer loop
      vertex 80.495 39.49 8
      vertex 80.418 39.6647 8
      vertex 80.4907 39.3592 8
    endloop
  endfacet
  facet normal 0 0 1
    outer loop
      vertex 78.495 59.99 8
      vertex 80.3428 58.7554 8
      vertex 80.2887 58.8746 8
    endloop
  endfacet
  facet normal 0 0 1
    outer loop
      vertex 78.495 59.99 8
      vertex 80.2887 58.8746 8
      vertex 80.2271 58.99 8
    endloop
  endfacet
  facet normal 0 0 1
    outer loop
      vertex 80.495 57.99 8
      vertex 80.1883 40.8194 8
      vertex 80.3221 40.2458 8
    endloop
  endfacet
  facet normal 0 0 1
    outer loop
      vertex 78.495 59.99 8
      vertex 80.2271 58.99 8
      vertex 80.1579 59.1011 8
    endloop
  endfacet
  facet normal 0 0 1
    outer loop
      vertex 78.495 59.99 8
      vertex 80.1579 59.1011 8
      vertex 80.0817 59.2075 8
    endloop
  endfacet
  facet normal 0 0 1
    outer loop
      vertex 80.495 57.99 8
      vertex 80.0174 41.3829 8
      vertex 80.1883 40.8194 8
    endloop
  endfacet
  facet normal 0 0 1
    outer loop
      vertex 78.495 59.99 8
      vertex 80.0817 59.2075 8
      vertex 79.9987 59.3087 8
    endloop
  endfacet
  facet normal 0 0 1
    outer loop
      vertex 78.495 59.99 8
      vertex 79.9987 59.3087 8
      vertex 79.9092 59.4042 8
    endloop
  endfacet
  facet normal 0 0 1
    outer loop
      vertex 78.495 59.99 8
      vertex 79.9092 59.4042 8
      vertex 79.8137 59.4937 8
    endloop
  endfacet
  facet normal 0 0 1
    outer loop
      vertex 80.495 57.99 8
      vertex 79.8099 41.9341 8
      vertex 80.0174 41.3829 8
    endloop
  endfacet
  facet normal 0 0 1
    outer loop
      vertex 78.495 59.99 8
      vertex 79.8137 59.4937 8
      vertex 79.7125 59.5767 8
    endloop
  endfacet
  facet normal 0 0 1
    outer loop
      vertex 78.495 59.99 8
      vertex 79.7125 59.5767 8
      vertex 79.6061 59.6529 8
    endloop
  endfacet
  facet normal 0 0 1
    outer loop
      vertex 80.495 57.99 8
      vertex 79.5668 42.4706 8
      vertex 79.8099 41.9341 8
    endloop
  endfacet
  facet normal 0 0 1
    outer loop
      vertex 78.495 59.99 8
      vertex 79.6061 59.6529 8
      vertex 79.495 59.7221 8
    endloop
  endfacet
  facet normal 0 0 1
    outer loop
      vertex 78.495 59.99 8
      vertex 79.495 59.7221 8
      vertex 79.3796 59.7837 8
    endloop
  endfacet
  facet normal 0 0 1
    outer loop
      vertex 80.495 57.99 8
      vertex 79.2892 42.99 8
      vertex 79.5668 42.4706 8
    endloop
  endfacet
  facet normal 0 0 1
    outer loop
      vertex 78.495 59.99 8
      vertex 79.3796 59.7837 8
      vertex 79.2604 59.8378 8
    endloop
  endfacet
  facet normal 0 0 1
    outer loop
      vertex 78.495 59.99 8
      vertex 79.2604 59.8378 8
      vertex 79.1379 59.8839 8
    endloop
  endfacet
  facet normal 0 0 1
    outer loop
      vertex 78.495 59.99 8
      vertex 79.1379 59.8839 8
      vertex 79.0126 59.9219 8
    endloop
  endfacet
  facet normal 0 0 1
    outer loop
      vertex 80.495 57.99 8
      vertex 78.9782 43.4901 8
      vertex 79.2892 42.99 8
    endloop
  endfacet
  facet normal 0 0 1
    outer loop
      vertex 78.495 59.99 8
      vertex 79.0126 59.9219 8
      vertex 78.8852 59.9516 8
    endloop
  endfacet
  facet normal 0 0 1
    outer loop
      vertex 78.495 59.99 8
      vertex 78.8852 59.9516 8
      vertex 78.756 59.9729 8
    endloop
  endfacet
  facet normal 0 0 1
    outer loop
      vertex 80.495 57.99 8
      vertex 78.6352 43.9688 8
      vertex 78.9782 43.4901 8
    endloop
  endfacet
  facet normal 0 0 1
    outer loop
      vertex 78.495 59.99 8
      vertex 78.756 59.9729 8
      vertex 78.6258 59.9857 8
    endloop
  endfacet
  facet normal 0 0 1
    outer loop
      vertex 80.495 57.99 8
      vertex 78.495 59.99 8
      vertex 73.2508 47.3171 8
    endloop
  endfacet
  facet normal 0 0 1
    outer loop
      vertex 80.495 57.99 8
      vertex 78.2616 44.4241 8
      vertex 78.6352 43.9688 8
    endloop
  endfacet
  facet normal 0 0 1
    outer loop
      vertex 80.495 57.99 8
      vertex 77.859 44.854 8
      vertex 78.2616 44.4241 8
    endloop
  endfacet
  facet normal 0 0 1
    outer loop
      vertex 80.495 57.99 8
      vertex 77.4291 45.2565 8
      vertex 77.859 44.854 8
    endloop
  endfacet
  facet normal 0 0 1
    outer loop
      vertex 80.495 57.99 8
      vertex 76.9738 45.6302 8
      vertex 77.4291 45.2565 8
    endloop
  endfacet
  facet normal 0 0 1
    outer loop
      vertex 80.495 57.99 8
      vertex 76.4951 45.9732 8
      vertex 76.9738 45.6302 8
    endloop
  endfacet
  facet normal 0 0 1
    outer loop
      vertex 80.495 57.99 8
      vertex 75.995 46.2842 8
      vertex 76.4951 45.9732 8
    endloop
  endfacet
  facet normal 0 0 1
    outer loop
      vertex 80.495 57.99 8
      vertex 75.4756 46.5618 8
      vertex 75.995 46.2842 8
    endloop
  endfacet
  facet normal 0 0 1
    outer loop
      vertex 80.495 57.99 8
      vertex 74.9391 46.8049 8
      vertex 75.4756 46.5618 8
    endloop
  endfacet
  facet normal 0 0 1
    outer loop
      vertex 80.495 57.99 8
      vertex 74.388 47.0124 8
      vertex 74.9391 46.8049 8
    endloop
  endfacet
  facet normal 0 0 1
    outer loop
      vertex 80.495 57.99 8
      vertex 73.8244 47.1833 8
      vertex 74.388 47.0124 8
    endloop
  endfacet
  facet normal 0 0 1
    outer loop
      vertex 80.495 57.99 8
      vertex 73.2508 47.3171 8
      vertex 73.8244 47.1833 8
    endloop
  endfacet
  facet normal 0 0 1
    outer loop
      vertex 78.495 59.99 8
      vertex 72.6697 47.413 8
      vertex 73.2508 47.3171 8
    endloop
  endfacet
  facet normal 0 0 1
    outer loop
      vertex 78.495 59.99 8
      vertex 72.0836 47.4707 8
      vertex 72.6697 47.413 8
    endloop
  endfacet
  facet normal 0 0 1
    outer loop
      vertex 78.495 59.99 8
      vertex 71.495 47.49 8
      vertex 72.0836 47.4707 8
    endloop
  endfacet
  facet normal 0 0 1
    outer loop
      vertex 78.495 59.99 8
      vertex -71.495 47.49 8
      vertex 71.495 47.49 8
    endloop
  endfacet
  facet normal -0 0 1
    outer loop
      vertex -78.495 59.99 8
      vertex -71.495 47.49 8
      vertex 78.495 59.99 8
    endloop
  endfacet
  facet normal 0 0 1
    outer loop
      vertex -71.495 47.49 8
      vertex -78.495 59.99 8
      vertex -72.0836 47.4707 8
    endloop
  endfacet
  facet normal 0 0 1
    outer loop
      vertex -78.495 59.99 8
      vertex -72.6697 47.413 8
      vertex -72.0836 47.4707 8
    endloop
  endfacet
  facet normal 0 0 1
    outer loop
      vertex -78.495 59.99 8
      vertex -73.2508 47.3171 8
      vertex -72.6697 47.413 8
    endloop
  endfacet
  facet normal -0 0 1
    outer loop
      vertex -80.495 57.99 8
      vertex -73.2508 47.3171 8
      vertex -78.495 59.99 8
    endloop
  endfacet
  facet normal 0 0 1
    outer loop
      vertex -73.2508 47.3171 8
      vertex -80.495 57.99 8
      vertex -73.8244 47.1833 8
    endloop
  endfacet
  facet normal 0 0 1
    outer loop
      vertex -73.8244 47.1833 8
      vertex -80.495 57.99 8
      vertex -74.388 47.0124 8
    endloop
  endfacet
  facet normal 0 0 1
    outer loop
      vertex -74.388 47.0124 8
      vertex -80.495 57.99 8
      vertex -74.9391 46.8049 8
    endloop
  endfacet
  facet normal 0 0 1
    outer loop
      vertex -74.9391 46.8049 8
      vertex -80.495 57.99 8
      vertex -75.4756 46.5618 8
    endloop
  endfacet
  facet normal 0 0 1
    outer loop
      vertex -75.4756 46.5618 8
      vertex -80.495 57.99 8
      vertex -75.995 46.2842 8
    endloop
  endfacet
  facet normal 0 0 1
    outer loop
      vertex -75.995 46.2842 8
      vertex -80.495 57.99 8
      vertex -76.4951 45.9732 8
    endloop
  endfacet
  facet normal 0 0 1
    outer loop
      vertex -76.4951 45.9732 8
      vertex -80.495 57.99 8
      vertex -76.9738 45.6302 8
    endloop
  endfacet
  facet normal 0 0 1
    outer loop
      vertex -76.9738 45.6302 8
      vertex -80.495 57.99 8
      vertex -77.4291 45.2565 8
    endloop
  endfacet
  facet normal 0 0 1
    outer loop
      vertex -77.4291 45.2565 8
      vertex -80.495 57.99 8
      vertex -77.859 44.854 8
    endloop
  endfacet
  facet normal 0 0 1
    outer loop
      vertex -80.495 57.99 8
      vertex -78.495 59.99 8
      vertex -78.6258 59.9857 8
    endloop
  endfacet
  facet normal 0 0 1
    outer loop
      vertex -77.859 44.854 8
      vertex -80.495 57.99 8
      vertex -78.2616 44.4241 8
    endloop
  endfacet
  facet normal 0 0 1
    outer loop
      vertex -80.495 57.99 8
      vertex -78.6258 59.9857 8
      vertex -78.756 59.9729 8
    endloop
  endfacet
  facet normal 0 0 1
    outer loop
      vertex -80.495 57.99 8
      vertex -78.756 59.9729 8
      vertex -78.8852 59.9516 8
    endloop
  endfacet
  facet normal 0 0 1
    outer loop
      vertex -78.2616 44.4241 8
      vertex -80.495 57.99 8
      vertex -78.6352 43.9688 8
    endloop
  endfacet
  facet normal 0 0 1
    outer loop
      vertex -80.495 57.99 8
      vertex -78.8852 59.9516 8
      vertex -79.0126 59.9219 8
    endloop
  endfacet
  facet normal 0 0 1
    outer loop
      vertex -80.495 57.99 8
      vertex -79.0126 59.9219 8
      vertex -79.1379 59.8839 8
    endloop
  endfacet
  facet normal 0 0 1
    outer loop
      vertex -80.495 57.99 8
      vertex -79.1379 59.8839 8
      vertex -79.2604 59.8378 8
    endloop
  endfacet
  facet normal 0 0 1
    outer loop
      vertex -78.6352 43.9688 8
      vertex -80.495 57.99 8
      vertex -78.9782 43.4901 8
    endloop
  endfacet
  facet normal 0 0 1
    outer loop
      vertex -80.495 57.99 8
      vertex -79.2604 59.8378 8
      vertex -79.3796 59.7837 8
    endloop
  endfacet
  facet normal 0 0 1
    outer loop
      vertex -80.495 57.99 8
      vertex -79.3796 59.7837 8
      vertex -79.495 59.7221 8
    endloop
  endfacet
  facet normal 0 0 1
    outer loop
      vertex -78.9782 43.4901 8
      vertex -80.495 57.99 8
      vertex -79.2892 42.99 8
    endloop
  endfacet
  facet normal 0 0 1
    outer loop
      vertex -80.495 57.99 8
      vertex -79.495 59.7221 8
      vertex -79.6061 59.6529 8
    endloop
  endfacet
  facet normal 0 0 1
    outer loop
      vertex -80.495 57.99 8
      vertex -79.6061 59.6529 8
      vertex -79.7125 59.5767 8
    endloop
  endfacet
  facet normal 0 0 1
    outer loop
      vertex -79.2892 42.99 8
      vertex -80.495 57.99 8
      vertex -79.5668 42.4706 8
    endloop
  endfacet
  facet normal 0 0 1
    outer loop
      vertex -80.495 57.99 8
      vertex -79.7125 59.5767 8
      vertex -79.8137 59.4937 8
    endloop
  endfacet
  facet normal 0 0 1
    outer loop
      vertex -80.495 57.99 8
      vertex -79.8137 59.4937 8
      vertex -79.9092 59.4042 8
    endloop
  endfacet
  facet normal 0 0 1
    outer loop
      vertex -80.495 57.99 8
      vertex -79.9092 59.4042 8
      vertex -79.9987 59.3087 8
    endloop
  endfacet
  facet normal 0 0 1
    outer loop
      vertex -79.5668 42.4706 8
      vertex -80.495 57.99 8
      vertex -79.8099 41.9341 8
    endloop
  endfacet
  facet normal 0 0 1
    outer loop
      vertex -80.495 57.99 8
      vertex -79.9987 59.3087 8
      vertex -80.0817 59.2075 8
    endloop
  endfacet
  facet normal 0 0 1
    outer loop
      vertex -80.495 57.99 8
      vertex -80.0817 59.2075 8
      vertex -80.1579 59.1011 8
    endloop
  endfacet
  facet normal 0 0 1
    outer loop
      vertex -79.8099 41.9341 8
      vertex -80.495 57.99 8
      vertex -80.0174 41.3829 8
    endloop
  endfacet
  facet normal 0 0 1
    outer loop
      vertex -80.495 57.99 8
      vertex -80.1579 59.1011 8
      vertex -80.2271 58.99 8
    endloop
  endfacet
  facet normal 0 0 1
    outer loop
      vertex -80.495 57.99 8
      vertex -80.2271 58.99 8
      vertex -80.2887 58.8746 8
    endloop
  endfacet
  facet normal 0 0 1
    outer loop
      vertex -80.0174 41.3829 8
      vertex -80.495 57.99 8
      vertex -80.1883 40.8194 8
    endloop
  endfacet
  facet normal 0 0 1
    outer loop
      vertex -80.495 57.99 8
      vertex -80.2887 58.8746 8
      vertex -80.3428 58.7554 8
    endloop
  endfacet
  facet normal 0 0 1
    outer loop
      vertex -80.495 57.99 8
      vertex -80.3428 58.7554 8
      vertex -80.3889 58.6329 8
    endloop
  endfacet
  facet normal 0 0 1
    outer loop
      vertex -80.1883 40.8194 8
      vertex -80.495 57.99 8
      vertex -80.3221 40.2458 8
    endloop
  endfacet
  facet normal 0 0 1
    outer loop
      vertex -80.495 57.99 8
      vertex -80.3889 58.6329 8
      vertex -80.4268 58.5076 8
    endloop
  endfacet
  facet normal 0 0 1
    outer loop
      vertex -80.495 57.99 8
      vertex -80.4268 58.5076 8
      vertex -80.4566 58.3802 8
    endloop
  endfacet
  facet normal 0 0 1
    outer loop
      vertex -80.495 39.49 8
      vertex -80.3221 40.2458 8
      vertex -80.495 57.99 8
    endloop
  endfacet
  facet normal 0 0 1
    outer loop
      vertex -80.495 57.99 8
      vertex -80.4566 58.3802 8
      vertex -80.4779 58.251 8
    endloop
  endfacet
  facet normal 0 0 1
    outer loop
      vertex -80.3221 40.2458 8
      vertex -80.495 39.49 8
      vertex -80.418 39.6647 8
    endloop
  endfacet
  facet normal 0 0 1
    outer loop
      vertex -80.495 57.99 8
      vertex -80.4779 58.251 8
      vertex -80.4907 58.1208 8
    endloop
  endfacet
  facet normal 0 -0 1
    outer loop
      vertex -80.4907 39.3592 8
      vertex -80.418 39.6647 8
      vertex -80.495 39.49 8
    endloop
  endfacet
  facet normal 0 -0 1
    outer loop
      vertex -80.4779 39.229 8
      vertex -80.418 39.6647 8
      vertex -80.4907 39.3592 8
    endloop
  endfacet
  facet normal 0 0 1
    outer loop
      vertex -80.418 39.6647 8
      vertex -80.4779 39.229 8
      vertex -80.4673 39.1646 8
    endloop
  endfacet
  facet normal -0.99946 0.0328569 0
    outer loop
      vertex -80.495 57.99 -17
      vertex -80.4907 58.1208 8
      vertex -80.4907 58.1208 -17
    endloop
  endfacet
  facet normal -0.99946 0.0328569 0
    outer loop
      vertex -80.4907 58.1208 8
      vertex -80.495 57.99 -17
      vertex -80.495 57.99 8
    endloop
  endfacet
  facet normal 0.729656 0.683814 0
    outer loop
      vertex 79.9987 59.3087 8
      vertex 79.9092 59.4042 -17
      vertex 79.9092 59.4042 8
    endloop
  endfacet
  facet normal 0.729656 0.683814 0
    outer loop
      vertex 79.9092 59.4042 -17
      vertex 79.9987 59.3087 8
      vertex 79.9987 59.3087 -17
    endloop
  endfacet
  facet normal -0.93592 0.352212 0
    outer loop
      vertex -80.3889 58.6329 -17
      vertex -80.3428 58.7554 8
      vertex -80.3428 58.7554 -17
    endloop
  endfacet
  facet normal -0.93592 0.352212 0
    outer loop
      vertex -80.3428 58.7554 8
      vertex -80.3889 58.6329 -17
      vertex -80.3889 58.6329 8
    endloop
  endfacet
  facet normal -0.973717 0.227761 0
    outer loop
      vertex -80.4566 58.3802 -17
      vertex -80.4268 58.5076 8
      vertex -80.4268 58.5076 -17
    endloop
  endfacet
  facet normal -0.973717 0.227761 0
    outer loop
      vertex -80.4268 58.5076 8
      vertex -80.4566 58.3802 -17
      vertex -80.4566 58.3802 8
    endloop
  endfacet
  facet normal -0.986681 0.162665 0
    outer loop
      vertex -80.4779 58.251 -17
      vertex -80.4566 58.3802 8
      vertex -80.4566 58.3802 -17
    endloop
  endfacet
  facet normal -0.986681 0.162665 0
    outer loop
      vertex -80.4566 58.3802 8
      vertex -80.4779 58.251 -17
      vertex -80.4779 58.251 8
    endloop
  endfacet
  facet normal -0.413285 0.910602 0
    outer loop
      vertex -79.2604 59.8378 -17
      vertex -79.3796 59.7837 8
      vertex -79.2604 59.8378 8
    endloop
  endfacet
  facet normal -0.413285 0.910602 0
    outer loop
      vertex -79.3796 59.7837 8
      vertex -79.2604 59.8378 -17
      vertex -79.3796 59.7837 -17
    endloop
  endfacet
  facet normal -0.683814 0.729656 0
    outer loop
      vertex -79.8137 59.4937 -17
      vertex -79.9092 59.4042 8
      vertex -79.8137 59.4937 8
    endloop
  endfacet
  facet normal -0.683814 0.729656 0
    outer loop
      vertex -79.9092 59.4042 8
      vertex -79.8137 59.4937 -17
      vertex -79.9092 59.4042 -17
    endloop
  endfacet
  facet normal 0.995202 0.0978386 0
    outer loop
      vertex 80.4907 58.1208 8
      vertex 80.4779 58.251 -17
      vertex 80.4779 58.251 8
    endloop
  endfacet
  facet normal 0.995202 0.0978386 0
    outer loop
      vertex 80.4779 58.251 -17
      vertex 80.4907 58.1208 8
      vertex 80.4907 58.1208 -17
    endloop
  endfacet
  facet normal 0.81301 0.58225 0
    outer loop
      vertex 80.1579 59.1011 8
      vertex 80.0817 59.2075 -17
      vertex 80.0817 59.2075 8
    endloop
  endfacet
  facet normal 0.81301 0.58225 0
    outer loop
      vertex 80.0817 59.2075 -17
      vertex 80.1579 59.1011 8
      vertex 80.1579 59.1011 -17
    endloop
  endfacet
  facet normal -0.729656 0.683814 0
    outer loop
      vertex -79.9987 59.3087 -17
      vertex -79.9092 59.4042 8
      vertex -79.9092 59.4042 -17
    endloop
  endfacet
  facet normal -0.729656 0.683814 0
    outer loop
      vertex -79.9092 59.4042 8
      vertex -79.9987 59.3087 -17
      vertex -79.9987 59.3087 8
    endloop
  endfacet
  facet normal 0.882184 0.470906 0
    outer loop
      vertex 80.2887 58.8746 8
      vertex 80.2271 58.99 -17
      vertex 80.2271 58.99 8
    endloop
  endfacet
  facet normal 0.882184 0.470906 0
    outer loop
      vertex 80.2271 58.99 -17
      vertex 80.2887 58.8746 8
      vertex 80.2887 58.8746 -17
    endloop
  endfacet
  facet normal 0.910602 0.413285 0
    outer loop
      vertex 80.3428 58.7554 8
      vertex 80.2887 58.8746 -17
      vertex 80.2887 58.8746 8
    endloop
  endfacet
  facet normal 0.910602 0.413285 0
    outer loop
      vertex 80.2887 58.8746 -17
      vertex 80.3428 58.7554 8
      vertex 80.3428 58.7554 -17
    endloop
  endfacet
  facet normal 0.99946 0.0328569 0
    outer loop
      vertex 80.495 57.99 8
      vertex 80.4907 58.1208 -17
      vertex 80.4907 58.1208 8
    endloop
  endfacet
  facet normal 0.99946 0.0328569 0
    outer loop
      vertex 80.4907 58.1208 -17
      vertex 80.495 57.99 8
      vertex 80.495 57.99 -17
    endloop
  endfacet
  facet normal -0.470906 0.882184 0
    outer loop
      vertex -79.3796 59.7837 -17
      vertex -79.495 59.7221 8
      vertex -79.3796 59.7837 8
    endloop
  endfacet
  facet normal -0.470906 0.882184 0
    outer loop
      vertex -79.495 59.7221 8
      vertex -79.3796 59.7837 -17
      vertex -79.495 59.7221 -17
    endloop
  endfacet
  facet normal 0.773208 0.634153 0
    outer loop
      vertex 80.0817 59.2075 8
      vertex 79.9987 59.3087 -17
      vertex 79.9987 59.3087 8
    endloop
  endfacet
  facet normal 0.773208 0.634153 0
    outer loop
      vertex 79.9987 59.3087 -17
      vertex 80.0817 59.2075 8
      vertex 80.0817 59.2075 -17
    endloop
  endfacet
  facet normal 0.634153 0.773208 -0
    outer loop
      vertex 79.8137 59.4937 -17
      vertex 79.7125 59.5767 8
      vertex 79.8137 59.4937 8
    endloop
  endfacet
  facet normal 0.634153 0.773208 0
    outer loop
      vertex 79.7125 59.5767 8
      vertex 79.8137 59.4937 -17
      vertex 79.7125 59.5767 -17
    endloop
  endfacet
  facet normal -0.995202 0.0978386 0
    outer loop
      vertex -80.4907 58.1208 -17
      vertex -80.4779 58.251 8
      vertex -80.4779 58.251 -17
    endloop
  endfacet
  facet normal -0.995202 0.0978386 0
    outer loop
      vertex -80.4779 58.251 8
      vertex -80.4907 58.1208 -17
      vertex -80.4907 58.1208 8
    endloop
  endfacet
  facet normal 0.986723 -0.162411 0
    outer loop
      vertex 80.4673 39.1646 8
      vertex 80.4779 39.229 0
      vertex 80.4779 39.229 8
    endloop
  endfacet
  facet normal 0.986723 -0.162411 0
    outer loop
      vertex 80.4779 39.229 0
      vertex 80.4673 39.1646 8
      vertex 80.4673 39.1646 0
    endloop
  endfacet
  facet normal 0.58225 0.81301 -0
    outer loop
      vertex 79.7125 59.5767 -17
      vertex 79.6061 59.6529 8
      vertex 79.7125 59.5767 8
    endloop
  endfacet
  facet normal 0.58225 0.81301 0
    outer loop
      vertex 79.6061 59.6529 8
      vertex 79.7125 59.5767 -17
      vertex 79.6061 59.6529 -17
    endloop
  endfacet
  facet normal 0.995202 -0.0978386 0
    outer loop
      vertex 80.4779 39.229 8
      vertex 80.4907 39.3592 0
      vertex 80.4907 39.3592 8
    endloop
  endfacet
  facet normal 0.995202 -0.0978386 0
    outer loop
      vertex 80.4907 39.3592 0
      vertex 80.4779 39.229 8
      vertex 80.4779 39.229 0
    endloop
  endfacet
  facet normal 0.957172 0.28952 0
    outer loop
      vertex 80.4268 58.5076 8
      vertex 80.3889 58.6329 -17
      vertex 80.3889 58.6329 8
    endloop
  endfacet
  facet normal 0.957172 0.28952 0
    outer loop
      vertex 80.3889 58.6329 -17
      vertex 80.4268 58.5076 8
      vertex 80.4268 58.5076 -17
    endloop
  endfacet
  facet normal 0.93592 0.352212 0
    outer loop
      vertex 80.3889 58.6329 8
      vertex 80.3428 58.7554 -17
      vertex 80.3428 58.7554 8
    endloop
  endfacet
  facet normal 0.93592 0.352212 0
    outer loop
      vertex 80.3428 58.7554 -17
      vertex 80.3889 58.6329 8
      vertex 80.3889 58.6329 -17
    endloop
  endfacet
  facet normal 0.528693 0.848813 -0
    outer loop
      vertex 79.6061 59.6529 -17
      vertex 79.495 59.7221 8
      vertex 79.6061 59.6529 8
    endloop
  endfacet
  facet normal 0.528693 0.848813 0
    outer loop
      vertex 79.495 59.7221 8
      vertex 79.6061 59.6529 -17
      vertex 79.495 59.7221 -17
    endloop
  endfacet
  facet normal 0.703692 -0.0691802 -0.707129
    outer loop
      vertex 80.4779 51.729 -17
      vertex 78.4939 51.9911 -19
      vertex 80.4907 51.8592 -17
    endloop
  endfacet
  facet normal 0.706655 -0.024444 -0.707136
    outer loop
      vertex 80.4907 51.8592 -17
      vertex 78.4939 51.9911 -19
      vertex 78.495 52.0229 -19
    endloop
  endfacet
  facet normal -0.024444 -0.706655 -0.707136
    outer loop
      vertex -78.4621 51.99 -19
      vertex -78.6258 49.9943 -17
      vertex -78.4939 51.9911 -19
    endloop
  endfacet
  facet normal -0.162665 -0.986681 0
    outer loop
      vertex -78.8852 50.0284 -17
      vertex -78.756 50.0071 0
      vertex -78.8852 50.0284 0
    endloop
  endfacet
  facet normal -0.162665 -0.986681 -0
    outer loop
      vertex -78.756 50.0071 0
      vertex -78.8852 50.0284 -17
      vertex -78.756 50.0071 -17
    endloop
  endfacet
  facet normal -0.600136 0.373802 -0.707184
    outer loop
      vertex -78.4939 57.9889 -19
      vertex -80.2271 58.99 -17
      vertex -80.1579 59.1011 -17
    endloop
  endfacet
  facet normal 0 -0.707107 -0.707107
    outer loop
      vertex -78.4621 51.99 -19
      vertex 78.495 49.99 -17
      vertex -78.495 49.99 -17
    endloop
  endfacet
  facet normal 0 -0.707107 -0.707107
    outer loop
      vertex 78.495 49.99 -17
      vertex -78.4621 51.99 -19
      vertex 78.4621 51.99 -19
    endloop
  endfacet
  facet normal 0.986681 -0.162665 0
    outer loop
      vertex 80.4566 51.5998 0
      vertex 80.4779 51.729 -17
      vertex 80.4779 51.729 0
    endloop
  endfacet
  facet normal 0.986681 -0.162665 0
    outer loop
      vertex 80.4779 51.729 -17
      vertex 80.4566 51.5998 0
      vertex 80.4566 51.5998 -17
    endloop
  endfacet
  facet normal -0.373802 0.600136 -0.707184
    outer loop
      vertex -78.4939 57.9889 -19
      vertex -79.6061 59.6529 -17
      vertex -79.495 59.7221 -17
    endloop
  endfacet
  facet normal 0.0328569 -0.99946 0
    outer loop
      vertex 78.495 49.99 -17
      vertex 78.6258 49.9943 0
      vertex 78.495 49.99 0
    endloop
  endfacet
  facet normal 0.0328569 -0.99946 0
    outer loop
      vertex 78.6258 49.9943 0
      vertex 78.495 49.99 -17
      vertex 78.6258 49.9943 -17
    endloop
  endfacet
  facet normal 0.483471 -0.515882 -0.707192
    outer loop
      vertex 79.8137 50.4863 -17
      vertex 78.4939 51.9911 -19
      vertex 79.9092 50.5758 -17
    endloop
  endfacet
  facet normal -0.483471 0.515882 -0.707192
    outer loop
      vertex -78.4939 57.9889 -19
      vertex -79.9092 59.4042 -17
      vertex -79.8137 59.4937 -17
    endloop
  endfacet
  facet normal -0.0232333 -0.706725 -0.707107
    outer loop
      vertex -78.495 49.99 -17
      vertex -78.6258 49.9943 -17
      vertex -78.4621 51.99 -19
    endloop
  endfacet
  facet normal -0.574824 -0.411669 -0.707182
    outer loop
      vertex -80.0817 50.7725 -17
      vertex -80.1579 50.8789 -17
      vertex -78.4939 51.9911 -19
    endloop
  endfacet
  facet normal -0.0328569 -0.99946 0
    outer loop
      vertex -78.6258 49.9943 -17
      vertex -78.495 49.99 0
      vertex -78.6258 49.9943 0
    endloop
  endfacet
  facet normal -0.0328569 -0.99946 -0
    outer loop
      vertex -78.495 49.99 0
      vertex -78.6258 49.9943 -17
      vertex -78.495 49.99 -17
    endloop
  endfacet
  facet normal 0 -1 0
    outer loop
      vertex -78.495 49.99 0
      vertex -78.095 49.99 -0.0999994
      vertex -78.095 49.99 0
    endloop
  endfacet
  facet normal 0 -1 -0
    outer loop
      vertex -78.095 49.99 -0.0999994
      vertex -78.495 49.99 -17
      vertex 78.095 49.99 -0.0999994
    endloop
  endfacet
  facet normal 0 -1 0
    outer loop
      vertex -78.495 49.99 -17
      vertex -78.095 49.99 -0.0999994
      vertex -78.495 49.99 0
    endloop
  endfacet
  facet normal 0 -1 0
    outer loop
      vertex 78.095 49.99 -0.0999994
      vertex 78.495 49.99 0
      vertex 78.095 49.99 0
    endloop
  endfacet
  facet normal 0 -1 0
    outer loop
      vertex 78.095 49.99 -0.0999994
      vertex 78.495 49.99 -17
      vertex 78.495 49.99 0
    endloop
  endfacet
  facet normal 0 -1 0
    outer loop
      vertex 78.495 49.99 -17
      vertex 78.095 49.99 -0.0999994
      vertex -78.495 49.99 -17
    endloop
  endfacet
  facet normal -0.515882 -0.483471 -0.707192
    outer loop
      vertex -79.9092 50.5758 -17
      vertex -79.9987 50.6713 -17
      vertex -78.4939 51.9911 -19
    endloop
  endfacet
  facet normal -0.995202 -0.0978386 0
    outer loop
      vertex -80.4779 51.729 -17
      vertex -80.4907 51.8592 0
      vertex -80.4907 51.8592 -17
    endloop
  endfacet
  facet normal -0.995202 -0.0978386 0
    outer loop
      vertex -80.4907 51.8592 0
      vertex -80.4779 51.729 -17
      vertex -80.4779 51.729 0
    endloop
  endfacet
  facet normal -0.706655 0.024444 -0.707136
    outer loop
      vertex -78.495 57.9571 -19
      vertex -80.4907 58.1208 -17
      vertex -78.4939 57.9889 -19
    endloop
  endfacet
  facet normal 0.697652 0.115015 -0.707144
    outer loop
      vertex 80.4779 58.251 -17
      vertex 78.4939 57.9889 -19
      vertex 80.4566 58.3802 -17
    endloop
  endfacet
  facet normal 0 0.707107 -0.707107
    outer loop
      vertex 78.4621 57.99 -19
      vertex -78.495 59.99 -17
      vertex 78.495 59.99 -17
    endloop
  endfacet
  facet normal 0 0.707107 -0.707107
    outer loop
      vertex -78.495 59.99 -17
      vertex 78.4621 57.99 -19
      vertex -78.4621 57.99 -19
    endloop
  endfacet
  facet normal -0.703692 -0.0691802 -0.707129
    outer loop
      vertex -80.4779 51.729 -17
      vertex -80.4907 51.8592 -17
      vertex -78.4939 51.9911 -19
    endloop
  endfacet
  facet normal -0.706725 0.0232333 -0.707107
    outer loop
      vertex -78.495 57.9571 -19
      vertex -80.495 57.99 -17
      vertex -80.4907 58.1208 -17
    endloop
  endfacet
  facet normal -0.703692 0.0691802 -0.707129
    outer loop
      vertex -78.4939 57.9889 -19
      vertex -80.4907 58.1208 -17
      vertex -80.4779 58.251 -17
    endloop
  endfacet
  facet normal -0.292208 0.643829 -0.707177
    outer loop
      vertex -78.4939 57.9889 -19
      vertex -79.3796 59.7837 -17
      vertex -79.2604 59.8378 -17
    endloop
  endfacet
  facet normal -0.024444 0.706655 -0.707136
    outer loop
      vertex -78.4939 57.9889 -19
      vertex -78.6258 59.9857 -17
      vertex -78.4621 57.99 -19
    endloop
  endfacet
  facet normal -0.973717 -0.227761 0
    outer loop
      vertex -80.4268 51.4724 -17
      vertex -80.4566 51.5998 0
      vertex -80.4566 51.5998 -17
    endloop
  endfacet
  facet normal -0.973717 -0.227761 0
    outer loop
      vertex -80.4566 51.5998 0
      vertex -80.4268 51.4724 -17
      vertex -80.4268 51.4724 0
    endloop
  endfacet
  facet normal 0.643829 0.292208 -0.707177
    outer loop
      vertex 80.3428 58.7554 -17
      vertex 78.4939 57.9889 -19
      vertex 80.2887 58.8746 -17
    endloop
  endfacet
  facet normal 0.0232333 0.706725 -0.707107
    outer loop
      vertex 78.6258 59.9857 -17
      vertex 78.4621 57.99 -19
      vertex 78.495 59.99 -17
    endloop
  endfacet
  facet normal 0.706655 0.024444 -0.707136
    outer loop
      vertex 78.495 57.9571 -19
      vertex 78.4939 57.9889 -19
      vertex 80.4907 58.1208 -17
    endloop
  endfacet
  facet normal -0.706725 -0.0232333 -0.707107
    outer loop
      vertex -80.4907 51.8592 -17
      vertex -80.495 51.99 -17
      vertex -78.495 52.0229 -19
    endloop
  endfacet
  facet normal 0.688481 0.161042 -0.707149
    outer loop
      vertex 80.4566 58.3802 -17
      vertex 78.4939 57.9889 -19
      vertex 80.4268 58.5076 -17
    endloop
  endfacet
  facet normal 0.160527 0.688592 -0.707157
    outer loop
      vertex 79.0126 59.9219 -17
      vertex 78.4939 57.9889 -19
      vertex 78.8852 59.9516 -17
    endloop
  endfacet
  facet normal 0.623732 -0.332945 -0.707182
    outer loop
      vertex 80.2271 50.99 -17
      vertex 78.4939 51.9911 -19
      vertex 80.2887 51.1054 -17
    endloop
  endfacet
  facet normal 0.773208 -0.634153 0
    outer loop
      vertex 79.9987 50.6713 0
      vertex 80.0817 50.7725 -17
      vertex 80.0817 50.7725 0
    endloop
  endfacet
  facet normal 0.773208 -0.634153 0
    outer loop
      vertex 80.0817 50.7725 -17
      vertex 79.9987 50.6713 0
      vertex 79.9987 50.6713 -17
    endloop
  endfacet
  facet normal 0.352212 -0.93592 0
    outer loop
      vertex 79.1379 50.0961 -17
      vertex 79.2604 50.1422 0
      vertex 79.1379 50.0961 0
    endloop
  endfacet
  facet normal 0.352212 -0.93592 0
    outer loop
      vertex 79.2604 50.1422 0
      vertex 79.1379 50.0961 -17
      vertex 79.2604 50.1422 -17
    endloop
  endfacet
  facet normal 0.528693 -0.848813 0
    outer loop
      vertex 79.495 50.2579 -17
      vertex 79.6061 50.3271 0
      vertex 79.495 50.2579 0
    endloop
  endfacet
  facet normal 0.528693 -0.848813 0
    outer loop
      vertex 79.6061 50.3271 0
      vertex 79.495 50.2579 -17
      vertex 79.6061 50.3271 -17
    endloop
  endfacet
  facet normal 0.249027 -0.661731 -0.707176
    outer loop
      vertex 79.1379 50.0961 -17
      vertex 78.4939 51.9911 -19
      vertex 79.2604 50.1422 -17
    endloop
  endfacet
  facet normal -0.332945 -0.623732 -0.707182
    outer loop
      vertex -79.3796 50.1963 -17
      vertex -79.495 50.2579 -17
      vertex -78.4939 51.9911 -19
    endloop
  endfacet
  facet normal -0.352212 -0.93592 0
    outer loop
      vertex -79.2604 50.1422 -17
      vertex -79.1379 50.0961 0
      vertex -79.2604 50.1422 0
    endloop
  endfacet
  facet normal -0.352212 -0.93592 -0
    outer loop
      vertex -79.1379 50.0961 0
      vertex -79.2604 50.1422 -17
      vertex -79.1379 50.0961 -17
    endloop
  endfacet
  facet normal -0.332945 0.623732 -0.707182
    outer loop
      vertex -78.4939 57.9889 -19
      vertex -79.495 59.7221 -17
      vertex -79.3796 59.7837 -17
    endloop
  endfacet
  facet normal -0.81301 -0.58225 0
    outer loop
      vertex -80.0817 50.7725 -17
      vertex -80.1579 50.8789 0
      vertex -80.1579 50.8789 -17
    endloop
  endfacet
  facet normal -0.81301 -0.58225 0
    outer loop
      vertex -80.1579 50.8789 0
      vertex -80.0817 50.7725 -17
      vertex -80.0817 50.7725 0
    endloop
  endfacet
  facet normal 0 0 -1
    outer loop
      vertex 78.4621 51.99 -19
      vertex 78.495 52.0229 -19
      vertex 78.4939 51.9911 -19
    endloop
  endfacet
  facet normal -0 0 -1
    outer loop
      vertex 78.495 52.0229 -19
      vertex 78.4621 51.99 -19
      vertex 78.495 57.9571 -19
    endloop
  endfacet
  facet normal 0 0 -1
    outer loop
      vertex 78.4621 57.99 -19
      vertex 78.495 57.9571 -19
      vertex 78.4621 51.99 -19
    endloop
  endfacet
  facet normal 0 0 -1
    outer loop
      vertex 78.495 57.9571 -19
      vertex 78.4621 57.99 -19
      vertex 78.4939 57.9889 -19
    endloop
  endfacet
  facet normal 0 0 -1
    outer loop
      vertex -78.4621 51.99 -19
      vertex 78.4621 57.99 -19
      vertex 78.4621 51.99 -19
    endloop
  endfacet
  facet normal 0 0 -1
    outer loop
      vertex -78.4621 51.99 -19
      vertex -78.4621 57.99 -19
      vertex 78.4621 57.99 -19
    endloop
  endfacet
  facet normal 0 0 -1
    outer loop
      vertex -78.495 52.0229 -19
      vertex -78.4621 51.99 -19
      vertex -78.4939 51.9911 -19
    endloop
  endfacet
  facet normal 0 0 -1
    outer loop
      vertex -78.4621 51.99 -19
      vertex -78.495 52.0229 -19
      vertex -78.4621 57.99 -19
    endloop
  endfacet
  facet normal 0 0 -1
    outer loop
      vertex -78.495 57.9571 -19
      vertex -78.4621 57.99 -19
      vertex -78.495 52.0229 -19
    endloop
  endfacet
  facet normal 0 0 -1
    outer loop
      vertex -78.4621 57.99 -19
      vertex -78.495 57.9571 -19
      vertex -78.4939 57.9889 -19
    endloop
  endfacet
  facet normal 0.706725 -0.0232333 -0.707107
    outer loop
      vertex 80.4907 51.8592 -17
      vertex 78.495 52.0229 -19
      vertex 80.495 51.99 -17
    endloop
  endfacet
  facet normal -0.707107 0 -0.707107
    outer loop
      vertex -78.495 52.0229 -19
      vertex -80.495 57.99 -17
      vertex -78.495 57.9571 -19
    endloop
  endfacet
  facet normal -0.707107 -0 -0.707107
    outer loop
      vertex -80.495 57.99 -17
      vertex -78.495 52.0229 -19
      vertex -80.495 51.99 -17
    endloop
  endfacet
  facet normal 0.706725 0.0232333 -0.707107
    outer loop
      vertex 80.495 57.99 -17
      vertex 78.495 57.9571 -19
      vertex 80.4907 58.1208 -17
    endloop
  endfacet
  facet normal -0.0232333 0.706725 -0.707107
    outer loop
      vertex -78.4621 57.99 -19
      vertex -78.6258 59.9857 -17
      vertex -78.495 59.99 -17
    endloop
  endfacet
  facet normal 0.249027 0.661731 -0.707176
    outer loop
      vertex 79.2604 59.8378 -17
      vertex 78.4939 57.9889 -19
      vertex 79.1379 59.8839 -17
    endloop
  endfacet
  facet normal 0.676773 -0.204706 -0.707158
    outer loop
      vertex 80.3889 51.3471 -17
      vertex 78.4939 51.9911 -19
      vertex 80.4268 51.4724 -17
    endloop
  endfacet
  facet normal 0.995202 -0.0978386 0
    outer loop
      vertex 80.4779 51.729 0
      vertex 80.4907 51.8592 -17
      vertex 80.4907 51.8592 0
    endloop
  endfacet
  facet normal 0.995202 -0.0978386 0
    outer loop
      vertex 80.4907 51.8592 -17
      vertex 80.4779 51.729 0
      vertex 80.4779 51.729 -17
    endloop
  endfacet
  facet normal 0.162665 -0.986681 0
    outer loop
      vertex 78.756 50.0071 -17
      vertex 78.8852 50.0284 0
      vertex 78.756 50.0071 0
    endloop
  endfacet
  facet normal 0.162665 -0.986681 0
    outer loop
      vertex 78.8852 50.0284 0
      vertex 78.756 50.0071 -17
      vertex 78.8852 50.0284 -17
    endloop
  endfacet
  facet normal 0.957172 -0.28952 0
    outer loop
      vertex 80.3889 51.3471 0
      vertex 80.4268 51.4724 -17
      vertex 80.4268 51.4724 0
    endloop
  endfacet
  facet normal 0.957172 -0.28952 0
    outer loop
      vertex 80.4268 51.4724 -17
      vertex 80.3889 51.3471 0
      vertex 80.3889 51.3471 -17
    endloop
  endfacet
  facet normal 0.973717 -0.227761 0
    outer loop
      vertex 80.4268 51.4724 0
      vertex 80.4566 51.5998 -17
      vertex 80.4566 51.5998 0
    endloop
  endfacet
  facet normal 0.973717 -0.227761 0
    outer loop
      vertex 80.4566 51.5998 -17
      vertex 80.4268 51.4724 0
      vertex 80.4268 51.4724 -17
    endloop
  endfacet
  facet normal 0.848813 -0.528693 0
    outer loop
      vertex 80.1579 50.8789 0
      vertex 80.2271 50.99 -17
      vertex 80.2271 50.99 0
    endloop
  endfacet
  facet normal 0.848813 -0.528693 0
    outer loop
      vertex 80.2271 50.99 -17
      vertex 80.1579 50.8789 0
      vertex 80.1579 50.8789 -17
    endloop
  endfacet
  facet normal 0.683814 -0.729656 0
    outer loop
      vertex 79.8137 50.4863 -17
      vertex 79.9092 50.5758 0
      vertex 79.8137 50.4863 0
    endloop
  endfacet
  facet normal 0.683814 -0.729656 0
    outer loop
      vertex 79.9092 50.5758 0
      vertex 79.8137 50.4863 -17
      vertex 79.9092 50.5758 -17
    endloop
  endfacet
  facet normal 0.373802 -0.600136 -0.707184
    outer loop
      vertex 79.495 50.2579 -17
      vertex 78.4939 51.9911 -19
      vertex 79.6061 50.3271 -17
    endloop
  endfacet
  facet normal 0.115015 -0.697652 -0.707144
    outer loop
      vertex 78.756 50.0071 -17
      vertex 78.4939 51.9911 -19
      vertex 78.8852 50.0284 -17
    endloop
  endfacet
  facet normal -0.58225 -0.81301 0
    outer loop
      vertex -79.7125 50.4033 -17
      vertex -79.6061 50.3271 0
      vertex -79.7125 50.4033 0
    endloop
  endfacet
  facet normal -0.58225 -0.81301 -0
    outer loop
      vertex -79.6061 50.3271 0
      vertex -79.7125 50.4033 -17
      vertex -79.6061 50.3271 -17
    endloop
  endfacet
  facet normal -0.0978386 -0.995202 0
    outer loop
      vertex -78.756 50.0071 -17
      vertex -78.6258 49.9943 0
      vertex -78.756 50.0071 0
    endloop
  endfacet
  facet normal -0.0978386 -0.995202 -0
    outer loop
      vertex -78.6258 49.9943 0
      vertex -78.756 50.0071 -17
      vertex -78.6258 49.9943 -17
    endloop
  endfacet
  facet normal -0.676773 -0.204706 -0.707158
    outer loop
      vertex -80.3889 51.3471 -17
      vertex -80.4268 51.4724 -17
      vertex -78.4939 51.9911 -19
    endloop
  endfacet
  facet normal -0.957172 -0.28952 0
    outer loop
      vertex -80.3889 51.3471 -17
      vertex -80.4268 51.4724 0
      vertex -80.4268 51.4724 -17
    endloop
  endfacet
  facet normal -0.957172 -0.28952 0
    outer loop
      vertex -80.4268 51.4724 0
      vertex -80.3889 51.3471 -17
      vertex -80.3889 51.3471 0
    endloop
  endfacet
  facet normal -0.882184 -0.470906 0
    outer loop
      vertex -80.2271 50.99 -17
      vertex -80.2887 51.1054 0
      vertex -80.2887 51.1054 -17
    endloop
  endfacet
  facet normal -0.882184 -0.470906 0
    outer loop
      vertex -80.2887 51.1054 0
      vertex -80.2271 50.99 -17
      vertex -80.2271 50.99 0
    endloop
  endfacet
  facet normal -0.411669 0.574824 -0.707182
    outer loop
      vertex -78.4939 57.9889 -19
      vertex -79.7125 59.5767 -17
      vertex -79.6061 59.6529 -17
    endloop
  endfacet
  facet normal -0.661731 0.249027 -0.707176
    outer loop
      vertex -78.4939 57.9889 -19
      vertex -80.3889 58.6329 -17
      vertex -80.3428 58.7554 -17
    endloop
  endfacet
  facet normal 0.703692 0.0691802 -0.707129
    outer loop
      vertex 80.4907 58.1208 -17
      vertex 78.4939 57.9889 -19
      vertex 80.4779 58.251 -17
    endloop
  endfacet
  facet normal 0.115015 0.697652 -0.707144
    outer loop
      vertex 78.8852 59.9516 -17
      vertex 78.4939 57.9889 -19
      vertex 78.756 59.9729 -17
    endloop
  endfacet
  facet normal 0.0691802 0.703692 -0.707129
    outer loop
      vertex 78.756 59.9729 -17
      vertex 78.4939 57.9889 -19
      vertex 78.6258 59.9857 -17
    endloop
  endfacet
  facet normal 0.623732 0.332945 -0.707182
    outer loop
      vertex 80.2887 58.8746 -17
      vertex 78.4939 57.9889 -19
      vertex 80.2271 58.99 -17
    endloop
  endfacet
  facet normal 0.024444 0.706655 -0.707136
    outer loop
      vertex 78.4939 57.9889 -19
      vertex 78.4621 57.99 -19
      vertex 78.6258 59.9857 -17
    endloop
  endfacet
  facet normal 0.205199 0.676615 -0.707167
    outer loop
      vertex 79.1379 59.8839 -17
      vertex 78.4939 57.9889 -19
      vertex 79.0126 59.9219 -17
    endloop
  endfacet
  facet normal 0.483471 0.515882 -0.707192
    outer loop
      vertex 79.9092 59.4042 -17
      vertex 78.4939 57.9889 -19
      vertex 79.8137 59.4937 -17
    endloop
  endfacet
  facet normal 0.99946 -0.0328569 0
    outer loop
      vertex 80.4907 51.8592 0
      vertex 80.495 51.99 -17
      vertex 80.495 51.99 0
    endloop
  endfacet
  facet normal 0.99946 -0.0328569 0
    outer loop
      vertex 80.495 51.99 -17
      vertex 80.4907 51.8592 0
      vertex 80.4907 51.8592 -17
    endloop
  endfacet
  facet normal 0.882184 -0.470906 0
    outer loop
      vertex 80.2271 50.99 0
      vertex 80.2887 51.1054 -17
      vertex 80.2887 51.1054 0
    endloop
  endfacet
  facet normal 0.882184 -0.470906 0
    outer loop
      vertex 80.2887 51.1054 -17
      vertex 80.2271 50.99 0
      vertex 80.2271 50.99 -17
    endloop
  endfacet
  facet normal 0.546675 -0.44836 -0.707191
    outer loop
      vertex 79.9987 50.6713 -17
      vertex 78.4939 51.9911 -19
      vertex 80.0817 50.7725 -17
    endloop
  endfacet
  facet normal 0.0978386 -0.995202 0
    outer loop
      vertex 78.6258 49.9943 -17
      vertex 78.756 50.0071 0
      vertex 78.6258 49.9943 0
    endloop
  endfacet
  facet normal 0.0978386 -0.995202 0
    outer loop
      vertex 78.756 50.0071 0
      vertex 78.6258 49.9943 -17
      vertex 78.756 50.0071 -17
    endloop
  endfacet
  facet normal 0.910602 -0.413285 0
    outer loop
      vertex 80.2887 51.1054 0
      vertex 80.3428 51.2246 -17
      vertex 80.3428 51.2246 0
    endloop
  endfacet
  facet normal 0.910602 -0.413285 0
    outer loop
      vertex 80.3428 51.2246 -17
      vertex 80.2887 51.1054 0
      vertex 80.2887 51.1054 -17
    endloop
  endfacet
  facet normal 0.643829 -0.292208 -0.707177
    outer loop
      vertex 80.2887 51.1054 -17
      vertex 78.4939 51.9911 -19
      vertex 80.3428 51.2246 -17
    endloop
  endfacet
  facet normal 0.470906 -0.882184 0
    outer loop
      vertex 79.3796 50.1963 -17
      vertex 79.495 50.2579 0
      vertex 79.3796 50.1963 0
    endloop
  endfacet
  facet normal 0.470906 -0.882184 0
    outer loop
      vertex 79.495 50.2579 0
      vertex 79.3796 50.1963 -17
      vertex 79.495 50.2579 -17
    endloop
  endfacet
  facet normal 0.58225 -0.81301 0
    outer loop
      vertex 79.6061 50.3271 -17
      vertex 79.7125 50.4033 0
      vertex 79.6061 50.3271 0
    endloop
  endfacet
  facet normal 0.58225 -0.81301 0
    outer loop
      vertex 79.7125 50.4033 0
      vertex 79.6061 50.3271 -17
      vertex 79.7125 50.4033 -17
    endloop
  endfacet
  facet normal 0.411669 -0.574824 -0.707182
    outer loop
      vertex 79.6061 50.3271 -17
      vertex 78.4939 51.9911 -19
      vertex 79.7125 50.4033 -17
    endloop
  endfacet
  facet normal 0.332945 -0.623732 -0.707182
    outer loop
      vertex 79.3796 50.1963 -17
      vertex 78.4939 51.9911 -19
      vertex 79.495 50.2579 -17
    endloop
  endfacet
  facet normal 0.227036 -0.973886 0
    outer loop
      vertex 78.8852 50.0284 -17
      vertex 79.0126 50.0581 0
      vertex 78.8852 50.0284 0
    endloop
  endfacet
  facet normal 0.227036 -0.973886 0
    outer loop
      vertex 79.0126 50.0581 0
      vertex 78.8852 50.0284 -17
      vertex 79.0126 50.0581 -17
    endloop
  endfacet
  facet normal 0.160527 -0.688592 -0.707157
    outer loop
      vertex 78.8852 50.0284 -17
      vertex 78.4939 51.9911 -19
      vertex 79.0126 50.0581 -17
    endloop
  endfacet
  facet normal 0.0691802 -0.703692 -0.707129
    outer loop
      vertex 78.6258 49.9943 -17
      vertex 78.4939 51.9911 -19
      vertex 78.756 50.0071 -17
    endloop
  endfacet
  facet normal -0.160527 -0.688592 -0.707157
    outer loop
      vertex -78.8852 50.0284 -17
      vertex -79.0126 50.0581 -17
      vertex -78.4939 51.9911 -19
    endloop
  endfacet
  facet normal -0.688481 -0.161042 -0.707149
    outer loop
      vertex -80.4268 51.4724 -17
      vertex -80.4566 51.5998 -17
      vertex -78.4939 51.9911 -19
    endloop
  endfacet
  facet normal -0.676773 0.204706 -0.707158
    outer loop
      vertex -78.4939 57.9889 -19
      vertex -80.4268 58.5076 -17
      vertex -80.3889 58.6329 -17
    endloop
  endfacet
  facet normal -0.706655 -0.024444 -0.707136
    outer loop
      vertex -78.4939 51.9911 -19
      vertex -80.4907 51.8592 -17
      vertex -78.495 52.0229 -19
    endloop
  endfacet
  facet normal -0.115015 0.697652 -0.707144
    outer loop
      vertex -78.4939 57.9889 -19
      vertex -78.8852 59.9516 -17
      vertex -78.756 59.9729 -17
    endloop
  endfacet
  facet normal -0.160527 0.688592 -0.707157
    outer loop
      vertex -78.4939 57.9889 -19
      vertex -79.0126 59.9219 -17
      vertex -78.8852 59.9516 -17
    endloop
  endfacet
  facet normal 0.600136 0.373802 -0.707184
    outer loop
      vertex 80.2271 58.99 -17
      vertex 78.4939 57.9889 -19
      vertex 80.1579 59.1011 -17
    endloop
  endfacet
  facet normal 0.707107 0 -0.707107
    outer loop
      vertex 80.495 57.99 -17
      vertex 78.495 52.0229 -19
      vertex 78.495 57.9571 -19
    endloop
  endfacet
  facet normal 0.707107 0 -0.707107
    outer loop
      vertex 78.495 52.0229 -19
      vertex 80.495 57.99 -17
      vertex 80.495 51.99 -17
    endloop
  endfacet
  facet normal 0.44836 0.546675 -0.707191
    outer loop
      vertex 79.8137 59.4937 -17
      vertex 78.4939 57.9889 -19
      vertex 79.7125 59.5767 -17
    endloop
  endfacet
  facet normal 0.411669 0.574824 -0.707182
    outer loop
      vertex 79.7125 59.5767 -17
      vertex 78.4939 57.9889 -19
      vertex 79.6061 59.6529 -17
    endloop
  endfacet
  facet normal 0.515882 0.483471 -0.707192
    outer loop
      vertex 79.9987 59.3087 -17
      vertex 78.4939 57.9889 -19
      vertex 79.9092 59.4042 -17
    endloop
  endfacet
  facet normal 0.546675 0.44836 -0.707191
    outer loop
      vertex 80.0817 59.2075 -17
      vertex 78.4939 57.9889 -19
      vertex 79.9987 59.3087 -17
    endloop
  endfacet
  facet normal 0.688481 -0.161042 -0.707149
    outer loop
      vertex 80.4268 51.4724 -17
      vertex 78.4939 51.9911 -19
      vertex 80.4566 51.5998 -17
    endloop
  endfacet
  facet normal 0.697652 -0.115015 -0.707144
    outer loop
      vertex 80.4566 51.5998 -17
      vertex 78.4939 51.9911 -19
      vertex 80.4779 51.729 -17
    endloop
  endfacet
  facet normal 0.600136 -0.373802 -0.707184
    outer loop
      vertex 80.1579 50.8789 -17
      vertex 78.4939 51.9911 -19
      vertex 80.2271 50.99 -17
    endloop
  endfacet
  facet normal 0.729656 -0.683814 0
    outer loop
      vertex 79.9092 50.5758 0
      vertex 79.9987 50.6713 -17
      vertex 79.9987 50.6713 0
    endloop
  endfacet
  facet normal 0.729656 -0.683814 0
    outer loop
      vertex 79.9987 50.6713 -17
      vertex 79.9092 50.5758 0
      vertex 79.9092 50.5758 -17
    endloop
  endfacet
  facet normal 0.515882 -0.483471 -0.707192
    outer loop
      vertex 79.9092 50.5758 -17
      vertex 78.4939 51.9911 -19
      vertex 79.9987 50.6713 -17
    endloop
  endfacet
  facet normal 0.93592 -0.352212 0
    outer loop
      vertex 80.3428 51.2246 0
      vertex 80.3889 51.3471 -17
      vertex 80.3889 51.3471 0
    endloop
  endfacet
  facet normal 0.93592 -0.352212 0
    outer loop
      vertex 80.3889 51.3471 -17
      vertex 80.3428 51.2246 0
      vertex 80.3428 51.2246 -17
    endloop
  endfacet
  facet normal 0.661731 -0.249027 -0.707176
    outer loop
      vertex 80.3428 51.2246 -17
      vertex 78.4939 51.9911 -19
      vertex 80.3889 51.3471 -17
    endloop
  endfacet
  facet normal 0.634153 -0.773208 0
    outer loop
      vertex 79.7125 50.4033 -17
      vertex 79.8137 50.4863 0
      vertex 79.7125 50.4033 0
    endloop
  endfacet
  facet normal 0.634153 -0.773208 0
    outer loop
      vertex 79.8137 50.4863 0
      vertex 79.7125 50.4033 -17
      vertex 79.8137 50.4863 -17
    endloop
  endfacet
  facet normal 0.44836 -0.546675 -0.707191
    outer loop
      vertex 79.7125 50.4033 -17
      vertex 78.4939 51.9911 -19
      vertex 79.8137 50.4863 -17
    endloop
  endfacet
  facet normal 0.413285 -0.910602 0
    outer loop
      vertex 79.2604 50.1422 -17
      vertex 79.3796 50.1963 0
      vertex 79.2604 50.1422 0
    endloop
  endfacet
  facet normal 0.413285 -0.910602 0
    outer loop
      vertex 79.3796 50.1963 0
      vertex 79.2604 50.1422 -17
      vertex 79.3796 50.1963 -17
    endloop
  endfacet
  facet normal 0.292208 -0.643829 -0.707177
    outer loop
      vertex 79.2604 50.1422 -17
      vertex 78.4939 51.9911 -19
      vertex 79.3796 50.1963 -17
    endloop
  endfacet
  facet normal 0.290219 -0.95696 0
    outer loop
      vertex 79.0126 50.0581 -17
      vertex 79.1379 50.0961 0
      vertex 79.0126 50.0581 0
    endloop
  endfacet
  facet normal 0.290219 -0.95696 0
    outer loop
      vertex 79.1379 50.0961 0
      vertex 79.0126 50.0581 -17
      vertex 79.1379 50.0961 -17
    endloop
  endfacet
  facet normal 0.205199 -0.676615 -0.707167
    outer loop
      vertex 79.0126 50.0581 -17
      vertex 78.4939 51.9911 -19
      vertex 79.1379 50.0961 -17
    endloop
  endfacet
  facet normal 0.0232333 -0.706725 -0.707107
    outer loop
      vertex 78.495 49.99 -17
      vertex 78.4621 51.99 -19
      vertex 78.6258 49.9943 -17
    endloop
  endfacet
  facet normal 0.024444 -0.706655 -0.707136
    outer loop
      vertex 78.6258 49.9943 -17
      vertex 78.4621 51.99 -19
      vertex 78.4939 51.9911 -19
    endloop
  endfacet
  facet normal -0.227036 -0.973886 0
    outer loop
      vertex -79.0126 50.0581 -17
      vertex -78.8852 50.0284 0
      vertex -79.0126 50.0581 0
    endloop
  endfacet
  facet normal -0.227036 -0.973886 -0
    outer loop
      vertex -78.8852 50.0284 0
      vertex -79.0126 50.0581 -17
      vertex -78.8852 50.0284 -17
    endloop
  endfacet
  facet normal -0.483471 -0.515882 -0.707192
    outer loop
      vertex -79.8137 50.4863 -17
      vertex -79.9092 50.5758 -17
      vertex -78.4939 51.9911 -19
    endloop
  endfacet
  facet normal -0.470906 -0.882184 0
    outer loop
      vertex -79.495 50.2579 -17
      vertex -79.3796 50.1963 0
      vertex -79.495 50.2579 0
    endloop
  endfacet
  facet normal -0.470906 -0.882184 -0
    outer loop
      vertex -79.3796 50.1963 0
      vertex -79.495 50.2579 -17
      vertex -79.3796 50.1963 -17
    endloop
  endfacet
  facet normal -0.729656 -0.683814 0
    outer loop
      vertex -79.9092 50.5758 -17
      vertex -79.9987 50.6713 0
      vertex -79.9987 50.6713 -17
    endloop
  endfacet
  facet normal -0.729656 -0.683814 0
    outer loop
      vertex -79.9987 50.6713 0
      vertex -79.9092 50.5758 -17
      vertex -79.9092 50.5758 0
    endloop
  endfacet
  facet normal -0.623732 -0.332945 -0.707182
    outer loop
      vertex -80.2271 50.99 -17
      vertex -80.2887 51.1054 -17
      vertex -78.4939 51.9911 -19
    endloop
  endfacet
  facet normal -0.986681 -0.162665 0
    outer loop
      vertex -80.4566 51.5998 -17
      vertex -80.4779 51.729 0
      vertex -80.4779 51.729 -17
    endloop
  endfacet
  facet normal -0.986681 -0.162665 0
    outer loop
      vertex -80.4779 51.729 0
      vertex -80.4566 51.5998 -17
      vertex -80.4566 51.5998 0
    endloop
  endfacet
  facet normal -0.697652 -0.115015 -0.707144
    outer loop
      vertex -80.4566 51.5998 -17
      vertex -80.4779 51.729 -17
      vertex -78.4939 51.9911 -19
    endloop
  endfacet
  facet normal -0.683814 -0.729656 0
    outer loop
      vertex -79.9092 50.5758 -17
      vertex -79.8137 50.4863 0
      vertex -79.9092 50.5758 0
    endloop
  endfacet
  facet normal -0.683814 -0.729656 -0
    outer loop
      vertex -79.8137 50.4863 0
      vertex -79.9092 50.5758 -17
      vertex -79.8137 50.4863 -17
    endloop
  endfacet
  facet normal -0.546675 0.44836 -0.707191
    outer loop
      vertex -78.4939 57.9889 -19
      vertex -80.0817 59.2075 -17
      vertex -79.9987 59.3087 -17
    endloop
  endfacet
  facet normal -0.688481 0.161042 -0.707149
    outer loop
      vertex -78.4939 57.9889 -19
      vertex -80.4566 58.3802 -17
      vertex -80.4268 58.5076 -17
    endloop
  endfacet
  facet normal -0.697652 0.115015 -0.707144
    outer loop
      vertex -78.4939 57.9889 -19
      vertex -80.4779 58.251 -17
      vertex -80.4566 58.3802 -17
    endloop
  endfacet
  facet normal -0.99946 -0.0328569 0
    outer loop
      vertex -80.4907 51.8592 -17
      vertex -80.495 51.99 0
      vertex -80.495 51.99 -17
    endloop
  endfacet
  facet normal -0.99946 -0.0328569 0
    outer loop
      vertex -80.495 51.99 0
      vertex -80.4907 51.8592 -17
      vertex -80.4907 51.8592 0
    endloop
  endfacet
  facet normal -0.0691802 0.703692 -0.707129
    outer loop
      vertex -78.4939 57.9889 -19
      vertex -78.756 59.9729 -17
      vertex -78.6258 59.9857 -17
    endloop
  endfacet
  facet normal -0.205199 0.676615 -0.707167
    outer loop
      vertex -78.4939 57.9889 -19
      vertex -79.1379 59.8839 -17
      vertex -79.0126 59.9219 -17
    endloop
  endfacet
  facet normal -0.249027 0.661731 -0.707176
    outer loop
      vertex -78.4939 57.9889 -19
      vertex -79.2604 59.8378 -17
      vertex -79.1379 59.8839 -17
    endloop
  endfacet
  facet normal 0.574824 0.411669 -0.707182
    outer loop
      vertex 80.1579 59.1011 -17
      vertex 78.4939 57.9889 -19
      vertex 80.0817 59.2075 -17
    endloop
  endfacet
  facet normal 0.676773 0.204706 -0.707158
    outer loop
      vertex 80.4268 58.5076 -17
      vertex 78.4939 57.9889 -19
      vertex 80.3889 58.6329 -17
    endloop
  endfacet
  facet normal 0.661731 0.249027 -0.707176
    outer loop
      vertex 80.3889 58.6329 -17
      vertex 78.4939 57.9889 -19
      vertex 80.3428 58.7554 -17
    endloop
  endfacet
  facet normal 0.332945 0.623732 -0.707182
    outer loop
      vertex 79.495 59.7221 -17
      vertex 78.4939 57.9889 -19
      vertex 79.3796 59.7837 -17
    endloop
  endfacet
  facet normal 0.292208 0.643829 -0.707177
    outer loop
      vertex 79.3796 59.7837 -17
      vertex 78.4939 57.9889 -19
      vertex 79.2604 59.8378 -17
    endloop
  endfacet
  facet normal 0.81301 -0.58225 0
    outer loop
      vertex 80.0817 50.7725 0
      vertex 80.1579 50.8789 -17
      vertex 80.1579 50.8789 0
    endloop
  endfacet
  facet normal 0.81301 -0.58225 0
    outer loop
      vertex 80.1579 50.8789 -17
      vertex 80.0817 50.7725 0
      vertex 80.0817 50.7725 -17
    endloop
  endfacet
  facet normal 0.574824 -0.411669 -0.707182
    outer loop
      vertex 80.0817 50.7725 -17
      vertex 78.4939 51.9911 -19
      vertex 80.1579 50.8789 -17
    endloop
  endfacet
  facet normal -0.115015 -0.697652 -0.707144
    outer loop
      vertex -78.756 50.0071 -17
      vertex -78.8852 50.0284 -17
      vertex -78.4939 51.9911 -19
    endloop
  endfacet
  facet normal -0.0691802 -0.703692 -0.707129
    outer loop
      vertex -78.6258 49.9943 -17
      vertex -78.756 50.0071 -17
      vertex -78.4939 51.9911 -19
    endloop
  endfacet
  facet normal -0.249027 -0.661731 -0.707176
    outer loop
      vertex -79.1379 50.0961 -17
      vertex -79.2604 50.1422 -17
      vertex -78.4939 51.9911 -19
    endloop
  endfacet
  facet normal -0.411669 -0.574824 -0.707182
    outer loop
      vertex -79.6061 50.3271 -17
      vertex -79.7125 50.4033 -17
      vertex -78.4939 51.9911 -19
    endloop
  endfacet
  facet normal -0.773208 -0.634153 0
    outer loop
      vertex -79.9987 50.6713 -17
      vertex -80.0817 50.7725 0
      vertex -80.0817 50.7725 -17
    endloop
  endfacet
  facet normal -0.773208 -0.634153 0
    outer loop
      vertex -80.0817 50.7725 0
      vertex -79.9987 50.6713 -17
      vertex -79.9987 50.6713 0
    endloop
  endfacet
  facet normal -0.546675 -0.44836 -0.707191
    outer loop
      vertex -79.9987 50.6713 -17
      vertex -80.0817 50.7725 -17
      vertex -78.4939 51.9911 -19
    endloop
  endfacet
  facet normal -0.93592 -0.352212 0
    outer loop
      vertex -80.3428 51.2246 -17
      vertex -80.3889 51.3471 0
      vertex -80.3889 51.3471 -17
    endloop
  endfacet
  facet normal -0.93592 -0.352212 0
    outer loop
      vertex -80.3889 51.3471 0
      vertex -80.3428 51.2246 -17
      vertex -80.3428 51.2246 0
    endloop
  endfacet
  facet normal -0.661731 -0.249027 -0.707176
    outer loop
      vertex -80.3428 51.2246 -17
      vertex -80.3889 51.3471 -17
      vertex -78.4939 51.9911 -19
    endloop
  endfacet
  facet normal -0.643829 0.292208 -0.707177
    outer loop
      vertex -78.4939 57.9889 -19
      vertex -80.3428 58.7554 -17
      vertex -80.2887 58.8746 -17
    endloop
  endfacet
  facet normal -0.44836 0.546675 -0.707191
    outer loop
      vertex -78.4939 57.9889 -19
      vertex -79.8137 59.4937 -17
      vertex -79.7125 59.5767 -17
    endloop
  endfacet
  facet normal -0.574824 0.411669 -0.707182
    outer loop
      vertex -78.4939 57.9889 -19
      vertex -80.1579 59.1011 -17
      vertex -80.0817 59.2075 -17
    endloop
  endfacet
  facet normal 0.373802 0.600136 -0.707184
    outer loop
      vertex 79.6061 59.6529 -17
      vertex 78.4939 57.9889 -19
      vertex 79.495 59.7221 -17
    endloop
  endfacet
  facet normal -0.290219 -0.95696 0
    outer loop
      vertex -79.1379 50.0961 -17
      vertex -79.0126 50.0581 0
      vertex -79.1379 50.0961 0
    endloop
  endfacet
  facet normal -0.290219 -0.95696 -0
    outer loop
      vertex -79.0126 50.0581 0
      vertex -79.1379 50.0961 -17
      vertex -79.0126 50.0581 -17
    endloop
  endfacet
  facet normal -0.205199 -0.676615 -0.707167
    outer loop
      vertex -79.0126 50.0581 -17
      vertex -79.1379 50.0961 -17
      vertex -78.4939 51.9911 -19
    endloop
  endfacet
  facet normal -0.413285 -0.910602 0
    outer loop
      vertex -79.3796 50.1963 -17
      vertex -79.2604 50.1422 0
      vertex -79.3796 50.1963 0
    endloop
  endfacet
  facet normal -0.413285 -0.910602 -0
    outer loop
      vertex -79.2604 50.1422 0
      vertex -79.3796 50.1963 -17
      vertex -79.2604 50.1422 -17
    endloop
  endfacet
  facet normal -0.292208 -0.643829 -0.707177
    outer loop
      vertex -79.2604 50.1422 -17
      vertex -79.3796 50.1963 -17
      vertex -78.4939 51.9911 -19
    endloop
  endfacet
  facet normal -0.373802 -0.600136 -0.707184
    outer loop
      vertex -79.495 50.2579 -17
      vertex -79.6061 50.3271 -17
      vertex -78.4939 51.9911 -19
    endloop
  endfacet
  facet normal -0.528693 -0.848813 0
    outer loop
      vertex -79.6061 50.3271 -17
      vertex -79.495 50.2579 0
      vertex -79.6061 50.3271 0
    endloop
  endfacet
  facet normal -0.528693 -0.848813 -0
    outer loop
      vertex -79.495 50.2579 0
      vertex -79.6061 50.3271 -17
      vertex -79.495 50.2579 -17
    endloop
  endfacet
  facet normal -0.634153 -0.773208 0
    outer loop
      vertex -79.8137 50.4863 -17
      vertex -79.7125 50.4033 0
      vertex -79.8137 50.4863 0
    endloop
  endfacet
  facet normal -0.634153 -0.773208 -0
    outer loop
      vertex -79.7125 50.4033 0
      vertex -79.8137 50.4863 -17
      vertex -79.7125 50.4033 -17
    endloop
  endfacet
  facet normal -0.44836 -0.546675 -0.707191
    outer loop
      vertex -79.7125 50.4033 -17
      vertex -79.8137 50.4863 -17
      vertex -78.4939 51.9911 -19
    endloop
  endfacet
  facet normal -0.910602 -0.413285 0
    outer loop
      vertex -80.2887 51.1054 -17
      vertex -80.3428 51.2246 0
      vertex -80.3428 51.2246 -17
    endloop
  endfacet
  facet normal -0.910602 -0.413285 0
    outer loop
      vertex -80.3428 51.2246 0
      vertex -80.2887 51.1054 -17
      vertex -80.2887 51.1054 0
    endloop
  endfacet
  facet normal -0.643829 -0.292208 -0.707177
    outer loop
      vertex -80.2887 51.1054 -17
      vertex -80.3428 51.2246 -17
      vertex -78.4939 51.9911 -19
    endloop
  endfacet
  facet normal -0.848813 -0.528693 0
    outer loop
      vertex -80.1579 50.8789 -17
      vertex -80.2271 50.99 0
      vertex -80.2271 50.99 -17
    endloop
  endfacet
  facet normal -0.848813 -0.528693 0
    outer loop
      vertex -80.2271 50.99 0
      vertex -80.1579 50.8789 -17
      vertex -80.1579 50.8789 0
    endloop
  endfacet
  facet normal -0.600136 -0.373802 -0.707184
    outer loop
      vertex -80.1579 50.8789 -17
      vertex -80.2271 50.99 -17
      vertex -78.4939 51.9911 -19
    endloop
  endfacet
  facet normal -0.515882 0.483471 -0.707192
    outer loop
      vertex -78.4939 57.9889 -19
      vertex -79.9987 59.3087 -17
      vertex -79.9092 59.4042 -17
    endloop
  endfacet
  facet normal -0.623732 0.332945 -0.707182
    outer loop
      vertex -78.4939 57.9889 -19
      vertex -80.2887 58.8746 -17
      vertex -80.2271 58.99 -17
    endloop
  endfacet
  facet normal -0.162972 0.986631 0
    outer loop
      vertex 72.7824 -44.9619 0
      vertex 72.3562 -45.0323 27.9
      vertex 72.7824 -44.9619 27.9
    endloop
  endfacet
  facet normal -0.162972 0.986631 0
    outer loop
      vertex 72.3562 -45.0323 27.9
      vertex 72.7824 -44.9619 0
      vertex 72.3562 -45.0323 0
    endloop
  endfacet
  facet normal 0.773059 -0.634334 0
    outer loop
      vertex -76.7301 42.507 27.9
      vertex -76.4562 42.8408 5.6
      vertex -76.4562 42.8408 27.9
    endloop
  endfacet
  facet normal 0.773059 -0.634334 0
    outer loop
      vertex -76.4562 42.8408 5.6
      vertex -76.7301 42.507 27.9
      vertex -76.7301 42.507 5.6
    endloop
  endfacet
  facet normal 1 -0 0
    outer loop
      vertex -78.095 -38.4506 27.9
      vertex -78.095 38.4506 0
      vertex -78.095 38.4506 27.9
    endloop
  endfacet
  facet normal 1 0 0
    outer loop
      vertex -78.095 38.4506 0
      vertex -78.095 -38.4506 27.9
      vertex -78.095 -38.4506 0
    endloop
  endfacet
  facet normal -0.0979672 0.99519 0
    outer loop
      vertex 72.3562 -45.0323 0
      vertex 71.9265 -45.0746 27.9
      vertex 72.3562 -45.0323 27.9
    endloop
  endfacet
  facet normal -0.0979672 0.99519 0
    outer loop
      vertex 71.9265 -45.0746 27.9
      vertex 72.3562 -45.0323 0
      vertex 71.9265 -45.0746 0
    endloop
  endfacet
  facet normal 0.0979672 0.99519 -0
    outer loop
      vertex -71.9265 -45.0746 0
      vertex -72.3562 -45.0323 27.9
      vertex -71.9265 -45.0746 27.9
    endloop
  endfacet
  facet normal 0.0979672 0.99519 0
    outer loop
      vertex -72.3562 -45.0323 27.9
      vertex -71.9265 -45.0746 0
      vertex -72.3562 -45.0323 0
    endloop
  endfacet
  facet normal -0.99519 -0.0979672 0
    outer loop
      vertex 78.0796 38.9215 0
      vertex 78.0373 39.3512 27.9
      vertex 78.0373 39.3512 0
    endloop
  endfacet
  facet normal -0.99519 -0.0979672 0
    outer loop
      vertex 78.0373 39.3512 27.9
      vertex 78.0796 38.9215 0
      vertex 78.0796 38.9215 27.9
    endloop
  endfacet
  facet normal -0.986631 0.162972 0
    outer loop
      vertex 77.9669 -39.7774 0
      vertex 78.0373 -39.3512 27.9
      vertex 78.0373 -39.3512 0
    endloop
  endfacet
  facet normal -0.986631 0.162972 0
    outer loop
      vertex 78.0373 -39.3512 27.9
      vertex 77.9669 -39.7774 0
      vertex 77.9669 -39.7774 27.9
    endloop
  endfacet
  facet normal -0.471393 -0.881923 0
    outer loop
      vertex 74.4133 44.4083 5.6
      vertex 74.7944 44.2046 27.9
      vertex 74.4133 44.4083 27.9
    endloop
  endfacet
  facet normal -0.471393 -0.881923 -0
    outer loop
      vertex 74.7944 44.2046 27.9
      vertex 74.4133 44.4083 5.6
      vertex 74.7944 44.2046 5.6
    endloop
  endfacet
  facet normal 0.956923 -0.290342 0
    outer loop
      vertex -77.8689 40.1978 27.9
      vertex -77.7435 40.6111 5.6
      vertex -77.7435 40.6111 27.9
    endloop
  endfacet
  facet normal 0.956923 -0.290342 0
    outer loop
      vertex -77.7435 40.6111 5.6
      vertex -77.8689 40.1978 27.9
      vertex -77.8689 40.1978 5.6
    endloop
  endfacet
  facet normal 0.227025 -0.973889 0
    outer loop
      vertex -73.2028 44.8639 5.6
      vertex -72.7824 44.9619 27.9
      vertex -73.2028 44.8639 27.9
    endloop
  endfacet
  facet normal 0.227025 -0.973889 0
    outer loop
      vertex -72.7824 44.9619 27.9
      vertex -73.2028 44.8639 5.6
      vertex -72.7824 44.9619 5.6
    endloop
  endfacet
  facet normal -0.99519 0.0979672 0
    outer loop
      vertex 78.0373 -39.3512 0
      vertex 78.0796 -38.9215 27.9
      vertex 78.0796 -38.9215 0
    endloop
  endfacet
  facet normal -0.99519 0.0979672 0
    outer loop
      vertex 78.0796 -38.9215 27.9
      vertex 78.0373 -39.3512 0
      vertex 78.0373 -39.3512 27.9
    endloop
  endfacet
  facet normal -0.812872 0.582442 0
    outer loop
      vertex 76.7301 -42.507 0
      vertex 76.9816 -42.156 27.9
      vertex 76.9816 -42.156 0
    endloop
  endfacet
  facet normal -0.812872 0.582442 0
    outer loop
      vertex 76.9816 -42.156 27.9
      vertex 76.7301 -42.507 0
      vertex 76.7301 -42.507 27.9
    endloop
  endfacet
  facet normal 0.582442 -0.812872 0
    outer loop
      vertex -75.512 43.7251 5.6
      vertex -75.161 43.9766 27.9
      vertex -75.512 43.7251 27.9
    endloop
  endfacet
  facet normal 0.582442 -0.812872 0
    outer loop
      vertex -75.161 43.9766 27.9
      vertex -75.512 43.7251 5.6
      vertex -75.161 43.9766 5.6
    endloop
  endfacet
  facet normal 0 1 -0
    outer loop
      vertex 71.4556 -45.09 0
      vertex 25 -45.09 27.9
      vertex 71.4556 -45.09 27.9
    endloop
  endfacet
  facet normal 0 1 0
    outer loop
      vertex 25 -45.09 27.9
      vertex 71.4556 -45.09 0
      vertex 25 -45.09 0
    endloop
  endfacet
  facet normal 0 1 -0
    outer loop
      vertex -25 -45.09 0
      vertex -71.4556 -45.09 27.9
      vertex -25 -45.09 27.9
    endloop
  endfacet
  facet normal 0 1 0
    outer loop
      vertex -71.4556 -45.09 27.9
      vertex -25 -45.09 0
      vertex -71.4556 -45.09 0
    endloop
  endfacet
  facet normal -0.973889 0.227025 0
    outer loop
      vertex 77.8689 -40.1978 0
      vertex 77.9669 -39.7774 27.9
      vertex 77.9669 -39.7774 0
    endloop
  endfacet
  facet normal -0.973889 0.227025 0
    outer loop
      vertex 77.9669 -39.7774 27.9
      vertex 77.8689 -40.1978 0
      vertex 77.8689 -40.1978 27.9
    endloop
  endfacet
  facet normal -0.999466 -0.0326859 0
    outer loop
      vertex 78.095 38.4506 0
      vertex 78.0796 38.9215 27.9
      vertex 78.0796 38.9215 0
    endloop
  endfacet
  facet normal -0.999466 -0.0326859 0
    outer loop
      vertex 78.0796 38.9215 27.9
      vertex 78.095 38.4506 0
      vertex 78.095 38.4506 27.9
    endloop
  endfacet
  facet normal -0.773059 0.634334 0
    outer loop
      vertex 76.4562 -42.8408 0
      vertex 76.7301 -42.507 27.9
      vertex 76.7301 -42.507 0
    endloop
  endfacet
  facet normal -0.773059 0.634334 0
    outer loop
      vertex 76.7301 -42.507 27.9
      vertex 76.4562 -42.8408 0
      vertex 76.4562 -42.8408 27.9
    endloop
  endfacet
  facet normal 0.849167 0.528124 0
    outer loop
      vertex -76.9816 -42.156 27.9
      vertex -77.2096 -41.7894 0
      vertex -77.2096 -41.7894 27.9
    endloop
  endfacet
  facet normal 0.849167 0.528124 0
    outer loop
      vertex -77.2096 -41.7894 0
      vertex -76.9816 -42.156 27.9
      vertex -76.9816 -42.156 0
    endloop
  endfacet
  facet normal 0 -1 0
    outer loop
      vertex -71.4556 45.09 5.6
      vertex 71.4556 45.09 27.9
      vertex -71.4556 45.09 27.9
    endloop
  endfacet
  facet normal 0 -1 -0
    outer loop
      vertex 71.4556 45.09 27.9
      vertex -71.4556 45.09 5.6
      vertex 71.4556 45.09 5.6
    endloop
  endfacet
  facet normal -0.0326859 0.999466 0
    outer loop
      vertex 71.9265 -45.0746 0
      vertex 71.4556 -45.09 27.9
      vertex 71.9265 -45.0746 27.9
    endloop
  endfacet
  facet normal -0.0326859 0.999466 0
    outer loop
      vertex 71.4556 -45.09 27.9
      vertex 71.9265 -45.0746 0
      vertex 71.4556 -45.09 0
    endloop
  endfacet
  facet normal -0.683571 -0.729884 0
    outer loop
      vertex 75.8458 43.4512 5.6
      vertex 76.161 43.156 27.9
      vertex 75.8458 43.4512 27.9
    endloop
  endfacet
  facet normal -0.683571 -0.729884 -0
    outer loop
      vertex 76.161 43.156 27.9
      vertex 75.8458 43.4512 5.6
      vertex 76.161 43.156 5.6
    endloop
  endfacet
  facet normal 0.412772 0.910834 -0
    outer loop
      vertex -74.0203 -44.5864 0
      vertex -74.4133 -44.4083 27.9
      vertex -74.0203 -44.5864 27.9
    endloop
  endfacet
  facet normal 0.412772 0.910834 0
    outer loop
      vertex -74.4133 -44.4083 27.9
      vertex -74.0203 -44.5864 0
      vertex -74.4133 -44.4083 0
    endloop
  endfacet
  facet normal 0.729884 0.683571 0
    outer loop
      vertex -76.161 -43.156 27.9
      vertex -76.4562 -42.8408 0
      vertex -76.4562 -42.8408 27.9
    endloop
  endfacet
  facet normal 0.729884 0.683571 0
    outer loop
      vertex -76.4562 -42.8408 0
      vertex -76.161 -43.156 27.9
      vertex -76.161 -43.156 0
    endloop
  endfacet
  facet normal -0.986631 -0.162972 0
    outer loop
      vertex 78.0373 39.3512 0
      vertex 77.9669 39.7774 27.9
      vertex 77.9669 39.7774 0
    endloop
  endfacet
  facet normal -0.986631 -0.162972 0
    outer loop
      vertex 77.9669 39.7774 27.9
      vertex 78.0373 39.3512 0
      vertex 78.0373 39.3512 27.9
    endloop
  endfacet
  facet normal 0.729884 -0.683571 0
    outer loop
      vertex -76.4562 42.8408 27.9
      vertex -76.161 43.156 5.6
      vertex -76.161 43.156 27.9
    endloop
  endfacet
  facet normal 0.729884 -0.683571 0
    outer loop
      vertex -76.161 43.156 5.6
      vertex -76.4562 42.8408 27.9
      vertex -76.4562 42.8408 5.6
    endloop
  endfacet
  facet normal 0.162972 -0.986631 0
    outer loop
      vertex -72.7824 44.9619 5.6
      vertex -72.3562 45.0323 27.9
      vertex -72.7824 44.9619 27.9
    endloop
  endfacet
  facet normal 0.162972 -0.986631 0
    outer loop
      vertex -72.3562 45.0323 27.9
      vertex -72.7824 44.9619 5.6
      vertex -72.3562 45.0323 5.6
    endloop
  endfacet
  facet normal -0.227025 -0.973889 0
    outer loop
      vertex 72.7824 44.9619 5.6
      vertex 73.2028 44.8639 27.9
      vertex 72.7824 44.9619 27.9
    endloop
  endfacet
  facet normal -0.227025 -0.973889 -0
    outer loop
      vertex 73.2028 44.8639 27.9
      vertex 72.7824 44.9619 5.6
      vertex 73.2028 44.8639 5.6
    endloop
  endfacet
  facet normal -0.528124 0.849167 0
    outer loop
      vertex 75.161 -43.9766 0
      vertex 74.7944 -44.2046 27.9
      vertex 75.161 -43.9766 27.9
    endloop
  endfacet
  facet normal -0.528124 0.849167 0
    outer loop
      vertex 74.7944 -44.2046 27.9
      vertex 75.161 -43.9766 0
      vertex 74.7944 -44.2046 0
    endloop
  endfacet
  facet normal 0.0326859 -0.999466 0
    outer loop
      vertex -71.9265 45.0746 5.6
      vertex -71.4556 45.09 27.9
      vertex -71.9265 45.0746 27.9
    endloop
  endfacet
  facet normal 0.0326859 -0.999466 0
    outer loop
      vertex -71.4556 45.09 27.9
      vertex -71.9265 45.0746 5.6
      vertex -71.4556 45.09 5.6
    endloop
  endfacet
  facet normal 0.162972 0.986631 -0
    outer loop
      vertex -72.3562 -45.0323 0
      vertex -72.7824 -44.9619 27.9
      vertex -72.3562 -45.0323 27.9
    endloop
  endfacet
  facet normal 0.162972 0.986631 0
    outer loop
      vertex -72.7824 -44.9619 27.9
      vertex -72.3562 -45.0323 0
      vertex -72.7824 -44.9619 0
    endloop
  endfacet
  facet normal 0.227025 0.973889 -0
    outer loop
      vertex -72.7824 -44.9619 0
      vertex -73.2028 -44.8639 27.9
      vertex -72.7824 -44.9619 27.9
    endloop
  endfacet
  facet normal 0.227025 0.973889 0
    outer loop
      vertex -73.2028 -44.8639 27.9
      vertex -72.7824 -44.9619 0
      vertex -73.2028 -44.8639 0
    endloop
  endfacet
  facet normal 0.999466 0.0326859 0
    outer loop
      vertex -78.0796 -38.9215 27.9
      vertex -78.095 -38.4506 0
      vertex -78.095 -38.4506 27.9
    endloop
  endfacet
  facet normal 0.999466 0.0326859 0
    outer loop
      vertex -78.095 -38.4506 0
      vertex -78.0796 -38.9215 27.9
      vertex -78.0796 -38.9215 0
    endloop
  endfacet
  facet normal -0.956923 0.290342 0
    outer loop
      vertex 77.7435 -40.6111 0
      vertex 77.8689 -40.1978 27.9
      vertex 77.8689 -40.1978 0
    endloop
  endfacet
  facet normal -0.956923 0.290342 0
    outer loop
      vertex 77.8689 -40.1978 27.9
      vertex 77.7435 -40.6111 0
      vertex 77.7435 -40.6111 27.9
    endloop
  endfacet
  facet normal -0.0979672 -0.99519 0
    outer loop
      vertex 71.9265 45.0746 5.6
      vertex 72.3562 45.0323 27.9
      vertex 71.9265 45.0746 27.9
    endloop
  endfacet
  facet normal -0.0979672 -0.99519 -0
    outer loop
      vertex 72.3562 45.0323 27.9
      vertex 71.9265 45.0746 5.6
      vertex 72.3562 45.0323 5.6
    endloop
  endfacet
  facet normal 0.973889 0.227025 0
    outer loop
      vertex -77.8689 -40.1978 27.9
      vertex -77.9669 -39.7774 0
      vertex -77.9669 -39.7774 27.9
    endloop
  endfacet
  facet normal 0.973889 0.227025 0
    outer loop
      vertex -77.9669 -39.7774 0
      vertex -77.8689 -40.1978 27.9
      vertex -77.8689 -40.1978 0
    endloop
  endfacet
  facet normal 0.956923 0.290342 0
    outer loop
      vertex -77.7435 -40.6111 27.9
      vertex -77.8689 -40.1978 0
      vertex -77.8689 -40.1978 27.9
    endloop
  endfacet
  facet normal 0.956923 0.290342 0
    outer loop
      vertex -77.8689 -40.1978 0
      vertex -77.7435 -40.6111 27.9
      vertex -77.7435 -40.6111 0
    endloop
  endfacet
  facet normal 0.0326859 0.999466 -0
    outer loop
      vertex -71.4556 -45.09 0
      vertex -71.9265 -45.0746 27.9
      vertex -71.4556 -45.09 27.9
    endloop
  endfacet
  facet normal 0.0326859 0.999466 0
    outer loop
      vertex -71.9265 -45.0746 27.9
      vertex -71.4556 -45.09 0
      vertex -71.9265 -45.0746 0
    endloop
  endfacet
  facet normal -0.352189 -0.935929 0
    outer loop
      vertex 73.6161 44.7385 5.6
      vertex 74.0203 44.5864 27.9
      vertex 73.6161 44.7385 27.9
    endloop
  endfacet
  facet normal -0.352189 -0.935929 -0
    outer loop
      vertex 74.0203 44.5864 27.9
      vertex 73.6161 44.7385 5.6
      vertex 74.0203 44.5864 5.6
    endloop
  endfacet
  facet normal -0.999466 0.0326859 0
    outer loop
      vertex 78.0796 -38.9215 0
      vertex 78.095 -38.4506 27.9
      vertex 78.095 -38.4506 0
    endloop
  endfacet
  facet normal -0.999466 0.0326859 0
    outer loop
      vertex 78.095 -38.4506 27.9
      vertex 78.0796 -38.9215 0
      vertex 78.0796 -38.9215 27.9
    endloop
  endfacet
  facet normal -0.956923 -0.290342 0
    outer loop
      vertex 77.8689 40.1978 5.6
      vertex 77.7435 40.6111 27.9
      vertex 77.7435 40.6111 5.6
    endloop
  endfacet
  facet normal -0.956923 -0.290342 0
    outer loop
      vertex 77.7435 40.6111 27.9
      vertex 77.8689 40.1978 5.6
      vertex 77.8689 40.1978 27.9
    endloop
  endfacet
  facet normal -0.849167 0.528124 0
    outer loop
      vertex 76.9816 -42.156 0
      vertex 77.2096 -41.7894 27.9
      vertex 77.2096 -41.7894 0
    endloop
  endfacet
  facet normal -0.849167 0.528124 0
    outer loop
      vertex 77.2096 -41.7894 27.9
      vertex 76.9816 -42.156 0
      vertex 76.9816 -42.156 27.9
    endloop
  endfacet
  facet normal 0.0979672 -0.99519 0
    outer loop
      vertex -72.3562 45.0323 5.6
      vertex -71.9265 45.0746 27.9
      vertex -72.3562 45.0323 27.9
    endloop
  endfacet
  facet normal 0.0979672 -0.99519 0
    outer loop
      vertex -71.9265 45.0746 27.9
      vertex -72.3562 45.0323 5.6
      vertex -71.9265 45.0746 5.6
    endloop
  endfacet
  facet normal -0.162972 -0.986631 0
    outer loop
      vertex 72.3562 45.0323 5.6
      vertex 72.7824 44.9619 27.9
      vertex 72.3562 45.0323 27.9
    endloop
  endfacet
  facet normal -0.162972 -0.986631 -0
    outer loop
      vertex 72.7824 44.9619 27.9
      vertex 72.3562 45.0323 5.6
      vertex 72.7824 44.9619 5.6
    endloop
  endfacet
  facet normal -0.935929 -0.352189 0
    outer loop
      vertex 77.7435 40.6111 5.6
      vertex 77.5914 41.0153 27.9
      vertex 77.5914 41.0153 5.6
    endloop
  endfacet
  facet normal -0.935929 -0.352189 0
    outer loop
      vertex 77.5914 41.0153 27.9
      vertex 77.7435 40.6111 5.6
      vertex 77.7435 40.6111 27.9
    endloop
  endfacet
  facet normal 0.634334 0.773059 -0
    outer loop
      vertex -75.512 -43.7251 0
      vertex -75.8458 -43.4512 27.9
      vertex -75.512 -43.7251 27.9
    endloop
  endfacet
  facet normal 0.634334 0.773059 0
    outer loop
      vertex -75.8458 -43.4512 27.9
      vertex -75.512 -43.7251 0
      vertex -75.8458 -43.4512 0
    endloop
  endfacet
  facet normal -0.910834 0.412772 0
    outer loop
      vertex 77.4133 -41.4083 0
      vertex 77.5914 -41.0153 27.9
      vertex 77.5914 -41.0153 0
    endloop
  endfacet
  facet normal -0.910834 0.412772 0
    outer loop
      vertex 77.5914 -41.0153 27.9
      vertex 77.4133 -41.4083 0
      vertex 77.4133 -41.4083 27.9
    endloop
  endfacet
  facet normal -0.729884 0.683571 0
    outer loop
      vertex 76.161 -43.156 0
      vertex 76.4562 -42.8408 27.9
      vertex 76.4562 -42.8408 0
    endloop
  endfacet
  facet normal -0.729884 0.683571 0
    outer loop
      vertex 76.4562 -42.8408 27.9
      vertex 76.161 -43.156 0
      vertex 76.161 -43.156 27.9
    endloop
  endfacet
  facet normal 0.471393 -0.881923 0
    outer loop
      vertex -74.7944 44.2046 5.6
      vertex -74.4133 44.4083 27.9
      vertex -74.7944 44.2046 27.9
    endloop
  endfacet
  facet normal 0.471393 -0.881923 0
    outer loop
      vertex -74.4133 44.4083 27.9
      vertex -74.7944 44.2046 5.6
      vertex -74.4133 44.4083 5.6
    endloop
  endfacet
  facet normal 0.973855 -0.22717 0
    outer loop
      vertex -77.8689 40.1978 27.9
      vertex -77.9407 39.89 5.6
      vertex -77.8689 40.1978 5.6
    endloop
  endfacet
  facet normal 0.973889 -0.227025 -2.11089e-06
    outer loop
      vertex -77.9669 39.7774 27.9
      vertex -77.9407 39.89 5.6
      vertex -77.8689 40.1978 27.9
    endloop
  endfacet
  facet normal 0.973981 -0.226628 0
    outer loop
      vertex -77.9669 39.7774 0
      vertex -77.9407 39.89 5.6
      vertex -77.9669 39.7774 27.9
    endloop
  endfacet
  facet normal 0.973981 -0.226628 0
    outer loop
      vertex -77.9407 39.89 5.6
      vertex -77.9669 39.7774 0
      vertex -77.9407 39.89 0
    endloop
  endfacet
  facet normal -0.528124 -0.849167 0
    outer loop
      vertex 74.7944 44.2046 5.6
      vertex 75.161 43.9766 27.9
      vertex 74.7944 44.2046 27.9
    endloop
  endfacet
  facet normal -0.528124 -0.849167 -0
    outer loop
      vertex 75.161 43.9766 27.9
      vertex 74.7944 44.2046 5.6
      vertex 75.161 43.9766 5.6
    endloop
  endfacet
  facet normal 0.986631 -0.162972 0
    outer loop
      vertex -78.0373 39.3512 27.9
      vertex -77.9669 39.7774 0
      vertex -77.9669 39.7774 27.9
    endloop
  endfacet
  facet normal 0.986631 -0.162972 0
    outer loop
      vertex -77.9669 39.7774 0
      vertex -78.0373 39.3512 27.9
      vertex -78.0373 39.3512 0
    endloop
  endfacet
  facet normal -0.227025 0.973889 0
    outer loop
      vertex 73.2028 -44.8639 0
      vertex 72.7824 -44.9619 27.9
      vertex 73.2028 -44.8639 27.9
    endloop
  endfacet
  facet normal -0.227025 0.973889 0
    outer loop
      vertex 72.7824 -44.9619 27.9
      vertex 73.2028 -44.8639 0
      vertex 72.7824 -44.9619 0
    endloop
  endfacet
  facet normal 0.471393 0.881923 -0
    outer loop
      vertex -74.4133 -44.4083 0
      vertex -74.7944 -44.2046 27.9
      vertex -74.4133 -44.4083 27.9
    endloop
  endfacet
  facet normal 0.471393 0.881923 0
    outer loop
      vertex -74.7944 -44.2046 27.9
      vertex -74.4133 -44.4083 0
      vertex -74.7944 -44.2046 0
    endloop
  endfacet
  facet normal 0.528124 0.849167 -0
    outer loop
      vertex -74.7944 -44.2046 0
      vertex -75.161 -43.9766 27.9
      vertex -74.7944 -44.2046 27.9
    endloop
  endfacet
  facet normal 0.528124 0.849167 0
    outer loop
      vertex -75.161 -43.9766 27.9
      vertex -74.7944 -44.2046 0
      vertex -75.161 -43.9766 0
    endloop
  endfacet
  facet normal -0.729884 -0.683571 0
    outer loop
      vertex 76.4562 42.8408 5.6
      vertex 76.161 43.156 27.9
      vertex 76.161 43.156 5.6
    endloop
  endfacet
  facet normal -0.729884 -0.683571 0
    outer loop
      vertex 76.161 43.156 27.9
      vertex 76.4562 42.8408 5.6
      vertex 76.4562 42.8408 27.9
    endloop
  endfacet
  facet normal 0.352189 0.935929 -0
    outer loop
      vertex -73.6161 -44.7385 0
      vertex -74.0203 -44.5864 27.9
      vertex -73.6161 -44.7385 27.9
    endloop
  endfacet
  facet normal 0.352189 0.935929 0
    outer loop
      vertex -74.0203 -44.5864 27.9
      vertex -73.6161 -44.7385 0
      vertex -74.0203 -44.5864 0
    endloop
  endfacet
  facet normal -0.849167 -0.528124 0
    outer loop
      vertex 77.2096 41.7894 5.6
      vertex 76.9816 42.156 27.9
      vertex 76.9816 42.156 5.6
    endloop
  endfacet
  facet normal -0.849167 -0.528124 0
    outer loop
      vertex 76.9816 42.156 27.9
      vertex 77.2096 41.7894 5.6
      vertex 77.2096 41.7894 27.9
    endloop
  endfacet
  facet normal -0.0326859 -0.999466 0
    outer loop
      vertex 71.4556 45.09 5.6
      vertex 71.9265 45.0746 27.9
      vertex 71.4556 45.09 27.9
    endloop
  endfacet
  facet normal -0.0326859 -0.999466 -0
    outer loop
      vertex 71.9265 45.0746 27.9
      vertex 71.4556 45.09 5.6
      vertex 71.9265 45.0746 5.6
    endloop
  endfacet
  facet normal -0.935929 0.352189 0
    outer loop
      vertex 77.5914 -41.0153 0
      vertex 77.7435 -40.6111 27.9
      vertex 77.7435 -40.6111 0
    endloop
  endfacet
  facet normal -0.935929 0.352189 0
    outer loop
      vertex 77.7435 -40.6111 27.9
      vertex 77.5914 -41.0153 0
      vertex 77.5914 -41.0153 27.9
    endloop
  endfacet
  facet normal -1 0 0
    outer loop
      vertex 78.095 -38.4506 0
      vertex 78.095 38.4506 27.9
      vertex 78.095 38.4506 0
    endloop
  endfacet
  facet normal -1 -0 0
    outer loop
      vertex 78.095 38.4506 27.9
      vertex 78.095 -38.4506 0
      vertex 78.095 -38.4506 27.9
    endloop
  endfacet
  facet normal -0.634334 0.773059 0
    outer loop
      vertex 75.8458 -43.4512 0
      vertex 75.512 -43.7251 27.9
      vertex 75.8458 -43.4512 27.9
    endloop
  endfacet
  facet normal -0.634334 0.773059 0
    outer loop
      vertex 75.512 -43.7251 27.9
      vertex 75.8458 -43.4512 0
      vertex 75.512 -43.7251 0
    endloop
  endfacet
  facet normal 0.935929 -0.352189 0
    outer loop
      vertex -77.7435 40.6111 27.9
      vertex -77.5914 41.0153 5.6
      vertex -77.5914 41.0153 27.9
    endloop
  endfacet
  facet normal 0.935929 -0.352189 0
    outer loop
      vertex -77.5914 41.0153 5.6
      vertex -77.7435 40.6111 27.9
      vertex -77.7435 40.6111 5.6
    endloop
  endfacet
  facet normal -0.582442 0.812872 0
    outer loop
      vertex 75.512 -43.7251 0
      vertex 75.161 -43.9766 27.9
      vertex 75.512 -43.7251 27.9
    endloop
  endfacet
  facet normal -0.582442 0.812872 0
    outer loop
      vertex 75.161 -43.9766 27.9
      vertex 75.512 -43.7251 0
      vertex 75.161 -43.9766 0
    endloop
  endfacet
  facet normal 0.290342 -0.956923 0
    outer loop
      vertex -73.6161 44.7385 5.6
      vertex -73.2028 44.8639 27.9
      vertex -73.6161 44.7385 27.9
    endloop
  endfacet
  facet normal 0.290342 -0.956923 0
    outer loop
      vertex -73.2028 44.8639 27.9
      vertex -73.6161 44.7385 5.6
      vertex -73.2028 44.8639 5.6
    endloop
  endfacet
  facet normal 0.849167 -0.528124 0
    outer loop
      vertex -77.2096 41.7894 27.9
      vertex -76.9816 42.156 5.6
      vertex -76.9816 42.156 27.9
    endloop
  endfacet
  facet normal 0.849167 -0.528124 0
    outer loop
      vertex -76.9816 42.156 5.6
      vertex -77.2096 41.7894 27.9
      vertex -77.2096 41.7894 5.6
    endloop
  endfacet
  facet normal 0.99519 0.0979672 0
    outer loop
      vertex -78.0373 -39.3512 27.9
      vertex -78.0796 -38.9215 0
      vertex -78.0796 -38.9215 27.9
    endloop
  endfacet
  facet normal 0.99519 0.0979672 0
    outer loop
      vertex -78.0796 -38.9215 0
      vertex -78.0373 -39.3512 27.9
      vertex -78.0373 -39.3512 0
    endloop
  endfacet
  facet normal -0.634334 -0.773059 0
    outer loop
      vertex 75.512 43.7251 5.6
      vertex 75.8458 43.4512 27.9
      vertex 75.512 43.7251 27.9
    endloop
  endfacet
  facet normal -0.634334 -0.773059 -0
    outer loop
      vertex 75.8458 43.4512 27.9
      vertex 75.512 43.7251 5.6
      vertex 75.8458 43.4512 5.6
    endloop
  endfacet
  facet normal -0.910834 -0.412772 0
    outer loop
      vertex 77.5914 41.0153 5.6
      vertex 77.4133 41.4083 27.9
      vertex 77.4133 41.4083 5.6
    endloop
  endfacet
  facet normal -0.910834 -0.412772 0
    outer loop
      vertex 77.4133 41.4083 27.9
      vertex 77.5914 41.0153 5.6
      vertex 77.5914 41.0153 27.9
    endloop
  endfacet
  facet normal -0.290342 -0.956923 0
    outer loop
      vertex 73.2028 44.8639 5.6
      vertex 73.6161 44.7385 27.9
      vertex 73.2028 44.8639 27.9
    endloop
  endfacet
  facet normal -0.290342 -0.956923 -0
    outer loop
      vertex 73.6161 44.7385 27.9
      vertex 73.2028 44.8639 5.6
      vertex 73.6161 44.7385 5.6
    endloop
  endfacet
  facet normal -0.683571 0.729884 0
    outer loop
      vertex 76.161 -43.156 0
      vertex 75.8458 -43.4512 27.9
      vertex 76.161 -43.156 27.9
    endloop
  endfacet
  facet normal -0.683571 0.729884 0
    outer loop
      vertex 75.8458 -43.4512 27.9
      vertex 76.161 -43.156 0
      vertex 75.8458 -43.4512 0
    endloop
  endfacet
  facet normal 0.935929 0.352189 0
    outer loop
      vertex -77.5914 -41.0153 27.9
      vertex -77.7435 -40.6111 0
      vertex -77.7435 -40.6111 27.9
    endloop
  endfacet
  facet normal 0.935929 0.352189 0
    outer loop
      vertex -77.7435 -40.6111 0
      vertex -77.5914 -41.0153 27.9
      vertex -77.5914 -41.0153 0
    endloop
  endfacet
  facet normal -0.881923 -0.471393 0
    outer loop
      vertex 77.4133 41.4083 5.6
      vertex 77.2096 41.7894 27.9
      vertex 77.2096 41.7894 5.6
    endloop
  endfacet
  facet normal -0.881923 -0.471393 0
    outer loop
      vertex 77.2096 41.7894 27.9
      vertex 77.4133 41.4083 5.6
      vertex 77.4133 41.4083 27.9
    endloop
  endfacet
  facet normal 0.290342 0.956923 -0
    outer loop
      vertex -73.2028 -44.8639 0
      vertex -73.6161 -44.7385 27.9
      vertex -73.2028 -44.8639 27.9
    endloop
  endfacet
  facet normal 0.290342 0.956923 0
    outer loop
      vertex -73.6161 -44.7385 27.9
      vertex -73.2028 -44.8639 0
      vertex -73.6161 -44.7385 0
    endloop
  endfacet
  facet normal 0.352189 -0.935929 0
    outer loop
      vertex -74.0203 44.5864 5.6
      vertex -73.6161 44.7385 27.9
      vertex -74.0203 44.5864 27.9
    endloop
  endfacet
  facet normal 0.352189 -0.935929 0
    outer loop
      vertex -73.6161 44.7385 27.9
      vertex -74.0203 44.5864 5.6
      vertex -73.6161 44.7385 5.6
    endloop
  endfacet
  facet normal -0.881923 0.471393 0
    outer loop
      vertex 77.2096 -41.7894 0
      vertex 77.4133 -41.4083 27.9
      vertex 77.4133 -41.4083 0
    endloop
  endfacet
  facet normal -0.881923 0.471393 0
    outer loop
      vertex 77.4133 -41.4083 27.9
      vertex 77.2096 -41.7894 0
      vertex 77.2096 -41.7894 27.9
    endloop
  endfacet
  facet normal 0.910834 -0.412772 0
    outer loop
      vertex -77.5914 41.0153 27.9
      vertex -77.4133 41.4083 5.6
      vertex -77.4133 41.4083 27.9
    endloop
  endfacet
  facet normal 0.910834 -0.412772 0
    outer loop
      vertex -77.4133 41.4083 5.6
      vertex -77.5914 41.0153 27.9
      vertex -77.5914 41.0153 5.6
    endloop
  endfacet
  facet normal 0.412772 -0.910834 0
    outer loop
      vertex -74.4133 44.4083 5.6
      vertex -74.0203 44.5864 27.9
      vertex -74.4133 44.4083 27.9
    endloop
  endfacet
  facet normal 0.412772 -0.910834 0
    outer loop
      vertex -74.0203 44.5864 27.9
      vertex -74.4133 44.4083 5.6
      vertex -74.0203 44.5864 5.6
    endloop
  endfacet
  facet normal 0.812872 0.582442 0
    outer loop
      vertex -76.7301 -42.507 27.9
      vertex -76.9816 -42.156 0
      vertex -76.9816 -42.156 27.9
    endloop
  endfacet
  facet normal 0.812872 0.582442 0
    outer loop
      vertex -76.9816 -42.156 0
      vertex -76.7301 -42.507 27.9
      vertex -76.7301 -42.507 0
    endloop
  endfacet
  facet normal 0.683571 0.729884 -0
    outer loop
      vertex -75.8458 -43.4512 0
      vertex -76.161 -43.156 27.9
      vertex -75.8458 -43.4512 27.9
    endloop
  endfacet
  facet normal 0.683571 0.729884 0
    outer loop
      vertex -76.161 -43.156 27.9
      vertex -75.8458 -43.4512 0
      vertex -76.161 -43.156 0
    endloop
  endfacet
  facet normal 0.634334 -0.773059 0
    outer loop
      vertex -75.8458 43.4512 5.6
      vertex -75.512 43.7251 27.9
      vertex -75.8458 43.4512 27.9
    endloop
  endfacet
  facet normal 0.634334 -0.773059 0
    outer loop
      vertex -75.512 43.7251 27.9
      vertex -75.8458 43.4512 5.6
      vertex -75.512 43.7251 5.6
    endloop
  endfacet
  facet normal 0.528124 -0.849167 0
    outer loop
      vertex -75.161 43.9766 5.6
      vertex -74.7944 44.2046 27.9
      vertex -75.161 43.9766 27.9
    endloop
  endfacet
  facet normal 0.528124 -0.849167 0
    outer loop
      vertex -74.7944 44.2046 27.9
      vertex -75.161 43.9766 5.6
      vertex -74.7944 44.2046 5.6
    endloop
  endfacet
  facet normal -0.582442 -0.812872 0
    outer loop
      vertex 75.161 43.9766 5.6
      vertex 75.512 43.7251 27.9
      vertex 75.161 43.9766 27.9
    endloop
  endfacet
  facet normal -0.582442 -0.812872 -0
    outer loop
      vertex 75.512 43.7251 27.9
      vertex 75.161 43.9766 5.6
      vertex 75.512 43.7251 5.6
    endloop
  endfacet
  facet normal 0.881923 -0.471393 0
    outer loop
      vertex -77.4133 41.4083 27.9
      vertex -77.2096 41.7894 5.6
      vertex -77.2096 41.7894 27.9
    endloop
  endfacet
  facet normal 0.881923 -0.471393 0
    outer loop
      vertex -77.2096 41.7894 5.6
      vertex -77.4133 41.4083 27.9
      vertex -77.4133 41.4083 5.6
    endloop
  endfacet
  facet normal -0.812872 -0.582442 0
    outer loop
      vertex 76.9816 42.156 5.6
      vertex 76.7301 42.507 27.9
      vertex 76.7301 42.507 5.6
    endloop
  endfacet
  facet normal -0.812872 -0.582442 0
    outer loop
      vertex 76.7301 42.507 27.9
      vertex 76.9816 42.156 5.6
      vertex 76.9816 42.156 27.9
    endloop
  endfacet
  facet normal -0.973855 -0.22717 0
    outer loop
      vertex 77.9407 39.89 5.6
      vertex 77.8689 40.1978 27.9
      vertex 77.8689 40.1978 5.6
    endloop
  endfacet
  facet normal -0.973981 -0.226628 -0
    outer loop
      vertex 77.9669 39.7774 27.9
      vertex 77.9407 39.89 5.6
      vertex 77.9669 39.7774 0
    endloop
  endfacet
  facet normal -0.973889 -0.227025 -2.11089e-06
    outer loop
      vertex 77.9407 39.89 5.6
      vertex 77.9669 39.7774 27.9
      vertex 77.8689 40.1978 27.9
    endloop
  endfacet
  facet normal -0.973981 -0.226628 0
    outer loop
      vertex 77.9407 39.89 0
      vertex 77.9669 39.7774 0
      vertex 77.9407 39.89 5.6
    endloop
  endfacet
  facet normal 0.582442 0.812872 -0
    outer loop
      vertex -75.161 -43.9766 0
      vertex -75.512 -43.7251 27.9
      vertex -75.161 -43.9766 27.9
    endloop
  endfacet
  facet normal 0.582442 0.812872 0
    outer loop
      vertex -75.512 -43.7251 27.9
      vertex -75.161 -43.9766 0
      vertex -75.512 -43.7251 0
    endloop
  endfacet
  facet normal -0.471393 0.881923 0
    outer loop
      vertex 74.7944 -44.2046 0
      vertex 74.4133 -44.4083 27.9
      vertex 74.7944 -44.2046 27.9
    endloop
  endfacet
  facet normal -0.471393 0.881923 0
    outer loop
      vertex 74.4133 -44.4083 27.9
      vertex 74.7944 -44.2046 0
      vertex 74.4133 -44.4083 0
    endloop
  endfacet
  facet normal -0.412772 -0.910834 0
    outer loop
      vertex 74.0203 44.5864 5.6
      vertex 74.4133 44.4083 27.9
      vertex 74.0203 44.5864 27.9
    endloop
  endfacet
  facet normal -0.412772 -0.910834 -0
    outer loop
      vertex 74.4133 44.4083 27.9
      vertex 74.0203 44.5864 5.6
      vertex 74.4133 44.4083 5.6
    endloop
  endfacet
  facet normal 0.910834 0.412772 0
    outer loop
      vertex -77.4133 -41.4083 27.9
      vertex -77.5914 -41.0153 0
      vertex -77.5914 -41.0153 27.9
    endloop
  endfacet
  facet normal 0.910834 0.412772 0
    outer loop
      vertex -77.5914 -41.0153 0
      vertex -77.4133 -41.4083 27.9
      vertex -77.4133 -41.4083 0
    endloop
  endfacet
  facet normal 0.683571 -0.729884 0
    outer loop
      vertex -76.161 43.156 5.6
      vertex -75.8458 43.4512 27.9
      vertex -76.161 43.156 27.9
    endloop
  endfacet
  facet normal 0.683571 -0.729884 0
    outer loop
      vertex -75.8458 43.4512 27.9
      vertex -76.161 43.156 5.6
      vertex -75.8458 43.4512 5.6
    endloop
  endfacet
  facet normal 0.99519 -0.0979672 0
    outer loop
      vertex -78.0796 38.9215 27.9
      vertex -78.0373 39.3512 0
      vertex -78.0373 39.3512 27.9
    endloop
  endfacet
  facet normal 0.99519 -0.0979672 0
    outer loop
      vertex -78.0373 39.3512 0
      vertex -78.0796 38.9215 27.9
      vertex -78.0796 38.9215 0
    endloop
  endfacet
  facet normal 0.986631 0.162972 0
    outer loop
      vertex -77.9669 -39.7774 27.9
      vertex -78.0373 -39.3512 0
      vertex -78.0373 -39.3512 27.9
    endloop
  endfacet
  facet normal 0.986631 0.162972 0
    outer loop
      vertex -78.0373 -39.3512 0
      vertex -77.9669 -39.7774 27.9
      vertex -77.9669 -39.7774 0
    endloop
  endfacet
  facet normal -0.773059 -0.634334 0
    outer loop
      vertex 76.7301 42.507 5.6
      vertex 76.4562 42.8408 27.9
      vertex 76.4562 42.8408 5.6
    endloop
  endfacet
  facet normal -0.773059 -0.634334 0
    outer loop
      vertex 76.4562 42.8408 27.9
      vertex 76.7301 42.507 5.6
      vertex 76.7301 42.507 27.9
    endloop
  endfacet
  facet normal 0.881923 0.471393 0
    outer loop
      vertex -77.2096 -41.7894 27.9
      vertex -77.4133 -41.4083 0
      vertex -77.4133 -41.4083 27.9
    endloop
  endfacet
  facet normal 0.881923 0.471393 0
    outer loop
      vertex -77.4133 -41.4083 0
      vertex -77.2096 -41.7894 27.9
      vertex -77.2096 -41.7894 0
    endloop
  endfacet
  facet normal 0.999466 -0.0326859 0
    outer loop
      vertex -78.095 38.4506 27.9
      vertex -78.0796 38.9215 0
      vertex -78.0796 38.9215 27.9
    endloop
  endfacet
  facet normal 0.999466 -0.0326859 0
    outer loop
      vertex -78.0796 38.9215 0
      vertex -78.095 38.4506 27.9
      vertex -78.095 38.4506 0
    endloop
  endfacet
  facet normal 0 0 -1
    outer loop
      vertex -25 -45.09 27.9
      vertex -71.4556 -45.09 27.9
      vertex -25 -24 27.9
    endloop
  endfacet
  facet normal 0 0 -1
    outer loop
      vertex 71.4556 -45.09 27.9
      vertex 78.095 -38.4506 27.9
      vertex 78.0796 -38.9215 27.9
    endloop
  endfacet
  facet normal 0 0 -1
    outer loop
      vertex 78.095 -38.4506 27.9
      vertex 24.6629 -22.8889 27.9
      vertex 78.095 38.4506 27.9
    endloop
  endfacet
  facet normal 0 0 -1
    outer loop
      vertex 71.4556 -45.09 27.9
      vertex 78.0796 -38.9215 27.9
      vertex 78.0373 -39.3512 27.9
    endloop
  endfacet
  facet normal 0 0 -1
    outer loop
      vertex 78.095 -38.4506 27.9
      vertex 24.7321 -23 27.9
      vertex 24.6629 -22.8889 27.9
    endloop
  endfacet
  facet normal 0 0 -1
    outer loop
      vertex 71.4556 -45.09 27.9
      vertex 78.0373 -39.3512 27.9
      vertex 77.9669 -39.7774 27.9
    endloop
  endfacet
  facet normal 0 0 -1
    outer loop
      vertex 24.5867 -22.7825 27.9
      vertex 78.095 38.4506 27.9
      vertex 24.6629 -22.8889 27.9
    endloop
  endfacet
  facet normal 0 0 -1
    outer loop
      vertex 71.4556 -45.09 27.9
      vertex 77.9669 -39.7774 27.9
      vertex 77.8689 -40.1978 27.9
    endloop
  endfacet
  facet normal 0 0 -1
    outer loop
      vertex 24.5037 -22.6813 27.9
      vertex 78.095 38.4506 27.9
      vertex 24.5867 -22.7825 27.9
    endloop
  endfacet
  facet normal 0 0 -1
    outer loop
      vertex 71.4556 -45.09 27.9
      vertex 77.8689 -40.1978 27.9
      vertex 77.7435 -40.6111 27.9
    endloop
  endfacet
  facet normal 0 0 -1
    outer loop
      vertex 24.4142 -22.5858 27.9
      vertex 78.095 38.4506 27.9
      vertex 24.5037 -22.6813 27.9
    endloop
  endfacet
  facet normal 0 0 -1
    outer loop
      vertex 71.4556 -45.09 27.9
      vertex 77.7435 -40.6111 27.9
      vertex 77.5914 -41.0153 27.9
    endloop
  endfacet
  facet normal 0 0 -1
    outer loop
      vertex 24.3187 -22.4963 27.9
      vertex 78.095 38.4506 27.9
      vertex 24.4142 -22.5858 27.9
    endloop
  endfacet
  facet normal 0 0 -1
    outer loop
      vertex 71.4556 -45.09 27.9
      vertex 77.5914 -41.0153 27.9
      vertex 77.4133 -41.4083 27.9
    endloop
  endfacet
  facet normal 0 0 -1
    outer loop
      vertex 24.2175 -22.4133 27.9
      vertex 78.095 38.4506 27.9
      vertex 24.3187 -22.4963 27.9
    endloop
  endfacet
  facet normal 0 0 -1
    outer loop
      vertex 71.4556 -45.09 27.9
      vertex 77.4133 -41.4083 27.9
      vertex 77.2096 -41.7894 27.9
    endloop
  endfacet
  facet normal 0 0 -1
    outer loop
      vertex 24.1111 -22.3371 27.9
      vertex 78.095 38.4506 27.9
      vertex 24.2175 -22.4133 27.9
    endloop
  endfacet
  facet normal 0 0 -1
    outer loop
      vertex 71.4556 -45.09 27.9
      vertex 77.2096 -41.7894 27.9
      vertex 76.9816 -42.156 27.9
    endloop
  endfacet
  facet normal 0 -0 -1
    outer loop
      vertex 71.4556 45.09 27.9
      vertex 78.095 38.4506 27.9
      vertex 24.1111 -22.3371 27.9
    endloop
  endfacet
  facet normal 0 0 -1
    outer loop
      vertex 71.4556 -45.09 27.9
      vertex 76.9816 -42.156 27.9
      vertex 76.7301 -42.507 27.9
    endloop
  endfacet
  facet normal 0 0 -1
    outer loop
      vertex 78.0796 38.9215 27.9
      vertex 71.4556 45.09 27.9
      vertex 78.0373 39.3512 27.9
    endloop
  endfacet
  facet normal 0 0 -1
    outer loop
      vertex 71.4556 -45.09 27.9
      vertex 76.7301 -42.507 27.9
      vertex 76.4562 -42.8408 27.9
    endloop
  endfacet
  facet normal 0 0 -1
    outer loop
      vertex 78.0373 39.3512 27.9
      vertex 71.4556 45.09 27.9
      vertex 77.9669 39.7774 27.9
    endloop
  endfacet
  facet normal 0 0 -1
    outer loop
      vertex 71.4556 -45.09 27.9
      vertex 76.4562 -42.8408 27.9
      vertex 76.161 -43.156 27.9
    endloop
  endfacet
  facet normal 0 0 -1
    outer loop
      vertex 77.8689 40.1978 27.9
      vertex 71.4556 45.09 27.9
      vertex 77.7435 40.6111 27.9
    endloop
  endfacet
  facet normal 0 0 -1
    outer loop
      vertex 71.4556 -45.09 27.9
      vertex 76.161 -43.156 27.9
      vertex 75.8458 -43.4512 27.9
    endloop
  endfacet
  facet normal 0 0 -1
    outer loop
      vertex 77.5914 41.0153 27.9
      vertex 71.4556 45.09 27.9
      vertex 77.4133 41.4083 27.9
    endloop
  endfacet
  facet normal 0 0 -1
    outer loop
      vertex 71.4556 -45.09 27.9
      vertex 75.8458 -43.4512 27.9
      vertex 75.512 -43.7251 27.9
    endloop
  endfacet
  facet normal 0 0 -1
    outer loop
      vertex 77.4133 41.4083 27.9
      vertex 71.4556 45.09 27.9
      vertex 77.2096 41.7894 27.9
    endloop
  endfacet
  facet normal 0 0 -1
    outer loop
      vertex 71.4556 -45.09 27.9
      vertex 75.512 -43.7251 27.9
      vertex 75.161 -43.9766 27.9
    endloop
  endfacet
  facet normal 0 0 -1
    outer loop
      vertex 76.9816 42.156 27.9
      vertex 71.4556 45.09 27.9
      vertex 76.7301 42.507 27.9
    endloop
  endfacet
  facet normal 0 0 -1
    outer loop
      vertex 71.4556 -45.09 27.9
      vertex 75.161 -43.9766 27.9
      vertex 74.7944 -44.2046 27.9
    endloop
  endfacet
  facet normal 0 0 -1
    outer loop
      vertex 76.4562 42.8408 27.9
      vertex 71.4556 45.09 27.9
      vertex 76.161 43.156 27.9
    endloop
  endfacet
  facet normal 0 0 -1
    outer loop
      vertex 71.4556 -45.09 27.9
      vertex 74.7944 -44.2046 27.9
      vertex 74.4133 -44.4083 27.9
    endloop
  endfacet
  facet normal 0 0 -1
    outer loop
      vertex 76.161 43.156 27.9
      vertex 71.4556 45.09 27.9
      vertex 75.8458 43.4512 27.9
    endloop
  endfacet
  facet normal 0 0 -1
    outer loop
      vertex 71.4556 -45.09 27.9
      vertex 74.4133 -44.4083 27.9
      vertex 74.0203 -44.5864 27.9
    endloop
  endfacet
  facet normal 0 0 -1
    outer loop
      vertex 24.9957 -23.8692 27.9
      vertex 78.095 -38.4506 27.9
      vertex 71.4556 -45.09 27.9
    endloop
  endfacet
  facet normal 0 0 -1
    outer loop
      vertex 71.4556 -45.09 27.9
      vertex 74.0203 -44.5864 27.9
      vertex 73.6161 -44.7385 27.9
    endloop
  endfacet
  facet normal 0 0 -1
    outer loop
      vertex 75.512 43.7251 27.9
      vertex 71.4556 45.09 27.9
      vertex 75.161 43.9766 27.9
    endloop
  endfacet
  facet normal 0 0 -1
    outer loop
      vertex 71.4556 -45.09 27.9
      vertex 73.6161 -44.7385 27.9
      vertex 73.2028 -44.8639 27.9
    endloop
  endfacet
  facet normal 0 0 -1
    outer loop
      vertex 74.4133 44.4083 27.9
      vertex 71.4556 45.09 27.9
      vertex 74.0203 44.5864 27.9
    endloop
  endfacet
  facet normal 0 0 -1
    outer loop
      vertex 71.4556 -45.09 27.9
      vertex 73.2028 -44.8639 27.9
      vertex 72.7824 -44.9619 27.9
    endloop
  endfacet
  facet normal 0 0 -1
    outer loop
      vertex 74.0203 44.5864 27.9
      vertex 71.4556 45.09 27.9
      vertex 73.6161 44.7385 27.9
    endloop
  endfacet
  facet normal 0 0 -1
    outer loop
      vertex 71.4556 -45.09 27.9
      vertex 72.7824 -44.9619 27.9
      vertex 72.3562 -45.0323 27.9
    endloop
  endfacet
  facet normal 0 0 -1
    outer loop
      vertex 73.6161 44.7385 27.9
      vertex 71.4556 45.09 27.9
      vertex 73.2028 44.8639 27.9
    endloop
  endfacet
  facet normal 0 0 -1
    outer loop
      vertex 71.4556 -45.09 27.9
      vertex 72.3562 -45.0323 27.9
      vertex 71.9265 -45.0746 27.9
    endloop
  endfacet
  facet normal 0 0 -1
    outer loop
      vertex 73.2028 44.8639 27.9
      vertex 71.4556 45.09 27.9
      vertex 72.7824 44.9619 27.9
    endloop
  endfacet
  facet normal 0 0 -1
    outer loop
      vertex 72.7824 44.9619 27.9
      vertex 71.4556 45.09 27.9
      vertex 72.3562 45.0323 27.9
    endloop
  endfacet
  facet normal 0 0 -1
    outer loop
      vertex 72.3562 45.0323 27.9
      vertex 71.4556 45.09 27.9
      vertex 71.9265 45.0746 27.9
    endloop
  endfacet
  facet normal 0 0 -1
    outer loop
      vertex 25 -24 27.9
      vertex 71.4556 -45.09 27.9
      vertex 25 -45.09 27.9
    endloop
  endfacet
  facet normal 0 0 -1
    outer loop
      vertex 24.9957 -23.8692 27.9
      vertex 71.4556 -45.09 27.9
      vertex 25 -24 27.9
    endloop
  endfacet
  facet normal 0 0 -1
    outer loop
      vertex 78.095 -38.4506 27.9
      vertex 24.9957 -23.8692 27.9
      vertex 24.9829 -23.739 27.9
    endloop
  endfacet
  facet normal 0 0 -1
    outer loop
      vertex 78.095 -38.4506 27.9
      vertex 24.9829 -23.739 27.9
      vertex 24.9616 -23.6098 27.9
    endloop
  endfacet
  facet normal 0 0 -1
    outer loop
      vertex 78.095 -38.4506 27.9
      vertex 24.9616 -23.6098 27.9
      vertex 24.9319 -23.4824 27.9
    endloop
  endfacet
  facet normal 0 0 -1
    outer loop
      vertex 78.095 -38.4506 27.9
      vertex 24.9319 -23.4824 27.9
      vertex 24.8939 -23.3571 27.9
    endloop
  endfacet
  facet normal 0 0 -1
    outer loop
      vertex 78.095 -38.4506 27.9
      vertex 24.8939 -23.3571 27.9
      vertex 24.8478 -23.2346 27.9
    endloop
  endfacet
  facet normal 0 0 -1
    outer loop
      vertex 78.095 -38.4506 27.9
      vertex 24.8478 -23.2346 27.9
      vertex 24.7937 -23.1154 27.9
    endloop
  endfacet
  facet normal 0 0 -1
    outer loop
      vertex 78.095 -38.4506 27.9
      vertex 24.7937 -23.1154 27.9
      vertex 24.7321 -23 27.9
    endloop
  endfacet
  facet normal 0 0 -1
    outer loop
      vertex 74.7944 44.2046 27.9
      vertex 71.4556 45.09 27.9
      vertex 74.4133 44.4083 27.9
    endloop
  endfacet
  facet normal 0 0 -1
    outer loop
      vertex 75.161 43.9766 27.9
      vertex 71.4556 45.09 27.9
      vertex 74.7944 44.2046 27.9
    endloop
  endfacet
  facet normal 0 0 -1
    outer loop
      vertex 75.8458 43.4512 27.9
      vertex 71.4556 45.09 27.9
      vertex 75.512 43.7251 27.9
    endloop
  endfacet
  facet normal 0 0 -1
    outer loop
      vertex 76.7301 42.507 27.9
      vertex 71.4556 45.09 27.9
      vertex 76.4562 42.8408 27.9
    endloop
  endfacet
  facet normal 0 0 -1
    outer loop
      vertex 77.2096 41.7894 27.9
      vertex 71.4556 45.09 27.9
      vertex 76.9816 42.156 27.9
    endloop
  endfacet
  facet normal 0 0 -1
    outer loop
      vertex 77.7435 40.6111 27.9
      vertex 71.4556 45.09 27.9
      vertex 77.5914 41.0153 27.9
    endloop
  endfacet
  facet normal 0 0 -1
    outer loop
      vertex 77.9669 39.7774 27.9
      vertex 71.4556 45.09 27.9
      vertex 77.8689 40.1978 27.9
    endloop
  endfacet
  facet normal 0 0 -1
    outer loop
      vertex 78.095 38.4506 27.9
      vertex 71.4556 45.09 27.9
      vertex 78.0796 38.9215 27.9
    endloop
  endfacet
  facet normal 0 0 -1
    outer loop
      vertex 24 -22.2679 27.9
      vertex 71.4556 45.09 27.9
      vertex 24.1111 -22.3371 27.9
    endloop
  endfacet
  facet normal 0 0 -1
    outer loop
      vertex 23.8846 -22.2063 27.9
      vertex 71.4556 45.09 27.9
      vertex 24 -22.2679 27.9
    endloop
  endfacet
  facet normal 0 0 -1
    outer loop
      vertex 23.7654 -22.1522 27.9
      vertex 71.4556 45.09 27.9
      vertex 23.8846 -22.2063 27.9
    endloop
  endfacet
  facet normal 0 0 -1
    outer loop
      vertex 23.6429 -22.1061 27.9
      vertex 71.4556 45.09 27.9
      vertex 23.7654 -22.1522 27.9
    endloop
  endfacet
  facet normal 0 0 -1
    outer loop
      vertex 23.5176 -22.0681 27.9
      vertex 71.4556 45.09 27.9
      vertex 23.6429 -22.1061 27.9
    endloop
  endfacet
  facet normal 0 0 -1
    outer loop
      vertex 23.3902 -22.0384 27.9
      vertex 71.4556 45.09 27.9
      vertex 23.5176 -22.0681 27.9
    endloop
  endfacet
  facet normal 0 0 -1
    outer loop
      vertex 23.261 -22.0171 27.9
      vertex 71.4556 45.09 27.9
      vertex 23.3902 -22.0384 27.9
    endloop
  endfacet
  facet normal 0 0 -1
    outer loop
      vertex 23.1308 -22.0043 27.9
      vertex 71.4556 45.09 27.9
      vertex 23.261 -22.0171 27.9
    endloop
  endfacet
  facet normal 0 0 -1
    outer loop
      vertex 23 -22 27.9
      vertex 71.4556 45.09 27.9
      vertex 23.1308 -22.0043 27.9
    endloop
  endfacet
  facet normal 0 0 -1
    outer loop
      vertex -23 -22 27.9
      vertex 71.4556 45.09 27.9
      vertex 23 -22 27.9
    endloop
  endfacet
  facet normal 0 0 -1
    outer loop
      vertex -71.4556 45.09 27.9
      vertex -23 -22 27.9
      vertex -23.1308 -22.0043 27.9
    endloop
  endfacet
  facet normal 0 0 -1
    outer loop
      vertex -71.4556 45.09 27.9
      vertex -23.1308 -22.0043 27.9
      vertex -23.261 -22.0171 27.9
    endloop
  endfacet
  facet normal 0 0 -1
    outer loop
      vertex -71.4556 45.09 27.9
      vertex -23.261 -22.0171 27.9
      vertex -23.3902 -22.0384 27.9
    endloop
  endfacet
  facet normal 0 0 -1
    outer loop
      vertex -71.4556 45.09 27.9
      vertex -23.3902 -22.0384 27.9
      vertex -23.5176 -22.0681 27.9
    endloop
  endfacet
  facet normal 0 0 -1
    outer loop
      vertex -71.4556 45.09 27.9
      vertex -23.5176 -22.0681 27.9
      vertex -23.6429 -22.1061 27.9
    endloop
  endfacet
  facet normal 0 0 -1
    outer loop
      vertex -71.4556 45.09 27.9
      vertex -23.6429 -22.1061 27.9
      vertex -23.7654 -22.1522 27.9
    endloop
  endfacet
  facet normal 0 0 -1
    outer loop
      vertex -71.4556 45.09 27.9
      vertex -23.7654 -22.1522 27.9
      vertex -23.8846 -22.2063 27.9
    endloop
  endfacet
  facet normal 0 0 -1
    outer loop
      vertex -71.4556 45.09 27.9
      vertex -23.8846 -22.2063 27.9
      vertex -24 -22.2679 27.9
    endloop
  endfacet
  facet normal 0 0 -1
    outer loop
      vertex -71.4556 45.09 27.9
      vertex -24 -22.2679 27.9
      vertex -24.1111 -22.3371 27.9
    endloop
  endfacet
  facet normal 0 0 -1
    outer loop
      vertex -71.4556 -45.09 27.9
      vertex -24.9957 -23.8692 27.9
      vertex -25 -24 27.9
    endloop
  endfacet
  facet normal 0 0 -1
    outer loop
      vertex -78.095 -38.4506 27.9
      vertex -24.9957 -23.8692 27.9
      vertex -71.4556 -45.09 27.9
    endloop
  endfacet
  facet normal -0 0 -1
    outer loop
      vertex -24.9957 -23.8692 27.9
      vertex -78.095 -38.4506 27.9
      vertex -24.9829 -23.739 27.9
    endloop
  endfacet
  facet normal -0 0 -1
    outer loop
      vertex -24.9829 -23.739 27.9
      vertex -78.095 -38.4506 27.9
      vertex -24.9616 -23.6098 27.9
    endloop
  endfacet
  facet normal -0 0 -1
    outer loop
      vertex -24.9616 -23.6098 27.9
      vertex -78.095 -38.4506 27.9
      vertex -24.9319 -23.4824 27.9
    endloop
  endfacet
  facet normal -0 0 -1
    outer loop
      vertex -24.9319 -23.4824 27.9
      vertex -78.095 -38.4506 27.9
      vertex -24.8939 -23.3571 27.9
    endloop
  endfacet
  facet normal -0 0 -1
    outer loop
      vertex -24.8939 -23.3571 27.9
      vertex -78.095 -38.4506 27.9
      vertex -24.8478 -23.2346 27.9
    endloop
  endfacet
  facet normal -0 0 -1
    outer loop
      vertex -24.8478 -23.2346 27.9
      vertex -78.095 -38.4506 27.9
      vertex -24.7937 -23.1154 27.9
    endloop
  endfacet
  facet normal -0 0 -1
    outer loop
      vertex -24.7937 -23.1154 27.9
      vertex -78.095 -38.4506 27.9
      vertex -24.7321 -23 27.9
    endloop
  endfacet
  facet normal -0 0 -1
    outer loop
      vertex -24.7321 -23 27.9
      vertex -78.095 -38.4506 27.9
      vertex -24.6629 -22.8889 27.9
    endloop
  endfacet
  facet normal 0 0 -1
    outer loop
      vertex -78.095 38.4506 27.9
      vertex -24.6629 -22.8889 27.9
      vertex -78.095 -38.4506 27.9
    endloop
  endfacet
  facet normal 0 0 -1
    outer loop
      vertex -24.6629 -22.8889 27.9
      vertex -78.095 38.4506 27.9
      vertex -24.5867 -22.7825 27.9
    endloop
  endfacet
  facet normal 0 0 -1
    outer loop
      vertex -24.5867 -22.7825 27.9
      vertex -78.095 38.4506 27.9
      vertex -24.5037 -22.6813 27.9
    endloop
  endfacet
  facet normal 0 0 -1
    outer loop
      vertex -24.5037 -22.6813 27.9
      vertex -78.095 38.4506 27.9
      vertex -24.4142 -22.5858 27.9
    endloop
  endfacet
  facet normal 0 0 -1
    outer loop
      vertex -24.4142 -22.5858 27.9
      vertex -78.095 38.4506 27.9
      vertex -24.3187 -22.4963 27.9
    endloop
  endfacet
  facet normal 0 0 -1
    outer loop
      vertex -24.3187 -22.4963 27.9
      vertex -78.095 38.4506 27.9
      vertex -24.2175 -22.4133 27.9
    endloop
  endfacet
  facet normal 0 0 -1
    outer loop
      vertex -23 -22 27.9
      vertex -71.4556 45.09 27.9
      vertex 71.4556 45.09 27.9
    endloop
  endfacet
  facet normal 0 0 -1
    outer loop
      vertex -78.095 -38.4506 27.9
      vertex -71.4556 -45.09 27.9
      vertex -71.9265 -45.0746 27.9
    endloop
  endfacet
  facet normal 0 0 -1
    outer loop
      vertex -24.2175 -22.4133 27.9
      vertex -78.095 38.4506 27.9
      vertex -24.1111 -22.3371 27.9
    endloop
  endfacet
  facet normal 0 0 -1
    outer loop
      vertex -78.095 -38.4506 27.9
      vertex -71.9265 -45.0746 27.9
      vertex -72.3562 -45.0323 27.9
    endloop
  endfacet
  facet normal 0 0 -1
    outer loop
      vertex -24.1111 -22.3371 27.9
      vertex -78.095 38.4506 27.9
      vertex -71.4556 45.09 27.9
    endloop
  endfacet
  facet normal 0 0 -1
    outer loop
      vertex -78.095 -38.4506 27.9
      vertex -72.3562 -45.0323 27.9
      vertex -72.7824 -44.9619 27.9
    endloop
  endfacet
  facet normal 0 0 -1
    outer loop
      vertex -71.4556 45.09 27.9
      vertex -78.095 38.4506 27.9
      vertex -71.9265 45.0746 27.9
    endloop
  endfacet
  facet normal 0 0 -1
    outer loop
      vertex -78.095 -38.4506 27.9
      vertex -72.7824 -44.9619 27.9
      vertex -73.2028 -44.8639 27.9
    endloop
  endfacet
  facet normal 0 0 -1
    outer loop
      vertex -71.9265 45.0746 27.9
      vertex -78.095 38.4506 27.9
      vertex -72.3562 45.0323 27.9
    endloop
  endfacet
  facet normal 0 0 -1
    outer loop
      vertex -78.095 -38.4506 27.9
      vertex -73.2028 -44.8639 27.9
      vertex -73.6161 -44.7385 27.9
    endloop
  endfacet
  facet normal 0 0 -1
    outer loop
      vertex -72.3562 45.0323 27.9
      vertex -78.095 38.4506 27.9
      vertex -72.7824 44.9619 27.9
    endloop
  endfacet
  facet normal 0 0 -1
    outer loop
      vertex -78.095 -38.4506 27.9
      vertex -73.6161 -44.7385 27.9
      vertex -74.0203 -44.5864 27.9
    endloop
  endfacet
  facet normal 0 0 -1
    outer loop
      vertex -72.7824 44.9619 27.9
      vertex -78.095 38.4506 27.9
      vertex -73.2028 44.8639 27.9
    endloop
  endfacet
  facet normal 0 0 -1
    outer loop
      vertex -78.095 -38.4506 27.9
      vertex -74.0203 -44.5864 27.9
      vertex -74.4133 -44.4083 27.9
    endloop
  endfacet
  facet normal 0 0 -1
    outer loop
      vertex -73.2028 44.8639 27.9
      vertex -78.095 38.4506 27.9
      vertex -73.6161 44.7385 27.9
    endloop
  endfacet
  facet normal 0 0 -1
    outer loop
      vertex -78.095 -38.4506 27.9
      vertex -74.4133 -44.4083 27.9
      vertex -74.7944 -44.2046 27.9
    endloop
  endfacet
  facet normal 0 0 -1
    outer loop
      vertex -73.6161 44.7385 27.9
      vertex -78.095 38.4506 27.9
      vertex -74.0203 44.5864 27.9
    endloop
  endfacet
  facet normal 0 0 -1
    outer loop
      vertex -78.095 -38.4506 27.9
      vertex -74.7944 -44.2046 27.9
      vertex -75.161 -43.9766 27.9
    endloop
  endfacet
  facet normal 0 0 -1
    outer loop
      vertex -74.0203 44.5864 27.9
      vertex -78.095 38.4506 27.9
      vertex -74.4133 44.4083 27.9
    endloop
  endfacet
  facet normal 0 0 -1
    outer loop
      vertex -78.095 -38.4506 27.9
      vertex -75.161 -43.9766 27.9
      vertex -75.512 -43.7251 27.9
    endloop
  endfacet
  facet normal 0 0 -1
    outer loop
      vertex -74.4133 44.4083 27.9
      vertex -78.095 38.4506 27.9
      vertex -74.7944 44.2046 27.9
    endloop
  endfacet
  facet normal 0 0 -1
    outer loop
      vertex -78.095 -38.4506 27.9
      vertex -75.512 -43.7251 27.9
      vertex -75.8458 -43.4512 27.9
    endloop
  endfacet
  facet normal 0 0 -1
    outer loop
      vertex -74.7944 44.2046 27.9
      vertex -78.095 38.4506 27.9
      vertex -75.161 43.9766 27.9
    endloop
  endfacet
  facet normal 0 0 -1
    outer loop
      vertex -78.095 -38.4506 27.9
      vertex -75.8458 -43.4512 27.9
      vertex -76.161 -43.156 27.9
    endloop
  endfacet
  facet normal 0 0 -1
    outer loop
      vertex -75.161 43.9766 27.9
      vertex -78.095 38.4506 27.9
      vertex -75.512 43.7251 27.9
    endloop
  endfacet
  facet normal 0 0 -1
    outer loop
      vertex -78.095 -38.4506 27.9
      vertex -76.161 -43.156 27.9
      vertex -76.4562 -42.8408 27.9
    endloop
  endfacet
  facet normal 0 0 -1
    outer loop
      vertex -75.512 43.7251 27.9
      vertex -78.095 38.4506 27.9
      vertex -75.8458 43.4512 27.9
    endloop
  endfacet
  facet normal 0 0 -1
    outer loop
      vertex -78.095 -38.4506 27.9
      vertex -76.4562 -42.8408 27.9
      vertex -76.7301 -42.507 27.9
    endloop
  endfacet
  facet normal 0 0 -1
    outer loop
      vertex -75.8458 43.4512 27.9
      vertex -78.095 38.4506 27.9
      vertex -76.161 43.156 27.9
    endloop
  endfacet
  facet normal 0 0 -1
    outer loop
      vertex -78.095 -38.4506 27.9
      vertex -76.7301 -42.507 27.9
      vertex -76.9816 -42.156 27.9
    endloop
  endfacet
  facet normal 0 0 -1
    outer loop
      vertex -76.161 43.156 27.9
      vertex -78.095 38.4506 27.9
      vertex -76.4562 42.8408 27.9
    endloop
  endfacet
  facet normal 0 0 -1
    outer loop
      vertex -78.095 -38.4506 27.9
      vertex -76.9816 -42.156 27.9
      vertex -77.2096 -41.7894 27.9
    endloop
  endfacet
  facet normal 0 0 -1
    outer loop
      vertex -76.4562 42.8408 27.9
      vertex -78.095 38.4506 27.9
      vertex -76.7301 42.507 27.9
    endloop
  endfacet
  facet normal 0 0 -1
    outer loop
      vertex -78.095 -38.4506 27.9
      vertex -77.2096 -41.7894 27.9
      vertex -77.4133 -41.4083 27.9
    endloop
  endfacet
  facet normal 0 0 -1
    outer loop
      vertex -76.7301 42.507 27.9
      vertex -78.095 38.4506 27.9
      vertex -76.9816 42.156 27.9
    endloop
  endfacet
  facet normal 0 0 -1
    outer loop
      vertex -78.095 -38.4506 27.9
      vertex -77.4133 -41.4083 27.9
      vertex -77.5914 -41.0153 27.9
    endloop
  endfacet
  facet normal 0 0 -1
    outer loop
      vertex -76.9816 42.156 27.9
      vertex -78.095 38.4506 27.9
      vertex -77.2096 41.7894 27.9
    endloop
  endfacet
  facet normal 0 0 -1
    outer loop
      vertex -78.095 -38.4506 27.9
      vertex -77.5914 -41.0153 27.9
      vertex -77.7435 -40.6111 27.9
    endloop
  endfacet
  facet normal 0 0 -1
    outer loop
      vertex -77.2096 41.7894 27.9
      vertex -78.095 38.4506 27.9
      vertex -77.4133 41.4083 27.9
    endloop
  endfacet
  facet normal 0 0 -1
    outer loop
      vertex -78.095 -38.4506 27.9
      vertex -77.7435 -40.6111 27.9
      vertex -77.8689 -40.1978 27.9
    endloop
  endfacet
  facet normal 0 0 -1
    outer loop
      vertex -77.4133 41.4083 27.9
      vertex -78.095 38.4506 27.9
      vertex -77.5914 41.0153 27.9
    endloop
  endfacet
  facet normal 0 0 -1
    outer loop
      vertex -78.095 -38.4506 27.9
      vertex -77.8689 -40.1978 27.9
      vertex -77.9669 -39.7774 27.9
    endloop
  endfacet
  facet normal 0 0 -1
    outer loop
      vertex -77.5914 41.0153 27.9
      vertex -78.095 38.4506 27.9
      vertex -77.7435 40.6111 27.9
    endloop
  endfacet
  facet normal 0 0 -1
    outer loop
      vertex -78.095 -38.4506 27.9
      vertex -77.9669 -39.7774 27.9
      vertex -78.0373 -39.3512 27.9
    endloop
  endfacet
  facet normal 0 0 -1
    outer loop
      vertex -77.7435 40.6111 27.9
      vertex -78.095 38.4506 27.9
      vertex -77.8689 40.1978 27.9
    endloop
  endfacet
  facet normal 0 0 -1
    outer loop
      vertex -78.095 -38.4506 27.9
      vertex -78.0373 -39.3512 27.9
      vertex -78.0796 -38.9215 27.9
    endloop
  endfacet
  facet normal 0 0 -1
    outer loop
      vertex -77.8689 40.1978 27.9
      vertex -78.095 38.4506 27.9
      vertex -77.9669 39.7774 27.9
    endloop
  endfacet
  facet normal 0 0 -1
    outer loop
      vertex -77.9669 39.7774 27.9
      vertex -78.095 38.4506 27.9
      vertex -78.0373 39.3512 27.9
    endloop
  endfacet
  facet normal 0 0 -1
    outer loop
      vertex -78.0373 39.3512 27.9
      vertex -78.095 38.4506 27.9
      vertex -78.0796 38.9215 27.9
    endloop
  endfacet
  facet normal -0.290342 0.956923 0
    outer loop
      vertex 73.6161 -44.7385 0
      vertex 73.2028 -44.8639 27.9
      vertex 73.6161 -44.7385 27.9
    endloop
  endfacet
  facet normal -0.290342 0.956923 0
    outer loop
      vertex 73.2028 -44.8639 27.9
      vertex 73.6161 -44.7385 0
      vertex 73.2028 -44.8639 0
    endloop
  endfacet
  facet normal 0.773059 0.634334 0
    outer loop
      vertex -76.4562 -42.8408 27.9
      vertex -76.7301 -42.507 0
      vertex -76.7301 -42.507 27.9
    endloop
  endfacet
  facet normal 0.773059 0.634334 0
    outer loop
      vertex -76.7301 -42.507 0
      vertex -76.4562 -42.8408 27.9
      vertex -76.4562 -42.8408 0
    endloop
  endfacet
  facet normal -0.352189 0.935929 0
    outer loop
      vertex 74.0203 -44.5864 0
      vertex 73.6161 -44.7385 27.9
      vertex 74.0203 -44.5864 27.9
    endloop
  endfacet
  facet normal -0.352189 0.935929 0
    outer loop
      vertex 73.6161 -44.7385 27.9
      vertex 74.0203 -44.5864 0
      vertex 73.6161 -44.7385 0
    endloop
  endfacet
  facet normal 0.812872 -0.582442 0
    outer loop
      vertex -76.9816 42.156 27.9
      vertex -76.7301 42.507 5.6
      vertex -76.7301 42.507 27.9
    endloop
  endfacet
  facet normal 0.812872 -0.582442 0
    outer loop
      vertex -76.7301 42.507 5.6
      vertex -76.9816 42.156 27.9
      vertex -76.9816 42.156 5.6
    endloop
  endfacet
  facet normal -0.412772 0.910834 0
    outer loop
      vertex 74.4133 -44.4083 0
      vertex 74.0203 -44.5864 27.9
      vertex 74.4133 -44.4083 27.9
    endloop
  endfacet
  facet normal -0.412772 0.910834 0
    outer loop
      vertex 74.0203 -44.5864 27.9
      vertex 74.4133 -44.4083 0
      vertex 74.0203 -44.5864 0
    endloop
  endfacet
  facet normal -0 0 1
    outer loop
      vertex -78.095 52.39 -0.0999994
      vertex 78.095 49.99 -0.0999994
      vertex 78.095 52.39 -0.0999994
    endloop
  endfacet
  facet normal 0 0 1
    outer loop
      vertex 78.095 49.99 -0.0999994
      vertex -78.095 52.39 -0.0999994
      vertex -78.095 49.99 -0.0999994
    endloop
  endfacet
  facet normal -1 0 0
    outer loop
      vertex 78.095 52.39 -0.0999994
      vertex 78.095 57.59 -16.6
      vertex 78.095 52.39 -16.6
    endloop
  endfacet
  facet normal -1 0 0
    outer loop
      vertex 78.095 57.59 -16.6
      vertex 78.095 52.39 -0.0999994
      vertex 78.095 57.59 5.6
    endloop
  endfacet
  facet normal -1 0 0
    outer loop
      vertex 78.095 49.99 0
      vertex 78.095 52.39 -0.0999994
      vertex 78.095 49.99 -0.0999994
    endloop
  endfacet
  facet normal -1 0 0
    outer loop
      vertex 78.095 52.39 -0.0999994
      vertex 78.095 49.99 0
      vertex 78.095 57.59 5.6
    endloop
  endfacet
  facet normal -1 0 0
    outer loop
      vertex 78.095 39.89 5.6
      vertex 78.095 49.99 0
      vertex 78.095 39.89 0
    endloop
  endfacet
  facet normal -1 0 0
    outer loop
      vertex 78.095 49.99 0
      vertex 78.095 39.89 5.6
      vertex 78.095 57.59 5.6
    endloop
  endfacet
  facet normal 0 1 -0
    outer loop
      vertex -77.9407 39.89 0
      vertex -78.095 39.89 5.6
      vertex -77.9407 39.89 5.6
    endloop
  endfacet
  facet normal 0 1 0
    outer loop
      vertex -78.095 39.89 5.6
      vertex -77.9407 39.89 0
      vertex -78.095 39.89 0
    endloop
  endfacet
  facet normal 0 1 -0
    outer loop
      vertex 78.095 39.89 0
      vertex 77.9407 39.89 5.6
      vertex 78.095 39.89 5.6
    endloop
  endfacet
  facet normal 0 1 0
    outer loop
      vertex 77.9407 39.89 5.6
      vertex 78.095 39.89 0
      vertex 77.9407 39.89 0
    endloop
  endfacet
  facet normal 0 0 -1
    outer loop
      vertex 77.8689 40.1978 5.6
      vertex 78.095 39.89 5.6
      vertex 77.9407 39.89 5.6
    endloop
  endfacet
  facet normal 0 0 -1
    outer loop
      vertex 77.7435 40.6111 5.6
      vertex 78.095 39.89 5.6
      vertex 77.8689 40.1978 5.6
    endloop
  endfacet
  facet normal 0 0 -1
    outer loop
      vertex 77.5914 41.0153 5.6
      vertex 78.095 39.89 5.6
      vertex 77.7435 40.6111 5.6
    endloop
  endfacet
  facet normal 0 0 -1
    outer loop
      vertex 78.095 39.89 5.6
      vertex 77.5914 41.0153 5.6
      vertex 78.095 57.59 5.6
    endloop
  endfacet
  facet normal 0 0 -1
    outer loop
      vertex 77.4133 41.4083 5.6
      vertex 78.095 57.59 5.6
      vertex 77.5914 41.0153 5.6
    endloop
  endfacet
  facet normal 0 0 -1
    outer loop
      vertex 77.2096 41.7894 5.6
      vertex 78.095 57.59 5.6
      vertex 77.4133 41.4083 5.6
    endloop
  endfacet
  facet normal 0 0 -1
    outer loop
      vertex 76.9816 42.156 5.6
      vertex 78.095 57.59 5.6
      vertex 77.2096 41.7894 5.6
    endloop
  endfacet
  facet normal 0 0 -1
    outer loop
      vertex 76.7301 42.507 5.6
      vertex 78.095 57.59 5.6
      vertex 76.9816 42.156 5.6
    endloop
  endfacet
  facet normal 0 0 -1
    outer loop
      vertex 76.4562 42.8408 5.6
      vertex 78.095 57.59 5.6
      vertex 76.7301 42.507 5.6
    endloop
  endfacet
  facet normal 0 0 -1
    outer loop
      vertex 76.161 43.156 5.6
      vertex 78.095 57.59 5.6
      vertex 76.4562 42.8408 5.6
    endloop
  endfacet
  facet normal 0 0 -1
    outer loop
      vertex 75.8458 43.4512 5.6
      vertex 78.095 57.59 5.6
      vertex 76.161 43.156 5.6
    endloop
  endfacet
  facet normal 0 0 -1
    outer loop
      vertex 75.512 43.7251 5.6
      vertex 78.095 57.59 5.6
      vertex 75.8458 43.4512 5.6
    endloop
  endfacet
  facet normal 0 0 -1
    outer loop
      vertex 75.161 43.9766 5.6
      vertex 78.095 57.59 5.6
      vertex 75.512 43.7251 5.6
    endloop
  endfacet
  facet normal 0 0 -1
    outer loop
      vertex 74.7944 44.2046 5.6
      vertex 78.095 57.59 5.6
      vertex 75.161 43.9766 5.6
    endloop
  endfacet
  facet normal 0 0 -1
    outer loop
      vertex 74.4133 44.4083 5.6
      vertex 78.095 57.59 5.6
      vertex 74.7944 44.2046 5.6
    endloop
  endfacet
  facet normal 0 0 -1
    outer loop
      vertex 74.0203 44.5864 5.6
      vertex 78.095 57.59 5.6
      vertex 74.4133 44.4083 5.6
    endloop
  endfacet
  facet normal 0 0 -1
    outer loop
      vertex 73.6161 44.7385 5.6
      vertex 78.095 57.59 5.6
      vertex 74.0203 44.5864 5.6
    endloop
  endfacet
  facet normal 0 0 -1
    outer loop
      vertex 73.2028 44.8639 5.6
      vertex 78.095 57.59 5.6
      vertex 73.6161 44.7385 5.6
    endloop
  endfacet
  facet normal 0 0 -1
    outer loop
      vertex 72.7824 44.9619 5.6
      vertex 78.095 57.59 5.6
      vertex 73.2028 44.8639 5.6
    endloop
  endfacet
  facet normal 0 0 -1
    outer loop
      vertex 72.3562 45.0323 5.6
      vertex 78.095 57.59 5.6
      vertex 72.7824 44.9619 5.6
    endloop
  endfacet
  facet normal 0 0 -1
    outer loop
      vertex 71.9265 45.0746 5.6
      vertex 78.095 57.59 5.6
      vertex 72.3562 45.0323 5.6
    endloop
  endfacet
  facet normal 0 0 -1
    outer loop
      vertex 71.4556 45.09 5.6
      vertex 78.095 57.59 5.6
      vertex 71.9265 45.0746 5.6
    endloop
  endfacet
  facet normal 0 0 -1
    outer loop
      vertex -71.4556 45.09 5.6
      vertex 78.095 57.59 5.6
      vertex 71.4556 45.09 5.6
    endloop
  endfacet
  facet normal 0 0 -1
    outer loop
      vertex -78.095 57.59 5.6
      vertex -71.4556 45.09 5.6
      vertex -71.9265 45.0746 5.6
    endloop
  endfacet
  facet normal 0 0 -1
    outer loop
      vertex -78.095 39.89 5.6
      vertex -77.8689 40.1978 5.6
      vertex -77.9407 39.89 5.6
    endloop
  endfacet
  facet normal 0 0 -1
    outer loop
      vertex -78.095 39.89 5.6
      vertex -77.7435 40.6111 5.6
      vertex -77.8689 40.1978 5.6
    endloop
  endfacet
  facet normal 0 0 -1
    outer loop
      vertex -78.095 39.89 5.6
      vertex -77.5914 41.0153 5.6
      vertex -77.7435 40.6111 5.6
    endloop
  endfacet
  facet normal 0 0 -1
    outer loop
      vertex -71.4556 45.09 5.6
      vertex -78.095 57.59 5.6
      vertex 78.095 57.59 5.6
    endloop
  endfacet
  facet normal 0 0 -1
    outer loop
      vertex -72.3562 45.0323 5.6
      vertex -78.095 57.59 5.6
      vertex -71.9265 45.0746 5.6
    endloop
  endfacet
  facet normal 0 0 -1
    outer loop
      vertex -72.7824 44.9619 5.6
      vertex -78.095 57.59 5.6
      vertex -72.3562 45.0323 5.6
    endloop
  endfacet
  facet normal 0 0 -1
    outer loop
      vertex -73.2028 44.8639 5.6
      vertex -78.095 57.59 5.6
      vertex -72.7824 44.9619 5.6
    endloop
  endfacet
  facet normal 0 0 -1
    outer loop
      vertex -73.6161 44.7385 5.6
      vertex -78.095 57.59 5.6
      vertex -73.2028 44.8639 5.6
    endloop
  endfacet
  facet normal 0 0 -1
    outer loop
      vertex -74.0203 44.5864 5.6
      vertex -78.095 57.59 5.6
      vertex -73.6161 44.7385 5.6
    endloop
  endfacet
  facet normal 0 0 -1
    outer loop
      vertex -74.4133 44.4083 5.6
      vertex -78.095 57.59 5.6
      vertex -74.0203 44.5864 5.6
    endloop
  endfacet
  facet normal 0 0 -1
    outer loop
      vertex -74.7944 44.2046 5.6
      vertex -78.095 57.59 5.6
      vertex -74.4133 44.4083 5.6
    endloop
  endfacet
  facet normal 0 0 -1
    outer loop
      vertex -75.161 43.9766 5.6
      vertex -78.095 57.59 5.6
      vertex -74.7944 44.2046 5.6
    endloop
  endfacet
  facet normal 0 0 -1
    outer loop
      vertex -75.512 43.7251 5.6
      vertex -78.095 57.59 5.6
      vertex -75.161 43.9766 5.6
    endloop
  endfacet
  facet normal 0 0 -1
    outer loop
      vertex -75.8458 43.4512 5.6
      vertex -78.095 57.59 5.6
      vertex -75.512 43.7251 5.6
    endloop
  endfacet
  facet normal 0 0 -1
    outer loop
      vertex -76.161 43.156 5.6
      vertex -78.095 57.59 5.6
      vertex -75.8458 43.4512 5.6
    endloop
  endfacet
  facet normal 0 0 -1
    outer loop
      vertex -76.4562 42.8408 5.6
      vertex -78.095 57.59 5.6
      vertex -76.161 43.156 5.6
    endloop
  endfacet
  facet normal 0 0 -1
    outer loop
      vertex -76.7301 42.507 5.6
      vertex -78.095 57.59 5.6
      vertex -76.4562 42.8408 5.6
    endloop
  endfacet
  facet normal 0 0 -1
    outer loop
      vertex -76.9816 42.156 5.6
      vertex -78.095 57.59 5.6
      vertex -76.7301 42.507 5.6
    endloop
  endfacet
  facet normal 0 0 -1
    outer loop
      vertex -77.2096 41.7894 5.6
      vertex -78.095 57.59 5.6
      vertex -76.9816 42.156 5.6
    endloop
  endfacet
  facet normal 0 0 -1
    outer loop
      vertex -77.4133 41.4083 5.6
      vertex -78.095 57.59 5.6
      vertex -77.2096 41.7894 5.6
    endloop
  endfacet
  facet normal 0 0 -1
    outer loop
      vertex -77.5914 41.0153 5.6
      vertex -78.095 57.59 5.6
      vertex -77.4133 41.4083 5.6
    endloop
  endfacet
  facet normal 0 0 -1
    outer loop
      vertex -78.095 57.59 5.6
      vertex -77.5914 41.0153 5.6
      vertex -78.095 39.89 5.6
    endloop
  endfacet
  facet normal 1 0 0
    outer loop
      vertex -78.095 57.59 5.6
      vertex -78.095 52.39 -0.0999994
      vertex -78.095 57.59 -16.6
    endloop
  endfacet
  facet normal 1 0 0
    outer loop
      vertex -78.095 57.59 5.6
      vertex -78.095 49.99 0
      vertex -78.095 52.39 -0.0999994
    endloop
  endfacet
  facet normal 1 -0 0
    outer loop
      vertex -78.095 39.89 5.6
      vertex -78.095 49.99 0
      vertex -78.095 57.59 5.6
    endloop
  endfacet
  facet normal 1 0 0
    outer loop
      vertex -78.095 49.99 0
      vertex -78.095 39.89 5.6
      vertex -78.095 39.89 0
    endloop
  endfacet
  facet normal 1 0 0
    outer loop
      vertex -78.095 57.59 -16.6
      vertex -78.095 52.39 -0.0999994
      vertex -78.095 52.39 -16.6
    endloop
  endfacet
  facet normal 1 0 0
    outer loop
      vertex -78.095 52.39 -0.0999994
      vertex -78.095 49.99 0
      vertex -78.095 49.99 -0.0999994
    endloop
  endfacet
  facet normal 0 -1 0
    outer loop
      vertex -78.095 57.59 -16.6
      vertex 78.095 57.59 5.6
      vertex -78.095 57.59 5.6
    endloop
  endfacet
  facet normal 0 -1 -0
    outer loop
      vertex 78.095 57.59 5.6
      vertex -78.095 57.59 -16.6
      vertex 78.095 57.59 -16.6
    endloop
  endfacet
  facet normal -0 0 1
    outer loop
      vertex -78.095 57.59 -16.6
      vertex 78.095 52.39 -16.6
      vertex 78.095 57.59 -16.6
    endloop
  endfacet
  facet normal 0 0 1
    outer loop
      vertex 78.095 52.39 -16.6
      vertex -78.095 57.59 -16.6
      vertex -78.095 52.39 -16.6
    endloop
  endfacet
  facet normal 0 1 -0
    outer loop
      vertex 78.095 52.39 -16.6
      vertex -78.095 52.39 -0.0999994
      vertex 78.095 52.39 -0.0999994
    endloop
  endfacet
  facet normal 0 1 0
    outer loop
      vertex -78.095 52.39 -0.0999994
      vertex 78.095 52.39 -16.6
      vertex -78.095 52.39 -16.6
    endloop
  endfacet
  facet normal 0.528693 -0.848813 0
    outer loop
      vertex -24.1111 -22.3371 27.9
      vertex -24 -22.2679 30.3
      vertex -24.1111 -22.3371 30.3
    endloop
  endfacet
  facet normal 0.528693 -0.848813 0
    outer loop
      vertex -24 -22.2679 30.3
      vertex -24.1111 -22.3371 27.9
      vertex -24 -22.2679 27.9
    endloop
  endfacet
  facet normal 0.910602 -0.413285 0
    outer loop
      vertex -24.8478 -23.2346 30.3
      vertex -24.7937 -23.1154 27.9
      vertex -24.7937 -23.1154 30.3
    endloop
  endfacet
  facet normal 0.910602 -0.413285 0
    outer loop
      vertex -24.7937 -23.1154 27.9
      vertex -24.8478 -23.2346 30.3
      vertex -24.8478 -23.2346 27.9
    endloop
  endfacet
  facet normal 0.0328569 -0.99946 0
    outer loop
      vertex -23.1308 -22.0043 27.9
      vertex -23 -22 30.3
      vertex -23.1308 -22.0043 30.3
    endloop
  endfacet
  facet normal 0.0328569 -0.99946 0
    outer loop
      vertex -23 -22 30.3
      vertex -23.1308 -22.0043 27.9
      vertex -23 -22 27.9
    endloop
  endfacet
  facet normal -0.528693 -0.848813 0
    outer loop
      vertex 24 -22.2679 27.9
      vertex 24.1111 -22.3371 30.3
      vertex 24 -22.2679 30.3
    endloop
  endfacet
  facet normal -0.528693 -0.848813 -0
    outer loop
      vertex 24.1111 -22.3371 30.3
      vertex 24 -22.2679 27.9
      vertex 24.1111 -22.3371 27.9
    endloop
  endfacet
  facet normal -1 0 0
    outer loop
      vertex 25 -47.49 27.31
      vertex 25 -45.09 0
      vertex 25 -47.49 0
    endloop
  endfacet
  facet normal -1 0 0
    outer loop
      vertex 25 -24 27.9
      vertex 25 -44.49 30.3
      vertex 25 -24 30.3
    endloop
  endfacet
  facet normal -1 0 0
    outer loop
      vertex 25 -45.09 27.9
      vertex 25 -44.49 30.3
      vertex 25 -24 27.9
    endloop
  endfacet
  facet normal -1 -0 0
    outer loop
      vertex 25 -45.09 27.9
      vertex 25 -47.49 27.31
      vertex 25 -44.49 30.3
    endloop
  endfacet
  facet normal -1 0 0
    outer loop
      vertex 25 -45.09 0
      vertex 25 -47.49 27.31
      vertex 25 -45.09 27.9
    endloop
  endfacet
  facet normal 1 -0 0
    outer loop
      vertex -25 -44.49 30.3
      vertex -25 -24 27.9
      vertex -25 -24 30.3
    endloop
  endfacet
  facet normal 1 0 0
    outer loop
      vertex -25 -44.49 30.3
      vertex -25 -45.09 27.9
      vertex -25 -24 27.9
    endloop
  endfacet
  facet normal 1 0 0
    outer loop
      vertex -25 -47.49 27.31
      vertex -25 -45.09 27.9
      vertex -25 -44.49 30.3
    endloop
  endfacet
  facet normal 1 -0 0
    outer loop
      vertex -25 -47.49 27.31
      vertex -25 -45.09 0
      vertex -25 -45.09 27.9
    endloop
  endfacet
  facet normal 1 0 0
    outer loop
      vertex -25 -45.09 0
      vertex -25 -47.49 27.31
      vertex -25 -47.49 0
    endloop
  endfacet
  facet normal -0.99946 -0.0328569 0
    outer loop
      vertex 25 -24 27.9
      vertex 24.9957 -23.8692 30.3
      vertex 24.9957 -23.8692 27.9
    endloop
  endfacet
  facet normal -0.99946 -0.0328569 0
    outer loop
      vertex 24.9957 -23.8692 30.3
      vertex 25 -24 27.9
      vertex 25 -24 30.3
    endloop
  endfacet
  facet normal -0.848813 -0.528693 0
    outer loop
      vertex 24.7321 -23 27.9
      vertex 24.6629 -22.8889 30.3
      vertex 24.6629 -22.8889 27.9
    endloop
  endfacet
  facet normal -0.848813 -0.528693 0
    outer loop
      vertex 24.6629 -22.8889 30.3
      vertex 24.7321 -23 27.9
      vertex 24.7321 -23 30.3
    endloop
  endfacet
  facet normal 0.683814 -0.729656 0
    outer loop
      vertex -24.4142 -22.5858 27.9
      vertex -24.3187 -22.4963 30.3
      vertex -24.4142 -22.5858 30.3
    endloop
  endfacet
  facet normal 0.683814 -0.729656 0
    outer loop
      vertex -24.3187 -22.4963 30.3
      vertex -24.4142 -22.5858 27.9
      vertex -24.3187 -22.4963 27.9
    endloop
  endfacet
  facet normal -0.683814 -0.729656 0
    outer loop
      vertex 24.3187 -22.4963 27.9
      vertex 24.4142 -22.5858 30.3
      vertex 24.3187 -22.4963 30.3
    endloop
  endfacet
  facet normal -0.683814 -0.729656 -0
    outer loop
      vertex 24.4142 -22.5858 30.3
      vertex 24.3187 -22.4963 27.9
      vertex 24.4142 -22.5858 27.9
    endloop
  endfacet
  facet normal 0 -1 0
    outer loop
      vertex -23 -22 27.9
      vertex 23 -22 30.3
      vertex -23 -22 30.3
    endloop
  endfacet
  facet normal 0 -1 -0
    outer loop
      vertex 23 -22 30.3
      vertex -23 -22 27.9
      vertex 23 -22 27.9
    endloop
  endfacet
  facet normal 0.290219 -0.95696 0
    outer loop
      vertex -23.6429 -22.1061 27.9
      vertex -23.5176 -22.0681 30.3
      vertex -23.6429 -22.1061 30.3
    endloop
  endfacet
  facet normal 0.290219 -0.95696 0
    outer loop
      vertex -23.5176 -22.0681 30.3
      vertex -23.6429 -22.1061 27.9
      vertex -23.5176 -22.0681 27.9
    endloop
  endfacet
  facet normal 0.986681 -0.162665 0
    outer loop
      vertex -24.9829 -23.739 30.3
      vertex -24.9616 -23.6098 27.9
      vertex -24.9616 -23.6098 30.3
    endloop
  endfacet
  facet normal 0.986681 -0.162665 0
    outer loop
      vertex -24.9616 -23.6098 27.9
      vertex -24.9829 -23.739 30.3
      vertex -24.9829 -23.739 27.9
    endloop
  endfacet
  facet normal 0.634153 -0.773208 0
    outer loop
      vertex -24.3187 -22.4963 27.9
      vertex -24.2175 -22.4133 30.3
      vertex -24.3187 -22.4963 30.3
    endloop
  endfacet
  facet normal 0.634153 -0.773208 0
    outer loop
      vertex -24.2175 -22.4133 30.3
      vertex -24.3187 -22.4963 27.9
      vertex -24.2175 -22.4133 27.9
    endloop
  endfacet
  facet normal -0.81301 -0.58225 0
    outer loop
      vertex 24.6629 -22.8889 27.9
      vertex 24.5867 -22.7825 30.3
      vertex 24.5867 -22.7825 27.9
    endloop
  endfacet
  facet normal -0.81301 -0.58225 0
    outer loop
      vertex 24.5867 -22.7825 30.3
      vertex 24.6629 -22.8889 27.9
      vertex 24.6629 -22.8889 30.3
    endloop
  endfacet
  facet normal 0.0978386 -0.995202 0
    outer loop
      vertex -23.261 -22.0171 27.9
      vertex -23.1308 -22.0043 30.3
      vertex -23.261 -22.0171 30.3
    endloop
  endfacet
  facet normal 0.0978386 -0.995202 0
    outer loop
      vertex -23.1308 -22.0043 30.3
      vertex -23.261 -22.0171 27.9
      vertex -23.1308 -22.0043 27.9
    endloop
  endfacet
  facet normal 0.882184 -0.470906 0
    outer loop
      vertex -24.7937 -23.1154 30.3
      vertex -24.7321 -23 27.9
      vertex -24.7321 -23 30.3
    endloop
  endfacet
  facet normal 0.882184 -0.470906 0
    outer loop
      vertex -24.7321 -23 27.9
      vertex -24.7937 -23.1154 30.3
      vertex -24.7937 -23.1154 27.9
    endloop
  endfacet
  facet normal 0.995202 -0.0978386 0
    outer loop
      vertex -24.9957 -23.8692 30.3
      vertex -24.9829 -23.739 27.9
      vertex -24.9829 -23.739 30.3
    endloop
  endfacet
  facet normal 0.995202 -0.0978386 0
    outer loop
      vertex -24.9829 -23.739 27.9
      vertex -24.9957 -23.8692 30.3
      vertex -24.9957 -23.8692 27.9
    endloop
  endfacet
  facet normal -0.162665 -0.986681 0
    outer loop
      vertex 23.261 -22.0171 27.9
      vertex 23.3902 -22.0384 30.3
      vertex 23.261 -22.0171 30.3
    endloop
  endfacet
  facet normal -0.162665 -0.986681 -0
    outer loop
      vertex 23.3902 -22.0384 30.3
      vertex 23.261 -22.0171 27.9
      vertex 23.3902 -22.0384 27.9
    endloop
  endfacet
  facet normal -0.995202 -0.0978386 0
    outer loop
      vertex 24.9957 -23.8692 27.9
      vertex 24.9829 -23.739 30.3
      vertex 24.9829 -23.739 27.9
    endloop
  endfacet
  facet normal -0.995202 -0.0978386 0
    outer loop
      vertex 24.9829 -23.739 30.3
      vertex 24.9957 -23.8692 27.9
      vertex 24.9957 -23.8692 30.3
    endloop
  endfacet
  facet normal -0.634153 -0.773208 0
    outer loop
      vertex 24.2175 -22.4133 27.9
      vertex 24.3187 -22.4963 30.3
      vertex 24.2175 -22.4133 30.3
    endloop
  endfacet
  facet normal -0.634153 -0.773208 -0
    outer loop
      vertex 24.3187 -22.4963 30.3
      vertex 24.2175 -22.4133 27.9
      vertex 24.3187 -22.4963 27.9
    endloop
  endfacet
  facet normal 0.162665 -0.986681 0
    outer loop
      vertex -23.3902 -22.0384 27.9
      vertex -23.261 -22.0171 30.3
      vertex -23.3902 -22.0384 30.3
    endloop
  endfacet
  facet normal 0.162665 -0.986681 0
    outer loop
      vertex -23.261 -22.0171 30.3
      vertex -23.3902 -22.0384 27.9
      vertex -23.261 -22.0171 27.9
    endloop
  endfacet
  facet normal 0.729656 -0.683814 0
    outer loop
      vertex -24.5037 -22.6813 30.3
      vertex -24.4142 -22.5858 27.9
      vertex -24.4142 -22.5858 30.3
    endloop
  endfacet
  facet normal 0.729656 -0.683814 0
    outer loop
      vertex -24.4142 -22.5858 27.9
      vertex -24.5037 -22.6813 30.3
      vertex -24.5037 -22.6813 27.9
    endloop
  endfacet
  facet normal 0.227036 -0.973886 0
    outer loop
      vertex -23.5176 -22.0681 27.9
      vertex -23.3902 -22.0384 30.3
      vertex -23.5176 -22.0681 30.3
    endloop
  endfacet
  facet normal 0.227036 -0.973886 0
    outer loop
      vertex -23.3902 -22.0384 30.3
      vertex -23.5176 -22.0681 27.9
      vertex -23.3902 -22.0384 27.9
    endloop
  endfacet
  facet normal 0.352212 -0.93592 0
    outer loop
      vertex -23.7654 -22.1522 27.9
      vertex -23.6429 -22.1061 30.3
      vertex -23.7654 -22.1522 30.3
    endloop
  endfacet
  facet normal 0.352212 -0.93592 0
    outer loop
      vertex -23.6429 -22.1061 30.3
      vertex -23.7654 -22.1522 27.9
      vertex -23.6429 -22.1061 27.9
    endloop
  endfacet
  facet normal -0.973886 -0.227036 0
    outer loop
      vertex 24.9616 -23.6098 27.9
      vertex 24.9319 -23.4824 30.3
      vertex 24.9319 -23.4824 27.9
    endloop
  endfacet
  facet normal -0.973886 -0.227036 0
    outer loop
      vertex 24.9319 -23.4824 30.3
      vertex 24.9616 -23.6098 27.9
      vertex 24.9616 -23.6098 30.3
    endloop
  endfacet
  facet normal -0.986681 -0.162665 0
    outer loop
      vertex 24.9829 -23.739 27.9
      vertex 24.9616 -23.6098 30.3
      vertex 24.9616 -23.6098 27.9
    endloop
  endfacet
  facet normal -0.986681 -0.162665 0
    outer loop
      vertex 24.9616 -23.6098 30.3
      vertex 24.9829 -23.739 27.9
      vertex 24.9829 -23.739 30.3
    endloop
  endfacet
  facet normal 0.773208 -0.634153 0
    outer loop
      vertex -24.5867 -22.7825 30.3
      vertex -24.5037 -22.6813 27.9
      vertex -24.5037 -22.6813 30.3
    endloop
  endfacet
  facet normal 0.773208 -0.634153 0
    outer loop
      vertex -24.5037 -22.6813 27.9
      vertex -24.5867 -22.7825 30.3
      vertex -24.5867 -22.7825 27.9
    endloop
  endfacet
  facet normal 0.470906 -0.882184 0
    outer loop
      vertex -24 -22.2679 27.9
      vertex -23.8846 -22.2063 30.3
      vertex -24 -22.2679 30.3
    endloop
  endfacet
  facet normal 0.470906 -0.882184 0
    outer loop
      vertex -23.8846 -22.2063 30.3
      vertex -24 -22.2679 27.9
      vertex -23.8846 -22.2063 27.9
    endloop
  endfacet
  facet normal 0.95696 -0.290219 0
    outer loop
      vertex -24.9319 -23.4824 30.3
      vertex -24.8939 -23.3571 27.9
      vertex -24.8939 -23.3571 30.3
    endloop
  endfacet
  facet normal 0.95696 -0.290219 0
    outer loop
      vertex -24.8939 -23.3571 27.9
      vertex -24.9319 -23.4824 30.3
      vertex -24.9319 -23.4824 27.9
    endloop
  endfacet
  facet normal -0.882184 -0.470906 0
    outer loop
      vertex 24.7937 -23.1154 27.9
      vertex 24.7321 -23 30.3
      vertex 24.7321 -23 27.9
    endloop
  endfacet
  facet normal -0.882184 -0.470906 0
    outer loop
      vertex 24.7321 -23 30.3
      vertex 24.7937 -23.1154 27.9
      vertex 24.7937 -23.1154 30.3
    endloop
  endfacet
  facet normal -0.352212 -0.93592 0
    outer loop
      vertex 23.6429 -22.1061 27.9
      vertex 23.7654 -22.1522 30.3
      vertex 23.6429 -22.1061 30.3
    endloop
  endfacet
  facet normal -0.352212 -0.93592 -0
    outer loop
      vertex 23.7654 -22.1522 30.3
      vertex 23.6429 -22.1061 27.9
      vertex 23.7654 -22.1522 27.9
    endloop
  endfacet
  facet normal 0.81301 -0.58225 0
    outer loop
      vertex -24.6629 -22.8889 30.3
      vertex -24.5867 -22.7825 27.9
      vertex -24.5867 -22.7825 30.3
    endloop
  endfacet
  facet normal 0.81301 -0.58225 0
    outer loop
      vertex -24.5867 -22.7825 27.9
      vertex -24.6629 -22.8889 30.3
      vertex -24.6629 -22.8889 27.9
    endloop
  endfacet
  facet normal -0.0328569 -0.99946 0
    outer loop
      vertex 23 -22 27.9
      vertex 23.1308 -22.0043 30.3
      vertex 23 -22 30.3
    endloop
  endfacet
  facet normal -0.0328569 -0.99946 -0
    outer loop
      vertex 23.1308 -22.0043 30.3
      vertex 23 -22 27.9
      vertex 23.1308 -22.0043 27.9
    endloop
  endfacet
  facet normal 0.58225 -0.81301 0
    outer loop
      vertex -24.2175 -22.4133 27.9
      vertex -24.1111 -22.3371 30.3
      vertex -24.2175 -22.4133 30.3
    endloop
  endfacet
  facet normal 0.58225 -0.81301 0
    outer loop
      vertex -24.1111 -22.3371 30.3
      vertex -24.2175 -22.4133 27.9
      vertex -24.1111 -22.3371 27.9
    endloop
  endfacet
  facet normal 0.413285 -0.910602 0
    outer loop
      vertex -23.8846 -22.2063 27.9
      vertex -23.7654 -22.1522 30.3
      vertex -23.8846 -22.2063 30.3
    endloop
  endfacet
  facet normal 0.413285 -0.910602 0
    outer loop
      vertex -23.7654 -22.1522 30.3
      vertex -23.8846 -22.2063 27.9
      vertex -23.7654 -22.1522 27.9
    endloop
  endfacet
  facet normal 0.848813 -0.528693 0
    outer loop
      vertex -24.7321 -23 30.3
      vertex -24.6629 -22.8889 27.9
      vertex -24.6629 -22.8889 30.3
    endloop
  endfacet
  facet normal 0.848813 -0.528693 0
    outer loop
      vertex -24.6629 -22.8889 27.9
      vertex -24.7321 -23 30.3
      vertex -24.7321 -23 27.9
    endloop
  endfacet
  facet normal -0.910602 -0.413285 0
    outer loop
      vertex 24.8478 -23.2346 27.9
      vertex 24.7937 -23.1154 30.3
      vertex 24.7937 -23.1154 27.9
    endloop
  endfacet
  facet normal -0.910602 -0.413285 0
    outer loop
      vertex 24.7937 -23.1154 30.3
      vertex 24.8478 -23.2346 27.9
      vertex 24.8478 -23.2346 30.3
    endloop
  endfacet
  facet normal -0.58225 -0.81301 0
    outer loop
      vertex 24.1111 -22.3371 27.9
      vertex 24.2175 -22.4133 30.3
      vertex 24.1111 -22.3371 30.3
    endloop
  endfacet
  facet normal -0.58225 -0.81301 -0
    outer loop
      vertex 24.2175 -22.4133 30.3
      vertex 24.1111 -22.3371 27.9
      vertex 24.2175 -22.4133 27.9
    endloop
  endfacet
  facet normal -0.227036 -0.973886 0
    outer loop
      vertex 23.3902 -22.0384 27.9
      vertex 23.5176 -22.0681 30.3
      vertex 23.3902 -22.0384 30.3
    endloop
  endfacet
  facet normal -0.227036 -0.973886 -0
    outer loop
      vertex 23.5176 -22.0681 30.3
      vertex 23.3902 -22.0384 27.9
      vertex 23.5176 -22.0681 27.9
    endloop
  endfacet
  facet normal -0.93592 -0.352212 0
    outer loop
      vertex 24.8939 -23.3571 27.9
      vertex 24.8478 -23.2346 30.3
      vertex 24.8478 -23.2346 27.9
    endloop
  endfacet
  facet normal -0.93592 -0.352212 0
    outer loop
      vertex 24.8478 -23.2346 30.3
      vertex 24.8939 -23.3571 27.9
      vertex 24.8939 -23.3571 30.3
    endloop
  endfacet
  facet normal -0.773208 -0.634153 0
    outer loop
      vertex 24.5867 -22.7825 27.9
      vertex 24.5037 -22.6813 30.3
      vertex 24.5037 -22.6813 27.9
    endloop
  endfacet
  facet normal -0.773208 -0.634153 0
    outer loop
      vertex 24.5037 -22.6813 30.3
      vertex 24.5867 -22.7825 27.9
      vertex 24.5867 -22.7825 30.3
    endloop
  endfacet
  facet normal 0.99946 -0.0328569 0
    outer loop
      vertex -25 -24 30.3
      vertex -24.9957 -23.8692 27.9
      vertex -24.9957 -23.8692 30.3
    endloop
  endfacet
  facet normal 0.99946 -0.0328569 0
    outer loop
      vertex -24.9957 -23.8692 27.9
      vertex -25 -24 30.3
      vertex -25 -24 27.9
    endloop
  endfacet
  facet normal -0.729656 -0.683814 0
    outer loop
      vertex 24.5037 -22.6813 27.9
      vertex 24.4142 -22.5858 30.3
      vertex 24.4142 -22.5858 27.9
    endloop
  endfacet
  facet normal -0.729656 -0.683814 0
    outer loop
      vertex 24.4142 -22.5858 30.3
      vertex 24.5037 -22.6813 27.9
      vertex 24.5037 -22.6813 30.3
    endloop
  endfacet
  facet normal -0.470906 -0.882184 0
    outer loop
      vertex 23.8846 -22.2063 27.9
      vertex 24 -22.2679 30.3
      vertex 23.8846 -22.2063 30.3
    endloop
  endfacet
  facet normal -0.470906 -0.882184 -0
    outer loop
      vertex 24 -22.2679 30.3
      vertex 23.8846 -22.2063 27.9
      vertex 24 -22.2679 27.9
    endloop
  endfacet
  facet normal 0.973886 -0.227036 0
    outer loop
      vertex -24.9616 -23.6098 30.3
      vertex -24.9319 -23.4824 27.9
      vertex -24.9319 -23.4824 30.3
    endloop
  endfacet
  facet normal 0.973886 -0.227036 0
    outer loop
      vertex -24.9319 -23.4824 27.9
      vertex -24.9616 -23.6098 30.3
      vertex -24.9616 -23.6098 27.9
    endloop
  endfacet
  facet normal 0.93592 -0.352212 0
    outer loop
      vertex -24.8939 -23.3571 30.3
      vertex -24.8478 -23.2346 27.9
      vertex -24.8478 -23.2346 30.3
    endloop
  endfacet
  facet normal 0.93592 -0.352212 0
    outer loop
      vertex -24.8478 -23.2346 27.9
      vertex -24.8939 -23.3571 30.3
      vertex -24.8939 -23.3571 27.9
    endloop
  endfacet
  facet normal -0.95696 -0.290219 0
    outer loop
      vertex 24.9319 -23.4824 27.9
      vertex 24.8939 -23.3571 30.3
      vertex 24.8939 -23.3571 27.9
    endloop
  endfacet
  facet normal -0.95696 -0.290219 0
    outer loop
      vertex 24.8939 -23.3571 30.3
      vertex 24.9319 -23.4824 27.9
      vertex 24.9319 -23.4824 30.3
    endloop
  endfacet
  facet normal -0.0978386 -0.995202 0
    outer loop
      vertex 23.1308 -22.0043 27.9
      vertex 23.261 -22.0171 30.3
      vertex 23.1308 -22.0043 30.3
    endloop
  endfacet
  facet normal -0.0978386 -0.995202 -0
    outer loop
      vertex 23.261 -22.0171 30.3
      vertex 23.1308 -22.0043 27.9
      vertex 23.261 -22.0171 27.9
    endloop
  endfacet
  facet normal -0.413285 -0.910602 0
    outer loop
      vertex 23.7654 -22.1522 27.9
      vertex 23.8846 -22.2063 30.3
      vertex 23.7654 -22.1522 30.3
    endloop
  endfacet
  facet normal -0.413285 -0.910602 -0
    outer loop
      vertex 23.8846 -22.2063 30.3
      vertex 23.7654 -22.1522 27.9
      vertex 23.8846 -22.2063 27.9
    endloop
  endfacet
  facet normal -0.290219 -0.95696 0
    outer loop
      vertex 23.5176 -22.0681 27.9
      vertex 23.6429 -22.1061 30.3
      vertex 23.5176 -22.0681 30.3
    endloop
  endfacet
  facet normal -0.290219 -0.95696 -0
    outer loop
      vertex 23.6429 -22.1061 30.3
      vertex 23.5176 -22.0681 27.9
      vertex 23.6429 -22.1061 27.9
    endloop
  endfacet
endsolid OpenSCAD_Model
