solid OpenSCAD_Model
  facet normal 0.995206 0.0978035 0
    outer loop
      vertex -43.2215 5.73105 8
      vertex -43.2391 5.91014 0.5
      vertex -43.2391 5.91014 8
    endloop
  endfacet
  facet normal 0.995206 0.0978035 0
    outer loop
      vertex -43.2391 5.91014 0.5
      vertex -43.2215 5.73105 8
      vertex -43.2215 5.73105 0.5
    endloop
  endfacet
  facet normal -0.995206 -0.0978035 0
    outer loop
      vertex -37.7509 6.26986 0.5
      vertex -37.7685 6.44895 8
      vertex -37.7685 6.44895 0.5
    endloop
  endfacet
  facet normal -0.995206 -0.0978035 0
    outer loop
      vertex -37.7685 6.44895 8
      vertex -37.7509 6.26986 0.5
      vertex -37.7509 6.26986 8
    endloop
  endfacet
  facet normal -0.999462 -0.0327857 0
    outer loop
      vertex -37.745 6.09 0.5
      vertex -37.7509 6.26986 8
      vertex -37.7509 6.26986 0.5
    endloop
  endfacet
  facet normal -0.999462 -0.0327857 0
    outer loop
      vertex -37.7509 6.26986 8
      vertex -37.745 6.09 0.5
      vertex -37.745 6.09 8
    endloop
  endfacet
  facet normal 0.849027 0.52835 0
    outer loop
      vertex -42.7815 4.56218 8
      vertex -42.8766 4.715 0.5
      vertex -42.8766 4.715 8
    endloop
  endfacet
  facet normal 0.849027 0.52835 0
    outer loop
      vertex -42.8766 4.715 0.5
      vertex -42.7815 4.56218 8
      vertex -42.7815 4.56218 0.5
    endloop
  endfacet
  facet normal -0.729624 0.683849 0
    outer loop
      vertex -38.5505 4.14546 0.5
      vertex -38.4274 4.2768 8
      vertex -38.4274 4.2768 0.5
    endloop
  endfacet
  facet normal -0.729624 0.683849 0
    outer loop
      vertex -38.4274 4.2768 8
      vertex -38.5505 4.14546 0.5
      vertex -38.5505 4.14546 8
    endloop
  endfacet
  facet normal -0.849027 -0.52835 0
    outer loop
      vertex -38.1134 7.465 0.5
      vertex -38.2085 7.61782 8
      vertex -38.2085 7.61782 0.5
    endloop
  endfacet
  facet normal -0.849027 -0.52835 0
    outer loop
      vertex -38.2085 7.61782 8
      vertex -38.1134 7.465 0.5
      vertex -38.1134 7.465 8
    endloop
  endfacet
  facet normal 0.849027 -0.52835 0
    outer loop
      vertex -42.8766 7.465 8
      vertex -42.7815 7.61782 0.5
      vertex -42.7815 7.61782 8
    endloop
  endfacet
  facet normal 0.849027 -0.52835 0
    outer loop
      vertex -42.7815 7.61782 0.5
      vertex -42.8766 7.465 8
      vertex -42.8766 7.465 0.5
    endloop
  endfacet
  facet normal -0.995206 0.0978035 0
    outer loop
      vertex -37.7685 5.73105 0.5
      vertex -37.7509 5.91014 8
      vertex -37.7509 5.91014 0.5
    endloop
  endfacet
  facet normal -0.995206 0.0978035 0
    outer loop
      vertex -37.7509 5.91014 8
      vertex -37.7685 5.73105 0.5
      vertex -37.7685 5.73105 8
    endloop
  endfacet
  facet normal -0.973831 0.227274 0
    outer loop
      vertex -37.8387 5.37825 0.5
      vertex -37.7978 5.5535 8
      vertex -37.7978 5.5535 0.5
    endloop
  endfacet
  facet normal -0.973831 0.227274 0
    outer loop
      vertex -37.7978 5.5535 8
      vertex -37.8387 5.37825 0.5
      vertex -37.8387 5.37825 8
    endloop
  endfacet
  facet normal 0.812888 0.58242 0
    outer loop
      vertex -42.6767 4.41591 8
      vertex -42.7815 4.56218 0.5
      vertex -42.7815 4.56218 8
    endloop
  endfacet
  facet normal 0.812888 0.58242 0
    outer loop
      vertex -42.7815 4.56218 0.5
      vertex -42.6767 4.41591 8
      vertex -42.6767 4.41591 0.5
    endloop
  endfacet
  facet normal 0.957001 -0.290085 0
    outer loop
      vertex -43.1513 6.80175 8
      vertex -43.0991 6.97396 0.5
      vertex -43.0991 6.97396 8
    endloop
  endfacet
  facet normal 0.957001 -0.290085 0
    outer loop
      vertex -43.0991 6.97396 0.5
      vertex -43.1513 6.80175 8
      vertex -43.1513 6.80175 0.5
    endloop
  endfacet
  facet normal -0.0327229 -0.999464 0
    outer loop
      vertex -40.495 8.84 0.5
      vertex -40.3151 8.83411 8
      vertex -40.495 8.84 8
    endloop
  endfacet
  facet normal -0.0327229 -0.999464 -0
    outer loop
      vertex -40.3151 8.83411 8
      vertex -40.495 8.84 0.5
      vertex -40.3151 8.83411 0.5
    endloop
  endfacet
  facet normal -0.812888 0.58242 0
    outer loop
      vertex -38.3133 4.41591 0.5
      vertex -38.2085 4.56218 8
      vertex -38.2085 4.56218 0.5
    endloop
  endfacet
  facet normal -0.812888 0.58242 0
    outer loop
      vertex -38.2085 4.56218 8
      vertex -38.3133 4.41591 0.5
      vertex -38.3133 4.41591 8
    endloop
  endfacet
  facet normal 0.290304 0.956935 -0
    outer loop
      vertex -41.2068 3.4337 0.5
      vertex -41.379 3.48594 8
      vertex -41.2068 3.4337 8
    endloop
  endfacet
  facet normal 0.290304 0.956935 0
    outer loop
      vertex -41.379 3.48594 8
      vertex -41.2068 3.4337 0.5
      vertex -41.379 3.48594 0.5
    endloop
  endfacet
  facet normal -0.957001 0.290085 0
    outer loop
      vertex -37.8909 5.20604 0.5
      vertex -37.8387 5.37825 8
      vertex -37.8387 5.37825 0.5
    endloop
  endfacet
  facet normal -0.957001 0.290085 0
    outer loop
      vertex -37.8387 5.37825 8
      vertex -37.8909 5.20604 0.5
      vertex -37.8909 5.20604 8
    endloop
  endfacet
  facet normal -0.582415 0.812892 0
    outer loop
      vertex -38.8209 3.90828 0.5
      vertex -38.9672 3.80346 8
      vertex -38.8209 3.90828 8
    endloop
  endfacet
  facet normal -0.582415 0.812892 0
    outer loop
      vertex -38.9672 3.80346 8
      vertex -38.8209 3.90828 0.5
      vertex -38.9672 3.80346 0.5
    endloop
  endfacet
  facet normal 0.162831 0.986654 -0
    outer loop
      vertex -40.8539 3.36353 0.5
      vertex -41.0315 3.39284 8
      vertex -40.8539 3.36353 8
    endloop
  endfacet
  facet normal 0.162831 0.986654 0
    outer loop
      vertex -41.0315 3.39284 8
      vertex -40.8539 3.36353 0.5
      vertex -41.0315 3.39284 0.5
    endloop
  endfacet
  facet normal -0.935885 0.352305 0
    outer loop
      vertex -37.9543 5.03762 0.5
      vertex -37.8909 5.20604 8
      vertex -37.8909 5.20604 0.5
    endloop
  endfacet
  facet normal -0.935885 0.352305 0
    outer loop
      vertex -37.8909 5.20604 8
      vertex -37.9543 5.03762 0.5
      vertex -37.9543 5.03762 8
    endloop
  endfacet
  facet normal 0.634405 0.773001 -0
    outer loop
      vertex -42.1691 3.90828 0.5
      vertex -42.3082 4.02244 8
      vertex -42.1691 3.90828 8
    endloop
  endfacet
  facet normal 0.634405 0.773001 0
    outer loop
      vertex -42.3082 4.02244 8
      vertex -42.1691 3.90828 0.5
      vertex -42.3082 4.02244 0.5
    endloop
  endfacet
  facet normal 0.582415 0.812892 -0
    outer loop
      vertex -42.0228 3.80346 0.5
      vertex -42.1691 3.90828 8
      vertex -42.0228 3.80346 8
    endloop
  endfacet
  facet normal 0.582415 0.812892 0
    outer loop
      vertex -42.1691 3.90828 8
      vertex -42.0228 3.80346 0.5
      vertex -42.1691 3.90828 0.5
    endloop
  endfacet
  facet normal 0.0327229 0.999464 -0
    outer loop
      vertex -40.495 3.34 0.5
      vertex -40.6749 3.34589 8
      vertex -40.495 3.34 8
    endloop
  endfacet
  facet normal 0.0327229 0.999464 0
    outer loop
      vertex -40.6749 3.34589 8
      vertex -40.495 3.34 0.5
      vertex -40.6749 3.34589 0.5
    endloop
  endfacet
  facet normal 0.683723 -0.729742 0
    outer loop
      vertex -42.4395 8.03454 0.5
      vertex -42.3082 8.15756 8
      vertex -42.4395 8.03454 8
    endloop
  endfacet
  facet normal 0.683723 -0.729742 0
    outer loop
      vertex -42.3082 8.15756 8
      vertex -42.4395 8.03454 0.5
      vertex -42.3082 8.15756 0.5
    endloop
  endfacet
  facet normal -0.812888 -0.58242 0
    outer loop
      vertex -38.2085 7.61782 0.5
      vertex -38.3133 7.76409 8
      vertex -38.3133 7.76409 0.5
    endloop
  endfacet
  facet normal -0.812888 -0.58242 0
    outer loop
      vertex -38.3133 7.76409 8
      vertex -38.2085 7.61782 0.5
      vertex -38.2085 7.61782 8
    endloop
  endfacet
  facet normal -0.0980724 0.995179 0
    outer loop
      vertex -40.1361 3.36353 0.5
      vertex -40.3151 3.34589 8
      vertex -40.1361 3.36353 8
    endloop
  endfacet
  facet normal -0.0980724 0.995179 0
    outer loop
      vertex -40.3151 3.34589 8
      vertex -40.1361 3.36353 0.5
      vertex -40.3151 3.34589 0.5
    endloop
  endfacet
  facet normal -0.957001 -0.290085 0
    outer loop
      vertex -37.8387 6.80175 0.5
      vertex -37.8909 6.97396 8
      vertex -37.8909 6.97396 0.5
    endloop
  endfacet
  facet normal -0.957001 -0.290085 0
    outer loop
      vertex -37.8909 6.97396 8
      vertex -37.8387 6.80175 0.5
      vertex -37.8387 6.80175 8
    endloop
  endfacet
  facet normal 0.999462 0.0327857 0
    outer loop
      vertex -43.2391 5.91014 8
      vertex -43.245 6.09 0.5
      vertex -43.245 6.09 8
    endloop
  endfacet
  facet normal 0.999462 0.0327857 0
    outer loop
      vertex -43.245 6.09 0.5
      vertex -43.2391 5.91014 8
      vertex -43.2391 5.91014 0.5
    endloop
  endfacet
  facet normal 0.352293 0.93589 -0
    outer loop
      vertex -41.379 3.48594 0.5
      vertex -41.5474 3.54933 8
      vertex -41.379 3.48594 8
    endloop
  endfacet
  facet normal 0.352293 0.93589 0
    outer loop
      vertex -41.5474 3.54933 8
      vertex -41.379 3.48594 0.5
      vertex -41.5474 3.54933 0.5
    endloop
  endfacet
  facet normal 0.773187 -0.634179 0
    outer loop
      vertex -42.6767 7.76409 8
      vertex -42.5626 7.9032 0.5
      vertex -42.5626 7.9032 8
    endloop
  endfacet
  facet normal 0.773187 -0.634179 0
    outer loop
      vertex -42.5626 7.9032 0.5
      vertex -42.6767 7.76409 8
      vertex -42.6767 7.76409 0.5
    endloop
  endfacet
  facet normal -0.528119 0.84917 0
    outer loop
      vertex -38.9672 3.80346 0.5
      vertex -39.12 3.70843 8
      vertex -38.9672 3.80346 8
    endloop
  endfacet
  facet normal -0.528119 0.84917 0
    outer loop
      vertex -39.12 3.70843 8
      vertex -38.9672 3.80346 0.5
      vertex -39.12 3.70843 0.5
    endloop
  endfacet
  facet normal -0.773187 -0.634179 0
    outer loop
      vertex -38.3133 7.76409 0.5
      vertex -38.4274 7.9032 8
      vertex -38.4274 7.9032 0.5
    endloop
  endfacet
  facet normal -0.773187 -0.634179 0
    outer loop
      vertex -38.4274 7.9032 8
      vertex -38.3133 7.76409 0.5
      vertex -38.3133 7.76409 8
    endloop
  endfacet
  facet normal -0.910794 0.412861 0
    outer loop
      vertex -38.0286 4.87371 0.5
      vertex -37.9543 5.03762 8
      vertex -37.9543 5.03762 0.5
    endloop
  endfacet
  facet normal -0.910794 0.412861 0
    outer loop
      vertex -37.9543 5.03762 8
      vertex -38.0286 4.87371 0.5
      vertex -38.0286 4.87371 8
    endloop
  endfacet
  facet normal 0.0980724 -0.995179 0
    outer loop
      vertex -40.8539 8.81647 0.5
      vertex -40.6749 8.83411 8
      vertex -40.8539 8.81647 8
    endloop
  endfacet
  facet normal 0.0980724 -0.995179 0
    outer loop
      vertex -40.6749 8.83411 8
      vertex -40.8539 8.81647 0.5
      vertex -40.6749 8.83411 0.5
    endloop
  endfacet
  facet normal -0.999462 0.0327857 0
    outer loop
      vertex -37.7509 5.91014 0.5
      vertex -37.745 6.09 8
      vertex -37.745 6.09 0.5
    endloop
  endfacet
  facet normal -0.999462 0.0327857 0
    outer loop
      vertex -37.745 6.09 8
      vertex -37.7509 5.91014 0.5
      vertex -37.7509 5.91014 8
    endloop
  endfacet
  facet normal -0.412743 0.910847 0
    outer loop
      vertex -39.2787 3.6236 0.5
      vertex -39.4426 3.54933 8
      vertex -39.2787 3.6236 8
    endloop
  endfacet
  facet normal -0.412743 0.910847 0
    outer loop
      vertex -39.4426 3.54933 8
      vertex -39.2787 3.6236 0.5
      vertex -39.4426 3.54933 0.5
    endloop
  endfacet
  facet normal -0.227001 -0.973894 0
    outer loop
      vertex -39.9585 8.78716 0.5
      vertex -39.7832 8.7463 8
      vertex -39.9585 8.78716 8
    endloop
  endfacet
  facet normal -0.227001 -0.973894 -0
    outer loop
      vertex -39.7832 8.7463 8
      vertex -39.9585 8.78716 0.5
      vertex -39.7832 8.7463 0.5
    endloop
  endfacet
  facet normal -0.352293 -0.93589 0
    outer loop
      vertex -39.611 8.69406 0.5
      vertex -39.4426 8.63067 8
      vertex -39.611 8.69406 8
    endloop
  endfacet
  facet normal -0.352293 -0.93589 -0
    outer loop
      vertex -39.4426 8.63067 8
      vertex -39.611 8.69406 0.5
      vertex -39.4426 8.63067 0.5
    endloop
  endfacet
  facet normal -0.412743 -0.910847 0
    outer loop
      vertex -39.4426 8.63067 0.5
      vertex -39.2787 8.5564 8
      vertex -39.4426 8.63067 8
    endloop
  endfacet
  facet normal -0.412743 -0.910847 -0
    outer loop
      vertex -39.2787 8.5564 8
      vertex -39.4426 8.63067 0.5
      vertex -39.2787 8.5564 0.5
    endloop
  endfacet
  facet normal -0.634405 -0.773001 0
    outer loop
      vertex -38.8209 8.27172 0.5
      vertex -38.6818 8.15756 8
      vertex -38.8209 8.27172 8
    endloop
  endfacet
  facet normal -0.634405 -0.773001 -0
    outer loop
      vertex -38.6818 8.15756 8
      vertex -38.8209 8.27172 0.5
      vertex -38.6818 8.15756 0.5
    endloop
  endfacet
  facet normal 0.957001 0.290085 0
    outer loop
      vertex -43.0991 5.20604 8
      vertex -43.1513 5.37825 0.5
      vertex -43.1513 5.37825 8
    endloop
  endfacet
  facet normal 0.957001 0.290085 0
    outer loop
      vertex -43.1513 5.37825 0.5
      vertex -43.0991 5.20604 8
      vertex -43.0991 5.20604 0.5
    endloop
  endfacet
  facet normal -0.162831 0.986654 0
    outer loop
      vertex -39.9585 3.39284 0.5
      vertex -40.1361 3.36353 8
      vertex -39.9585 3.39284 8
    endloop
  endfacet
  facet normal -0.162831 0.986654 0
    outer loop
      vertex -40.1361 3.36353 8
      vertex -39.9585 3.39284 0.5
      vertex -40.1361 3.36353 0.5
    endloop
  endfacet
  facet normal -0.352293 0.93589 0
    outer loop
      vertex -39.4426 3.54933 0.5
      vertex -39.611 3.48594 8
      vertex -39.4426 3.54933 8
    endloop
  endfacet
  facet normal -0.352293 0.93589 0
    outer loop
      vertex -39.611 3.48594 8
      vertex -39.4426 3.54933 0.5
      vertex -39.611 3.48594 0.5
    endloop
  endfacet
  facet normal -0.729624 -0.683849 0
    outer loop
      vertex -38.4274 7.9032 0.5
      vertex -38.5505 8.03454 8
      vertex -38.5505 8.03454 0.5
    endloop
  endfacet
  facet normal -0.729624 -0.683849 0
    outer loop
      vertex -38.5505 8.03454 8
      vertex -38.4274 7.9032 0.5
      vertex -38.4274 7.9032 8
    endloop
  endfacet
  facet normal -0.881996 -0.471257 0
    outer loop
      vertex -38.0286 7.30629 0.5
      vertex -38.1134 7.465 8
      vertex -38.1134 7.465 0.5
    endloop
  endfacet
  facet normal -0.881996 -0.471257 0
    outer loop
      vertex -38.1134 7.465 8
      vertex -38.0286 7.30629 0.5
      vertex -38.0286 7.30629 8
    endloop
  endfacet
  facet normal 0.0327229 -0.999464 0
    outer loop
      vertex -40.6749 8.83411 0.5
      vertex -40.495 8.84 8
      vertex -40.6749 8.83411 8
    endloop
  endfacet
  facet normal 0.0327229 -0.999464 0
    outer loop
      vertex -40.495 8.84 8
      vertex -40.6749 8.83411 0.5
      vertex -40.495 8.84 0.5
    endloop
  endfacet
  facet normal -0.582415 -0.812892 0
    outer loop
      vertex -38.9672 8.37654 0.5
      vertex -38.8209 8.27172 8
      vertex -38.9672 8.37654 8
    endloop
  endfacet
  facet normal -0.582415 -0.812892 -0
    outer loop
      vertex -38.8209 8.27172 8
      vertex -38.9672 8.37654 0.5
      vertex -38.8209 8.27172 0.5
    endloop
  endfacet
  facet normal -0.910794 -0.412861 0
    outer loop
      vertex -37.9543 7.14238 0.5
      vertex -38.0286 7.30629 8
      vertex -38.0286 7.30629 0.5
    endloop
  endfacet
  facet normal -0.910794 -0.412861 0
    outer loop
      vertex -38.0286 7.30629 8
      vertex -37.9543 7.14238 0.5
      vertex -37.9543 7.14238 8
    endloop
  endfacet
  facet normal 0.528119 -0.84917 0
    outer loop
      vertex -42.0228 8.37654 0.5
      vertex -41.87 8.47157 8
      vertex -42.0228 8.37654 8
    endloop
  endfacet
  facet normal 0.528119 -0.84917 0
    outer loop
      vertex -41.87 8.47157 8
      vertex -42.0228 8.37654 0.5
      vertex -41.87 8.47157 0.5
    endloop
  endfacet
  facet normal -0.683723 -0.729742 0
    outer loop
      vertex -38.6818 8.15756 0.5
      vertex -38.5505 8.03454 8
      vertex -38.6818 8.15756 8
    endloop
  endfacet
  facet normal -0.683723 -0.729742 -0
    outer loop
      vertex -38.5505 8.03454 8
      vertex -38.6818 8.15756 0.5
      vertex -38.5505 8.03454 0.5
    endloop
  endfacet
  facet normal 0.290304 -0.956935 0
    outer loop
      vertex -41.379 8.69406 0.5
      vertex -41.2068 8.7463 8
      vertex -41.379 8.69406 8
    endloop
  endfacet
  facet normal 0.290304 -0.956935 0
    outer loop
      vertex -41.2068 8.7463 8
      vertex -41.379 8.69406 0.5
      vertex -41.2068 8.7463 0.5
    endloop
  endfacet
  facet normal -0.881996 0.471257 0
    outer loop
      vertex -38.1134 4.715 0.5
      vertex -38.0286 4.87371 8
      vertex -38.0286 4.87371 0.5
    endloop
  endfacet
  facet normal -0.881996 0.471257 0
    outer loop
      vertex -38.0286 4.87371 8
      vertex -38.1134 4.715 0.5
      vertex -38.1134 4.715 8
    endloop
  endfacet
  facet normal 0.47141 -0.881914 0
    outer loop
      vertex -41.87 8.47157 0.5
      vertex -41.7113 8.5564 8
      vertex -41.87 8.47157 8
    endloop
  endfacet
  facet normal 0.47141 -0.881914 0
    outer loop
      vertex -41.7113 8.5564 8
      vertex -41.87 8.47157 0.5
      vertex -41.7113 8.5564 0.5
    endloop
  endfacet
  facet normal 0.162831 -0.986654 0
    outer loop
      vertex -41.0315 8.78716 0.5
      vertex -40.8539 8.81647 8
      vertex -41.0315 8.78716 8
    endloop
  endfacet
  facet normal 0.162831 -0.986654 0
    outer loop
      vertex -40.8539 8.81647 8
      vertex -41.0315 8.78716 0.5
      vertex -40.8539 8.81647 0.5
    endloop
  endfacet
  facet normal 0.973831 0.227274 0
    outer loop
      vertex -43.1513 5.37825 8
      vertex -43.1922 5.5535 0.5
      vertex -43.1922 5.5535 8
    endloop
  endfacet
  facet normal 0.973831 0.227274 0
    outer loop
      vertex -43.1922 5.5535 0.5
      vertex -43.1513 5.37825 8
      vertex -43.1513 5.37825 0.5
    endloop
  endfacet
  facet normal 0.935885 0.352305 0
    outer loop
      vertex -43.0357 5.03762 8
      vertex -43.0991 5.20604 0.5
      vertex -43.0991 5.20604 8
    endloop
  endfacet
  facet normal 0.935885 0.352305 0
    outer loop
      vertex -43.0991 5.20604 0.5
      vertex -43.0357 5.03762 8
      vertex -43.0357 5.03762 0.5
    endloop
  endfacet
  facet normal 0.227001 -0.973894 0
    outer loop
      vertex -41.2068 8.7463 0.5
      vertex -41.0315 8.78716 8
      vertex -41.2068 8.7463 8
    endloop
  endfacet
  facet normal 0.227001 -0.973894 0
    outer loop
      vertex -41.0315 8.78716 8
      vertex -41.2068 8.7463 0.5
      vertex -41.0315 8.78716 0.5
    endloop
  endfacet
  facet normal 0.47141 0.881914 -0
    outer loop
      vertex -41.7113 3.6236 0.5
      vertex -41.87 3.70843 8
      vertex -41.7113 3.6236 8
    endloop
  endfacet
  facet normal 0.47141 0.881914 0
    outer loop
      vertex -41.87 3.70843 8
      vertex -41.7113 3.6236 0.5
      vertex -41.87 3.70843 0.5
    endloop
  endfacet
  facet normal -0.973831 -0.227274 0
    outer loop
      vertex -37.7978 6.6265 0.5
      vertex -37.8387 6.80175 8
      vertex -37.8387 6.80175 0.5
    endloop
  endfacet
  facet normal -0.973831 -0.227274 0
    outer loop
      vertex -37.8387 6.80175 8
      vertex -37.7978 6.6265 0.5
      vertex -37.7978 6.6265 8
    endloop
  endfacet
  facet normal 0.812888 -0.58242 0
    outer loop
      vertex -42.7815 7.61782 8
      vertex -42.6767 7.76409 0.5
      vertex -42.6767 7.76409 8
    endloop
  endfacet
  facet normal 0.812888 -0.58242 0
    outer loop
      vertex -42.6767 7.76409 0.5
      vertex -42.7815 7.61782 8
      vertex -42.7815 7.61782 0.5
    endloop
  endfacet
  facet normal 0.935885 -0.352305 0
    outer loop
      vertex -43.0991 6.97396 8
      vertex -43.0357 7.14238 0.5
      vertex -43.0357 7.14238 8
    endloop
  endfacet
  facet normal 0.935885 -0.352305 0
    outer loop
      vertex -43.0357 7.14238 0.5
      vertex -43.0991 6.97396 8
      vertex -43.0991 6.97396 0.5
    endloop
  endfacet
  facet normal -0.290304 0.956935 0
    outer loop
      vertex -39.611 3.48594 0.5
      vertex -39.7832 3.4337 8
      vertex -39.611 3.48594 8
    endloop
  endfacet
  facet normal -0.290304 0.956935 0
    outer loop
      vertex -39.7832 3.4337 8
      vertex -39.611 3.48594 0.5
      vertex -39.7832 3.4337 0.5
    endloop
  endfacet
  facet normal 0.973831 -0.227274 0
    outer loop
      vertex -43.1922 6.6265 8
      vertex -43.1513 6.80175 0.5
      vertex -43.1513 6.80175 8
    endloop
  endfacet
  facet normal 0.973831 -0.227274 0
    outer loop
      vertex -43.1513 6.80175 0.5
      vertex -43.1922 6.6265 8
      vertex -43.1922 6.6265 0.5
    endloop
  endfacet
  facet normal -0.162831 -0.986654 0
    outer loop
      vertex -40.1361 8.81647 0.5
      vertex -39.9585 8.78716 8
      vertex -40.1361 8.81647 8
    endloop
  endfacet
  facet normal -0.162831 -0.986654 -0
    outer loop
      vertex -39.9585 8.78716 8
      vertex -40.1361 8.81647 0.5
      vertex -39.9585 8.78716 0.5
    endloop
  endfacet
  facet normal -0.0980724 -0.995179 0
    outer loop
      vertex -40.3151 8.83411 0.5
      vertex -40.1361 8.81647 8
      vertex -40.3151 8.83411 8
    endloop
  endfacet
  facet normal -0.0980724 -0.995179 -0
    outer loop
      vertex -40.1361 8.81647 8
      vertex -40.3151 8.83411 0.5
      vertex -40.1361 8.81647 0.5
    endloop
  endfacet
  facet normal -0.683723 0.729742 0
    outer loop
      vertex -38.5505 4.14546 0.5
      vertex -38.6818 4.02244 8
      vertex -38.5505 4.14546 8
    endloop
  endfacet
  facet normal -0.683723 0.729742 0
    outer loop
      vertex -38.6818 4.02244 8
      vertex -38.5505 4.14546 0.5
      vertex -38.6818 4.02244 0.5
    endloop
  endfacet
  facet normal -0.849027 0.52835 0
    outer loop
      vertex -38.2085 4.56218 0.5
      vertex -38.1134 4.715 8
      vertex -38.1134 4.715 0.5
    endloop
  endfacet
  facet normal -0.849027 0.52835 0
    outer loop
      vertex -38.1134 4.715 8
      vertex -38.2085 4.56218 0.5
      vertex -38.2085 4.56218 8
    endloop
  endfacet
  facet normal 0.986655 -0.162822 0
    outer loop
      vertex -43.2215 6.44895 8
      vertex -43.1922 6.6265 0.5
      vertex -43.1922 6.6265 8
    endloop
  endfacet
  facet normal 0.986655 -0.162822 0
    outer loop
      vertex -43.1922 6.6265 0.5
      vertex -43.2215 6.44895 8
      vertex -43.2215 6.44895 0.5
    endloop
  endfacet
  facet normal 0.986655 0.162822 0
    outer loop
      vertex -43.1922 5.5535 8
      vertex -43.2215 5.73105 0.5
      vertex -43.2215 5.73105 8
    endloop
  endfacet
  facet normal 0.986655 0.162822 0
    outer loop
      vertex -43.2215 5.73105 0.5
      vertex -43.1922 5.5535 8
      vertex -43.1922 5.5535 0.5
    endloop
  endfacet
  facet normal 0.683723 0.729742 -0
    outer loop
      vertex -42.3082 4.02244 0.5
      vertex -42.4395 4.14546 8
      vertex -42.3082 4.02244 8
    endloop
  endfacet
  facet normal 0.683723 0.729742 0
    outer loop
      vertex -42.4395 4.14546 8
      vertex -42.3082 4.02244 0.5
      vertex -42.4395 4.14546 0.5
    endloop
  endfacet
  facet normal 0.0980724 0.995179 -0
    outer loop
      vertex -40.6749 3.34589 0.5
      vertex -40.8539 3.36353 8
      vertex -40.6749 3.34589 8
    endloop
  endfacet
  facet normal 0.0980724 0.995179 0
    outer loop
      vertex -40.8539 3.36353 8
      vertex -40.6749 3.34589 0.5
      vertex -40.8539 3.36353 0.5
    endloop
  endfacet
  facet normal -0.935885 -0.352305 0
    outer loop
      vertex -37.8909 6.97396 0.5
      vertex -37.9543 7.14238 8
      vertex -37.9543 7.14238 0.5
    endloop
  endfacet
  facet normal -0.935885 -0.352305 0
    outer loop
      vertex -37.9543 7.14238 8
      vertex -37.8909 6.97396 0.5
      vertex -37.8909 6.97396 8
    endloop
  endfacet
  facet normal -0.0327229 0.999464 0
    outer loop
      vertex -40.3151 3.34589 0.5
      vertex -40.495 3.34 8
      vertex -40.3151 3.34589 8
    endloop
  endfacet
  facet normal -0.0327229 0.999464 0
    outer loop
      vertex -40.495 3.34 8
      vertex -40.3151 3.34589 0.5
      vertex -40.495 3.34 0.5
    endloop
  endfacet
  facet normal -0.986655 -0.162822 0
    outer loop
      vertex -37.7685 6.44895 0.5
      vertex -37.7978 6.6265 8
      vertex -37.7978 6.6265 0.5
    endloop
  endfacet
  facet normal -0.986655 -0.162822 0
    outer loop
      vertex -37.7978 6.6265 8
      vertex -37.7685 6.44895 0.5
      vertex -37.7685 6.44895 8
    endloop
  endfacet
  facet normal 0.412743 -0.910847 0
    outer loop
      vertex -41.7113 8.5564 0.5
      vertex -41.5474 8.63067 8
      vertex -41.7113 8.5564 8
    endloop
  endfacet
  facet normal 0.412743 -0.910847 0
    outer loop
      vertex -41.5474 8.63067 8
      vertex -41.7113 8.5564 0.5
      vertex -41.5474 8.63067 0.5
    endloop
  endfacet
  facet normal -0.634405 0.773001 0
    outer loop
      vertex -38.6818 4.02244 0.5
      vertex -38.8209 3.90828 8
      vertex -38.6818 4.02244 8
    endloop
  endfacet
  facet normal -0.634405 0.773001 0
    outer loop
      vertex -38.8209 3.90828 8
      vertex -38.6818 4.02244 0.5
      vertex -38.8209 3.90828 0.5
    endloop
  endfacet
  facet normal 0.352293 -0.93589 0
    outer loop
      vertex -41.5474 8.63067 0.5
      vertex -41.379 8.69406 8
      vertex -41.5474 8.63067 8
    endloop
  endfacet
  facet normal 0.352293 -0.93589 0
    outer loop
      vertex -41.379 8.69406 8
      vertex -41.5474 8.63067 0.5
      vertex -41.379 8.69406 0.5
    endloop
  endfacet
  facet normal 0.582415 -0.812892 0
    outer loop
      vertex -42.1691 8.27172 0.5
      vertex -42.0228 8.37654 8
      vertex -42.1691 8.27172 8
    endloop
  endfacet
  facet normal 0.582415 -0.812892 0
    outer loop
      vertex -42.0228 8.37654 8
      vertex -42.1691 8.27172 0.5
      vertex -42.0228 8.37654 0.5
    endloop
  endfacet
  facet normal -0.528119 -0.84917 0
    outer loop
      vertex -39.12 8.47157 0.5
      vertex -38.9672 8.37654 8
      vertex -39.12 8.47157 8
    endloop
  endfacet
  facet normal -0.528119 -0.84917 -0
    outer loop
      vertex -38.9672 8.37654 8
      vertex -39.12 8.47157 0.5
      vertex -38.9672 8.37654 0.5
    endloop
  endfacet
  facet normal -0.986655 0.162822 0
    outer loop
      vertex -37.7978 5.5535 0.5
      vertex -37.7685 5.73105 8
      vertex -37.7685 5.73105 0.5
    endloop
  endfacet
  facet normal -0.986655 0.162822 0
    outer loop
      vertex -37.7685 5.73105 8
      vertex -37.7978 5.5535 0.5
      vertex -37.7978 5.5535 8
    endloop
  endfacet
  facet normal 0.999462 -0.0327857 0
    outer loop
      vertex -43.245 6.09 8
      vertex -43.2391 6.26986 0.5
      vertex -43.2391 6.26986 8
    endloop
  endfacet
  facet normal 0.999462 -0.0327857 0
    outer loop
      vertex -43.2391 6.26986 0.5
      vertex -43.245 6.09 8
      vertex -43.245 6.09 0.5
    endloop
  endfacet
  facet normal 0.773187 0.634179 0
    outer loop
      vertex -42.5626 4.2768 8
      vertex -42.6767 4.41591 0.5
      vertex -42.6767 4.41591 8
    endloop
  endfacet
  facet normal 0.773187 0.634179 0
    outer loop
      vertex -42.6767 4.41591 0.5
      vertex -42.5626 4.2768 8
      vertex -42.5626 4.2768 0.5
    endloop
  endfacet
  facet normal -0.290304 -0.956935 0
    outer loop
      vertex -39.7832 8.7463 0.5
      vertex -39.611 8.69406 8
      vertex -39.7832 8.7463 8
    endloop
  endfacet
  facet normal -0.290304 -0.956935 -0
    outer loop
      vertex -39.611 8.69406 8
      vertex -39.7832 8.7463 0.5
      vertex -39.611 8.69406 0.5
    endloop
  endfacet
  facet normal 0.910794 -0.412861 0
    outer loop
      vertex -43.0357 7.14238 8
      vertex -42.9614 7.30629 0.5
      vertex -42.9614 7.30629 8
    endloop
  endfacet
  facet normal 0.910794 -0.412861 0
    outer loop
      vertex -42.9614 7.30629 0.5
      vertex -43.0357 7.14238 8
      vertex -43.0357 7.14238 0.5
    endloop
  endfacet
  facet normal 0.729624 -0.683849 0
    outer loop
      vertex -42.5626 7.9032 8
      vertex -42.4395 8.03454 0.5
      vertex -42.4395 8.03454 8
    endloop
  endfacet
  facet normal 0.729624 -0.683849 0
    outer loop
      vertex -42.4395 8.03454 0.5
      vertex -42.5626 7.9032 8
      vertex -42.5626 7.9032 0.5
    endloop
  endfacet
  facet normal -0.47141 -0.881914 0
    outer loop
      vertex -39.2787 8.5564 0.5
      vertex -39.12 8.47157 8
      vertex -39.2787 8.5564 8
    endloop
  endfacet
  facet normal -0.47141 -0.881914 -0
    outer loop
      vertex -39.12 8.47157 8
      vertex -39.2787 8.5564 0.5
      vertex -39.12 8.47157 0.5
    endloop
  endfacet
  facet normal 0.881996 -0.471257 0
    outer loop
      vertex -42.9614 7.30629 8
      vertex -42.8766 7.465 0.5
      vertex -42.8766 7.465 8
    endloop
  endfacet
  facet normal 0.881996 -0.471257 0
    outer loop
      vertex -42.8766 7.465 0.5
      vertex -42.9614 7.30629 8
      vertex -42.9614 7.30629 0.5
    endloop
  endfacet
  facet normal -0.47141 0.881914 0
    outer loop
      vertex -39.12 3.70843 0.5
      vertex -39.2787 3.6236 8
      vertex -39.12 3.70843 8
    endloop
  endfacet
  facet normal -0.47141 0.881914 0
    outer loop
      vertex -39.2787 3.6236 8
      vertex -39.12 3.70843 0.5
      vertex -39.2787 3.6236 0.5
    endloop
  endfacet
  facet normal 0.729624 0.683849 0
    outer loop
      vertex -42.4395 4.14546 8
      vertex -42.5626 4.2768 0.5
      vertex -42.5626 4.2768 8
    endloop
  endfacet
  facet normal 0.729624 0.683849 0
    outer loop
      vertex -42.5626 4.2768 0.5
      vertex -42.4395 4.14546 8
      vertex -42.4395 4.14546 0.5
    endloop
  endfacet
  facet normal -0.227001 0.973894 0
    outer loop
      vertex -39.7832 3.4337 0.5
      vertex -39.9585 3.39284 8
      vertex -39.7832 3.4337 8
    endloop
  endfacet
  facet normal -0.227001 0.973894 0
    outer loop
      vertex -39.9585 3.39284 8
      vertex -39.7832 3.4337 0.5
      vertex -39.9585 3.39284 0.5
    endloop
  endfacet
  facet normal -0.773187 0.634179 0
    outer loop
      vertex -38.4274 4.2768 0.5
      vertex -38.3133 4.41591 8
      vertex -38.3133 4.41591 0.5
    endloop
  endfacet
  facet normal -0.773187 0.634179 0
    outer loop
      vertex -38.3133 4.41591 8
      vertex -38.4274 4.2768 0.5
      vertex -38.4274 4.2768 8
    endloop
  endfacet
  facet normal 0.634405 -0.773001 0
    outer loop
      vertex -42.3082 8.15756 0.5
      vertex -42.1691 8.27172 8
      vertex -42.3082 8.15756 8
    endloop
  endfacet
  facet normal 0.634405 -0.773001 0
    outer loop
      vertex -42.1691 8.27172 8
      vertex -42.3082 8.15756 0.5
      vertex -42.1691 8.27172 0.5
    endloop
  endfacet
  facet normal 0.995206 -0.0978035 0
    outer loop
      vertex -43.2391 6.26986 8
      vertex -43.2215 6.44895 0.5
      vertex -43.2215 6.44895 8
    endloop
  endfacet
  facet normal 0.995206 -0.0978035 0
    outer loop
      vertex -43.2215 6.44895 0.5
      vertex -43.2391 6.26986 8
      vertex -43.2391 6.26986 0.5
    endloop
  endfacet
  facet normal 0.412743 0.910847 -0
    outer loop
      vertex -41.5474 3.54933 0.5
      vertex -41.7113 3.6236 8
      vertex -41.5474 3.54933 8
    endloop
  endfacet
  facet normal 0.412743 0.910847 0
    outer loop
      vertex -41.7113 3.6236 8
      vertex -41.5474 3.54933 0.5
      vertex -41.7113 3.6236 0.5
    endloop
  endfacet
  facet normal 0.910794 0.412861 0
    outer loop
      vertex -42.9614 4.87371 8
      vertex -43.0357 5.03762 0.5
      vertex -43.0357 5.03762 8
    endloop
  endfacet
  facet normal 0.910794 0.412861 0
    outer loop
      vertex -43.0357 5.03762 0.5
      vertex -42.9614 4.87371 8
      vertex -42.9614 4.87371 0.5
    endloop
  endfacet
  facet normal 0.227001 0.973894 -0
    outer loop
      vertex -41.0315 3.39284 0.5
      vertex -41.2068 3.4337 8
      vertex -41.0315 3.39284 8
    endloop
  endfacet
  facet normal 0.227001 0.973894 0
    outer loop
      vertex -41.2068 3.4337 8
      vertex -41.0315 3.39284 0.5
      vertex -41.2068 3.4337 0.5
    endloop
  endfacet
  facet normal 0.881996 0.471257 0
    outer loop
      vertex -42.8766 4.715 8
      vertex -42.9614 4.87371 0.5
      vertex -42.9614 4.87371 8
    endloop
  endfacet
  facet normal 0.881996 0.471257 0
    outer loop
      vertex -42.9614 4.87371 0.5
      vertex -42.8766 4.715 8
      vertex -42.8766 4.715 0.5
    endloop
  endfacet
  facet normal 0.528119 0.84917 -0
    outer loop
      vertex -41.87 3.70843 0.5
      vertex -42.0228 3.80346 8
      vertex -41.87 3.70843 8
    endloop
  endfacet
  facet normal 0.528119 0.84917 0
    outer loop
      vertex -42.0228 3.80346 8
      vertex -41.87 3.70843 0.5
      vertex -42.0228 3.80346 0.5
    endloop
  endfacet
  facet normal -0.706915 -0.02328 -0.706915
    outer loop
      vertex -37.252 6.30256 0
      vertex -37.245 6.09 0
      vertex -37.745 6.09 0.5
    endloop
  endfacet
  facet normal 0.546884 -0.448562 -0.706902
    outer loop
      vertex -42.5626 7.9032 0.5
      vertex -42.6767 7.76409 0.5
      vertex -42.9385 8.23287 0
    endloop
  endfacet
  facet normal 0.205346 -0.676836 -0.706913
    outer loop
      vertex -41.3362 9.22926 0
      vertex -41.2068 8.7463 0.5
      vertex -41.5397 9.16752 0
    endloop
  endfacet
  facet normal -0.115255 -0.697849 -0.706911
    outer loop
      vertex -39.861 9.27755 0
      vertex -39.9585 8.78716 0.5
      vertex -40.0708 9.3122 0
    endloop
  endfacet
  facet normal 0.688785 -0.160749 -0.706919
    outer loop
      vertex -43.1513 6.80175 0.5
      vertex -43.1922 6.6265 0.5
      vertex -43.6826 6.72404 0
    endloop
  endfacet
  facet normal -0.115255 0.697849 -0.706911
    outer loop
      vertex -39.9585 3.39284 0.5
      vertex -39.861 2.90245 0
      vertex -40.0708 2.8678 0
    endloop
  endfacet
  facet normal -0.0231448 -0.706917 -0.706918
    outer loop
      vertex -40.2824 9.33304 0
      vertex -40.3151 8.83411 0.5
      vertex -40.495 8.84 0.5
    endloop
  endfacet
  facet normal -0.661973 0.249193 -0.706891
    outer loop
      vertex -37.8909 5.20604 0.5
      vertex -37.4924 4.84628 0
      vertex -37.9543 5.03762 0.5
    endloop
  endfacet
  facet normal -0.676928 0.205189 -0.706871
    outer loop
      vertex -37.8387 5.37825 0.5
      vertex -37.4175 5.04532 0
      vertex -37.8909 5.20604 0.5
    endloop
  endfacet
  facet normal -0.373538 -0.600617 -0.706915
    outer loop
      vertex -38.87 8.90458 0
      vertex -38.9672 8.37654 0.5
      vertex -39.12 8.47157 0.5
    endloop
  endfacet
  facet normal -0.0693654 0.703878 -0.706926
    outer loop
      vertex -40.1361 3.36353 0.5
      vertex -40.0708 2.8678 0
      vertex -40.3151 3.34589 0.5
    endloop
  endfacet
  facet normal -0.644242 -0.291991 -0.70689
    outer loop
      vertex -37.5802 7.52744 0
      vertex -37.4924 7.33372 0
      vertex -37.9543 7.14238 0.5
    endloop
  endfacet
  facet normal -0.333432 -0.623786 -0.706905
    outer loop
      vertex -39.0576 9.00484 0
      vertex -39.12 8.47157 0.5
      vertex -39.2787 8.5564 0.5
    endloop
  endfacet
  facet normal 0.373486 -0.600637 -0.706926
    outer loop
      vertex -42.12 8.90458 0
      vertex -42.0228 8.37654 0.5
      vertex -42.3006 8.79228 0
    endloop
  endfacet
  facet normal -0.373532 0.600607 -0.706927
    outer loop
      vertex -38.9672 3.80346 0.5
      vertex -38.6894 3.38772 0
      vertex -39.12 3.70843 0.5
    endloop
  endfacet
  facet normal -0.411934 0.574947 -0.706927
    outer loop
      vertex -38.8209 3.90828 0.5
      vertex -38.6894 3.38772 0
      vertex -38.9672 3.80346 0.5
    endloop
  endfacet
  facet normal 0.411939 0.574945 -0.706926
    outer loop
      vertex -42.1691 3.90828 0.5
      vertex -42.3006 3.38772 0
      vertex -42.4735 3.5116 0
    endloop
  endfacet
  facet normal 0.205333 -0.676843 -0.70691
    outer loop
      vertex -41.2068 8.7463 0.5
      vertex -41.379 8.69406 0.5
      vertex -41.5397 9.16752 0
    endloop
  endfacet
  facet normal 0.60065 -0.373494 -0.70691
    outer loop
      vertex -43.1973 7.8956 0
      vertex -42.8766 7.465 0.5
      vertex -43.3096 7.715 0
    endloop
  endfacet
  facet normal -0.483528 -0.516189 -0.70693
    outer loop
      vertex -38.3521 8.53348 0
      vertex -38.1969 8.3881 0
      vertex -38.6818 8.15756 0.5
    endloop
  endfacet
  facet normal -0.448704 0.546731 -0.70693
    outer loop
      vertex -38.6818 4.02244 0.5
      vertex -38.3521 3.64652 0
      vertex -38.8209 3.90828 0.5
    endloop
  endfacet
  facet normal -0.483528 0.516189 -0.70693
    outer loop
      vertex -38.1969 3.7919 0
      vertex -38.3521 3.64652 0
      vertex -38.6818 4.02244 0.5
    endloop
  endfacet
  facet normal -0.676761 -0.205502 -0.706939
    outer loop
      vertex -37.4175 7.13468 0
      vertex -37.3557 6.93116 0
      vertex -37.8387 6.80175 0.5
    endloop
  endfacet
  facet normal -0.600612 0.37347 -0.706954
    outer loop
      vertex -37.6804 4.465 0
      vertex -37.7927 4.2844 0
      vertex -38.2085 4.56218 0.5
    endloop
  endfacet
  facet normal -0.0693238 -0.703883 -0.706925
    outer loop
      vertex -40.0708 9.3122 0
      vertex -40.1361 8.81647 0.5
      vertex -40.2824 9.33304 0
    endloop
  endfacet
  facet normal -0.600523 0.373706 -0.706906
    outer loop
      vertex -38.1134 4.715 0.5
      vertex -37.6804 4.465 0
      vertex -38.2085 4.56218 0.5
    endloop
  endfacet
  facet normal -0.249182 -0.661958 -0.706909
    outer loop
      vertex -39.4503 9.16752 0
      vertex -39.2513 9.09261 0
      vertex -39.611 8.69406 0.5
    endloop
  endfacet
  facet normal -0.688785 -0.160749 -0.706919
    outer loop
      vertex -37.3074 6.72404 0
      vertex -37.7978 6.6265 0.5
      vertex -37.8387 6.80175 0.5
    endloop
  endfacet
  facet normal 0.69787 -0.115076 -0.70692
    outer loop
      vertex -43.6826 6.72404 0
      vertex -43.1922 6.6265 0.5
      vertex -43.7172 6.51421 0
    endloop
  endfacet
  facet normal -0.662003 -0.249116 -0.70689
    outer loop
      vertex -37.4924 7.33372 0
      vertex -37.4175 7.13468 0
      vertex -37.9543 7.14238 0.5
    endloop
  endfacet
  facet normal -0.54686 -0.448542 -0.706933
    outer loop
      vertex -37.9166 8.06847 0
      vertex -38.3133 7.76409 0.5
      vertex -38.4274 7.9032 0.5
    endloop
  endfacet
  facet normal 0.662003 -0.249116 -0.70689
    outer loop
      vertex -43.4976 7.33372 0
      vertex -43.0357 7.14238 0.5
      vertex -43.5725 7.13468 0
    endloop
  endfacet
  facet normal -0.703923 -0.0691784 -0.706899
    outer loop
      vertex -37.2728 6.51421 0
      vertex -37.252 6.30256 0
      vertex -37.7685 6.44895 0.5
    endloop
  endfacet
  facet normal 0.697873 0.115166 -0.706902
    outer loop
      vertex -43.2215 5.73105 0.5
      vertex -43.1922 5.5535 0.5
      vertex -43.7172 5.66579 0
    endloop
  endfacet
  facet normal 0.411938 -0.574944 -0.706927
    outer loop
      vertex -42.3006 8.79228 0
      vertex -42.0228 8.37654 0.5
      vertex -42.4735 8.6684 0
    endloop
  endfacet
  facet normal -0.483575 -0.516123 -0.706945
    outer loop
      vertex -38.1969 8.3881 0
      vertex -38.5505 8.03454 0.5
      vertex -38.6818 8.15756 0.5
    endloop
  endfacet
  facet normal -0.448706 -0.546732 -0.706928
    outer loop
      vertex -38.5165 8.6684 0
      vertex -38.6818 8.15756 0.5
      vertex -38.8209 8.27172 0.5
    endloop
  endfacet
  facet normal 0.516037 -0.483662 -0.706949
    outer loop
      vertex -42.4395 8.03454 0.5
      vertex -42.5626 7.9032 0.5
      vertex -42.7931 8.3881 0
    endloop
  endfacet
  facet normal 0.0693663 -0.703887 -0.706917
    outer loop
      vertex -40.7076 9.33304 0
      vertex -40.6749 8.83411 0.5
      vertex -40.8539 8.81647 0.5
    endloop
  endfacet
  facet normal 0.51622 -0.48353 -0.706905
    outer loop
      vertex -42.7931 8.3881 0
      vertex -42.5626 7.9032 0.5
      vertex -42.9385 8.23287 0
    endloop
  endfacet
  facet normal 0.623862 -0.333285 -0.706907
    outer loop
      vertex -43.3096 7.715 0
      vertex -42.8766 7.465 0.5
      vertex -43.4098 7.52744 0
    endloop
  endfacet
  facet normal 0.600478 -0.373678 -0.706958
    outer loop
      vertex -42.7815 7.61782 0.5
      vertex -42.8766 7.465 0.5
      vertex -43.1973 7.8956 0
    endloop
  endfacet
  facet normal 0.574875 -0.412027 -0.706932
    outer loop
      vertex -43.0734 8.06847 0
      vertex -42.6767 7.76409 0.5
      vertex -43.1973 7.8956 0
    endloop
  endfacet
  facet normal -0.644242 0.291991 -0.70689
    outer loop
      vertex -37.4924 4.84628 0
      vertex -37.5802 4.65256 0
      vertex -37.9543 5.03762 0.5
    endloop
  endfacet
  facet normal 0.546769 -0.448657 -0.706931
    outer loop
      vertex -42.9385 8.23287 0
      vertex -42.6767 7.76409 0.5
      vertex -43.0734 8.06847 0
    endloop
  endfacet
  facet normal -0.688789 -0.160624 -0.706943
    outer loop
      vertex -37.3557 6.93116 0
      vertex -37.3074 6.72404 0
      vertex -37.8387 6.80175 0.5
    endloop
  endfacet
  facet normal 0.373538 -0.600617 -0.706915
    outer loop
      vertex -41.87 8.47157 0.5
      vertex -42.0228 8.37654 0.5
      vertex -42.12 8.90458 0
    endloop
  endfacet
  facet normal -0.623862 0.333285 -0.706907
    outer loop
      vertex -37.5802 4.65256 0
      vertex -37.6804 4.465 0
      vertex -38.1134 4.715 0.5
    endloop
  endfacet
  facet normal -0.0231448 0.706917 -0.706917
    outer loop
      vertex -40.495 3.34 0.5
      vertex -40.3151 3.34589 0.5
      vertex -40.495 2.84 0
    endloop
  endfacet
  facet normal -0.623862 -0.333285 -0.706907
    outer loop
      vertex -37.6804 7.715 0
      vertex -37.5802 7.52744 0
      vertex -38.1134 7.465 0.5
    endloop
  endfacet
  facet normal 0.160559 -0.68884 -0.706909
    outer loop
      vertex -41.129 9.27755 0
      vertex -41.0315 8.78716 0.5
      vertex -41.2068 8.7463 0.5
    endloop
  endfacet
  facet normal -0.333432 0.623786 -0.706905
    outer loop
      vertex -39.12 3.70843 0.5
      vertex -39.0576 3.17516 0
      vertex -39.2787 3.6236 0.5
    endloop
  endfacet
  facet normal -0.411935 -0.574948 -0.706926
    outer loop
      vertex -38.5165 8.6684 0
      vertex -38.8209 8.27172 0.5
      vertex -38.9672 8.37654 0.5
    endloop
  endfacet
  facet normal 0.516037 0.483662 -0.706949
    outer loop
      vertex -42.5626 4.2768 0.5
      vertex -42.4395 4.14546 0.5
      vertex -42.7931 3.7919 0
    endloop
  endfacet
  facet normal -0.697873 -0.115166 -0.706902
    outer loop
      vertex -37.2728 6.51421 0
      vertex -37.7685 6.44895 0.5
      vertex -37.7978 6.6265 0.5
    endloop
  endfacet
  facet normal 0.706917 -0.0231892 -0.706917
    outer loop
      vertex -43.2391 6.26986 0.5
      vertex -43.245 6.09 0.5
      vertex -43.745 6.09 0
    endloop
  endfacet
  facet normal 0.448697 -0.546737 -0.70693
    outer loop
      vertex -42.4735 8.6684 0
      vertex -42.3082 8.15756 0.5
      vertex -42.6379 8.53348 0
    endloop
  endfacet
  facet normal 0.703924 0.0691778 -0.706899
    outer loop
      vertex -43.2391 5.91014 0.5
      vertex -43.2215 5.73105 0.5
      vertex -43.7172 5.66579 0
    endloop
  endfacet
  facet normal 0.600478 0.373678 -0.706958
    outer loop
      vertex -42.8766 4.715 0.5
      vertex -42.7815 4.56218 0.5
      vertex -43.1973 4.2844 0
    endloop
  endfacet
  facet normal -0.662017 0.249121 -0.706875
    outer loop
      vertex -37.4175 5.04532 0
      vertex -37.4924 4.84628 0
      vertex -37.8909 5.20604 0.5
    endloop
  endfacet
  facet normal 0.662017 0.249121 -0.706875
    outer loop
      vertex -43.0991 5.20604 0.5
      vertex -43.4976 4.84628 0
      vertex -43.5725 5.04532 0
    endloop
  endfacet
  facet normal 0.205346 0.676836 -0.706913
    outer loop
      vertex -41.2068 3.4337 0.5
      vertex -41.3362 2.95074 0
      vertex -41.5397 3.01248 0
    endloop
  endfacet
  facet normal -0.546789 -0.448673 -0.706904
    outer loop
      vertex -38.0515 8.23287 0
      vertex -37.9166 8.06847 0
      vertex -38.4274 7.9032 0.5
    endloop
  endfacet
  facet normal -0.205346 0.676836 -0.706913
    outer loop
      vertex -39.4503 3.01248 0
      vertex -39.6538 2.95074 0
      vertex -39.7832 3.4337 0.5
    endloop
  endfacet
  facet normal 0.546856 0.448539 -0.706938
    outer loop
      vertex -42.6767 4.41591 0.5
      vertex -42.5626 4.2768 0.5
      vertex -43.0734 4.11152 0
    endloop
  endfacet
  facet normal 0.333432 0.623786 -0.706905
    outer loop
      vertex -41.87 3.70843 0.5
      vertex -41.7113 3.6236 0.5
      vertex -41.9324 3.17516 0
    endloop
  endfacet
  facet normal 0.60065 0.373494 -0.70691
    outer loop
      vertex -42.8766 4.715 0.5
      vertex -43.1973 4.2844 0
      vertex -43.3096 4.465 0
    endloop
  endfacet
  facet normal -0.115168 0.697846 -0.706928
    outer loop
      vertex -39.9585 3.39284 0.5
      vertex -40.0708 2.8678 0
      vertex -40.1361 3.36353 0.5
    endloop
  endfacet
  facet normal 0.333381 -0.623801 -0.706915
    outer loop
      vertex -41.9324 9.00484 0
      vertex -41.87 8.47157 0.5
      vertex -42.12 8.90458 0
    endloop
  endfacet
  facet normal -0.706915 0.02328 -0.706915
    outer loop
      vertex -37.245 6.09 0
      vertex -37.252 5.87744 0
      vertex -37.745 6.09 0.5
    endloop
  endfacet
  facet normal -0.623849 -0.333327 -0.706898
    outer loop
      vertex -37.5802 7.52744 0
      vertex -38.0286 7.30629 0.5
      vertex -38.1134 7.465 0.5
    endloop
  endfacet
  facet normal 0 0 -1
    outer loop
      vertex 44.505 -24.61 0
      vertex 50.505 -18.61 0
      vertex 50.4921 -19.0024 0
    endloop
  endfacet
  facet normal 0 0 -1
    outer loop
      vertex 50.505 -18.61 0
      vertex 43.6926 5.45596 0
      vertex 50.505 17.99 0
    endloop
  endfacet
  facet normal 0 0 -1
    outer loop
      vertex 44.505 -24.61 0
      vertex 50.4921 -19.0024 0
      vertex 50.4537 -19.3931 0
    endloop
  endfacet
  facet normal 0 -0 -1
    outer loop
      vertex 43.7272 5.66579 0
      vertex 50.505 17.99 0
      vertex 43.6926 5.45596 0
    endloop
  endfacet
  facet normal 0 0 -1
    outer loop
      vertex 44.505 -24.61 0
      vertex 50.4537 -19.3931 0
      vertex 50.3897 -19.7805 0
    endloop
  endfacet
  facet normal 0 -0 -1
    outer loop
      vertex 43.748 5.87744 0
      vertex 50.505 17.99 0
      vertex 43.7272 5.66579 0
    endloop
  endfacet
  facet normal 0 0 -1
    outer loop
      vertex 44.505 -24.61 0
      vertex 50.3897 -19.7805 0
      vertex 50.3005 -20.1629 0
    endloop
  endfacet
  facet normal 0 -0 -1
    outer loop
      vertex 43.755 6.09 0
      vertex 50.505 17.99 0
      vertex 43.748 5.87744 0
    endloop
  endfacet
  facet normal 0 0 -1
    outer loop
      vertex 44.505 -24.61 0
      vertex 50.3005 -20.1629 0
      vertex 50.1866 -20.5386 0
    endloop
  endfacet
  facet normal 0 0 -1
    outer loop
      vertex 43.748 6.30256 0
      vertex 50.505 17.99 0
      vertex 43.755 6.09 0
    endloop
  endfacet
  facet normal 0 0 -1
    outer loop
      vertex 44.505 -24.61 0
      vertex 50.1866 -20.5386 0
      vertex 50.0483 -20.9061 0
    endloop
  endfacet
  facet normal 0 0 -1
    outer loop
      vertex 43.7272 6.51421 0
      vertex 50.505 17.99 0
      vertex 43.748 6.30256 0
    endloop
  endfacet
  facet normal 0 0 -1
    outer loop
      vertex 44.505 -24.61 0
      vertex 50.0483 -20.9061 0
      vertex 49.8862 -21.2637 0
    endloop
  endfacet
  facet normal 0 0 -1
    outer loop
      vertex 43.6926 6.72404 0
      vertex 50.505 17.99 0
      vertex 43.7272 6.51421 0
    endloop
  endfacet
  facet normal 0 0 -1
    outer loop
      vertex 44.505 -24.61 0
      vertex 49.8862 -21.2637 0
      vertex 49.7011 -21.61 0
    endloop
  endfacet
  facet normal 0 0 -1
    outer loop
      vertex 43.5825 7.13468 0
      vertex 50.505 17.99 0
      vertex 43.6443 6.93116 0
    endloop
  endfacet
  facet normal 0 0 -1
    outer loop
      vertex 44.505 -24.61 0
      vertex 49.7011 -21.61 0
      vertex 49.4938 -21.9434 0
    endloop
  endfacet
  facet normal 0 0 -1
    outer loop
      vertex 43.5076 7.33372 0
      vertex 50.505 17.99 0
      vertex 43.5825 7.13468 0
    endloop
  endfacet
  facet normal 0 0 -1
    outer loop
      vertex 44.505 -24.61 0
      vertex 49.4938 -21.9434 0
      vertex 49.2651 -22.2626 0
    endloop
  endfacet
  facet normal 0 0 -1
    outer loop
      vertex 43.4198 7.52744 0
      vertex 50.505 17.99 0
      vertex 43.5076 7.33372 0
    endloop
  endfacet
  facet normal 0 0 -1
    outer loop
      vertex 44.505 -24.61 0
      vertex 49.2651 -22.2626 0
      vertex 49.016 -22.5661 0
    endloop
  endfacet
  facet normal 0 0 -1
    outer loop
      vertex 43.3196 7.715 0
      vertex 50.505 17.99 0
      vertex 43.4198 7.52744 0
    endloop
  endfacet
  facet normal 0 0 -1
    outer loop
      vertex 44.505 -24.61 0
      vertex 49.016 -22.5661 0
      vertex 48.7476 -22.8526 0
    endloop
  endfacet
  facet normal 0 0 -1
    outer loop
      vertex 43.2073 7.8956 0
      vertex 50.505 17.99 0
      vertex 43.3196 7.715 0
    endloop
  endfacet
  facet normal 0 0 -1
    outer loop
      vertex 44.505 -24.61 0
      vertex 48.7476 -22.8526 0
      vertex 48.4611 -23.121 0
    endloop
  endfacet
  facet normal 0 0 -1
    outer loop
      vertex 43.0834 8.06847 0
      vertex 50.505 17.99 0
      vertex 43.2073 7.8956 0
    endloop
  endfacet
  facet normal 0 0 -1
    outer loop
      vertex 44.505 -24.61 0
      vertex 48.4611 -23.121 0
      vertex 48.1576 -23.3701 0
    endloop
  endfacet
  facet normal 0 0 -1
    outer loop
      vertex 42.9485 8.23287 0
      vertex 50.505 17.99 0
      vertex 43.0834 8.06847 0
    endloop
  endfacet
  facet normal 0 0 -1
    outer loop
      vertex 44.505 -24.61 0
      vertex 48.1576 -23.3701 0
      vertex 47.8384 -23.5988 0
    endloop
  endfacet
  facet normal 0 0 -1
    outer loop
      vertex 42.8031 8.3881 0
      vertex 50.505 17.99 0
      vertex 42.9485 8.23287 0
    endloop
  endfacet
  facet normal 0 0 -1
    outer loop
      vertex 44.505 -24.61 0
      vertex 47.8384 -23.5988 0
      vertex 47.505 -23.8061 0
    endloop
  endfacet
  facet normal 0 0 -1
    outer loop
      vertex 42.4835 8.6684 0
      vertex 50.505 17.99 0
      vertex 42.6479 8.53348 0
    endloop
  endfacet
  facet normal 0 0 -1
    outer loop
      vertex 44.505 -24.61 0
      vertex 47.505 -23.8061 0
      vertex 47.1587 -23.9912 0
    endloop
  endfacet
  facet normal 0 0 -1
    outer loop
      vertex 42.3106 8.79228 0
      vertex 50.505 17.99 0
      vertex 42.4835 8.6684 0
    endloop
  endfacet
  facet normal 0 0 -1
    outer loop
      vertex 44.505 -24.61 0
      vertex 47.1587 -23.9912 0
      vertex 46.8011 -24.1533 0
    endloop
  endfacet
  facet normal 0 0 -1
    outer loop
      vertex 42.13 8.90458 0
      vertex 50.505 17.99 0
      vertex 42.3106 8.79228 0
    endloop
  endfacet
  facet normal 0 0 -1
    outer loop
      vertex 44.505 -24.61 0
      vertex 46.8011 -24.1533 0
      vertex 46.4336 -24.2916 0
    endloop
  endfacet
  facet normal 0 0 -1
    outer loop
      vertex 41.9424 9.00484 0
      vertex 50.505 17.99 0
      vertex 42.13 8.90458 0
    endloop
  endfacet
  facet normal 0 0 -1
    outer loop
      vertex 44.505 -24.61 0
      vertex 46.4336 -24.2916 0
      vertex 46.0579 -24.4055 0
    endloop
  endfacet
  facet normal 0 0 -1
    outer loop
      vertex 41.7487 9.09261 0
      vertex 50.505 17.99 0
      vertex 41.9424 9.00484 0
    endloop
  endfacet
  facet normal 0 0 -1
    outer loop
      vertex 44.505 -24.61 0
      vertex 46.0579 -24.4055 0
      vertex 45.6755 -24.4947 0
    endloop
  endfacet
  facet normal 0 0 -1
    outer loop
      vertex 41.5497 9.16752 0
      vertex 50.505 17.99 0
      vertex 41.7487 9.09261 0
    endloop
  endfacet
  facet normal 0 0 -1
    outer loop
      vertex 44.505 -24.61 0
      vertex 45.6755 -24.4947 0
      vertex 45.2881 -24.5587 0
    endloop
  endfacet
  facet normal 0 0 -1
    outer loop
      vertex 41.3462 9.22926 0
      vertex 50.505 17.99 0
      vertex 41.5497 9.16752 0
    endloop
  endfacet
  facet normal 0 0 -1
    outer loop
      vertex 44.505 -24.61 0
      vertex 45.2881 -24.5587 0
      vertex 44.8974 -24.5971 0
    endloop
  endfacet
  facet normal 0 0 -1
    outer loop
      vertex 50.505 17.99 0
      vertex 44.505 23.99 0
      vertex 50.4921 18.3824 0
    endloop
  endfacet
  facet normal -0 0 -1
    outer loop
      vertex 50.505 -18.61 0
      vertex 44.505 -24.61 0
      vertex 40.0808 2.8678 0
    endloop
  endfacet
  facet normal 0 0 -1
    outer loop
      vertex 50.4921 18.3824 0
      vertex 44.505 23.99 0
      vertex 50.4537 18.7731 0
    endloop
  endfacet
  facet normal 0 0 -1
    outer loop
      vertex 50.4537 18.7731 0
      vertex 44.505 23.99 0
      vertex 50.3897 19.1605 0
    endloop
  endfacet
  facet normal 0 -0 -1
    outer loop
      vertex 44.505 23.99 0
      vertex 50.505 17.99 0
      vertex 41.3462 9.22926 0
    endloop
  endfacet
  facet normal 0 0 -1
    outer loop
      vertex 42.6479 8.53348 0
      vertex 50.505 17.99 0
      vertex 42.8031 8.3881 0
    endloop
  endfacet
  facet normal 0 0 -1
    outer loop
      vertex 43.6443 6.93116 0
      vertex 50.505 17.99 0
      vertex 43.6926 6.72404 0
    endloop
  endfacet
  facet normal 0 0 -1
    outer loop
      vertex 50.505 -18.61 0
      vertex 43.6443 5.24884 0
      vertex 43.6926 5.45596 0
    endloop
  endfacet
  facet normal 0 0 -1
    outer loop
      vertex 50.505 -18.61 0
      vertex 43.5825 5.04532 0
      vertex 43.6443 5.24884 0
    endloop
  endfacet
  facet normal 0 0 -1
    outer loop
      vertex 50.505 -18.61 0
      vertex 43.5076 4.84628 0
      vertex 43.5825 5.04532 0
    endloop
  endfacet
  facet normal 0 0 -1
    outer loop
      vertex 50.505 -18.61 0
      vertex 43.4198 4.65256 0
      vertex 43.5076 4.84628 0
    endloop
  endfacet
  facet normal 0 0 -1
    outer loop
      vertex 50.505 -18.61 0
      vertex 43.3196 4.465 0
      vertex 43.4198 4.65256 0
    endloop
  endfacet
  facet normal 0 0 -1
    outer loop
      vertex 50.505 -18.61 0
      vertex 43.2073 4.2844 0
      vertex 43.3196 4.465 0
    endloop
  endfacet
  facet normal 0 0 -1
    outer loop
      vertex 50.505 -18.61 0
      vertex 43.0834 4.11152 0
      vertex 43.2073 4.2844 0
    endloop
  endfacet
  facet normal 0 0 -1
    outer loop
      vertex 50.505 -18.61 0
      vertex 42.9485 3.94713 0
      vertex 43.0834 4.11152 0
    endloop
  endfacet
  facet normal 0 0 -1
    outer loop
      vertex 50.505 -18.61 0
      vertex 42.8031 3.7919 0
      vertex 42.9485 3.94713 0
    endloop
  endfacet
  facet normal 0 0 -1
    outer loop
      vertex 50.505 -18.61 0
      vertex 42.6479 3.64652 0
      vertex 42.8031 3.7919 0
    endloop
  endfacet
  facet normal 0 0 -1
    outer loop
      vertex 50.505 -18.61 0
      vertex 42.4835 3.5116 0
      vertex 42.6479 3.64652 0
    endloop
  endfacet
  facet normal 0 0 -1
    outer loop
      vertex 50.505 -18.61 0
      vertex 42.3106 3.38772 0
      vertex 42.4835 3.5116 0
    endloop
  endfacet
  facet normal 0 0 -1
    outer loop
      vertex 50.505 -18.61 0
      vertex 42.13 3.27542 0
      vertex 42.3106 3.38772 0
    endloop
  endfacet
  facet normal 0 0 -1
    outer loop
      vertex 50.505 -18.61 0
      vertex 41.9424 3.17516 0
      vertex 42.13 3.27542 0
    endloop
  endfacet
  facet normal 0 0 -1
    outer loop
      vertex 50.505 -18.61 0
      vertex 41.7487 3.08739 0
      vertex 41.9424 3.17516 0
    endloop
  endfacet
  facet normal 0 0 -1
    outer loop
      vertex 50.505 -18.61 0
      vertex 41.5497 3.01248 0
      vertex 41.7487 3.08739 0
    endloop
  endfacet
  facet normal 0 0 -1
    outer loop
      vertex 50.505 -18.61 0
      vertex 41.3462 2.95074 0
      vertex 41.5497 3.01248 0
    endloop
  endfacet
  facet normal 0 0 -1
    outer loop
      vertex 50.505 -18.61 0
      vertex 41.139 2.90245 0
      vertex 41.3462 2.95074 0
    endloop
  endfacet
  facet normal 0 0 -1
    outer loop
      vertex 50.505 -18.61 0
      vertex 40.9292 2.8678 0
      vertex 41.139 2.90245 0
    endloop
  endfacet
  facet normal 0 0 -1
    outer loop
      vertex 50.505 -18.61 0
      vertex 40.7176 2.84696 0
      vertex 40.9292 2.8678 0
    endloop
  endfacet
  facet normal 0 0 -1
    outer loop
      vertex 50.505 -18.61 0
      vertex 40.505 2.84 0
      vertex 40.7176 2.84696 0
    endloop
  endfacet
  facet normal 0 0 -1
    outer loop
      vertex 50.505 -18.61 0
      vertex 40.2924 2.84696 0
      vertex 40.505 2.84 0
    endloop
  endfacet
  facet normal 0 0 -1
    outer loop
      vertex 50.505 -18.61 0
      vertex 40.0808 2.8678 0
      vertex 40.2924 2.84696 0
    endloop
  endfacet
  facet normal 0 0 -1
    outer loop
      vertex 44.505 -24.61 0
      vertex 39.871 2.90245 0
      vertex 40.0808 2.8678 0
    endloop
  endfacet
  facet normal 0 0 -1
    outer loop
      vertex 44.505 -24.61 0
      vertex 39.6638 2.95074 0
      vertex 39.871 2.90245 0
    endloop
  endfacet
  facet normal 0 0 -1
    outer loop
      vertex 44.505 -24.61 0
      vertex 39.4603 3.01248 0
      vertex 39.6638 2.95074 0
    endloop
  endfacet
  facet normal 0 0 -1
    outer loop
      vertex 44.505 -24.61 0
      vertex 39.2613 3.08739 0
      vertex 39.4603 3.01248 0
    endloop
  endfacet
  facet normal 0 0 -1
    outer loop
      vertex 44.505 -24.61 0
      vertex 39.0676 3.17516 0
      vertex 39.2613 3.08739 0
    endloop
  endfacet
  facet normal 0 0 -1
    outer loop
      vertex 44.505 -24.61 0
      vertex 38.88 3.27542 0
      vertex 39.0676 3.17516 0
    endloop
  endfacet
  facet normal 0 0 -1
    outer loop
      vertex 44.505 -24.61 0
      vertex 38.6994 3.38772 0
      vertex 38.88 3.27542 0
    endloop
  endfacet
  facet normal 0 0 -1
    outer loop
      vertex 44.505 -24.61 0
      vertex 38.5265 3.5116 0
      vertex 38.6994 3.38772 0
    endloop
  endfacet
  facet normal 0 0 -1
    outer loop
      vertex 9.52524 -1.21514 0
      vertex 38.5265 3.5116 0
      vertex 44.505 -24.61 0
    endloop
  endfacet
  facet normal 0 -0 -1
    outer loop
      vertex 9.98263 -0.576842 0
      vertex 38.5265 3.5116 0
      vertex 9.52524 -1.21514 0
    endloop
  endfacet
  facet normal -0 0 -1
    outer loop
      vertex 38.5265 3.5116 0
      vertex 9.98263 -0.576842 0
      vertex 38.3621 3.64652 0
    endloop
  endfacet
  facet normal 0 -0 -1
    outer loop
      vertex 10.3973 0.0899992 0
      vertex 38.3621 3.64652 0
      vertex 9.98263 -0.576842 0
    endloop
  endfacet
  facet normal -0 0 -1
    outer loop
      vertex 38.3621 3.64652 0
      vertex 10.3973 0.0899992 0
      vertex 38.2069 3.7919 0
    endloop
  endfacet
  facet normal -0 0 -1
    outer loop
      vertex 38.2069 3.7919 0
      vertex 10.3973 0.0899992 0
      vertex 38.0615 3.94713 0
    endloop
  endfacet
  facet normal 0 -0 -1
    outer loop
      vertex 10.7675 0.782536 0
      vertex 38.0615 3.94713 0
      vertex 10.3973 0.0899992 0
    endloop
  endfacet
  facet normal -0 0 -1
    outer loop
      vertex 38.0615 3.94713 0
      vertex 10.7675 0.782536 0
      vertex 37.9266 4.11152 0
    endloop
  endfacet
  facet normal -0 0 -1
    outer loop
      vertex 37.9266 4.11152 0
      vertex 11.0916 1.4978 0
      vertex 37.8027 4.2844 0
    endloop
  endfacet
  facet normal -0 0 -1
    outer loop
      vertex 37.8027 4.2844 0
      vertex 11.0916 1.4978 0
      vertex 37.6904 4.465 0
    endloop
  endfacet
  facet normal 0 0 -1
    outer loop
      vertex 37.262 5.87744 0
      vertex 12.005 6.09 0
      vertex 37.255 6.09 0
    endloop
  endfacet
  facet normal 0 0 -1
    outer loop
      vertex 11.9793 5.30516 0
      vertex 37.262 5.87744 0
      vertex 37.2828 5.66579 0
    endloop
  endfacet
  facet normal 0 0 -1
    outer loop
      vertex 11.9023 4.52369 0
      vertex 37.2828 5.66579 0
      vertex 37.3174 5.45596 0
    endloop
  endfacet
  facet normal 0 0 -1
    outer loop
      vertex 11.9023 4.52369 0
      vertex 37.3174 5.45596 0
      vertex 37.3657 5.24884 0
    endloop
  endfacet
  facet normal 0 -0 -1
    outer loop
      vertex 11.3682 2.23273 0
      vertex 37.6904 4.465 0
      vertex 11.0916 1.4978 0
    endloop
  endfacet
  facet normal -0 0 -1
    outer loop
      vertex 37.262 5.87744 0
      vertex 11.9793 5.30516 0
      vertex 12.005 6.09 0
    endloop
  endfacet
  facet normal 0 0 -1
    outer loop
      vertex 37.2828 5.66579 0
      vertex 11.9023 4.52369 0
      vertex 11.9793 5.30516 0
    endloop
  endfacet
  facet normal 0 0 -1
    outer loop
      vertex 37.3657 5.24884 0
      vertex 11.7744 3.74892 0
      vertex 11.9023 4.52369 0
    endloop
  endfacet
  facet normal -0 0 -1
    outer loop
      vertex 37.4275 5.04532 0
      vertex 11.7744 3.74892 0
      vertex 37.3657 5.24884 0
    endloop
  endfacet
  facet normal 0 -0 -1
    outer loop
      vertex 11.7744 3.74892 0
      vertex 37.4275 5.04532 0
      vertex 11.5961 2.98417 0
    endloop
  endfacet
  facet normal -0 0 -1
    outer loop
      vertex 37.5024 4.84628 0
      vertex 11.5961 2.98417 0
      vertex 37.4275 5.04532 0
    endloop
  endfacet
  facet normal -0 0 -1
    outer loop
      vertex 37.5902 4.65256 0
      vertex 11.5961 2.98417 0
      vertex 37.5024 4.84628 0
    endloop
  endfacet
  facet normal 0 -0 -1
    outer loop
      vertex 11.5961 2.98417 0
      vertex 37.5902 4.65256 0
      vertex 11.3682 2.23273 0
    endloop
  endfacet
  facet normal -0 0 -1
    outer loop
      vertex 37.6904 4.465 0
      vertex 11.3682 2.23273 0
      vertex 37.5902 4.65256 0
    endloop
  endfacet
  facet normal 0 -0 -1
    outer loop
      vertex 11.0916 1.4978 0
      vertex 37.9266 4.11152 0
      vertex 10.7675 0.782536 0
    endloop
  endfacet
  facet normal 0 0 -1
    outer loop
      vertex 44.505 -24.61 0
      vertex 9.02708 -1.82215 0
      vertex 9.52524 -1.21514 0
    endloop
  endfacet
  facet normal 0 0 -1
    outer loop
      vertex 3.255 -16.29 0
      vertex 9.02708 -1.82215 0
      vertex 44.505 -24.61 0
    endloop
  endfacet
  facet normal 0 0 -1
    outer loop
      vertex 9.02708 -1.82215 0
      vertex 3.255 -16.29 0
      vertex 8.49028 -2.39528 0
    endloop
  endfacet
  facet normal 0 0 -1
    outer loop
      vertex 3.24804 -16.0774 0
      vertex 8.49028 -2.39528 0
      vertex 3.255 -16.29 0
    endloop
  endfacet
  facet normal 0 0 -1
    outer loop
      vertex 8.49028 -2.39528 0
      vertex 3.24804 -16.0774 0
      vertex 7.91715 -2.93208 0
    endloop
  endfacet
  facet normal 0 0 -1
    outer loop
      vertex 3.19255 -15.656 0
      vertex 7.91715 -2.93208 0
      vertex 3.2272 -15.8658 0
    endloop
  endfacet
  facet normal 0 0 -1
    outer loop
      vertex 7.91715 -2.93208 0
      vertex 3.19255 -15.656 0
      vertex 7.31014 -3.43024 0
    endloop
  endfacet
  facet normal 0 0 -1
    outer loop
      vertex 3.14426 -15.4488 0
      vertex 7.31014 -3.43024 0
      vertex 3.19255 -15.656 0
    endloop
  endfacet
  facet normal 0 0 -1
    outer loop
      vertex 7.31014 -3.43024 0
      vertex 3.08252 -15.2453 0
      vertex 6.67184 -3.88764 0
    endloop
  endfacet
  facet normal 0 0 -1
    outer loop
      vertex 3.2272 -15.8658 0
      vertex 7.91715 -2.93208 0
      vertex 3.24804 -16.0774 0
    endloop
  endfacet
  facet normal 0 0 -1
    outer loop
      vertex 44.505 -24.61 0
      vertex 3.24804 -16.5026 0
      vertex 3.255 -16.29 0
    endloop
  endfacet
  facet normal 0 0 -1
    outer loop
      vertex 44.505 -24.61 0
      vertex 3.2272 -16.7142 0
      vertex 3.24804 -16.5026 0
    endloop
  endfacet
  facet normal 0 0 -1
    outer loop
      vertex 44.505 -24.61 0
      vertex 3.19255 -16.924 0
      vertex 3.2272 -16.7142 0
    endloop
  endfacet
  facet normal 0 0 -1
    outer loop
      vertex 44.505 -24.61 0
      vertex 3.14426 -17.1312 0
      vertex 3.19255 -16.924 0
    endloop
  endfacet
  facet normal 0 0 -1
    outer loop
      vertex 44.505 -24.61 0
      vertex 3.08252 -17.3347 0
      vertex 3.14426 -17.1312 0
    endloop
  endfacet
  facet normal 0 0 -1
    outer loop
      vertex 44.505 -24.61 0
      vertex 3.00761 -17.5337 0
      vertex 3.08252 -17.3347 0
    endloop
  endfacet
  facet normal 0 0 -1
    outer loop
      vertex 44.505 -24.61 0
      vertex 2.91984 -17.7274 0
      vertex 3.00761 -17.5337 0
    endloop
  endfacet
  facet normal 0 0 -1
    outer loop
      vertex 44.505 -24.61 0
      vertex 2.81958 -17.915 0
      vertex 2.91984 -17.7274 0
    endloop
  endfacet
  facet normal 0 0 -1
    outer loop
      vertex 44.505 -24.61 0
      vertex 2.70728 -18.0956 0
      vertex 2.81958 -17.915 0
    endloop
  endfacet
  facet normal 0 0 -1
    outer loop
      vertex 44.505 -24.61 0
      vertex 2.5834 -18.2685 0
      vertex 2.70728 -18.0956 0
    endloop
  endfacet
  facet normal 0 0 -1
    outer loop
      vertex 44.505 -24.61 0
      vertex 2.44848 -18.4329 0
      vertex 2.5834 -18.2685 0
    endloop
  endfacet
  facet normal 0 0 -1
    outer loop
      vertex 44.505 -24.61 0
      vertex 2.3031 -18.5881 0
      vertex 2.44848 -18.4329 0
    endloop
  endfacet
  facet normal 0 0 -1
    outer loop
      vertex 44.505 -24.61 0
      vertex 2.14787 -18.7335 0
      vertex 2.3031 -18.5881 0
    endloop
  endfacet
  facet normal 0 0 -1
    outer loop
      vertex 44.505 -24.61 0
      vertex 1.98347 -18.8684 0
      vertex 2.14787 -18.7335 0
    endloop
  endfacet
  facet normal 0 0 -1
    outer loop
      vertex 44.505 -24.61 0
      vertex 1.8106 -18.9923 0
      vertex 1.98347 -18.8684 0
    endloop
  endfacet
  facet normal 0 0 -1
    outer loop
      vertex 44.505 -24.61 0
      vertex 1.63 -19.1046 0
      vertex 1.8106 -18.9923 0
    endloop
  endfacet
  facet normal 0 0 -1
    outer loop
      vertex 44.505 -24.61 0
      vertex 1.44244 -19.2048 0
      vertex 1.63 -19.1046 0
    endloop
  endfacet
  facet normal 0 0 -1
    outer loop
      vertex 44.505 -24.61 0
      vertex 1.24872 -19.2926 0
      vertex 1.44244 -19.2048 0
    endloop
  endfacet
  facet normal 0 0 -1
    outer loop
      vertex 44.505 -24.61 0
      vertex 1.04968 -19.3675 0
      vertex 1.24872 -19.2926 0
    endloop
  endfacet
  facet normal 0 0 -1
    outer loop
      vertex 44.505 -24.61 0
      vertex 0.846162 -19.4293 0
      vertex 1.04968 -19.3675 0
    endloop
  endfacet
  facet normal 0 0 -1
    outer loop
      vertex 44.505 -24.61 0
      vertex 0.639043 -19.4776 0
      vertex 0.846162 -19.4293 0
    endloop
  endfacet
  facet normal 0 0 -1
    outer loop
      vertex 44.505 -24.61 0
      vertex 0.42921 -19.5122 0
      vertex 0.639043 -19.4776 0
    endloop
  endfacet
  facet normal 0 0 -1
    outer loop
      vertex 44.505 -24.61 0
      vertex 0.21756 -19.533 0
      vertex 0.42921 -19.5122 0
    endloop
  endfacet
  facet normal 0 0 -1
    outer loop
      vertex 44.505 -24.61 0
      vertex 0.00499916 -19.54 0
      vertex 0.21756 -19.533 0
    endloop
  endfacet
  facet normal 0 0 -1
    outer loop
      vertex -44.495 -24.61 0
      vertex 0.00499916 -19.54 0
      vertex 44.505 -24.61 0
    endloop
  endfacet
  facet normal -0 0 -1
    outer loop
      vertex 0.00499916 -19.54 0
      vertex -44.495 -24.61 0
      vertex -0.20756 -19.533 0
    endloop
  endfacet
  facet normal 0 0 -1
    outer loop
      vertex -44.495 -24.61 0
      vertex -3.245 -16.29 0
      vertex -3.23804 -16.5026 0
    endloop
  endfacet
  facet normal 0 0 -1
    outer loop
      vertex -3.245 -16.29 0
      vertex -4.5872 -4.99655 0
      vertex -3.85227 -5.27316 0
    endloop
  endfacet
  facet normal 0 0 -1
    outer loop
      vertex -44.495 -24.61 0
      vertex -3.23804 -16.5026 0
      vertex -3.2172 -16.7142 0
    endloop
  endfacet
  facet normal 0 0 -1
    outer loop
      vertex -3.245 -16.29 0
      vertex -5.30246 -4.67247 0
      vertex -4.5872 -4.99655 0
    endloop
  endfacet
  facet normal 0 0 -1
    outer loop
      vertex -44.495 -24.61 0
      vertex -3.2172 -16.7142 0
      vertex -3.18255 -16.924 0
    endloop
  endfacet
  facet normal 0 0 -1
    outer loop
      vertex -3.245 -16.29 0
      vertex -5.995 -4.3023 0
      vertex -5.30246 -4.67247 0
    endloop
  endfacet
  facet normal 0 0 -1
    outer loop
      vertex -3.245 -16.29 0
      vertex -6.66184 -3.88764 0
      vertex -5.995 -4.3023 0
    endloop
  endfacet
  facet normal 0 0 -1
    outer loop
      vertex -44.495 -24.61 0
      vertex -3.18255 -16.924 0
      vertex -3.13426 -17.1312 0
    endloop
  endfacet
  facet normal 0 0 -1
    outer loop
      vertex -3.245 -16.29 0
      vertex -7.30014 -3.43024 0
      vertex -6.66184 -3.88764 0
    endloop
  endfacet
  facet normal 0 0 -1
    outer loop
      vertex -44.495 -24.61 0
      vertex -3.13426 -17.1312 0
      vertex -3.07252 -17.3347 0
    endloop
  endfacet
  facet normal 0 0 -1
    outer loop
      vertex -3.245 -16.29 0
      vertex -7.90715 -2.93208 0
      vertex -7.30014 -3.43024 0
    endloop
  endfacet
  facet normal 0 0 -1
    outer loop
      vertex -3.245 -16.29 0
      vertex -8.48028 -2.39528 0
      vertex -7.90715 -2.93208 0
    endloop
  endfacet
  facet normal 0 0 -1
    outer loop
      vertex -3.245 -16.29 0
      vertex -9.01708 -1.82215 0
      vertex -8.48028 -2.39528 0
    endloop
  endfacet
  facet normal 0 0 -1
    outer loop
      vertex -44.495 -24.61 0
      vertex -3.07252 -17.3347 0
      vertex -2.99761 -17.5337 0
    endloop
  endfacet
  facet normal -0 0 -1
    outer loop
      vertex -3.245 -16.29 0
      vertex -44.495 -24.61 0
      vertex -9.01708 -1.82215 0
    endloop
  endfacet
  facet normal -0 0 -1
    outer loop
      vertex -9.01708 -1.82215 0
      vertex -44.495 -24.61 0
      vertex -9.51524 -1.21514 0
    endloop
  endfacet
  facet normal 0 -0 -1
    outer loop
      vertex -38.5165 3.5116 0
      vertex -9.51524 -1.21514 0
      vertex -44.495 -24.61 0
    endloop
  endfacet
  facet normal 0 0 -1
    outer loop
      vertex -9.51524 -1.21514 0
      vertex -38.5165 3.5116 0
      vertex -9.97264 -0.576842 0
    endloop
  endfacet
  facet normal 0 -0 -1
    outer loop
      vertex -38.3521 3.64652 0
      vertex -9.97264 -0.576842 0
      vertex -38.5165 3.5116 0
    endloop
  endfacet
  facet normal 0 0 -1
    outer loop
      vertex -37.252 6.30256 0
      vertex -11.995 6.09 0
      vertex -37.245 6.09 0
    endloop
  endfacet
  facet normal 0 0 -1
    outer loop
      vertex -37.252 5.87744 0
      vertex -11.995 6.09 0
      vertex -11.9693 5.30516 0
    endloop
  endfacet
  facet normal 0 0 -1
    outer loop
      vertex -37.2728 5.66579 0
      vertex -11.9693 5.30516 0
      vertex -11.8923 4.52369 0
    endloop
  endfacet
  facet normal 0 0 -1
    outer loop
      vertex -37.3557 5.24884 0
      vertex -11.8923 4.52369 0
      vertex -11.7644 3.74892 0
    endloop
  endfacet
  facet normal 0 0 -1
    outer loop
      vertex -37.4175 5.04532 0
      vertex -11.7644 3.74892 0
      vertex -11.5861 2.98417 0
    endloop
  endfacet
  facet normal 0 0 -1
    outer loop
      vertex -37.5802 4.65256 0
      vertex -11.5861 2.98417 0
      vertex -11.3582 2.23273 0
    endloop
  endfacet
  facet normal 0 0 -1
    outer loop
      vertex -37.6804 4.465 0
      vertex -11.3582 2.23273 0
      vertex -11.0816 1.4978 0
    endloop
  endfacet
  facet normal 0 0 -1
    outer loop
      vertex -9.97264 -0.576842 0
      vertex -38.3521 3.64652 0
      vertex -10.3873 0.0899992 0
    endloop
  endfacet
  facet normal 0 0 -1
    outer loop
      vertex -44.495 -24.61 0
      vertex -2.99761 -17.5337 0
      vertex -2.90984 -17.7274 0
    endloop
  endfacet
  facet normal 0 0 -1
    outer loop
      vertex -44.495 -24.61 0
      vertex -2.90984 -17.7274 0
      vertex -2.80958 -17.915 0
    endloop
  endfacet
  facet normal 0 0 -1
    outer loop
      vertex -44.495 -24.61 0
      vertex -2.80958 -17.915 0
      vertex -2.69728 -18.0956 0
    endloop
  endfacet
  facet normal 0 0 -1
    outer loop
      vertex -44.495 -24.61 0
      vertex -2.69728 -18.0956 0
      vertex -2.5734 -18.2685 0
    endloop
  endfacet
  facet normal 0 0 -1
    outer loop
      vertex -44.495 -24.61 0
      vertex -2.5734 -18.2685 0
      vertex -2.43848 -18.4329 0
    endloop
  endfacet
  facet normal 0 0 -1
    outer loop
      vertex -44.495 -24.61 0
      vertex -2.43848 -18.4329 0
      vertex -2.2931 -18.5881 0
    endloop
  endfacet
  facet normal 0 0 -1
    outer loop
      vertex -44.495 -24.61 0
      vertex -2.2931 -18.5881 0
      vertex -2.13787 -18.7335 0
    endloop
  endfacet
  facet normal 0 0 -1
    outer loop
      vertex -44.495 -24.61 0
      vertex -2.13787 -18.7335 0
      vertex -1.97347 -18.8684 0
    endloop
  endfacet
  facet normal 0 0 -1
    outer loop
      vertex -44.495 -24.61 0
      vertex -1.97347 -18.8684 0
      vertex -1.8006 -18.9923 0
    endloop
  endfacet
  facet normal -0 0 -1
    outer loop
      vertex -11.995 6.09 0
      vertex -37.252 5.87744 0
      vertex -37.245 6.09 0
    endloop
  endfacet
  facet normal 0 0 -1
    outer loop
      vertex -11.9693 5.30516 0
      vertex -37.2728 5.66579 0
      vertex -37.252 5.87744 0
    endloop
  endfacet
  facet normal 0 0 -1
    outer loop
      vertex -11.8923 4.52369 0
      vertex -37.3074 5.45596 0
      vertex -37.2728 5.66579 0
    endloop
  endfacet
  facet normal 0 0 -1
    outer loop
      vertex -11.8923 4.52369 0
      vertex -37.3557 5.24884 0
      vertex -37.3074 5.45596 0
    endloop
  endfacet
  facet normal 0 0 -1
    outer loop
      vertex -11.7644 3.74892 0
      vertex -37.4175 5.04532 0
      vertex -37.3557 5.24884 0
    endloop
  endfacet
  facet normal 0 0 -1
    outer loop
      vertex -11.5861 2.98417 0
      vertex -37.4924 4.84628 0
      vertex -37.4175 5.04532 0
    endloop
  endfacet
  facet normal 0 0 -1
    outer loop
      vertex -11.5861 2.98417 0
      vertex -37.5802 4.65256 0
      vertex -37.4924 4.84628 0
    endloop
  endfacet
  facet normal 0 0 -1
    outer loop
      vertex -11.3582 2.23273 0
      vertex -37.6804 4.465 0
      vertex -37.5802 4.65256 0
    endloop
  endfacet
  facet normal 0 0 -1
    outer loop
      vertex -11.0816 1.4978 0
      vertex -37.7927 4.2844 0
      vertex -37.6804 4.465 0
    endloop
  endfacet
  facet normal 0 0 -1
    outer loop
      vertex -11.0816 1.4978 0
      vertex -37.9166 4.11152 0
      vertex -37.7927 4.2844 0
    endloop
  endfacet
  facet normal 0 0 -1
    outer loop
      vertex -10.7575 0.782536 0
      vertex -37.9166 4.11152 0
      vertex -11.0816 1.4978 0
    endloop
  endfacet
  facet normal 0 -0 -1
    outer loop
      vertex -37.9166 4.11152 0
      vertex -10.7575 0.782536 0
      vertex -38.0515 3.94713 0
    endloop
  endfacet
  facet normal 0 0 -1
    outer loop
      vertex -10.3873 0.0899992 0
      vertex -38.0515 3.94713 0
      vertex -10.7575 0.782536 0
    endloop
  endfacet
  facet normal 0 0 -1
    outer loop
      vertex -44.495 -24.61 0
      vertex -1.8006 -18.9923 0
      vertex -1.62 -19.1046 0
    endloop
  endfacet
  facet normal 0 -0 -1
    outer loop
      vertex -38.0515 3.94713 0
      vertex -10.3873 0.0899992 0
      vertex -38.1969 3.7919 0
    endloop
  endfacet
  facet normal 0 -0 -1
    outer loop
      vertex -38.1969 3.7919 0
      vertex -10.3873 0.0899992 0
      vertex -38.3521 3.64652 0
    endloop
  endfacet
  facet normal 0 0 -1
    outer loop
      vertex -38.5165 3.5116 0
      vertex -44.495 -24.61 0
      vertex -38.6894 3.38772 0
    endloop
  endfacet
  facet normal 0 0 -1
    outer loop
      vertex -38.6894 3.38772 0
      vertex -44.495 -24.61 0
      vertex -38.87 3.27542 0
    endloop
  endfacet
  facet normal 0 0 -1
    outer loop
      vertex -38.87 3.27542 0
      vertex -44.495 -24.61 0
      vertex -39.0576 3.17516 0
    endloop
  endfacet
  facet normal 0 0 -1
    outer loop
      vertex -39.0576 3.17516 0
      vertex -44.495 -24.61 0
      vertex -39.2513 3.08739 0
    endloop
  endfacet
  facet normal 0 0 -1
    outer loop
      vertex -39.2513 3.08739 0
      vertex -44.495 -24.61 0
      vertex -39.4503 3.01248 0
    endloop
  endfacet
  facet normal 0 0 -1
    outer loop
      vertex -39.4503 3.01248 0
      vertex -44.495 -24.61 0
      vertex -39.6538 2.95074 0
    endloop
  endfacet
  facet normal 0 0 -1
    outer loop
      vertex -39.6538 2.95074 0
      vertex -44.495 -24.61 0
      vertex -39.861 2.90245 0
    endloop
  endfacet
  facet normal 0 0 -1
    outer loop
      vertex -39.861 2.90245 0
      vertex -44.495 -24.61 0
      vertex -40.0708 2.8678 0
    endloop
  endfacet
  facet normal 0 0 -1
    outer loop
      vertex -50.495 -18.61 0
      vertex -40.0708 2.8678 0
      vertex -44.495 -24.61 0
    endloop
  endfacet
  facet normal 0 0 -1
    outer loop
      vertex -40.0708 2.8678 0
      vertex -50.495 -18.61 0
      vertex -40.2824 2.84696 0
    endloop
  endfacet
  facet normal 0 0 -1
    outer loop
      vertex -40.2824 2.84696 0
      vertex -50.495 -18.61 0
      vertex -40.495 2.84 0
    endloop
  endfacet
  facet normal -0 0 -1
    outer loop
      vertex -40.495 2.84 0
      vertex -50.495 -18.61 0
      vertex -40.7076 2.84696 0
    endloop
  endfacet
  facet normal -0 0 -1
    outer loop
      vertex -40.7076 2.84696 0
      vertex -50.495 -18.61 0
      vertex -40.9192 2.8678 0
    endloop
  endfacet
  facet normal -0 0 -1
    outer loop
      vertex -40.9192 2.8678 0
      vertex -50.495 -18.61 0
      vertex -41.129 2.90245 0
    endloop
  endfacet
  facet normal -0 0 -1
    outer loop
      vertex -41.129 2.90245 0
      vertex -50.495 -18.61 0
      vertex -41.3362 2.95074 0
    endloop
  endfacet
  facet normal -0 0 -1
    outer loop
      vertex -41.3362 2.95074 0
      vertex -50.495 -18.61 0
      vertex -41.5397 3.01248 0
    endloop
  endfacet
  facet normal -0 0 -1
    outer loop
      vertex -41.5397 3.01248 0
      vertex -50.495 -18.61 0
      vertex -41.7387 3.08739 0
    endloop
  endfacet
  facet normal 0 0 -1
    outer loop
      vertex -43.6826 5.45596 0
      vertex -50.495 17.99 0
      vertex -43.7172 5.66579 0
    endloop
  endfacet
  facet normal 0 0 -1
    outer loop
      vertex -50.495 17.99 0
      vertex -43.6826 5.45596 0
      vertex -50.495 -18.61 0
    endloop
  endfacet
  facet normal -0 0 -1
    outer loop
      vertex -43.6343 5.24884 0
      vertex -50.495 -18.61 0
      vertex -43.6826 5.45596 0
    endloop
  endfacet
  facet normal -0 0 -1
    outer loop
      vertex -43.5725 5.04532 0
      vertex -50.495 -18.61 0
      vertex -43.6343 5.24884 0
    endloop
  endfacet
  facet normal -0 0 -1
    outer loop
      vertex -43.4976 4.84628 0
      vertex -50.495 -18.61 0
      vertex -43.5725 5.04532 0
    endloop
  endfacet
  facet normal -0 0 -1
    outer loop
      vertex -43.4098 4.65256 0
      vertex -50.495 -18.61 0
      vertex -43.4976 4.84628 0
    endloop
  endfacet
  facet normal -0 0 -1
    outer loop
      vertex -43.3096 4.465 0
      vertex -50.495 -18.61 0
      vertex -43.4098 4.65256 0
    endloop
  endfacet
  facet normal -0 0 -1
    outer loop
      vertex -43.1973 4.2844 0
      vertex -50.495 -18.61 0
      vertex -43.3096 4.465 0
    endloop
  endfacet
  facet normal -0 0 -1
    outer loop
      vertex -43.0734 4.11152 0
      vertex -50.495 -18.61 0
      vertex -43.1973 4.2844 0
    endloop
  endfacet
  facet normal -0 0 -1
    outer loop
      vertex -42.9385 3.94713 0
      vertex -50.495 -18.61 0
      vertex -43.0734 4.11152 0
    endloop
  endfacet
  facet normal -0 0 -1
    outer loop
      vertex -42.7931 3.7919 0
      vertex -50.495 -18.61 0
      vertex -42.9385 3.94713 0
    endloop
  endfacet
  facet normal -0 0 -1
    outer loop
      vertex -42.6379 3.64652 0
      vertex -50.495 -18.61 0
      vertex -42.7931 3.7919 0
    endloop
  endfacet
  facet normal -0 0 -1
    outer loop
      vertex -42.4735 3.5116 0
      vertex -50.495 -18.61 0
      vertex -42.6379 3.64652 0
    endloop
  endfacet
  facet normal -0 0 -1
    outer loop
      vertex -42.3006 3.38772 0
      vertex -50.495 -18.61 0
      vertex -42.4735 3.5116 0
    endloop
  endfacet
  facet normal -0 0 -1
    outer loop
      vertex -42.12 3.27542 0
      vertex -50.495 -18.61 0
      vertex -42.3006 3.38772 0
    endloop
  endfacet
  facet normal -0 0 -1
    outer loop
      vertex -41.9324 3.17516 0
      vertex -50.495 -18.61 0
      vertex -42.12 3.27542 0
    endloop
  endfacet
  facet normal -0 0 -1
    outer loop
      vertex -41.7387 3.08739 0
      vertex -50.495 -18.61 0
      vertex -41.9324 3.17516 0
    endloop
  endfacet
  facet normal -0 0 -1
    outer loop
      vertex -1.43244 -19.2048 0
      vertex -44.495 -24.61 0
      vertex -1.62 -19.1046 0
    endloop
  endfacet
  facet normal -0 0 -1
    outer loop
      vertex -1.23872 -19.2926 0
      vertex -44.495 -24.61 0
      vertex -1.43244 -19.2048 0
    endloop
  endfacet
  facet normal -0 0 -1
    outer loop
      vertex -1.03968 -19.3675 0
      vertex -44.495 -24.61 0
      vertex -1.23872 -19.2926 0
    endloop
  endfacet
  facet normal -0 0 -1
    outer loop
      vertex -0.836162 -19.4293 0
      vertex -44.495 -24.61 0
      vertex -1.03968 -19.3675 0
    endloop
  endfacet
  facet normal -0 0 -1
    outer loop
      vertex -0.629043 -19.4776 0
      vertex -44.495 -24.61 0
      vertex -0.836162 -19.4293 0
    endloop
  endfacet
  facet normal -0 0 -1
    outer loop
      vertex -0.419209 -19.5122 0
      vertex -44.495 -24.61 0
      vertex -0.629043 -19.4776 0
    endloop
  endfacet
  facet normal -0 0 -1
    outer loop
      vertex -0.20756 -19.533 0
      vertex -44.495 -24.61 0
      vertex -0.419209 -19.5122 0
    endloop
  endfacet
  facet normal 0 0 -1
    outer loop
      vertex 50.3897 19.1605 0
      vertex 44.505 23.99 0
      vertex 50.3005 19.5429 0
    endloop
  endfacet
  facet normal 0 0 -1
    outer loop
      vertex 50.3005 19.5429 0
      vertex 44.505 23.99 0
      vertex 50.1866 19.9186 0
    endloop
  endfacet
  facet normal 0 0 -1
    outer loop
      vertex 50.1866 19.9186 0
      vertex 44.505 23.99 0
      vertex 50.0483 20.2861 0
    endloop
  endfacet
  facet normal 0 0 -1
    outer loop
      vertex 49.8862 20.6437 0
      vertex 44.505 23.99 0
      vertex 49.7011 20.99 0
    endloop
  endfacet
  facet normal 0 0 -1
    outer loop
      vertex 49.7011 20.99 0
      vertex 44.505 23.99 0
      vertex 49.4938 21.3234 0
    endloop
  endfacet
  facet normal 0 0 -1
    outer loop
      vertex 49.4938 21.3234 0
      vertex 44.505 23.99 0
      vertex 49.2651 21.6426 0
    endloop
  endfacet
  facet normal 0 0 -1
    outer loop
      vertex 49.2651 21.6426 0
      vertex 44.505 23.99 0
      vertex 49.016 21.9461 0
    endloop
  endfacet
  facet normal 0 0 -1
    outer loop
      vertex 49.016 21.9461 0
      vertex 44.505 23.99 0
      vertex 48.7476 22.2326 0
    endloop
  endfacet
  facet normal 0 0 -1
    outer loop
      vertex 48.7476 22.2326 0
      vertex 44.505 23.99 0
      vertex 48.4611 22.501 0
    endloop
  endfacet
  facet normal 0 0 -1
    outer loop
      vertex 48.4611 22.501 0
      vertex 44.505 23.99 0
      vertex 48.1576 22.7501 0
    endloop
  endfacet
  facet normal 0 0 -1
    outer loop
      vertex 48.1576 22.7501 0
      vertex 44.505 23.99 0
      vertex 47.8384 22.9788 0
    endloop
  endfacet
  facet normal 0 0 -1
    outer loop
      vertex 47.8384 22.9788 0
      vertex 44.505 23.99 0
      vertex 47.505 23.1861 0
    endloop
  endfacet
  facet normal 0 0 -1
    outer loop
      vertex 47.505 23.1861 0
      vertex 44.505 23.99 0
      vertex 47.1587 23.3712 0
    endloop
  endfacet
  facet normal 0 0 -1
    outer loop
      vertex 47.1587 23.3712 0
      vertex 44.505 23.99 0
      vertex 46.8011 23.5333 0
    endloop
  endfacet
  facet normal 0 0 -1
    outer loop
      vertex 46.4336 23.6716 0
      vertex 44.505 23.99 0
      vertex 46.0579 23.7855 0
    endloop
  endfacet
  facet normal 0 0 -1
    outer loop
      vertex 46.0579 23.7855 0
      vertex 44.505 23.99 0
      vertex 45.6755 23.8747 0
    endloop
  endfacet
  facet normal 0 0 -1
    outer loop
      vertex 45.6755 23.8747 0
      vertex 44.505 23.99 0
      vertex 45.2881 23.9387 0
    endloop
  endfacet
  facet normal 0 0 -1
    outer loop
      vertex 45.2881 23.9387 0
      vertex 44.505 23.99 0
      vertex 44.8974 23.9771 0
    endloop
  endfacet
  facet normal 0 0 -1
    outer loop
      vertex 46.8011 23.5333 0
      vertex 44.505 23.99 0
      vertex 46.4336 23.6716 0
    endloop
  endfacet
  facet normal 0 0 -1
    outer loop
      vertex 50.0483 20.2861 0
      vertex 44.505 23.99 0
      vertex 49.8862 20.6437 0
    endloop
  endfacet
  facet normal 0 0 -1
    outer loop
      vertex 41.139 9.27755 0
      vertex 44.505 23.99 0
      vertex 41.3462 9.22926 0
    endloop
  endfacet
  facet normal 0 0 -1
    outer loop
      vertex 40.9292 9.3122 0
      vertex 44.505 23.99 0
      vertex 41.139 9.27755 0
    endloop
  endfacet
  facet normal 0 0 -1
    outer loop
      vertex 40.7176 9.33304 0
      vertex 44.505 23.99 0
      vertex 40.9292 9.3122 0
    endloop
  endfacet
  facet normal 0 0 -1
    outer loop
      vertex 40.505 9.34 0
      vertex 44.505 23.99 0
      vertex 40.7176 9.33304 0
    endloop
  endfacet
  facet normal 0 0 -1
    outer loop
      vertex 40.2924 9.33304 0
      vertex 44.505 23.99 0
      vertex 40.505 9.34 0
    endloop
  endfacet
  facet normal 0 0 -1
    outer loop
      vertex 40.0808 9.3122 0
      vertex 44.505 23.99 0
      vertex 40.2924 9.33304 0
    endloop
  endfacet
  facet normal 0 0 -1
    outer loop
      vertex 39.871 9.27755 0
      vertex 44.505 23.99 0
      vertex 40.0808 9.3122 0
    endloop
  endfacet
  facet normal 0 0 -1
    outer loop
      vertex 39.6638 9.22926 0
      vertex 44.505 23.99 0
      vertex 39.871 9.27755 0
    endloop
  endfacet
  facet normal 0 0 -1
    outer loop
      vertex 39.4603 9.16752 0
      vertex 44.505 23.99 0
      vertex 39.6638 9.22926 0
    endloop
  endfacet
  facet normal 0 0 -1
    outer loop
      vertex 39.2613 9.09261 0
      vertex 44.505 23.99 0
      vertex 39.4603 9.16752 0
    endloop
  endfacet
  facet normal 0 0 -1
    outer loop
      vertex 39.0676 9.00484 0
      vertex 44.505 23.99 0
      vertex 39.2613 9.09261 0
    endloop
  endfacet
  facet normal 0 0 -1
    outer loop
      vertex 38.88 8.90458 0
      vertex 44.505 23.99 0
      vertex 39.0676 9.00484 0
    endloop
  endfacet
  facet normal 0 0 -1
    outer loop
      vertex 38.6994 8.79228 0
      vertex 44.505 23.99 0
      vertex 38.88 8.90458 0
    endloop
  endfacet
  facet normal 0 0 -1
    outer loop
      vertex 38.5265 8.6684 0
      vertex 44.505 23.99 0
      vertex 38.6994 8.79228 0
    endloop
  endfacet
  facet normal 0 0 -1
    outer loop
      vertex 12.005 23.99 0
      vertex 38.5265 8.6684 0
      vertex 38.3621 8.53348 0
    endloop
  endfacet
  facet normal 0 0 -1
    outer loop
      vertex 12.005 23.99 0
      vertex 38.3621 8.53348 0
      vertex 38.2069 8.3881 0
    endloop
  endfacet
  facet normal 0 0 -1
    outer loop
      vertex 12.005 23.99 0
      vertex 38.2069 8.3881 0
      vertex 38.0615 8.23287 0
    endloop
  endfacet
  facet normal 0 0 -1
    outer loop
      vertex 12.005 23.99 0
      vertex 38.0615 8.23287 0
      vertex 37.9266 8.06847 0
    endloop
  endfacet
  facet normal 0 0 -1
    outer loop
      vertex 12.005 23.99 0
      vertex 37.9266 8.06847 0
      vertex 37.8027 7.8956 0
    endloop
  endfacet
  facet normal 0 0 -1
    outer loop
      vertex 12.005 23.99 0
      vertex 37.8027 7.8956 0
      vertex 37.6904 7.715 0
    endloop
  endfacet
  facet normal 0 0 -1
    outer loop
      vertex 12.005 6.09 0
      vertex 37.6904 7.715 0
      vertex 37.5902 7.52744 0
    endloop
  endfacet
  facet normal 0 0 -1
    outer loop
      vertex 12.005 6.09 0
      vertex 37.5902 7.52744 0
      vertex 37.5024 7.33372 0
    endloop
  endfacet
  facet normal 0 0 -1
    outer loop
      vertex 12.005 6.09 0
      vertex 37.262 6.30256 0
      vertex 37.255 6.09 0
    endloop
  endfacet
  facet normal 0 0 -1
    outer loop
      vertex 12.005 6.09 0
      vertex 37.2828 6.51421 0
      vertex 37.262 6.30256 0
    endloop
  endfacet
  facet normal 0 0 -1
    outer loop
      vertex 12.005 6.09 0
      vertex 37.3174 6.72404 0
      vertex 37.2828 6.51421 0
    endloop
  endfacet
  facet normal 0 0 -1
    outer loop
      vertex 12.005 6.09 0
      vertex 37.3657 6.93116 0
      vertex 37.3174 6.72404 0
    endloop
  endfacet
  facet normal 0 0 -1
    outer loop
      vertex 12.005 6.09 0
      vertex 37.4275 7.13468 0
      vertex 37.3657 6.93116 0
    endloop
  endfacet
  facet normal 0 0 -1
    outer loop
      vertex 12.005 6.09 0
      vertex 37.5024 7.33372 0
      vertex 37.4275 7.13468 0
    endloop
  endfacet
  facet normal -0 0 -1
    outer loop
      vertex 37.6904 7.715 0
      vertex 12.005 6.09 0
      vertex 12.005 23.99 0
    endloop
  endfacet
  facet normal 0 0 -1
    outer loop
      vertex 38.5265 8.6684 0
      vertex 12.005 23.99 0
      vertex 44.505 23.99 0
    endloop
  endfacet
  facet normal 0 0 -1
    outer loop
      vertex 3.08252 -15.2453 0
      vertex 7.31014 -3.43024 0
      vertex 3.14426 -15.4488 0
    endloop
  endfacet
  facet normal 0 0 -1
    outer loop
      vertex 3.00761 -15.0463 0
      vertex 6.67184 -3.88764 0
      vertex 3.08252 -15.2453 0
    endloop
  endfacet
  facet normal 0 0 -1
    outer loop
      vertex 6.67184 -3.88764 0
      vertex 3.00761 -15.0463 0
      vertex 6.005 -4.3023 0
    endloop
  endfacet
  facet normal 0 0 -1
    outer loop
      vertex 2.91984 -14.8526 0
      vertex 6.005 -4.3023 0
      vertex 3.00761 -15.0463 0
    endloop
  endfacet
  facet normal 0 0 -1
    outer loop
      vertex 2.81958 -14.665 0
      vertex 6.005 -4.3023 0
      vertex 2.91984 -14.8526 0
    endloop
  endfacet
  facet normal 0 0 -1
    outer loop
      vertex 6.005 -4.3023 0
      vertex 2.81958 -14.665 0
      vertex 5.31246 -4.67247 0
    endloop
  endfacet
  facet normal 0 0 -1
    outer loop
      vertex 2.70728 -14.4844 0
      vertex 5.31246 -4.67247 0
      vertex 2.81958 -14.665 0
    endloop
  endfacet
  facet normal 0 0 -1
    outer loop
      vertex 2.5834 -14.3115 0
      vertex 5.31246 -4.67247 0
      vertex 2.70728 -14.4844 0
    endloop
  endfacet
  facet normal 0 0 -1
    outer loop
      vertex 5.31246 -4.67247 0
      vertex 2.5834 -14.3115 0
      vertex 4.5972 -4.99655 0
    endloop
  endfacet
  facet normal 0 0 -1
    outer loop
      vertex 2.44848 -14.1471 0
      vertex 4.5972 -4.99655 0
      vertex 2.5834 -14.3115 0
    endloop
  endfacet
  facet normal 0 0 -1
    outer loop
      vertex 2.3031 -13.9919 0
      vertex 4.5972 -4.99655 0
      vertex 2.44848 -14.1471 0
    endloop
  endfacet
  facet normal 0 0 -1
    outer loop
      vertex 4.5972 -4.99655 0
      vertex 2.3031 -13.9919 0
      vertex 3.86227 -5.27316 0
    endloop
  endfacet
  facet normal 0 0 -1
    outer loop
      vertex 2.14787 -13.8465 0
      vertex 3.86227 -5.27316 0
      vertex 2.3031 -13.9919 0
    endloop
  endfacet
  facet normal 0 0 -1
    outer loop
      vertex 1.98347 -13.7116 0
      vertex 3.86227 -5.27316 0
      vertex 2.14787 -13.8465 0
    endloop
  endfacet
  facet normal 0 0 -1
    outer loop
      vertex 3.86227 -5.27316 0
      vertex 1.98347 -13.7116 0
      vertex 3.11083 -5.50111 0
    endloop
  endfacet
  facet normal 0 0 -1
    outer loop
      vertex 1.8106 -13.5877 0
      vertex 3.11083 -5.50111 0
      vertex 1.98347 -13.7116 0
    endloop
  endfacet
  facet normal 0 0 -1
    outer loop
      vertex 1.63 -13.4754 0
      vertex 3.11083 -5.50111 0
      vertex 1.8106 -13.5877 0
    endloop
  endfacet
  facet normal 0 0 -1
    outer loop
      vertex 3.11083 -5.50111 0
      vertex 1.63 -13.4754 0
      vertex 2.34608 -5.67942 0
    endloop
  endfacet
  facet normal 0 0 -1
    outer loop
      vertex 1.44244 -13.3752 0
      vertex 2.34608 -5.67942 0
      vertex 1.63 -13.4754 0
    endloop
  endfacet
  facet normal 0 0 -1
    outer loop
      vertex 1.24872 -13.2874 0
      vertex 2.34608 -5.67942 0
      vertex 1.44244 -13.3752 0
    endloop
  endfacet
  facet normal 0 0 -1
    outer loop
      vertex 2.34608 -5.67942 0
      vertex 1.24872 -13.2874 0
      vertex 1.57131 -5.80734 0
    endloop
  endfacet
  facet normal 0 0 -1
    outer loop
      vertex 1.04968 -13.2125 0
      vertex 1.57131 -5.80734 0
      vertex 1.24872 -13.2874 0
    endloop
  endfacet
  facet normal 0 0 -1
    outer loop
      vertex 0.846162 -13.1507 0
      vertex 1.57131 -5.80734 0
      vertex 1.04968 -13.2125 0
    endloop
  endfacet
  facet normal 0 0 -1
    outer loop
      vertex 0.639043 -13.1024 0
      vertex 1.57131 -5.80734 0
      vertex 0.846162 -13.1507 0
    endloop
  endfacet
  facet normal 0 0 -1
    outer loop
      vertex 1.57131 -5.80734 0
      vertex 0.639043 -13.1024 0
      vertex 0.789837 -5.88431 0
    endloop
  endfacet
  facet normal 0 0 -1
    outer loop
      vertex 0.42921 -13.0678 0
      vertex 0.789837 -5.88431 0
      vertex 0.639043 -13.1024 0
    endloop
  endfacet
  facet normal 0 0 -1
    outer loop
      vertex 0.21756 -13.047 0
      vertex 0.789837 -5.88431 0
      vertex 0.42921 -13.0678 0
    endloop
  endfacet
  facet normal 0 0 -1
    outer loop
      vertex 0.00499916 -5.91 0
      vertex 0.21756 -13.047 0
      vertex 0.00499916 -13.04 0
    endloop
  endfacet
  facet normal 0 0 -1
    outer loop
      vertex 0.21756 -13.047 0
      vertex 0.00499916 -5.91 0
      vertex 0.789837 -5.88431 0
    endloop
  endfacet
  facet normal 0 0 -1
    outer loop
      vertex -0.20756 -13.047 0
      vertex 0.00499916 -5.91 0
      vertex 0.00499916 -13.04 0
    endloop
  endfacet
  facet normal 0 0 -1
    outer loop
      vertex -0.779837 -5.88431 0
      vertex -0.20756 -13.047 0
      vertex -0.419209 -13.0678 0
    endloop
  endfacet
  facet normal 0 0 -1
    outer loop
      vertex -0.779837 -5.88431 0
      vertex -0.419209 -13.0678 0
      vertex -0.629043 -13.1024 0
    endloop
  endfacet
  facet normal 0 0 -1
    outer loop
      vertex -0.20756 -13.047 0
      vertex -0.779837 -5.88431 0
      vertex 0.00499916 -5.91 0
    endloop
  endfacet
  facet normal 0 0 -1
    outer loop
      vertex -1.56131 -5.80734 0
      vertex -0.629043 -13.1024 0
      vertex -0.836162 -13.1507 0
    endloop
  endfacet
  facet normal 0 0 -1
    outer loop
      vertex -1.56131 -5.80734 0
      vertex -0.836162 -13.1507 0
      vertex -1.03968 -13.2125 0
    endloop
  endfacet
  facet normal 0 0 -1
    outer loop
      vertex -1.56131 -5.80734 0
      vertex -1.03968 -13.2125 0
      vertex -1.23872 -13.2874 0
    endloop
  endfacet
  facet normal 0 0 -1
    outer loop
      vertex -2.33608 -5.67942 0
      vertex -1.23872 -13.2874 0
      vertex -1.43244 -13.3752 0
    endloop
  endfacet
  facet normal 0 0 -1
    outer loop
      vertex -0.629043 -13.1024 0
      vertex -1.56131 -5.80734 0
      vertex -0.779837 -5.88431 0
    endloop
  endfacet
  facet normal 0 0 -1
    outer loop
      vertex -2.33608 -5.67942 0
      vertex -1.43244 -13.3752 0
      vertex -1.62 -13.4754 0
    endloop
  endfacet
  facet normal 0 0 -1
    outer loop
      vertex -3.10083 -5.50111 0
      vertex -1.62 -13.4754 0
      vertex -1.8006 -13.5877 0
    endloop
  endfacet
  facet normal 0 0 -1
    outer loop
      vertex -3.10083 -5.50111 0
      vertex -1.8006 -13.5877 0
      vertex -1.97347 -13.7116 0
    endloop
  endfacet
  facet normal 0 0 -1
    outer loop
      vertex -3.85227 -5.27316 0
      vertex -1.97347 -13.7116 0
      vertex -2.13787 -13.8465 0
    endloop
  endfacet
  facet normal 0 0 -1
    outer loop
      vertex -3.85227 -5.27316 0
      vertex -2.13787 -13.8465 0
      vertex -2.2931 -13.9919 0
    endloop
  endfacet
  facet normal 0 0 -1
    outer loop
      vertex -1.23872 -13.2874 0
      vertex -2.33608 -5.67942 0
      vertex -1.56131 -5.80734 0
    endloop
  endfacet
  facet normal 0 0 -1
    outer loop
      vertex -3.85227 -5.27316 0
      vertex -2.2931 -13.9919 0
      vertex -2.43848 -14.1471 0
    endloop
  endfacet
  facet normal 0 0 -1
    outer loop
      vertex -3.85227 -5.27316 0
      vertex -2.43848 -14.1471 0
      vertex -2.5734 -14.3115 0
    endloop
  endfacet
  facet normal 0 0 -1
    outer loop
      vertex -3.85227 -5.27316 0
      vertex -2.5734 -14.3115 0
      vertex -2.69728 -14.4844 0
    endloop
  endfacet
  facet normal 0 0 -1
    outer loop
      vertex -3.85227 -5.27316 0
      vertex -2.69728 -14.4844 0
      vertex -2.80958 -14.665 0
    endloop
  endfacet
  facet normal 0 0 -1
    outer loop
      vertex -3.85227 -5.27316 0
      vertex -2.80958 -14.665 0
      vertex -2.90984 -14.8526 0
    endloop
  endfacet
  facet normal 0 0 -1
    outer loop
      vertex -3.85227 -5.27316 0
      vertex -2.90984 -14.8526 0
      vertex -2.99761 -15.0463 0
    endloop
  endfacet
  facet normal 0 0 -1
    outer loop
      vertex -3.85227 -5.27316 0
      vertex -2.99761 -15.0463 0
      vertex -3.07252 -15.2453 0
    endloop
  endfacet
  facet normal 0 0 -1
    outer loop
      vertex -1.62 -13.4754 0
      vertex -3.10083 -5.50111 0
      vertex -2.33608 -5.67942 0
    endloop
  endfacet
  facet normal 0 0 -1
    outer loop
      vertex -3.85227 -5.27316 0
      vertex -3.07252 -15.2453 0
      vertex -3.13426 -15.4488 0
    endloop
  endfacet
  facet normal 0 0 -1
    outer loop
      vertex -3.85227 -5.27316 0
      vertex -3.13426 -15.4488 0
      vertex -3.18255 -15.656 0
    endloop
  endfacet
  facet normal 0 0 -1
    outer loop
      vertex -3.85227 -5.27316 0
      vertex -3.18255 -15.656 0
      vertex -3.2172 -15.8658 0
    endloop
  endfacet
  facet normal 0 0 -1
    outer loop
      vertex -3.85227 -5.27316 0
      vertex -3.2172 -15.8658 0
      vertex -3.23804 -16.0774 0
    endloop
  endfacet
  facet normal 0 0 -1
    outer loop
      vertex -3.85227 -5.27316 0
      vertex -3.23804 -16.0774 0
      vertex -3.245 -16.29 0
    endloop
  endfacet
  facet normal 0 0 -1
    outer loop
      vertex -1.97347 -13.7116 0
      vertex -3.85227 -5.27316 0
      vertex -3.10083 -5.50111 0
    endloop
  endfacet
  facet normal 0 0 -1
    outer loop
      vertex -37.2728 6.51421 0
      vertex -11.995 6.09 0
      vertex -37.252 6.30256 0
    endloop
  endfacet
  facet normal 0 0 -1
    outer loop
      vertex -37.3074 6.72404 0
      vertex -11.995 6.09 0
      vertex -37.2728 6.51421 0
    endloop
  endfacet
  facet normal 0 0 -1
    outer loop
      vertex -37.3557 6.93116 0
      vertex -11.995 6.09 0
      vertex -37.3074 6.72404 0
    endloop
  endfacet
  facet normal 0 0 -1
    outer loop
      vertex -37.4175 7.13468 0
      vertex -11.995 6.09 0
      vertex -37.3557 6.93116 0
    endloop
  endfacet
  facet normal 0 0 -1
    outer loop
      vertex -37.4924 7.33372 0
      vertex -11.995 6.09 0
      vertex -37.4175 7.13468 0
    endloop
  endfacet
  facet normal 0 0 -1
    outer loop
      vertex -37.5802 7.52744 0
      vertex -11.995 6.09 0
      vertex -37.4924 7.33372 0
    endloop
  endfacet
  facet normal 0 0 -1
    outer loop
      vertex -37.6804 7.715 0
      vertex -11.995 6.09 0
      vertex -37.5802 7.52744 0
    endloop
  endfacet
  facet normal 0 0 -1
    outer loop
      vertex -11.995 6.09 0
      vertex -37.6804 7.715 0
      vertex -11.995 23.99 0
    endloop
  endfacet
  facet normal 0 0 -1
    outer loop
      vertex -37.7927 7.8956 0
      vertex -11.995 23.99 0
      vertex -37.6804 7.715 0
    endloop
  endfacet
  facet normal 0 0 -1
    outer loop
      vertex -37.9166 8.06847 0
      vertex -11.995 23.99 0
      vertex -37.7927 7.8956 0
    endloop
  endfacet
  facet normal 0 0 -1
    outer loop
      vertex -38.0515 8.23287 0
      vertex -11.995 23.99 0
      vertex -37.9166 8.06847 0
    endloop
  endfacet
  facet normal 0 0 -1
    outer loop
      vertex -38.1969 8.3881 0
      vertex -11.995 23.99 0
      vertex -38.0515 8.23287 0
    endloop
  endfacet
  facet normal 0 0 -1
    outer loop
      vertex -38.3521 8.53348 0
      vertex -11.995 23.99 0
      vertex -38.1969 8.3881 0
    endloop
  endfacet
  facet normal 0 0 -1
    outer loop
      vertex -38.5165 8.6684 0
      vertex -11.995 23.99 0
      vertex -38.3521 8.53348 0
    endloop
  endfacet
  facet normal 0 0 -1
    outer loop
      vertex -44.495 23.99 0
      vertex -38.5165 8.6684 0
      vertex -38.6894 8.79228 0
    endloop
  endfacet
  facet normal 0 0 -1
    outer loop
      vertex -44.495 23.99 0
      vertex -38.6894 8.79228 0
      vertex -38.87 8.90458 0
    endloop
  endfacet
  facet normal 0 0 -1
    outer loop
      vertex -44.495 23.99 0
      vertex -38.87 8.90458 0
      vertex -39.0576 9.00484 0
    endloop
  endfacet
  facet normal 0 0 -1
    outer loop
      vertex -44.495 23.99 0
      vertex -39.0576 9.00484 0
      vertex -39.2513 9.09261 0
    endloop
  endfacet
  facet normal 0 0 -1
    outer loop
      vertex -44.495 23.99 0
      vertex -39.2513 9.09261 0
      vertex -39.4503 9.16752 0
    endloop
  endfacet
  facet normal 0 0 -1
    outer loop
      vertex -44.495 23.99 0
      vertex -39.4503 9.16752 0
      vertex -39.6538 9.22926 0
    endloop
  endfacet
  facet normal 0 0 -1
    outer loop
      vertex -44.495 23.99 0
      vertex -39.6538 9.22926 0
      vertex -39.861 9.27755 0
    endloop
  endfacet
  facet normal 0 0 -1
    outer loop
      vertex -44.495 23.99 0
      vertex -39.861 9.27755 0
      vertex -40.0708 9.3122 0
    endloop
  endfacet
  facet normal 0 0 -1
    outer loop
      vertex -44.495 23.99 0
      vertex -40.0708 9.3122 0
      vertex -40.2824 9.33304 0
    endloop
  endfacet
  facet normal 0 0 -1
    outer loop
      vertex -44.495 23.99 0
      vertex -40.2824 9.33304 0
      vertex -40.495 9.34 0
    endloop
  endfacet
  facet normal 0 0 -1
    outer loop
      vertex -44.495 23.99 0
      vertex -40.495 9.34 0
      vertex -40.7076 9.33304 0
    endloop
  endfacet
  facet normal 0 0 -1
    outer loop
      vertex -44.495 23.99 0
      vertex -40.7076 9.33304 0
      vertex -40.9192 9.3122 0
    endloop
  endfacet
  facet normal 0 0 -1
    outer loop
      vertex -44.495 23.99 0
      vertex -40.9192 9.3122 0
      vertex -41.129 9.27755 0
    endloop
  endfacet
  facet normal 0 0 -1
    outer loop
      vertex -44.495 23.99 0
      vertex -41.129 9.27755 0
      vertex -41.3362 9.22926 0
    endloop
  endfacet
  facet normal 0 0 -1
    outer loop
      vertex -50.495 17.99 0
      vertex -41.3362 9.22926 0
      vertex -41.5397 9.16752 0
    endloop
  endfacet
  facet normal 0 0 -1
    outer loop
      vertex -50.495 17.99 0
      vertex -41.5397 9.16752 0
      vertex -41.7387 9.09261 0
    endloop
  endfacet
  facet normal 0 0 -1
    outer loop
      vertex -50.495 17.99 0
      vertex -41.7387 9.09261 0
      vertex -41.9324 9.00484 0
    endloop
  endfacet
  facet normal 0 0 -1
    outer loop
      vertex -38.5165 8.6684 0
      vertex -44.495 23.99 0
      vertex -11.995 23.99 0
    endloop
  endfacet
  facet normal 0 0 -1
    outer loop
      vertex -50.495 17.99 0
      vertex -41.9324 9.00484 0
      vertex -42.12 8.90458 0
    endloop
  endfacet
  facet normal 0 0 -1
    outer loop
      vertex -50.495 17.99 0
      vertex -42.12 8.90458 0
      vertex -42.3006 8.79228 0
    endloop
  endfacet
  facet normal 0 0 -1
    outer loop
      vertex -50.495 17.99 0
      vertex -42.3006 8.79228 0
      vertex -42.4735 8.6684 0
    endloop
  endfacet
  facet normal 0 0 -1
    outer loop
      vertex -50.495 17.99 0
      vertex -42.4735 8.6684 0
      vertex -42.6379 8.53348 0
    endloop
  endfacet
  facet normal 0 0 -1
    outer loop
      vertex -50.495 17.99 0
      vertex -42.6379 8.53348 0
      vertex -42.7931 8.3881 0
    endloop
  endfacet
  facet normal 0 0 -1
    outer loop
      vertex -50.495 17.99 0
      vertex -42.7931 8.3881 0
      vertex -42.9385 8.23287 0
    endloop
  endfacet
  facet normal 0 0 -1
    outer loop
      vertex -50.495 17.99 0
      vertex -42.9385 8.23287 0
      vertex -43.0734 8.06847 0
    endloop
  endfacet
  facet normal 0 0 -1
    outer loop
      vertex -50.495 17.99 0
      vertex -43.0734 8.06847 0
      vertex -43.1973 7.8956 0
    endloop
  endfacet
  facet normal 0 0 -1
    outer loop
      vertex -50.495 17.99 0
      vertex -43.1973 7.8956 0
      vertex -43.3096 7.715 0
    endloop
  endfacet
  facet normal 0 0 -1
    outer loop
      vertex -50.495 17.99 0
      vertex -43.3096 7.715 0
      vertex -43.4098 7.52744 0
    endloop
  endfacet
  facet normal 0 0 -1
    outer loop
      vertex -50.495 17.99 0
      vertex -43.4098 7.52744 0
      vertex -43.4976 7.33372 0
    endloop
  endfacet
  facet normal 0 0 -1
    outer loop
      vertex -50.495 17.99 0
      vertex -43.4976 7.33372 0
      vertex -43.5725 7.13468 0
    endloop
  endfacet
  facet normal 0 0 -1
    outer loop
      vertex -50.495 17.99 0
      vertex -43.5725 7.13468 0
      vertex -43.6343 6.93116 0
    endloop
  endfacet
  facet normal 0 0 -1
    outer loop
      vertex -50.495 17.99 0
      vertex -43.6343 6.93116 0
      vertex -43.6826 6.72404 0
    endloop
  endfacet
  facet normal 0 0 -1
    outer loop
      vertex -50.495 17.99 0
      vertex -43.6826 6.72404 0
      vertex -43.7172 6.51421 0
    endloop
  endfacet
  facet normal 0 0 -1
    outer loop
      vertex -50.495 17.99 0
      vertex -43.7172 6.51421 0
      vertex -43.738 6.30256 0
    endloop
  endfacet
  facet normal 0 0 -1
    outer loop
      vertex -50.495 17.99 0
      vertex -43.738 6.30256 0
      vertex -43.745 6.09 0
    endloop
  endfacet
  facet normal 0 0 -1
    outer loop
      vertex -43.7172 5.66579 0
      vertex -50.495 17.99 0
      vertex -43.738 5.87744 0
    endloop
  endfacet
  facet normal 0 0 -1
    outer loop
      vertex -50.495 -18.61 0
      vertex -44.495 -24.61 0
      vertex -44.8874 -24.5971 0
    endloop
  endfacet
  facet normal 0 0 -1
    outer loop
      vertex -43.738 5.87744 0
      vertex -50.495 17.99 0
      vertex -43.745 6.09 0
    endloop
  endfacet
  facet normal 0 0 -1
    outer loop
      vertex -50.495 -18.61 0
      vertex -44.8874 -24.5971 0
      vertex -45.2782 -24.5587 0
    endloop
  endfacet
  facet normal 0 0 -1
    outer loop
      vertex -41.3362 9.22926 0
      vertex -50.495 17.99 0
      vertex -44.495 23.99 0
    endloop
  endfacet
  facet normal 0 0 -1
    outer loop
      vertex -50.495 -18.61 0
      vertex -45.2782 -24.5587 0
      vertex -45.6655 -24.4947 0
    endloop
  endfacet
  facet normal 0 0 -1
    outer loop
      vertex -44.495 23.99 0
      vertex -50.495 17.99 0
      vertex -44.8874 23.9771 0
    endloop
  endfacet
  facet normal 0 0 -1
    outer loop
      vertex -50.495 -18.61 0
      vertex -45.6655 -24.4947 0
      vertex -46.0479 -24.4055 0
    endloop
  endfacet
  facet normal 0 0 -1
    outer loop
      vertex -44.8874 23.9771 0
      vertex -50.495 17.99 0
      vertex -45.2782 23.9387 0
    endloop
  endfacet
  facet normal 0 0 -1
    outer loop
      vertex -50.495 -18.61 0
      vertex -46.0479 -24.4055 0
      vertex -46.4236 -24.2916 0
    endloop
  endfacet
  facet normal 0 0 -1
    outer loop
      vertex -45.2782 23.9387 0
      vertex -50.495 17.99 0
      vertex -45.6655 23.8747 0
    endloop
  endfacet
  facet normal 0 0 -1
    outer loop
      vertex -50.495 -18.61 0
      vertex -46.4236 -24.2916 0
      vertex -46.7911 -24.1533 0
    endloop
  endfacet
  facet normal 0 0 -1
    outer loop
      vertex -45.6655 23.8747 0
      vertex -50.495 17.99 0
      vertex -46.0479 23.7855 0
    endloop
  endfacet
  facet normal 0 0 -1
    outer loop
      vertex -50.495 -18.61 0
      vertex -46.7911 -24.1533 0
      vertex -47.1487 -23.9912 0
    endloop
  endfacet
  facet normal 0 0 -1
    outer loop
      vertex -46.0479 23.7855 0
      vertex -50.495 17.99 0
      vertex -46.4236 23.6716 0
    endloop
  endfacet
  facet normal 0 0 -1
    outer loop
      vertex -50.495 -18.61 0
      vertex -47.1487 -23.9912 0
      vertex -47.495 -23.8061 0
    endloop
  endfacet
  facet normal 0 0 -1
    outer loop
      vertex -46.4236 23.6716 0
      vertex -50.495 17.99 0
      vertex -46.7911 23.5333 0
    endloop
  endfacet
  facet normal 0 0 -1
    outer loop
      vertex -50.495 -18.61 0
      vertex -47.495 -23.8061 0
      vertex -47.8284 -23.5988 0
    endloop
  endfacet
  facet normal 0 0 -1
    outer loop
      vertex -46.7911 23.5333 0
      vertex -50.495 17.99 0
      vertex -47.1487 23.3712 0
    endloop
  endfacet
  facet normal 0 0 -1
    outer loop
      vertex -50.495 -18.61 0
      vertex -47.8284 -23.5988 0
      vertex -48.1476 -23.3701 0
    endloop
  endfacet
  facet normal 0 0 -1
    outer loop
      vertex -47.1487 23.3712 0
      vertex -50.495 17.99 0
      vertex -47.495 23.1861 0
    endloop
  endfacet
  facet normal 0 0 -1
    outer loop
      vertex -50.495 -18.61 0
      vertex -48.1476 -23.3701 0
      vertex -48.4511 -23.121 0
    endloop
  endfacet
  facet normal 0 0 -1
    outer loop
      vertex -47.495 23.1861 0
      vertex -50.495 17.99 0
      vertex -47.8284 22.9788 0
    endloop
  endfacet
  facet normal 0 0 -1
    outer loop
      vertex -50.495 -18.61 0
      vertex -48.4511 -23.121 0
      vertex -48.7376 -22.8526 0
    endloop
  endfacet
  facet normal 0 0 -1
    outer loop
      vertex -47.8284 22.9788 0
      vertex -50.495 17.99 0
      vertex -48.1476 22.7501 0
    endloop
  endfacet
  facet normal 0 0 -1
    outer loop
      vertex -50.495 -18.61 0
      vertex -48.7376 -22.8526 0
      vertex -49.006 -22.5661 0
    endloop
  endfacet
  facet normal 0 0 -1
    outer loop
      vertex -48.1476 22.7501 0
      vertex -50.495 17.99 0
      vertex -48.4511 22.501 0
    endloop
  endfacet
  facet normal 0 0 -1
    outer loop
      vertex -50.495 -18.61 0
      vertex -49.006 -22.5661 0
      vertex -49.2551 -22.2626 0
    endloop
  endfacet
  facet normal 0 0 -1
    outer loop
      vertex -48.4511 22.501 0
      vertex -50.495 17.99 0
      vertex -48.7376 22.2326 0
    endloop
  endfacet
  facet normal 0 0 -1
    outer loop
      vertex -50.495 -18.61 0
      vertex -49.2551 -22.2626 0
      vertex -49.4838 -21.9434 0
    endloop
  endfacet
  facet normal 0 0 -1
    outer loop
      vertex -48.7376 22.2326 0
      vertex -50.495 17.99 0
      vertex -49.006 21.9461 0
    endloop
  endfacet
  facet normal 0 0 -1
    outer loop
      vertex -50.495 -18.61 0
      vertex -49.4838 -21.9434 0
      vertex -49.6911 -21.61 0
    endloop
  endfacet
  facet normal 0 0 -1
    outer loop
      vertex -49.006 21.9461 0
      vertex -50.495 17.99 0
      vertex -49.2551 21.6426 0
    endloop
  endfacet
  facet normal 0 0 -1
    outer loop
      vertex -50.495 -18.61 0
      vertex -49.6911 -21.61 0
      vertex -49.8762 -21.2637 0
    endloop
  endfacet
  facet normal 0 0 -1
    outer loop
      vertex -49.2551 21.6426 0
      vertex -50.495 17.99 0
      vertex -49.4838 21.3234 0
    endloop
  endfacet
  facet normal 0 0 -1
    outer loop
      vertex -50.495 -18.61 0
      vertex -49.8762 -21.2637 0
      vertex -50.0383 -20.9061 0
    endloop
  endfacet
  facet normal 0 0 -1
    outer loop
      vertex -49.4838 21.3234 0
      vertex -50.495 17.99 0
      vertex -49.6911 20.99 0
    endloop
  endfacet
  facet normal 0 0 -1
    outer loop
      vertex -50.495 -18.61 0
      vertex -50.0383 -20.9061 0
      vertex -50.1766 -20.5386 0
    endloop
  endfacet
  facet normal 0 0 -1
    outer loop
      vertex -49.6911 20.99 0
      vertex -50.495 17.99 0
      vertex -49.8762 20.6437 0
    endloop
  endfacet
  facet normal 0 0 -1
    outer loop
      vertex -50.495 -18.61 0
      vertex -50.1766 -20.5386 0
      vertex -50.2905 -20.1629 0
    endloop
  endfacet
  facet normal 0 0 -1
    outer loop
      vertex -49.8762 20.6437 0
      vertex -50.495 17.99 0
      vertex -50.0383 20.2861 0
    endloop
  endfacet
  facet normal 0 0 -1
    outer loop
      vertex -50.495 -18.61 0
      vertex -50.2905 -20.1629 0
      vertex -50.3797 -19.7805 0
    endloop
  endfacet
  facet normal 0 0 -1
    outer loop
      vertex -50.0383 20.2861 0
      vertex -50.495 17.99 0
      vertex -50.1766 19.9186 0
    endloop
  endfacet
  facet normal 0 0 -1
    outer loop
      vertex -50.495 -18.61 0
      vertex -50.3797 -19.7805 0
      vertex -50.4437 -19.3931 0
    endloop
  endfacet
  facet normal 0 0 -1
    outer loop
      vertex -50.1766 19.9186 0
      vertex -50.495 17.99 0
      vertex -50.2905 19.5429 0
    endloop
  endfacet
  facet normal 0 0 -1
    outer loop
      vertex -50.495 -18.61 0
      vertex -50.4437 -19.3931 0
      vertex -50.4821 -19.0024 0
    endloop
  endfacet
  facet normal 0 0 -1
    outer loop
      vertex -50.2905 19.5429 0
      vertex -50.495 17.99 0
      vertex -50.3797 19.1605 0
    endloop
  endfacet
  facet normal 0 0 -1
    outer loop
      vertex -50.3797 19.1605 0
      vertex -50.495 17.99 0
      vertex -50.4437 18.7731 0
    endloop
  endfacet
  facet normal 0 0 -1
    outer loop
      vertex -50.4437 18.7731 0
      vertex -50.495 17.99 0
      vertex -50.4821 18.3824 0
    endloop
  endfacet
  facet normal 0.0231427 -0.706917 -0.706917
    outer loop
      vertex -40.495 9.34 0
      vertex -40.495 8.84 0.5
      vertex -40.7076 9.33304 0
    endloop
  endfacet
  facet normal 0.706931 -0.0232806 -0.706899
    outer loop
      vertex -43.738 6.30256 0
      vertex -43.2391 6.26986 0.5
      vertex -43.745 6.09 0
    endloop
  endfacet
  facet normal -0.373486 -0.600637 -0.706926
    outer loop
      vertex -38.87 8.90458 0
      vertex -38.6894 8.79228 0
      vertex -38.9672 8.37654 0.5
    endloop
  endfacet
  facet normal 0.644227 -0.292026 -0.706889
    outer loop
      vertex -42.9614 7.30629 0.5
      vertex -43.0357 7.14238 0.5
      vertex -43.4976 7.33372 0
    endloop
  endfacet
  facet normal -0.574859 -0.412015 -0.706952
    outer loop
      vertex -37.9166 8.06847 0
      vertex -37.7927 7.8956 0
      vertex -38.2085 7.61782 0.5
    endloop
  endfacet
  facet normal -0.688789 0.160624 -0.706943
    outer loop
      vertex -37.3074 5.45596 0
      vertex -37.3557 5.24884 0
      vertex -37.8387 5.37825 0.5
    endloop
  endfacet
  facet normal -0.57487 0.411999 -0.706952
    outer loop
      vertex -37.7927 4.2844 0
      vertex -37.9166 4.11152 0
      vertex -38.2085 4.56218 0.5
    endloop
  endfacet
  facet normal -0.688785 0.160749 -0.706919
    outer loop
      vertex -37.7978 5.5535 0.5
      vertex -37.3074 5.45596 0
      vertex -37.8387 5.37825 0.5
    endloop
  endfacet
  facet normal -0.0231427 0.706917 -0.706918
    outer loop
      vertex -40.3151 3.34589 0.5
      vertex -40.2824 2.84696 0
      vertex -40.495 2.84 0
    endloop
  endfacet
  facet normal 0.0693238 -0.703883 -0.706925
    outer loop
      vertex -40.7076 9.33304 0
      vertex -40.8539 8.81647 0.5
      vertex -40.9192 9.3122 0
    endloop
  endfacet
  facet normal 0.483528 -0.516189 -0.70693
    outer loop
      vertex -42.6379 8.53348 0
      vertex -42.3082 8.15756 0.5
      vertex -42.7931 8.3881 0
    endloop
  endfacet
  facet normal 0.644227 0.292026 -0.706889
    outer loop
      vertex -43.0357 5.03762 0.5
      vertex -42.9614 4.87371 0.5
      vertex -43.4976 4.84628 0
    endloop
  endfacet
  facet normal 0.291927 -0.644255 -0.706905
    outer loop
      vertex -41.7387 9.09261 0
      vertex -41.5474 8.63067 0.5
      vertex -41.9324 9.00484 0
    endloop
  endfacet
  facet normal 0.644236 -0.291988 -0.706897
    outer loop
      vertex -43.4098 7.52744 0
      vertex -42.9614 7.30629 0.5
      vertex -43.4976 7.33372 0
    endloop
  endfacet
  facet normal -0.69787 0.115076 -0.70692
    outer loop
      vertex -37.2728 5.66579 0
      vertex -37.3074 5.45596 0
      vertex -37.7978 5.5535 0.5
    endloop
  endfacet
  facet normal 0.160541 -0.68884 -0.706913
    outer loop
      vertex -41.129 9.27755 0
      vertex -41.2068 8.7463 0.5
      vertex -41.3362 9.22926 0
    endloop
  endfacet
  facet normal -0.411938 -0.574944 -0.706927
    outer loop
      vertex -38.6894 8.79228 0
      vertex -38.5165 8.6684 0
      vertex -38.9672 8.37654 0.5
    endloop
  endfacet
  facet normal -0.448697 -0.546737 -0.70693
    outer loop
      vertex -38.5165 8.6684 0
      vertex -38.3521 8.53348 0
      vertex -38.6818 8.15756 0.5
    endloop
  endfacet
  facet normal 0.661973 0.249193 -0.706891
    outer loop
      vertex -43.0991 5.20604 0.5
      vertex -43.0357 5.03762 0.5
      vertex -43.4976 4.84628 0
    endloop
  endfacet
  facet normal -0.291937 0.64425 -0.706905
    outer loop
      vertex -39.2787 3.6236 0.5
      vertex -39.2513 3.08739 0
      vertex -39.4426 3.54933 0.5
    endloop
  endfacet
  facet normal -0.411939 0.574945 -0.706926
    outer loop
      vertex -38.5165 3.5116 0
      vertex -38.6894 3.38772 0
      vertex -38.8209 3.90828 0.5
    endloop
  endfacet
  facet normal 0.574923 -0.411923 -0.706954
    outer loop
      vertex -42.6767 7.76409 0.5
      vertex -42.7815 7.61782 0.5
      vertex -43.1973 7.8956 0
    endloop
  endfacet
  facet normal 0.0231448 0.706917 -0.706917
    outer loop
      vertex -40.495 3.34 0.5
      vertex -40.495 2.84 0
      vertex -40.6749 3.34589 0.5
    endloop
  endfacet
  facet normal -0.483575 0.516123 -0.706945
    outer loop
      vertex -38.5505 4.14546 0.5
      vertex -38.1969 3.7919 0
      vertex -38.6818 4.02244 0.5
    endloop
  endfacet
  facet normal -0.661989 -0.249199 -0.706874
    outer loop
      vertex -37.4175 7.13468 0
      vertex -37.8909 6.97396 0.5
      vertex -37.9543 7.14238 0.5
    endloop
  endfacet
  facet normal 0.333381 0.623801 -0.706915
    outer loop
      vertex -41.87 3.70843 0.5
      vertex -41.9324 3.17516 0
      vertex -42.12 3.27542 0
    endloop
  endfacet
  facet normal -0.291926 0.644253 -0.706907
    outer loop
      vertex -39.0576 3.17516 0
      vertex -39.2513 3.08739 0
      vertex -39.2787 3.6236 0.5
    endloop
  endfacet
  facet normal 0.0693654 0.703878 -0.706926
    outer loop
      vertex -40.8539 3.36353 0.5
      vertex -40.6749 3.34589 0.5
      vertex -40.9192 2.8678 0
    endloop
  endfacet
  facet normal 0.160559 0.68884 -0.706909
    outer loop
      vertex -41.0315 3.39284 0.5
      vertex -41.129 2.90245 0
      vertex -41.2068 3.4337 0.5
    endloop
  endfacet
  facet normal 0.483575 -0.516123 -0.706945
    outer loop
      vertex -42.3082 8.15756 0.5
      vertex -42.4395 8.03454 0.5
      vertex -42.7931 8.3881 0
    endloop
  endfacet
  facet normal -0.0693245 0.70389 -0.706918
    outer loop
      vertex -40.0708 2.8678 0
      vertex -40.2824 2.84696 0
      vertex -40.3151 3.34589 0.5
    endloop
  endfacet
  facet normal -0.333381 -0.623801 -0.706915
    outer loop
      vertex -39.0576 9.00484 0
      vertex -38.87 8.90458 0
      vertex -39.12 8.47157 0.5
    endloop
  endfacet
  facet normal -0.703923 0.0691784 -0.706899
    outer loop
      vertex -37.252 5.87744 0
      vertex -37.2728 5.66579 0
      vertex -37.7685 5.73105 0.5
    endloop
  endfacet
  facet normal -0.644219 -0.292023 -0.706898
    outer loop
      vertex -37.5802 7.52744 0
      vertex -37.9543 7.14238 0.5
      vertex -38.0286 7.30629 0.5
    endloop
  endfacet
  facet normal -0.249179 -0.66196 -0.706908
    outer loop
      vertex -39.2513 9.09261 0
      vertex -39.4426 8.63067 0.5
      vertex -39.611 8.69406 0.5
    endloop
  endfacet
  facet normal 0.688789 -0.160624 -0.706943
    outer loop
      vertex -43.6343 6.93116 0
      vertex -43.1513 6.80175 0.5
      vertex -43.6826 6.72404 0
    endloop
  endfacet
  facet normal 0.697873 -0.115166 -0.706902
    outer loop
      vertex -43.1922 6.6265 0.5
      vertex -43.2215 6.44895 0.5
      vertex -43.7172 6.51421 0
    endloop
  endfacet
  facet normal 0.291926 0.644253 -0.706907
    outer loop
      vertex -41.7113 3.6236 0.5
      vertex -41.7387 3.08739 0
      vertex -41.9324 3.17516 0
    endloop
  endfacet
  facet normal 0.51622 0.48353 -0.706905
    outer loop
      vertex -42.5626 4.2768 0.5
      vertex -42.7931 3.7919 0
      vertex -42.9385 3.94713 0
    endloop
  endfacet
  facet normal -0.574942 -0.411937 -0.70693
    outer loop
      vertex -37.9166 8.06847 0
      vertex -38.2085 7.61782 0.5
      vertex -38.3133 7.76409 0.5
    endloop
  endfacet
  facet normal 0.448706 -0.546732 -0.706928
    outer loop
      vertex -42.1691 8.27172 0.5
      vertex -42.3082 8.15756 0.5
      vertex -42.4735 8.6684 0
    endloop
  endfacet
  facet normal 0.160541 0.68884 -0.706913
    outer loop
      vertex -41.2068 3.4337 0.5
      vertex -41.129 2.90245 0
      vertex -41.3362 2.95074 0
    endloop
  endfacet
  facet normal -0.448698 0.546739 -0.706928
    outer loop
      vertex -38.3521 3.64652 0
      vertex -38.5165 3.5116 0
      vertex -38.8209 3.90828 0.5
    endloop
  endfacet
  facet normal -0.205333 -0.676843 -0.70691
    outer loop
      vertex -39.4503 9.16752 0
      vertex -39.611 8.69406 0.5
      vertex -39.7832 8.7463 0.5
    endloop
  endfacet
  facet normal -0.600612 -0.37347 -0.706954
    outer loop
      vertex -37.7927 7.8956 0
      vertex -37.6804 7.715 0
      vertex -38.2085 7.61782 0.5
    endloop
  endfacet
  facet normal -0.600523 -0.373706 -0.706906
    outer loop
      vertex -37.6804 7.715 0
      vertex -38.1134 7.465 0.5
      vertex -38.2085 7.61782 0.5
    endloop
  endfacet
  facet normal 0.623849 0.333327 -0.706898
    outer loop
      vertex -42.9614 4.87371 0.5
      vertex -42.8766 4.715 0.5
      vertex -43.4098 4.65256 0
    endloop
  endfacet
  facet normal 0.373491 0.600645 -0.706916
    outer loop
      vertex -41.87 3.70843 0.5
      vertex -42.12 3.27542 0
      vertex -42.3006 3.38772 0
    endloop
  endfacet
  facet normal -0.574939 0.411934 -0.706934
    outer loop
      vertex -38.2085 4.56218 0.5
      vertex -37.9166 4.11152 0
      vertex -38.3133 4.41591 0.5
    endloop
  endfacet
  facet normal 0.249182 0.661958 -0.706909
    outer loop
      vertex -41.379 3.48594 0.5
      vertex -41.5397 3.01248 0
      vertex -41.7387 3.08739 0
    endloop
  endfacet
  facet normal -0.703923 -0.0691778 -0.706899
    outer loop
      vertex -37.252 6.30256 0
      vertex -37.7509 6.26986 0.5
      vertex -37.7685 6.44895 0.5
    endloop
  endfacet
  facet normal -0.69787 -0.115076 -0.70692
    outer loop
      vertex -37.3074 6.72404 0
      vertex -37.2728 6.51421 0
      vertex -37.7978 6.6265 0.5
    endloop
  endfacet
  facet normal 0.249182 -0.661958 -0.706909
    outer loop
      vertex -41.5397 9.16752 0
      vertex -41.379 8.69406 0.5
      vertex -41.7387 9.09261 0
    endloop
  endfacet
  facet normal 0.688785 0.160749 -0.706919
    outer loop
      vertex -43.1922 5.5535 0.5
      vertex -43.1513 5.37825 0.5
      vertex -43.6826 5.45596 0
    endloop
  endfacet
  facet normal -0.706936 0.0231898 -0.706897
    outer loop
      vertex -37.745 6.09 0.5
      vertex -37.252 5.87744 0
      vertex -37.7509 5.91014 0.5
    endloop
  endfacet
  facet normal 0.706931 0.0232806 -0.706899
    outer loop
      vertex -43.2391 5.91014 0.5
      vertex -43.738 5.87744 0
      vertex -43.745 6.09 0
    endloop
  endfacet
  facet normal -0.291936 -0.644248 -0.706907
    outer loop
      vertex -39.0576 9.00484 0
      vertex -39.2787 8.5564 0.5
      vertex -39.4426 8.63067 0.5
    endloop
  endfacet
  facet normal -0.516037 0.483662 -0.706949
    outer loop
      vertex -38.4274 4.2768 0.5
      vertex -38.1969 3.7919 0
      vertex -38.5505 4.14546 0.5
    endloop
  endfacet
  facet normal -0.249179 0.66196 -0.706908
    outer loop
      vertex -39.4426 3.54933 0.5
      vertex -39.2513 3.08739 0
      vertex -39.611 3.48594 0.5
    endloop
  endfacet
  facet normal -0.249182 0.661958 -0.706909
    outer loop
      vertex -39.2513 3.08739 0
      vertex -39.4503 3.01248 0
      vertex -39.611 3.48594 0.5
    endloop
  endfacet
  facet normal 0.676761 -0.205502 -0.706939
    outer loop
      vertex -43.5725 7.13468 0
      vertex -43.1513 6.80175 0.5
      vertex -43.6343 6.93116 0
    endloop
  endfacet
  facet normal 0.411935 -0.574948 -0.706926
    outer loop
      vertex -42.0228 8.37654 0.5
      vertex -42.1691 8.27172 0.5
      vertex -42.4735 8.6684 0
    endloop
  endfacet
  facet normal 0.0231427 0.706917 -0.706918
    outer loop
      vertex -40.6749 3.34589 0.5
      vertex -40.495 2.84 0
      vertex -40.7076 2.84696 0
    endloop
  endfacet
  facet normal -0.205346 -0.676836 -0.706913
    outer loop
      vertex -39.6538 9.22926 0
      vertex -39.4503 9.16752 0
      vertex -39.7832 8.7463 0.5
    endloop
  endfacet
  facet normal -0.160541 0.68884 -0.706913
    outer loop
      vertex -39.7832 3.4337 0.5
      vertex -39.6538 2.95074 0
      vertex -39.861 2.90245 0
    endloop
  endfacet
  facet normal -0.160559 0.68884 -0.706909
    outer loop
      vertex -39.7832 3.4337 0.5
      vertex -39.861 2.90245 0
      vertex -39.9585 3.39284 0.5
    endloop
  endfacet
  facet normal 0.115255 0.697849 -0.706911
    outer loop
      vertex -41.0315 3.39284 0.5
      vertex -40.9192 2.8678 0
      vertex -41.129 2.90245 0
    endloop
  endfacet
  facet normal -0.160541 -0.68884 -0.706913
    outer loop
      vertex -39.6538 9.22926 0
      vertex -39.7832 8.7463 0.5
      vertex -39.861 9.27755 0
    endloop
  endfacet
  facet normal 0.291937 0.64425 -0.706905
    outer loop
      vertex -41.7113 3.6236 0.5
      vertex -41.5474 3.54933 0.5
      vertex -41.7387 3.08739 0
    endloop
  endfacet
  facet normal -0.546856 0.448539 -0.706938
    outer loop
      vertex -38.3133 4.41591 0.5
      vertex -37.9166 4.11152 0
      vertex -38.4274 4.2768 0.5
    endloop
  endfacet
  facet normal -0.51622 -0.48353 -0.706905
    outer loop
      vertex -38.1969 8.3881 0
      vertex -38.0515 8.23287 0
      vertex -38.4274 7.9032 0.5
    endloop
  endfacet
  facet normal 0.644236 0.291988 -0.706897
    outer loop
      vertex -42.9614 4.87371 0.5
      vertex -43.4098 4.65256 0
      vertex -43.4976 4.84628 0
    endloop
  endfacet
  facet normal 0.703924 -0.0691778 -0.706899
    outer loop
      vertex -43.2215 6.44895 0.5
      vertex -43.2391 6.26986 0.5
      vertex -43.7172 6.51421 0
    endloop
  endfacet
  facet normal 0.703923 -0.0691784 -0.706899
    outer loop
      vertex -43.7172 6.51421 0
      vertex -43.2391 6.26986 0.5
      vertex -43.738 6.30256 0
    endloop
  endfacet
  facet normal 0.623849 -0.333327 -0.706898
    outer loop
      vertex -42.8766 7.465 0.5
      vertex -42.9614 7.30629 0.5
      vertex -43.4098 7.52744 0
    endloop
  endfacet
  facet normal 0.706917 0.0231892 -0.706917
    outer loop
      vertex -43.245 6.09 0.5
      vertex -43.2391 5.91014 0.5
      vertex -43.745 6.09 0
    endloop
  endfacet
  facet normal -0.676761 0.205502 -0.706939
    outer loop
      vertex -37.3557 5.24884 0
      vertex -37.4175 5.04532 0
      vertex -37.8387 5.37825 0.5
    endloop
  endfacet
  facet normal -0.697873 0.115166 -0.706902
    outer loop
      vertex -37.7685 5.73105 0.5
      vertex -37.2728 5.66579 0
      vertex -37.7978 5.5535 0.5
    endloop
  endfacet
  facet normal 0.703923 0.0691784 -0.706899
    outer loop
      vertex -43.2391 5.91014 0.5
      vertex -43.7172 5.66579 0
      vertex -43.738 5.87744 0
    endloop
  endfacet
  facet normal -0.291927 -0.644255 -0.706905
    outer loop
      vertex -39.2513 9.09261 0
      vertex -39.0576 9.00484 0
      vertex -39.4426 8.63067 0.5
    endloop
  endfacet
  facet normal 0.623862 0.333285 -0.706907
    outer loop
      vertex -42.8766 4.715 0.5
      vertex -43.3096 4.465 0
      vertex -43.4098 4.65256 0
    endloop
  endfacet
  facet normal -0.546776 0.448689 -0.706905
    outer loop
      vertex -37.9166 4.11152 0
      vertex -38.0515 3.94713 0
      vertex -38.4274 4.2768 0.5
    endloop
  endfacet
  facet normal -0.160559 -0.68884 -0.706909
    outer loop
      vertex -39.861 9.27755 0
      vertex -39.7832 8.7463 0.5
      vertex -39.9585 8.78716 0.5
    endloop
  endfacet
  facet normal 0.0693245 0.70389 -0.706918
    outer loop
      vertex -40.6749 3.34589 0.5
      vertex -40.7076 2.84696 0
      vertex -40.9192 2.8678 0
    endloop
  endfacet
  facet normal 0.574923 0.411923 -0.706954
    outer loop
      vertex -42.7815 4.56218 0.5
      vertex -42.6767 4.41591 0.5
      vertex -43.1973 4.2844 0
    endloop
  endfacet
  facet normal 0.676761 0.205502 -0.706939
    outer loop
      vertex -43.1513 5.37825 0.5
      vertex -43.5725 5.04532 0
      vertex -43.6343 5.24884 0
    endloop
  endfacet
  facet normal -0.676928 -0.205189 -0.706871
    outer loop
      vertex -37.4175 7.13468 0
      vertex -37.8387 6.80175 0.5
      vertex -37.8909 6.97396 0.5
    endloop
  endfacet
  facet normal -0.644219 0.292023 -0.706898
    outer loop
      vertex -37.9543 5.03762 0.5
      vertex -37.5802 4.65256 0
      vertex -38.0286 4.87371 0.5
    endloop
  endfacet
  facet normal -0.706936 -0.0231898 -0.706897
    outer loop
      vertex -37.252 6.30256 0
      vertex -37.745 6.09 0.5
      vertex -37.7509 6.26986 0.5
    endloop
  endfacet
  facet normal -0.703923 0.0691778 -0.706899
    outer loop
      vertex -37.7509 5.91014 0.5
      vertex -37.252 5.87744 0
      vertex -37.7685 5.73105 0.5
    endloop
  endfacet
  facet normal 0.661989 -0.249199 -0.706874
    outer loop
      vertex -43.0357 7.14238 0.5
      vertex -43.0991 6.97396 0.5
      vertex -43.5725 7.13468 0
    endloop
  endfacet
  facet normal 0.676928 -0.205189 -0.706871
    outer loop
      vertex -43.0991 6.97396 0.5
      vertex -43.1513 6.80175 0.5
      vertex -43.5725 7.13468 0
    endloop
  endfacet
  facet normal 0.115168 0.697846 -0.706928
    outer loop
      vertex -40.8539 3.36353 0.5
      vertex -40.9192 2.8678 0
      vertex -41.0315 3.39284 0.5
    endloop
  endfacet
  facet normal 0.574884 0.412009 -0.706935
    outer loop
      vertex -42.6767 4.41591 0.5
      vertex -43.0734 4.11152 0
      vertex -43.1973 4.2844 0
    endloop
  endfacet
  facet normal -0.333381 0.623801 -0.706915
    outer loop
      vertex -38.87 3.27542 0
      vertex -39.0576 3.17516 0
      vertex -39.12 3.70843 0.5
    endloop
  endfacet
  facet normal 0.115255 -0.697849 -0.706911
    outer loop
      vertex -40.9192 9.3122 0
      vertex -41.0315 8.78716 0.5
      vertex -41.129 9.27755 0
    endloop
  endfacet
  facet normal -0.623849 0.333327 -0.706898
    outer loop
      vertex -38.0286 4.87371 0.5
      vertex -37.5802 4.65256 0
      vertex -38.1134 4.715 0.5
    endloop
  endfacet
  facet normal -0.51622 0.48353 -0.706905
    outer loop
      vertex -38.0515 3.94713 0
      vertex -38.1969 3.7919 0
      vertex -38.4274 4.2768 0.5
    endloop
  endfacet
  facet normal -0.373491 0.600645 -0.706916
    outer loop
      vertex -38.6894 3.38772 0
      vertex -38.87 3.27542 0
      vertex -39.12 3.70843 0.5
    endloop
  endfacet
  facet normal 0.0231448 -0.706917 -0.706918
    outer loop
      vertex -40.495 8.84 0.5
      vertex -40.6749 8.83411 0.5
      vertex -40.7076 9.33304 0
    endloop
  endfacet
  facet normal 0.546776 0.448689 -0.706905
    outer loop
      vertex -42.5626 4.2768 0.5
      vertex -42.9385 3.94713 0
      vertex -43.0734 4.11152 0
    endloop
  endfacet
  facet normal 0.688789 0.160624 -0.706943
    outer loop
      vertex -43.1513 5.37825 0.5
      vertex -43.6343 5.24884 0
      vertex -43.6826 5.45596 0
    endloop
  endfacet
  facet normal 0.483575 0.516123 -0.706945
    outer loop
      vertex -42.4395 4.14546 0.5
      vertex -42.3082 4.02244 0.5
      vertex -42.7931 3.7919 0
    endloop
  endfacet
  facet normal 0.373532 0.600607 -0.706927
    outer loop
      vertex -42.0228 3.80346 0.5
      vertex -41.87 3.70843 0.5
      vertex -42.3006 3.38772 0
    endloop
  endfacet
  facet normal 0.249179 -0.66196 -0.706908
    outer loop
      vertex -41.379 8.69406 0.5
      vertex -41.5474 8.63067 0.5
      vertex -41.7387 9.09261 0
    endloop
  endfacet
  facet normal -0.205333 0.676843 -0.70691
    outer loop
      vertex -39.611 3.48594 0.5
      vertex -39.4503 3.01248 0
      vertex -39.7832 3.4337 0.5
    endloop
  endfacet
  facet normal 0.69787 0.115076 -0.70692
    outer loop
      vertex -43.1922 5.5535 0.5
      vertex -43.6826 5.45596 0
      vertex -43.7172 5.66579 0
    endloop
  endfacet
  facet normal -0.516037 -0.483662 -0.706949
    outer loop
      vertex -38.1969 8.3881 0
      vertex -38.4274 7.9032 0.5
      vertex -38.5505 8.03454 0.5
    endloop
  endfacet
  facet normal 0.676928 0.205189 -0.706871
    outer loop
      vertex -43.1513 5.37825 0.5
      vertex -43.0991 5.20604 0.5
      vertex -43.5725 5.04532 0
    endloop
  endfacet
  facet normal 0.411934 0.574947 -0.706927
    outer loop
      vertex -42.1691 3.90828 0.5
      vertex -42.0228 3.80346 0.5
      vertex -42.3006 3.38772 0
    endloop
  endfacet
  facet normal -0.0231427 -0.706917 -0.706917
    outer loop
      vertex -40.495 9.34 0
      vertex -40.2824 9.33304 0
      vertex -40.495 8.84 0.5
    endloop
  endfacet
  facet normal 0.448706 0.546732 -0.706928
    outer loop
      vertex -42.3082 4.02244 0.5
      vertex -42.1691 3.90828 0.5
      vertex -42.4735 3.5116 0
    endloop
  endfacet
  facet normal 0.483528 0.516189 -0.70693
    outer loop
      vertex -42.3082 4.02244 0.5
      vertex -42.6379 3.64652 0
      vertex -42.7931 3.7919 0
    endloop
  endfacet
  facet normal 0.115168 -0.697846 -0.706928
    outer loop
      vertex -40.9192 9.3122 0
      vertex -40.8539 8.81647 0.5
      vertex -41.0315 8.78716 0.5
    endloop
  endfacet
  facet normal 0.448697 0.546737 -0.70693
    outer loop
      vertex -42.3082 4.02244 0.5
      vertex -42.4735 3.5116 0
      vertex -42.6379 3.64652 0
    endloop
  endfacet
  facet normal -0.115168 -0.697846 -0.706928
    outer loop
      vertex -40.0708 9.3122 0
      vertex -39.9585 8.78716 0.5
      vertex -40.1361 8.81647 0.5
    endloop
  endfacet
  facet normal 0.249179 0.66196 -0.706908
    outer loop
      vertex -41.5474 3.54933 0.5
      vertex -41.379 3.48594 0.5
      vertex -41.7387 3.08739 0
    endloop
  endfacet
  facet normal -0.0693663 -0.703887 -0.706917
    outer loop
      vertex -40.2824 9.33304 0
      vertex -40.1361 8.81647 0.5
      vertex -40.3151 8.83411 0.5
    endloop
  endfacet
  facet normal 0.205333 0.676843 -0.70691
    outer loop
      vertex -41.379 3.48594 0.5
      vertex -41.2068 3.4337 0.5
      vertex -41.5397 3.01248 0
    endloop
  endfacet
  facet normal 0.291936 -0.644248 -0.706907
    outer loop
      vertex -41.5474 8.63067 0.5
      vertex -41.7113 8.5564 0.5
      vertex -41.9324 9.00484 0
    endloop
  endfacet
  facet normal 0.333432 -0.623786 -0.706905
    outer loop
      vertex -41.7113 8.5564 0.5
      vertex -41.87 8.47157 0.5
      vertex -41.9324 9.00484 0
    endloop
  endfacet
  facet normal 0.995206 0.0978035 0
    outer loop
      vertex 37.7785 5.73105 8
      vertex 37.7609 5.91014 0.5
      vertex 37.7609 5.91014 8
    endloop
  endfacet
  facet normal 0.995206 0.0978035 0
    outer loop
      vertex 37.7609 5.91014 0.5
      vertex 37.7785 5.73105 8
      vertex 37.7785 5.73105 0.5
    endloop
  endfacet
  facet normal -0.995206 -0.0978035 0
    outer loop
      vertex 43.2491 6.26986 0.5
      vertex 43.2315 6.44895 8
      vertex 43.2315 6.44895 0.5
    endloop
  endfacet
  facet normal -0.995206 -0.0978035 0
    outer loop
      vertex 43.2315 6.44895 8
      vertex 43.2491 6.26986 0.5
      vertex 43.2491 6.26986 8
    endloop
  endfacet
  facet normal -0.999462 -0.0327857 0
    outer loop
      vertex 43.255 6.09 0.5
      vertex 43.2491 6.26986 8
      vertex 43.2491 6.26986 0.5
    endloop
  endfacet
  facet normal -0.999462 -0.0327857 0
    outer loop
      vertex 43.2491 6.26986 8
      vertex 43.255 6.09 0.5
      vertex 43.255 6.09 8
    endloop
  endfacet
  facet normal 0.849027 0.52835 0
    outer loop
      vertex 38.2185 4.56218 8
      vertex 38.1234 4.715 0.5
      vertex 38.1234 4.715 8
    endloop
  endfacet
  facet normal 0.849027 0.52835 0
    outer loop
      vertex 38.1234 4.715 0.5
      vertex 38.2185 4.56218 8
      vertex 38.2185 4.56218 0.5
    endloop
  endfacet
  facet normal -0.729624 0.683849 0
    outer loop
      vertex 42.4495 4.14546 0.5
      vertex 42.5726 4.2768 8
      vertex 42.5726 4.2768 0.5
    endloop
  endfacet
  facet normal -0.729624 0.683849 0
    outer loop
      vertex 42.5726 4.2768 8
      vertex 42.4495 4.14546 0.5
      vertex 42.4495 4.14546 8
    endloop
  endfacet
  facet normal -0.849027 -0.52835 0
    outer loop
      vertex 42.8866 7.465 0.5
      vertex 42.7915 7.61782 8
      vertex 42.7915 7.61782 0.5
    endloop
  endfacet
  facet normal -0.849027 -0.52835 0
    outer loop
      vertex 42.7915 7.61782 8
      vertex 42.8866 7.465 0.5
      vertex 42.8866 7.465 8
    endloop
  endfacet
  facet normal 0.849027 -0.52835 0
    outer loop
      vertex 38.1234 7.465 8
      vertex 38.2185 7.61782 0.5
      vertex 38.2185 7.61782 8
    endloop
  endfacet
  facet normal 0.849027 -0.52835 0
    outer loop
      vertex 38.2185 7.61782 0.5
      vertex 38.1234 7.465 8
      vertex 38.1234 7.465 0.5
    endloop
  endfacet
  facet normal -0.995206 0.0978035 0
    outer loop
      vertex 43.2315 5.73105 0.5
      vertex 43.2491 5.91014 8
      vertex 43.2491 5.91014 0.5
    endloop
  endfacet
  facet normal -0.995206 0.0978035 0
    outer loop
      vertex 43.2491 5.91014 8
      vertex 43.2315 5.73105 0.5
      vertex 43.2315 5.73105 8
    endloop
  endfacet
  facet normal -0.973831 0.227274 0
    outer loop
      vertex 43.1613 5.37825 0.5
      vertex 43.2022 5.5535 8
      vertex 43.2022 5.5535 0.5
    endloop
  endfacet
  facet normal -0.973831 0.227274 0
    outer loop
      vertex 43.2022 5.5535 8
      vertex 43.1613 5.37825 0.5
      vertex 43.1613 5.37825 8
    endloop
  endfacet
  facet normal 0.812888 0.58242 0
    outer loop
      vertex 38.3233 4.41591 8
      vertex 38.2185 4.56218 0.5
      vertex 38.2185 4.56218 8
    endloop
  endfacet
  facet normal 0.812888 0.58242 0
    outer loop
      vertex 38.2185 4.56218 0.5
      vertex 38.3233 4.41591 8
      vertex 38.3233 4.41591 0.5
    endloop
  endfacet
  facet normal 0.957001 -0.290085 0
    outer loop
      vertex 37.8487 6.80175 8
      vertex 37.9009 6.97396 0.5
      vertex 37.9009 6.97396 8
    endloop
  endfacet
  facet normal 0.957001 -0.290085 0
    outer loop
      vertex 37.9009 6.97396 0.5
      vertex 37.8487 6.80175 8
      vertex 37.8487 6.80175 0.5
    endloop
  endfacet
  facet normal -0.0327229 -0.999464 0
    outer loop
      vertex 40.505 8.84 0.5
      vertex 40.6849 8.83411 8
      vertex 40.505 8.84 8
    endloop
  endfacet
  facet normal -0.0327229 -0.999464 -0
    outer loop
      vertex 40.6849 8.83411 8
      vertex 40.505 8.84 0.5
      vertex 40.6849 8.83411 0.5
    endloop
  endfacet
  facet normal -0.812888 0.58242 0
    outer loop
      vertex 42.6867 4.41591 0.5
      vertex 42.7915 4.56218 8
      vertex 42.7915 4.56218 0.5
    endloop
  endfacet
  facet normal -0.812888 0.58242 0
    outer loop
      vertex 42.7915 4.56218 8
      vertex 42.6867 4.41591 0.5
      vertex 42.6867 4.41591 8
    endloop
  endfacet
  facet normal 0.290304 0.956935 -0
    outer loop
      vertex 39.7932 3.4337 0.5
      vertex 39.621 3.48594 8
      vertex 39.7932 3.4337 8
    endloop
  endfacet
  facet normal 0.290304 0.956935 0
    outer loop
      vertex 39.621 3.48594 8
      vertex 39.7932 3.4337 0.5
      vertex 39.621 3.48594 0.5
    endloop
  endfacet
  facet normal -0.957001 0.290085 0
    outer loop
      vertex 43.1091 5.20604 0.5
      vertex 43.1613 5.37825 8
      vertex 43.1613 5.37825 0.5
    endloop
  endfacet
  facet normal -0.957001 0.290085 0
    outer loop
      vertex 43.1613 5.37825 8
      vertex 43.1091 5.20604 0.5
      vertex 43.1091 5.20604 8
    endloop
  endfacet
  facet normal -0.582415 0.812892 0
    outer loop
      vertex 42.1791 3.90828 0.5
      vertex 42.0328 3.80346 8
      vertex 42.1791 3.90828 8
    endloop
  endfacet
  facet normal -0.582415 0.812892 0
    outer loop
      vertex 42.0328 3.80346 8
      vertex 42.1791 3.90828 0.5
      vertex 42.0328 3.80346 0.5
    endloop
  endfacet
  facet normal 0.162831 0.986654 -0
    outer loop
      vertex 40.1461 3.36353 0.5
      vertex 39.9685 3.39284 8
      vertex 40.1461 3.36353 8
    endloop
  endfacet
  facet normal 0.162831 0.986654 0
    outer loop
      vertex 39.9685 3.39284 8
      vertex 40.1461 3.36353 0.5
      vertex 39.9685 3.39284 0.5
    endloop
  endfacet
  facet normal -0.935885 0.352305 0
    outer loop
      vertex 43.0457 5.03762 0.5
      vertex 43.1091 5.20604 8
      vertex 43.1091 5.20604 0.5
    endloop
  endfacet
  facet normal -0.935885 0.352305 0
    outer loop
      vertex 43.1091 5.20604 8
      vertex 43.0457 5.03762 0.5
      vertex 43.0457 5.03762 8
    endloop
  endfacet
  facet normal 0.634405 0.773001 -0
    outer loop
      vertex 38.8309 3.90828 0.5
      vertex 38.6918 4.02244 8
      vertex 38.8309 3.90828 8
    endloop
  endfacet
  facet normal 0.634405 0.773001 0
    outer loop
      vertex 38.6918 4.02244 8
      vertex 38.8309 3.90828 0.5
      vertex 38.6918 4.02244 0.5
    endloop
  endfacet
  facet normal 0.582415 0.812892 -0
    outer loop
      vertex 38.9772 3.80346 0.5
      vertex 38.8309 3.90828 8
      vertex 38.9772 3.80346 8
    endloop
  endfacet
  facet normal 0.582415 0.812892 0
    outer loop
      vertex 38.8309 3.90828 8
      vertex 38.9772 3.80346 0.5
      vertex 38.8309 3.90828 0.5
    endloop
  endfacet
  facet normal 0.0327229 0.999464 -0
    outer loop
      vertex 40.505 3.34 0.5
      vertex 40.3251 3.34589 8
      vertex 40.505 3.34 8
    endloop
  endfacet
  facet normal 0.0327229 0.999464 0
    outer loop
      vertex 40.3251 3.34589 8
      vertex 40.505 3.34 0.5
      vertex 40.3251 3.34589 0.5
    endloop
  endfacet
  facet normal 0.683723 -0.729742 0
    outer loop
      vertex 38.5605 8.03454 0.5
      vertex 38.6918 8.15756 8
      vertex 38.5605 8.03454 8
    endloop
  endfacet
  facet normal 0.683723 -0.729742 0
    outer loop
      vertex 38.6918 8.15756 8
      vertex 38.5605 8.03454 0.5
      vertex 38.6918 8.15756 0.5
    endloop
  endfacet
  facet normal -0.812888 -0.58242 0
    outer loop
      vertex 42.7915 7.61782 0.5
      vertex 42.6867 7.76409 8
      vertex 42.6867 7.76409 0.5
    endloop
  endfacet
  facet normal -0.812888 -0.58242 0
    outer loop
      vertex 42.6867 7.76409 8
      vertex 42.7915 7.61782 0.5
      vertex 42.7915 7.61782 8
    endloop
  endfacet
  facet normal -0.0980724 0.995179 0
    outer loop
      vertex 40.8639 3.36353 0.5
      vertex 40.6849 3.34589 8
      vertex 40.8639 3.36353 8
    endloop
  endfacet
  facet normal -0.0980724 0.995179 0
    outer loop
      vertex 40.6849 3.34589 8
      vertex 40.8639 3.36353 0.5
      vertex 40.6849 3.34589 0.5
    endloop
  endfacet
  facet normal 0.995206 -0.0978035 0
    outer loop
      vertex 37.7609 6.26986 8
      vertex 37.7785 6.44895 0.5
      vertex 37.7785 6.44895 8
    endloop
  endfacet
  facet normal 0.995206 -0.0978035 0
    outer loop
      vertex 37.7785 6.44895 0.5
      vertex 37.7609 6.26986 8
      vertex 37.7609 6.26986 0.5
    endloop
  endfacet
  facet normal -0.957001 -0.290085 0
    outer loop
      vertex 43.1613 6.80175 0.5
      vertex 43.1091 6.97396 8
      vertex 43.1091 6.97396 0.5
    endloop
  endfacet
  facet normal -0.957001 -0.290085 0
    outer loop
      vertex 43.1091 6.97396 8
      vertex 43.1613 6.80175 0.5
      vertex 43.1613 6.80175 8
    endloop
  endfacet
  facet normal 0.999462 0.0327857 0
    outer loop
      vertex 37.7609 5.91014 8
      vertex 37.755 6.09 0.5
      vertex 37.755 6.09 8
    endloop
  endfacet
  facet normal 0.999462 0.0327857 0
    outer loop
      vertex 37.755 6.09 0.5
      vertex 37.7609 5.91014 8
      vertex 37.7609 5.91014 0.5
    endloop
  endfacet
  facet normal 0.352293 0.93589 -0
    outer loop
      vertex 39.621 3.48594 0.5
      vertex 39.4526 3.54933 8
      vertex 39.621 3.48594 8
    endloop
  endfacet
  facet normal 0.352293 0.93589 0
    outer loop
      vertex 39.4526 3.54933 8
      vertex 39.621 3.48594 0.5
      vertex 39.4526 3.54933 0.5
    endloop
  endfacet
  facet normal 0.773187 -0.634179 0
    outer loop
      vertex 38.3233 7.76409 8
      vertex 38.4374 7.9032 0.5
      vertex 38.4374 7.9032 8
    endloop
  endfacet
  facet normal 0.773187 -0.634179 0
    outer loop
      vertex 38.4374 7.9032 0.5
      vertex 38.3233 7.76409 8
      vertex 38.3233 7.76409 0.5
    endloop
  endfacet
  facet normal -0.528119 0.84917 0
    outer loop
      vertex 42.0328 3.80346 0.5
      vertex 41.88 3.70843 8
      vertex 42.0328 3.80346 8
    endloop
  endfacet
  facet normal -0.528119 0.84917 0
    outer loop
      vertex 41.88 3.70843 8
      vertex 42.0328 3.80346 0.5
      vertex 41.88 3.70843 0.5
    endloop
  endfacet
  facet normal -0.773187 -0.634179 0
    outer loop
      vertex 42.6867 7.76409 0.5
      vertex 42.5726 7.9032 8
      vertex 42.5726 7.9032 0.5
    endloop
  endfacet
  facet normal -0.773187 -0.634179 0
    outer loop
      vertex 42.5726 7.9032 8
      vertex 42.6867 7.76409 0.5
      vertex 42.6867 7.76409 8
    endloop
  endfacet
  facet normal -0.910794 0.412861 0
    outer loop
      vertex 42.9714 4.87371 0.5
      vertex 43.0457 5.03762 8
      vertex 43.0457 5.03762 0.5
    endloop
  endfacet
  facet normal -0.910794 0.412861 0
    outer loop
      vertex 43.0457 5.03762 8
      vertex 42.9714 4.87371 0.5
      vertex 42.9714 4.87371 8
    endloop
  endfacet
  facet normal 0.0980724 -0.995179 0
    outer loop
      vertex 40.1461 8.81647 0.5
      vertex 40.3251 8.83411 8
      vertex 40.1461 8.81647 8
    endloop
  endfacet
  facet normal 0.0980724 -0.995179 0
    outer loop
      vertex 40.3251 8.83411 8
      vertex 40.1461 8.81647 0.5
      vertex 40.3251 8.83411 0.5
    endloop
  endfacet
  facet normal -0.999462 0.0327857 0
    outer loop
      vertex 43.2491 5.91014 0.5
      vertex 43.255 6.09 8
      vertex 43.255 6.09 0.5
    endloop
  endfacet
  facet normal -0.999462 0.0327857 0
    outer loop
      vertex 43.255 6.09 8
      vertex 43.2491 5.91014 0.5
      vertex 43.2491 5.91014 8
    endloop
  endfacet
  facet normal -0.412743 0.910847 0
    outer loop
      vertex 41.7213 3.6236 0.5
      vertex 41.5574 3.54933 8
      vertex 41.7213 3.6236 8
    endloop
  endfacet
  facet normal -0.412743 0.910847 0
    outer loop
      vertex 41.5574 3.54933 8
      vertex 41.7213 3.6236 0.5
      vertex 41.5574 3.54933 0.5
    endloop
  endfacet
  facet normal -0.227001 -0.973894 0
    outer loop
      vertex 41.0415 8.78716 0.5
      vertex 41.2168 8.7463 8
      vertex 41.0415 8.78716 8
    endloop
  endfacet
  facet normal -0.227001 -0.973894 -0
    outer loop
      vertex 41.2168 8.7463 8
      vertex 41.0415 8.78716 0.5
      vertex 41.2168 8.7463 0.5
    endloop
  endfacet
  facet normal -0.352293 -0.93589 0
    outer loop
      vertex 41.389 8.69406 0.5
      vertex 41.5574 8.63067 8
      vertex 41.389 8.69406 8
    endloop
  endfacet
  facet normal -0.352293 -0.93589 -0
    outer loop
      vertex 41.5574 8.63067 8
      vertex 41.389 8.69406 0.5
      vertex 41.5574 8.63067 0.5
    endloop
  endfacet
  facet normal -0.412743 -0.910847 0
    outer loop
      vertex 41.5574 8.63067 0.5
      vertex 41.7213 8.5564 8
      vertex 41.5574 8.63067 8
    endloop
  endfacet
  facet normal -0.412743 -0.910847 -0
    outer loop
      vertex 41.7213 8.5564 8
      vertex 41.5574 8.63067 0.5
      vertex 41.7213 8.5564 0.5
    endloop
  endfacet
  facet normal -0.634405 -0.773001 0
    outer loop
      vertex 42.1791 8.27172 0.5
      vertex 42.3182 8.15756 8
      vertex 42.1791 8.27172 8
    endloop
  endfacet
  facet normal -0.634405 -0.773001 -0
    outer loop
      vertex 42.3182 8.15756 8
      vertex 42.1791 8.27172 0.5
      vertex 42.3182 8.15756 0.5
    endloop
  endfacet
  facet normal -0.162831 0.986654 0
    outer loop
      vertex 41.0415 3.39284 0.5
      vertex 40.8639 3.36353 8
      vertex 41.0415 3.39284 8
    endloop
  endfacet
  facet normal -0.162831 0.986654 0
    outer loop
      vertex 40.8639 3.36353 8
      vertex 41.0415 3.39284 0.5
      vertex 40.8639 3.36353 0.5
    endloop
  endfacet
  facet normal -0.352293 0.93589 0
    outer loop
      vertex 41.5574 3.54933 0.5
      vertex 41.389 3.48594 8
      vertex 41.5574 3.54933 8
    endloop
  endfacet
  facet normal -0.352293 0.93589 0
    outer loop
      vertex 41.389 3.48594 8
      vertex 41.5574 3.54933 0.5
      vertex 41.389 3.48594 0.5
    endloop
  endfacet
  facet normal -0.729624 -0.683849 0
    outer loop
      vertex 42.5726 7.9032 0.5
      vertex 42.4495 8.03454 8
      vertex 42.4495 8.03454 0.5
    endloop
  endfacet
  facet normal -0.729624 -0.683849 0
    outer loop
      vertex 42.4495 8.03454 8
      vertex 42.5726 7.9032 0.5
      vertex 42.5726 7.9032 8
    endloop
  endfacet
  facet normal -0.881996 -0.471257 0
    outer loop
      vertex 42.9714 7.30629 0.5
      vertex 42.8866 7.465 8
      vertex 42.8866 7.465 0.5
    endloop
  endfacet
  facet normal -0.881996 -0.471257 0
    outer loop
      vertex 42.8866 7.465 8
      vertex 42.9714 7.30629 0.5
      vertex 42.9714 7.30629 8
    endloop
  endfacet
  facet normal 0.0327229 -0.999464 0
    outer loop
      vertex 40.3251 8.83411 0.5
      vertex 40.505 8.84 8
      vertex 40.3251 8.83411 8
    endloop
  endfacet
  facet normal 0.0327229 -0.999464 0
    outer loop
      vertex 40.505 8.84 8
      vertex 40.3251 8.83411 0.5
      vertex 40.505 8.84 0.5
    endloop
  endfacet
  facet normal -0.582415 -0.812892 0
    outer loop
      vertex 42.0328 8.37654 0.5
      vertex 42.1791 8.27172 8
      vertex 42.0328 8.37654 8
    endloop
  endfacet
  facet normal -0.582415 -0.812892 -0
    outer loop
      vertex 42.1791 8.27172 8
      vertex 42.0328 8.37654 0.5
      vertex 42.1791 8.27172 0.5
    endloop
  endfacet
  facet normal -0.910794 -0.412861 0
    outer loop
      vertex 43.0457 7.14238 0.5
      vertex 42.9714 7.30629 8
      vertex 42.9714 7.30629 0.5
    endloop
  endfacet
  facet normal -0.910794 -0.412861 0
    outer loop
      vertex 42.9714 7.30629 8
      vertex 43.0457 7.14238 0.5
      vertex 43.0457 7.14238 8
    endloop
  endfacet
  facet normal 0.528119 -0.84917 0
    outer loop
      vertex 38.9772 8.37654 0.5
      vertex 39.13 8.47157 8
      vertex 38.9772 8.37654 8
    endloop
  endfacet
  facet normal 0.528119 -0.84917 0
    outer loop
      vertex 39.13 8.47157 8
      vertex 38.9772 8.37654 0.5
      vertex 39.13 8.47157 0.5
    endloop
  endfacet
  facet normal -0.683723 -0.729742 0
    outer loop
      vertex 42.3182 8.15756 0.5
      vertex 42.4495 8.03454 8
      vertex 42.3182 8.15756 8
    endloop
  endfacet
  facet normal -0.683723 -0.729742 -0
    outer loop
      vertex 42.4495 8.03454 8
      vertex 42.3182 8.15756 0.5
      vertex 42.4495 8.03454 0.5
    endloop
  endfacet
  facet normal 0.290304 -0.956935 0
    outer loop
      vertex 39.621 8.69406 0.5
      vertex 39.7932 8.7463 8
      vertex 39.621 8.69406 8
    endloop
  endfacet
  facet normal 0.290304 -0.956935 0
    outer loop
      vertex 39.7932 8.7463 8
      vertex 39.621 8.69406 0.5
      vertex 39.7932 8.7463 0.5
    endloop
  endfacet
  facet normal -0.881996 0.471257 0
    outer loop
      vertex 42.8866 4.715 0.5
      vertex 42.9714 4.87371 8
      vertex 42.9714 4.87371 0.5
    endloop
  endfacet
  facet normal -0.881996 0.471257 0
    outer loop
      vertex 42.9714 4.87371 8
      vertex 42.8866 4.715 0.5
      vertex 42.8866 4.715 8
    endloop
  endfacet
  facet normal 0.47141 -0.881914 0
    outer loop
      vertex 39.13 8.47157 0.5
      vertex 39.2887 8.5564 8
      vertex 39.13 8.47157 8
    endloop
  endfacet
  facet normal 0.47141 -0.881914 0
    outer loop
      vertex 39.2887 8.5564 8
      vertex 39.13 8.47157 0.5
      vertex 39.2887 8.5564 0.5
    endloop
  endfacet
  facet normal 0.162831 -0.986654 0
    outer loop
      vertex 39.9685 8.78716 0.5
      vertex 40.1461 8.81647 8
      vertex 39.9685 8.78716 8
    endloop
  endfacet
  facet normal 0.162831 -0.986654 0
    outer loop
      vertex 40.1461 8.81647 8
      vertex 39.9685 8.78716 0.5
      vertex 40.1461 8.81647 0.5
    endloop
  endfacet
  facet normal 0.973831 0.227274 0
    outer loop
      vertex 37.8487 5.37825 8
      vertex 37.8078 5.5535 0.5
      vertex 37.8078 5.5535 8
    endloop
  endfacet
  facet normal 0.973831 0.227274 0
    outer loop
      vertex 37.8078 5.5535 0.5
      vertex 37.8487 5.37825 8
      vertex 37.8487 5.37825 0.5
    endloop
  endfacet
  facet normal 0.935885 0.352305 0
    outer loop
      vertex 37.9643 5.03762 8
      vertex 37.9009 5.20604 0.5
      vertex 37.9009 5.20604 8
    endloop
  endfacet
  facet normal 0.935885 0.352305 0
    outer loop
      vertex 37.9009 5.20604 0.5
      vertex 37.9643 5.03762 8
      vertex 37.9643 5.03762 0.5
    endloop
  endfacet
  facet normal 0.227001 -0.973894 0
    outer loop
      vertex 39.7932 8.7463 0.5
      vertex 39.9685 8.78716 8
      vertex 39.7932 8.7463 8
    endloop
  endfacet
  facet normal 0.227001 -0.973894 0
    outer loop
      vertex 39.9685 8.78716 8
      vertex 39.7932 8.7463 0.5
      vertex 39.9685 8.78716 0.5
    endloop
  endfacet
  facet normal 0.47141 0.881914 -0
    outer loop
      vertex 39.2887 3.6236 0.5
      vertex 39.13 3.70843 8
      vertex 39.2887 3.6236 8
    endloop
  endfacet
  facet normal 0.47141 0.881914 0
    outer loop
      vertex 39.13 3.70843 8
      vertex 39.2887 3.6236 0.5
      vertex 39.13 3.70843 0.5
    endloop
  endfacet
  facet normal -0.973831 -0.227274 0
    outer loop
      vertex 43.2022 6.6265 0.5
      vertex 43.1613 6.80175 8
      vertex 43.1613 6.80175 0.5
    endloop
  endfacet
  facet normal -0.973831 -0.227274 0
    outer loop
      vertex 43.1613 6.80175 8
      vertex 43.2022 6.6265 0.5
      vertex 43.2022 6.6265 8
    endloop
  endfacet
  facet normal 0.812888 -0.58242 0
    outer loop
      vertex 38.2185 7.61782 8
      vertex 38.3233 7.76409 0.5
      vertex 38.3233 7.76409 8
    endloop
  endfacet
  facet normal 0.812888 -0.58242 0
    outer loop
      vertex 38.3233 7.76409 0.5
      vertex 38.2185 7.61782 8
      vertex 38.2185 7.61782 0.5
    endloop
  endfacet
  facet normal 0.935885 -0.352305 0
    outer loop
      vertex 37.9009 6.97396 8
      vertex 37.9643 7.14238 0.5
      vertex 37.9643 7.14238 8
    endloop
  endfacet
  facet normal 0.935885 -0.352305 0
    outer loop
      vertex 37.9643 7.14238 0.5
      vertex 37.9009 6.97396 8
      vertex 37.9009 6.97396 0.5
    endloop
  endfacet
  facet normal -0.290304 0.956935 0
    outer loop
      vertex 41.389 3.48594 0.5
      vertex 41.2168 3.4337 8
      vertex 41.389 3.48594 8
    endloop
  endfacet
  facet normal -0.290304 0.956935 0
    outer loop
      vertex 41.2168 3.4337 8
      vertex 41.389 3.48594 0.5
      vertex 41.2168 3.4337 0.5
    endloop
  endfacet
  facet normal -0.0327229 0.999464 0
    outer loop
      vertex 40.6849 3.34589 0.5
      vertex 40.505 3.34 8
      vertex 40.6849 3.34589 8
    endloop
  endfacet
  facet normal -0.0327229 0.999464 0
    outer loop
      vertex 40.505 3.34 8
      vertex 40.6849 3.34589 0.5
      vertex 40.505 3.34 0.5
    endloop
  endfacet
  facet normal 0.973831 -0.227274 0
    outer loop
      vertex 37.8078 6.6265 8
      vertex 37.8487 6.80175 0.5
      vertex 37.8487 6.80175 8
    endloop
  endfacet
  facet normal 0.973831 -0.227274 0
    outer loop
      vertex 37.8487 6.80175 0.5
      vertex 37.8078 6.6265 8
      vertex 37.8078 6.6265 0.5
    endloop
  endfacet
  facet normal -0.162831 -0.986654 0
    outer loop
      vertex 40.8639 8.81647 0.5
      vertex 41.0415 8.78716 8
      vertex 40.8639 8.81647 8
    endloop
  endfacet
  facet normal -0.162831 -0.986654 -0
    outer loop
      vertex 41.0415 8.78716 8
      vertex 40.8639 8.81647 0.5
      vertex 41.0415 8.78716 0.5
    endloop
  endfacet
  facet normal -0.0980724 -0.995179 0
    outer loop
      vertex 40.6849 8.83411 0.5
      vertex 40.8639 8.81647 8
      vertex 40.6849 8.83411 8
    endloop
  endfacet
  facet normal -0.0980724 -0.995179 -0
    outer loop
      vertex 40.8639 8.81647 8
      vertex 40.6849 8.83411 0.5
      vertex 40.8639 8.81647 0.5
    endloop
  endfacet
  facet normal -0.683723 0.729742 0
    outer loop
      vertex 42.4495 4.14546 0.5
      vertex 42.3182 4.02244 8
      vertex 42.4495 4.14546 8
    endloop
  endfacet
  facet normal -0.683723 0.729742 0
    outer loop
      vertex 42.3182 4.02244 8
      vertex 42.4495 4.14546 0.5
      vertex 42.3182 4.02244 0.5
    endloop
  endfacet
  facet normal -0.849027 0.52835 0
    outer loop
      vertex 42.7915 4.56218 0.5
      vertex 42.8866 4.715 8
      vertex 42.8866 4.715 0.5
    endloop
  endfacet
  facet normal -0.849027 0.52835 0
    outer loop
      vertex 42.8866 4.715 8
      vertex 42.7915 4.56218 0.5
      vertex 42.7915 4.56218 8
    endloop
  endfacet
  facet normal 0.986655 -0.162822 0
    outer loop
      vertex 37.7785 6.44895 8
      vertex 37.8078 6.6265 0.5
      vertex 37.8078 6.6265 8
    endloop
  endfacet
  facet normal 0.986655 -0.162822 0
    outer loop
      vertex 37.8078 6.6265 0.5
      vertex 37.7785 6.44895 8
      vertex 37.7785 6.44895 0.5
    endloop
  endfacet
  facet normal 0.986655 0.162822 0
    outer loop
      vertex 37.8078 5.5535 8
      vertex 37.7785 5.73105 0.5
      vertex 37.7785 5.73105 8
    endloop
  endfacet
  facet normal 0.986655 0.162822 0
    outer loop
      vertex 37.7785 5.73105 0.5
      vertex 37.8078 5.5535 8
      vertex 37.8078 5.5535 0.5
    endloop
  endfacet
  facet normal 0.683723 0.729742 -0
    outer loop
      vertex 38.6918 4.02244 0.5
      vertex 38.5605 4.14546 8
      vertex 38.6918 4.02244 8
    endloop
  endfacet
  facet normal 0.683723 0.729742 0
    outer loop
      vertex 38.5605 4.14546 8
      vertex 38.6918 4.02244 0.5
      vertex 38.5605 4.14546 0.5
    endloop
  endfacet
  facet normal 0.0980724 0.995179 -0
    outer loop
      vertex 40.3251 3.34589 0.5
      vertex 40.1461 3.36353 8
      vertex 40.3251 3.34589 8
    endloop
  endfacet
  facet normal 0.0980724 0.995179 0
    outer loop
      vertex 40.1461 3.36353 8
      vertex 40.3251 3.34589 0.5
      vertex 40.1461 3.36353 0.5
    endloop
  endfacet
  facet normal -0.935885 -0.352305 0
    outer loop
      vertex 43.1091 6.97396 0.5
      vertex 43.0457 7.14238 8
      vertex 43.0457 7.14238 0.5
    endloop
  endfacet
  facet normal -0.935885 -0.352305 0
    outer loop
      vertex 43.0457 7.14238 8
      vertex 43.1091 6.97396 0.5
      vertex 43.1091 6.97396 8
    endloop
  endfacet
  facet normal -0.986655 -0.162822 0
    outer loop
      vertex 43.2315 6.44895 0.5
      vertex 43.2022 6.6265 8
      vertex 43.2022 6.6265 0.5
    endloop
  endfacet
  facet normal -0.986655 -0.162822 0
    outer loop
      vertex 43.2022 6.6265 8
      vertex 43.2315 6.44895 0.5
      vertex 43.2315 6.44895 8
    endloop
  endfacet
  facet normal 0.412743 -0.910847 0
    outer loop
      vertex 39.2887 8.5564 0.5
      vertex 39.4526 8.63067 8
      vertex 39.2887 8.5564 8
    endloop
  endfacet
  facet normal 0.412743 -0.910847 0
    outer loop
      vertex 39.4526 8.63067 8
      vertex 39.2887 8.5564 0.5
      vertex 39.4526 8.63067 0.5
    endloop
  endfacet
  facet normal -0.634405 0.773001 0
    outer loop
      vertex 42.3182 4.02244 0.5
      vertex 42.1791 3.90828 8
      vertex 42.3182 4.02244 8
    endloop
  endfacet
  facet normal -0.634405 0.773001 0
    outer loop
      vertex 42.1791 3.90828 8
      vertex 42.3182 4.02244 0.5
      vertex 42.1791 3.90828 0.5
    endloop
  endfacet
  facet normal 0.352293 -0.93589 0
    outer loop
      vertex 39.4526 8.63067 0.5
      vertex 39.621 8.69406 8
      vertex 39.4526 8.63067 8
    endloop
  endfacet
  facet normal 0.352293 -0.93589 0
    outer loop
      vertex 39.621 8.69406 8
      vertex 39.4526 8.63067 0.5
      vertex 39.621 8.69406 0.5
    endloop
  endfacet
  facet normal 0.582415 -0.812892 0
    outer loop
      vertex 38.8309 8.27172 0.5
      vertex 38.9772 8.37654 8
      vertex 38.8309 8.27172 8
    endloop
  endfacet
  facet normal 0.582415 -0.812892 0
    outer loop
      vertex 38.9772 8.37654 8
      vertex 38.8309 8.27172 0.5
      vertex 38.9772 8.37654 0.5
    endloop
  endfacet
  facet normal -0.528119 -0.84917 0
    outer loop
      vertex 41.88 8.47157 0.5
      vertex 42.0328 8.37654 8
      vertex 41.88 8.47157 8
    endloop
  endfacet
  facet normal -0.528119 -0.84917 -0
    outer loop
      vertex 42.0328 8.37654 8
      vertex 41.88 8.47157 0.5
      vertex 42.0328 8.37654 0.5
    endloop
  endfacet
  facet normal -0.986655 0.162822 0
    outer loop
      vertex 43.2022 5.5535 0.5
      vertex 43.2315 5.73105 8
      vertex 43.2315 5.73105 0.5
    endloop
  endfacet
  facet normal -0.986655 0.162822 0
    outer loop
      vertex 43.2315 5.73105 8
      vertex 43.2022 5.5535 0.5
      vertex 43.2022 5.5535 8
    endloop
  endfacet
  facet normal 0.999462 -0.0327857 0
    outer loop
      vertex 37.755 6.09 8
      vertex 37.7609 6.26986 0.5
      vertex 37.7609 6.26986 8
    endloop
  endfacet
  facet normal 0.999462 -0.0327857 0
    outer loop
      vertex 37.7609 6.26986 0.5
      vertex 37.755 6.09 8
      vertex 37.755 6.09 0.5
    endloop
  endfacet
  facet normal 0.773187 0.634179 0
    outer loop
      vertex 38.4374 4.2768 8
      vertex 38.3233 4.41591 0.5
      vertex 38.3233 4.41591 8
    endloop
  endfacet
  facet normal 0.773187 0.634179 0
    outer loop
      vertex 38.3233 4.41591 0.5
      vertex 38.4374 4.2768 8
      vertex 38.4374 4.2768 0.5
    endloop
  endfacet
  facet normal -0.290304 -0.956935 0
    outer loop
      vertex 41.2168 8.7463 0.5
      vertex 41.389 8.69406 8
      vertex 41.2168 8.7463 8
    endloop
  endfacet
  facet normal -0.290304 -0.956935 -0
    outer loop
      vertex 41.389 8.69406 8
      vertex 41.2168 8.7463 0.5
      vertex 41.389 8.69406 0.5
    endloop
  endfacet
  facet normal 0.910794 -0.412861 0
    outer loop
      vertex 37.9643 7.14238 8
      vertex 38.0386 7.30629 0.5
      vertex 38.0386 7.30629 8
    endloop
  endfacet
  facet normal 0.910794 -0.412861 0
    outer loop
      vertex 38.0386 7.30629 0.5
      vertex 37.9643 7.14238 8
      vertex 37.9643 7.14238 0.5
    endloop
  endfacet
  facet normal 0.957001 0.290085 0
    outer loop
      vertex 37.9009 5.20604 8
      vertex 37.8487 5.37825 0.5
      vertex 37.8487 5.37825 8
    endloop
  endfacet
  facet normal 0.957001 0.290085 0
    outer loop
      vertex 37.8487 5.37825 0.5
      vertex 37.9009 5.20604 8
      vertex 37.9009 5.20604 0.5
    endloop
  endfacet
  facet normal 0.729624 -0.683849 0
    outer loop
      vertex 38.4374 7.9032 8
      vertex 38.5605 8.03454 0.5
      vertex 38.5605 8.03454 8
    endloop
  endfacet
  facet normal 0.729624 -0.683849 0
    outer loop
      vertex 38.5605 8.03454 0.5
      vertex 38.4374 7.9032 8
      vertex 38.4374 7.9032 0.5
    endloop
  endfacet
  facet normal -0.47141 -0.881914 0
    outer loop
      vertex 41.7213 8.5564 0.5
      vertex 41.88 8.47157 8
      vertex 41.7213 8.5564 8
    endloop
  endfacet
  facet normal -0.47141 -0.881914 -0
    outer loop
      vertex 41.88 8.47157 8
      vertex 41.7213 8.5564 0.5
      vertex 41.88 8.47157 0.5
    endloop
  endfacet
  facet normal 0.881996 -0.471257 0
    outer loop
      vertex 38.0386 7.30629 8
      vertex 38.1234 7.465 0.5
      vertex 38.1234 7.465 8
    endloop
  endfacet
  facet normal 0.881996 -0.471257 0
    outer loop
      vertex 38.1234 7.465 0.5
      vertex 38.0386 7.30629 8
      vertex 38.0386 7.30629 0.5
    endloop
  endfacet
  facet normal -0.47141 0.881914 0
    outer loop
      vertex 41.88 3.70843 0.5
      vertex 41.7213 3.6236 8
      vertex 41.88 3.70843 8
    endloop
  endfacet
  facet normal -0.47141 0.881914 0
    outer loop
      vertex 41.7213 3.6236 8
      vertex 41.88 3.70843 0.5
      vertex 41.7213 3.6236 0.5
    endloop
  endfacet
  facet normal 0.729624 0.683849 0
    outer loop
      vertex 38.5605 4.14546 8
      vertex 38.4374 4.2768 0.5
      vertex 38.4374 4.2768 8
    endloop
  endfacet
  facet normal 0.729624 0.683849 0
    outer loop
      vertex 38.4374 4.2768 0.5
      vertex 38.5605 4.14546 8
      vertex 38.5605 4.14546 0.5
    endloop
  endfacet
  facet normal -0.227001 0.973894 0
    outer loop
      vertex 41.2168 3.4337 0.5
      vertex 41.0415 3.39284 8
      vertex 41.2168 3.4337 8
    endloop
  endfacet
  facet normal -0.227001 0.973894 0
    outer loop
      vertex 41.0415 3.39284 8
      vertex 41.2168 3.4337 0.5
      vertex 41.0415 3.39284 0.5
    endloop
  endfacet
  facet normal -0.773187 0.634179 0
    outer loop
      vertex 42.5726 4.2768 0.5
      vertex 42.6867 4.41591 8
      vertex 42.6867 4.41591 0.5
    endloop
  endfacet
  facet normal -0.773187 0.634179 0
    outer loop
      vertex 42.6867 4.41591 8
      vertex 42.5726 4.2768 0.5
      vertex 42.5726 4.2768 8
    endloop
  endfacet
  facet normal 0.634405 -0.773001 0
    outer loop
      vertex 38.6918 8.15756 0.5
      vertex 38.8309 8.27172 8
      vertex 38.6918 8.15756 8
    endloop
  endfacet
  facet normal 0.634405 -0.773001 0
    outer loop
      vertex 38.8309 8.27172 8
      vertex 38.6918 8.15756 0.5
      vertex 38.8309 8.27172 0.5
    endloop
  endfacet
  facet normal 0.412743 0.910847 -0
    outer loop
      vertex 39.4526 3.54933 0.5
      vertex 39.2887 3.6236 8
      vertex 39.4526 3.54933 8
    endloop
  endfacet
  facet normal 0.412743 0.910847 0
    outer loop
      vertex 39.2887 3.6236 8
      vertex 39.4526 3.54933 0.5
      vertex 39.2887 3.6236 0.5
    endloop
  endfacet
  facet normal 0.910794 0.412861 0
    outer loop
      vertex 38.0386 4.87371 8
      vertex 37.9643 5.03762 0.5
      vertex 37.9643 5.03762 8
    endloop
  endfacet
  facet normal 0.910794 0.412861 0
    outer loop
      vertex 37.9643 5.03762 0.5
      vertex 38.0386 4.87371 8
      vertex 38.0386 4.87371 0.5
    endloop
  endfacet
  facet normal 0.227001 0.973894 -0
    outer loop
      vertex 39.9685 3.39284 0.5
      vertex 39.7932 3.4337 8
      vertex 39.9685 3.39284 8
    endloop
  endfacet
  facet normal 0.227001 0.973894 0
    outer loop
      vertex 39.7932 3.4337 8
      vertex 39.9685 3.39284 0.5
      vertex 39.7932 3.4337 0.5
    endloop
  endfacet
  facet normal 0.881996 0.471257 0
    outer loop
      vertex 38.1234 4.715 8
      vertex 38.0386 4.87371 0.5
      vertex 38.0386 4.87371 8
    endloop
  endfacet
  facet normal 0.881996 0.471257 0
    outer loop
      vertex 38.0386 4.87371 0.5
      vertex 38.1234 4.715 8
      vertex 38.1234 4.715 0.5
    endloop
  endfacet
  facet normal 0.528119 0.84917 -0
    outer loop
      vertex 39.13 3.70843 0.5
      vertex 38.9772 3.80346 8
      vertex 39.13 3.70843 8
    endloop
  endfacet
  facet normal 0.528119 0.84917 0
    outer loop
      vertex 38.9772 3.80346 8
      vertex 39.13 3.70843 0.5
      vertex 38.9772 3.80346 0.5
    endloop
  endfacet
  facet normal -0.706915 -0.02328 -0.706915
    outer loop
      vertex 43.748 6.30256 0
      vertex 43.755 6.09 0
      vertex 43.255 6.09 0.5
    endloop
  endfacet
  facet normal 0.546884 -0.448562 -0.706902
    outer loop
      vertex 38.4374 7.9032 0.5
      vertex 38.3233 7.76409 0.5
      vertex 38.0615 8.23287 0
    endloop
  endfacet
  facet normal 0.205346 -0.676836 -0.706913
    outer loop
      vertex 39.6638 9.22926 0
      vertex 39.7932 8.7463 0.5
      vertex 39.4603 9.16752 0
    endloop
  endfacet
  facet normal -0.115255 -0.697849 -0.706911
    outer loop
      vertex 41.139 9.27755 0
      vertex 41.0415 8.78716 0.5
      vertex 40.9292 9.3122 0
    endloop
  endfacet
  facet normal 0.688785 -0.160749 -0.706919
    outer loop
      vertex 37.8487 6.80175 0.5
      vertex 37.8078 6.6265 0.5
      vertex 37.3174 6.72404 0
    endloop
  endfacet
  facet normal -0.115255 0.697849 -0.706911
    outer loop
      vertex 41.0415 3.39284 0.5
      vertex 41.139 2.90245 0
      vertex 40.9292 2.8678 0
    endloop
  endfacet
  facet normal -0.0231448 -0.706917 -0.706918
    outer loop
      vertex 40.7176 9.33304 0
      vertex 40.6849 8.83411 0.5
      vertex 40.505 8.84 0.5
    endloop
  endfacet
  facet normal -0.661973 0.249193 -0.706891
    outer loop
      vertex 43.1091 5.20604 0.5
      vertex 43.5076 4.84628 0
      vertex 43.0457 5.03762 0.5
    endloop
  endfacet
  facet normal -0.676928 0.205189 -0.706871
    outer loop
      vertex 43.1613 5.37825 0.5
      vertex 43.5825 5.04532 0
      vertex 43.1091 5.20604 0.5
    endloop
  endfacet
  facet normal -0.373538 -0.600617 -0.706915
    outer loop
      vertex 42.13 8.90458 0
      vertex 42.0328 8.37654 0.5
      vertex 41.88 8.47157 0.5
    endloop
  endfacet
  facet normal -0.0693654 0.703878 -0.706926
    outer loop
      vertex 40.8639 3.36353 0.5
      vertex 40.9292 2.8678 0
      vertex 40.6849 3.34589 0.5
    endloop
  endfacet
  facet normal -0.644242 -0.291991 -0.70689
    outer loop
      vertex 43.4198 7.52744 0
      vertex 43.5076 7.33372 0
      vertex 43.0457 7.14238 0.5
    endloop
  endfacet
  facet normal -0.333432 -0.623786 -0.706905
    outer loop
      vertex 41.9424 9.00484 0
      vertex 41.88 8.47157 0.5
      vertex 41.7213 8.5564 0.5
    endloop
  endfacet
  facet normal 0.373486 -0.600637 -0.706926
    outer loop
      vertex 38.88 8.90458 0
      vertex 38.9772 8.37654 0.5
      vertex 38.6994 8.79228 0
    endloop
  endfacet
  facet normal -0.373532 0.600607 -0.706927
    outer loop
      vertex 42.0328 3.80346 0.5
      vertex 42.3106 3.38772 0
      vertex 41.88 3.70843 0.5
    endloop
  endfacet
  facet normal -0.411934 0.574947 -0.706927
    outer loop
      vertex 42.1791 3.90828 0.5
      vertex 42.3106 3.38772 0
      vertex 42.0328 3.80346 0.5
    endloop
  endfacet
  facet normal 0.411939 0.574945 -0.706926
    outer loop
      vertex 38.8309 3.90828 0.5
      vertex 38.6994 3.38772 0
      vertex 38.5265 3.5116 0
    endloop
  endfacet
  facet normal 0.205333 -0.676843 -0.70691
    outer loop
      vertex 39.7932 8.7463 0.5
      vertex 39.621 8.69406 0.5
      vertex 39.4603 9.16752 0
    endloop
  endfacet
  facet normal 0.60065 -0.373494 -0.70691
    outer loop
      vertex 37.8027 7.8956 0
      vertex 38.1234 7.465 0.5
      vertex 37.6904 7.715 0
    endloop
  endfacet
  facet normal -0.483528 -0.516189 -0.70693
    outer loop
      vertex 42.6479 8.53348 0
      vertex 42.8031 8.3881 0
      vertex 42.3182 8.15756 0.5
    endloop
  endfacet
  facet normal -0.448704 0.546731 -0.70693
    outer loop
      vertex 42.3182 4.02244 0.5
      vertex 42.6479 3.64652 0
      vertex 42.1791 3.90828 0.5
    endloop
  endfacet
  facet normal -0.483528 0.516189 -0.70693
    outer loop
      vertex 42.8031 3.7919 0
      vertex 42.6479 3.64652 0
      vertex 42.3182 4.02244 0.5
    endloop
  endfacet
  facet normal -0.676761 -0.205502 -0.706939
    outer loop
      vertex 43.5825 7.13468 0
      vertex 43.6443 6.93116 0
      vertex 43.1613 6.80175 0.5
    endloop
  endfacet
  facet normal -0.600612 0.37347 -0.706954
    outer loop
      vertex 43.3196 4.465 0
      vertex 43.2073 4.2844 0
      vertex 42.7915 4.56218 0.5
    endloop
  endfacet
  facet normal -0.0693238 -0.703883 -0.706925
    outer loop
      vertex 40.9292 9.3122 0
      vertex 40.8639 8.81647 0.5
      vertex 40.7176 9.33304 0
    endloop
  endfacet
  facet normal -0.600523 0.373706 -0.706906
    outer loop
      vertex 42.8866 4.715 0.5
      vertex 43.3196 4.465 0
      vertex 42.7915 4.56218 0.5
    endloop
  endfacet
  facet normal -0.249182 -0.661958 -0.706909
    outer loop
      vertex 41.5497 9.16752 0
      vertex 41.7487 9.09261 0
      vertex 41.389 8.69406 0.5
    endloop
  endfacet
  facet normal -0.688785 -0.160749 -0.706919
    outer loop
      vertex 43.6926 6.72404 0
      vertex 43.2022 6.6265 0.5
      vertex 43.1613 6.80175 0.5
    endloop
  endfacet
  facet normal 0.69787 -0.115076 -0.70692
    outer loop
      vertex 37.3174 6.72404 0
      vertex 37.8078 6.6265 0.5
      vertex 37.2828 6.51421 0
    endloop
  endfacet
  facet normal -0.662003 -0.249116 -0.70689
    outer loop
      vertex 43.5076 7.33372 0
      vertex 43.5825 7.13468 0
      vertex 43.0457 7.14238 0.5
    endloop
  endfacet
  facet normal -0.54686 -0.448542 -0.706933
    outer loop
      vertex 43.0834 8.06847 0
      vertex 42.6867 7.76409 0.5
      vertex 42.5726 7.9032 0.5
    endloop
  endfacet
  facet normal 0.662003 -0.249116 -0.70689
    outer loop
      vertex 37.5024 7.33372 0
      vertex 37.9643 7.14238 0.5
      vertex 37.4275 7.13468 0
    endloop
  endfacet
  facet normal -0.703923 -0.0691784 -0.706899
    outer loop
      vertex 43.7272 6.51421 0
      vertex 43.748 6.30256 0
      vertex 43.2315 6.44895 0.5
    endloop
  endfacet
  facet normal 0.697873 0.115166 -0.706902
    outer loop
      vertex 37.7785 5.73105 0.5
      vertex 37.8078 5.5535 0.5
      vertex 37.2828 5.66579 0
    endloop
  endfacet
  facet normal 0.411938 -0.574944 -0.706927
    outer loop
      vertex 38.6994 8.79228 0
      vertex 38.9772 8.37654 0.5
      vertex 38.5265 8.6684 0
    endloop
  endfacet
  facet normal -0.483575 -0.516123 -0.706945
    outer loop
      vertex 42.8031 8.3881 0
      vertex 42.4495 8.03454 0.5
      vertex 42.3182 8.15756 0.5
    endloop
  endfacet
  facet normal -0.448706 -0.546732 -0.706928
    outer loop
      vertex 42.4835 8.6684 0
      vertex 42.3182 8.15756 0.5
      vertex 42.1791 8.27172 0.5
    endloop
  endfacet
  facet normal 0.516037 -0.483662 -0.706949
    outer loop
      vertex 38.5605 8.03454 0.5
      vertex 38.4374 7.9032 0.5
      vertex 38.2069 8.3881 0
    endloop
  endfacet
  facet normal 0.0693663 -0.703887 -0.706917
    outer loop
      vertex 40.2924 9.33304 0
      vertex 40.3251 8.83411 0.5
      vertex 40.1461 8.81647 0.5
    endloop
  endfacet
  facet normal 0.51622 -0.48353 -0.706905
    outer loop
      vertex 38.2069 8.3881 0
      vertex 38.4374 7.9032 0.5
      vertex 38.0615 8.23287 0
    endloop
  endfacet
  facet normal 0.623862 -0.333285 -0.706907
    outer loop
      vertex 37.6904 7.715 0
      vertex 38.1234 7.465 0.5
      vertex 37.5902 7.52744 0
    endloop
  endfacet
  facet normal 0.600478 -0.373678 -0.706958
    outer loop
      vertex 38.2185 7.61782 0.5
      vertex 38.1234 7.465 0.5
      vertex 37.8027 7.8956 0
    endloop
  endfacet
  facet normal 0.574875 -0.412027 -0.706932
    outer loop
      vertex 37.9266 8.06847 0
      vertex 38.3233 7.76409 0.5
      vertex 37.8027 7.8956 0
    endloop
  endfacet
  facet normal -0.644242 0.291991 -0.70689
    outer loop
      vertex 43.5076 4.84628 0
      vertex 43.4198 4.65256 0
      vertex 43.0457 5.03762 0.5
    endloop
  endfacet
  facet normal 0.546769 -0.448657 -0.706931
    outer loop
      vertex 38.0615 8.23287 0
      vertex 38.3233 7.76409 0.5
      vertex 37.9266 8.06847 0
    endloop
  endfacet
  facet normal -0.688789 -0.160624 -0.706943
    outer loop
      vertex 43.6443 6.93116 0
      vertex 43.6926 6.72404 0
      vertex 43.1613 6.80175 0.5
    endloop
  endfacet
  facet normal 0.373538 -0.600617 -0.706915
    outer loop
      vertex 39.13 8.47157 0.5
      vertex 38.9772 8.37654 0.5
      vertex 38.88 8.90458 0
    endloop
  endfacet
  facet normal -0.623862 0.333285 -0.706907
    outer loop
      vertex 43.4198 4.65256 0
      vertex 43.3196 4.465 0
      vertex 42.8866 4.715 0.5
    endloop
  endfacet
  facet normal -0.0231448 0.706917 -0.706917
    outer loop
      vertex 40.505 3.34 0.5
      vertex 40.6849 3.34589 0.5
      vertex 40.505 2.84 0
    endloop
  endfacet
  facet normal -0.623862 -0.333285 -0.706907
    outer loop
      vertex 43.3196 7.715 0
      vertex 43.4198 7.52744 0
      vertex 42.8866 7.465 0.5
    endloop
  endfacet
  facet normal 0.160559 -0.68884 -0.706909
    outer loop
      vertex 39.871 9.27755 0
      vertex 39.9685 8.78716 0.5
      vertex 39.7932 8.7463 0.5
    endloop
  endfacet
  facet normal -0.333432 0.623786 -0.706905
    outer loop
      vertex 41.88 3.70843 0.5
      vertex 41.9424 3.17516 0
      vertex 41.7213 3.6236 0.5
    endloop
  endfacet
  facet normal -0.411935 -0.574948 -0.706926
    outer loop
      vertex 42.4835 8.6684 0
      vertex 42.1791 8.27172 0.5
      vertex 42.0328 8.37654 0.5
    endloop
  endfacet
  facet normal 0.516037 0.483662 -0.706949
    outer loop
      vertex 38.4374 4.2768 0.5
      vertex 38.5605 4.14546 0.5
      vertex 38.2069 3.7919 0
    endloop
  endfacet
  facet normal -0.697873 -0.115166 -0.706902
    outer loop
      vertex 43.7272 6.51421 0
      vertex 43.2315 6.44895 0.5
      vertex 43.2022 6.6265 0.5
    endloop
  endfacet
  facet normal 0.706917 -0.0231892 -0.706917
    outer loop
      vertex 37.7609 6.26986 0.5
      vertex 37.755 6.09 0.5
      vertex 37.255 6.09 0
    endloop
  endfacet
  facet normal 0.448697 -0.546737 -0.70693
    outer loop
      vertex 38.5265 8.6684 0
      vertex 38.6918 8.15756 0.5
      vertex 38.3621 8.53348 0
    endloop
  endfacet
  facet normal 0.703924 0.0691778 -0.706899
    outer loop
      vertex 37.7609 5.91014 0.5
      vertex 37.7785 5.73105 0.5
      vertex 37.2828 5.66579 0
    endloop
  endfacet
  facet normal 0.600478 0.373678 -0.706958
    outer loop
      vertex 38.1234 4.715 0.5
      vertex 38.2185 4.56218 0.5
      vertex 37.8027 4.2844 0
    endloop
  endfacet
  facet normal -0.662017 0.249121 -0.706875
    outer loop
      vertex 43.5825 5.04532 0
      vertex 43.5076 4.84628 0
      vertex 43.1091 5.20604 0.5
    endloop
  endfacet
  facet normal 0.662017 0.249121 -0.706875
    outer loop
      vertex 37.9009 5.20604 0.5
      vertex 37.5024 4.84628 0
      vertex 37.4275 5.04532 0
    endloop
  endfacet
  facet normal 0.205346 0.676836 -0.706913
    outer loop
      vertex 39.7932 3.4337 0.5
      vertex 39.6638 2.95074 0
      vertex 39.4603 3.01248 0
    endloop
  endfacet
  facet normal -0.546789 -0.448673 -0.706904
    outer loop
      vertex 42.9485 8.23287 0
      vertex 43.0834 8.06847 0
      vertex 42.5726 7.9032 0.5
    endloop
  endfacet
  facet normal -0.205346 0.676836 -0.706913
    outer loop
      vertex 41.5497 3.01248 0
      vertex 41.3462 2.95074 0
      vertex 41.2168 3.4337 0.5
    endloop
  endfacet
  facet normal 0.546856 0.448539 -0.706938
    outer loop
      vertex 38.3233 4.41591 0.5
      vertex 38.4374 4.2768 0.5
      vertex 37.9266 4.11152 0
    endloop
  endfacet
  facet normal 0.333432 0.623786 -0.706905
    outer loop
      vertex 39.13 3.70843 0.5
      vertex 39.2887 3.6236 0.5
      vertex 39.0676 3.17516 0
    endloop
  endfacet
  facet normal 0.60065 0.373494 -0.70691
    outer loop
      vertex 38.1234 4.715 0.5
      vertex 37.8027 4.2844 0
      vertex 37.6904 4.465 0
    endloop
  endfacet
  facet normal -0.115168 0.697846 -0.706928
    outer loop
      vertex 41.0415 3.39284 0.5
      vertex 40.9292 2.8678 0
      vertex 40.8639 3.36353 0.5
    endloop
  endfacet
  facet normal 0.333381 -0.623801 -0.706915
    outer loop
      vertex 39.0676 9.00484 0
      vertex 39.13 8.47157 0.5
      vertex 38.88 8.90458 0
    endloop
  endfacet
  facet normal -0.706915 0.02328 -0.706915
    outer loop
      vertex 43.755 6.09 0
      vertex 43.748 5.87744 0
      vertex 43.255 6.09 0.5
    endloop
  endfacet
  facet normal -0.623849 -0.333327 -0.706898
    outer loop
      vertex 43.4198 7.52744 0
      vertex 42.9714 7.30629 0.5
      vertex 42.8866 7.465 0.5
    endloop
  endfacet
  facet normal 0.0231427 -0.706917 -0.706917
    outer loop
      vertex 40.505 9.34 0
      vertex 40.505 8.84 0.5
      vertex 40.2924 9.33304 0
    endloop
  endfacet
  facet normal 0.706931 -0.0232806 -0.706899
    outer loop
      vertex 37.262 6.30256 0
      vertex 37.7609 6.26986 0.5
      vertex 37.255 6.09 0
    endloop
  endfacet
  facet normal -0.373486 -0.600637 -0.706926
    outer loop
      vertex 42.13 8.90458 0
      vertex 42.3106 8.79228 0
      vertex 42.0328 8.37654 0.5
    endloop
  endfacet
  facet normal 0.644227 -0.292026 -0.706889
    outer loop
      vertex 38.0386 7.30629 0.5
      vertex 37.9643 7.14238 0.5
      vertex 37.5024 7.33372 0
    endloop
  endfacet
  facet normal -0.574859 -0.412015 -0.706952
    outer loop
      vertex 43.0834 8.06847 0
      vertex 43.2073 7.8956 0
      vertex 42.7915 7.61782 0.5
    endloop
  endfacet
  facet normal -0.688789 0.160624 -0.706943
    outer loop
      vertex 43.6926 5.45596 0
      vertex 43.6443 5.24884 0
      vertex 43.1613 5.37825 0.5
    endloop
  endfacet
  facet normal -0.57487 0.411999 -0.706952
    outer loop
      vertex 43.2073 4.2844 0
      vertex 43.0834 4.11152 0
      vertex 42.7915 4.56218 0.5
    endloop
  endfacet
  facet normal -0.688785 0.160749 -0.706919
    outer loop
      vertex 43.2022 5.5535 0.5
      vertex 43.6926 5.45596 0
      vertex 43.1613 5.37825 0.5
    endloop
  endfacet
  facet normal -0.0231427 0.706917 -0.706918
    outer loop
      vertex 40.6849 3.34589 0.5
      vertex 40.7176 2.84696 0
      vertex 40.505 2.84 0
    endloop
  endfacet
  facet normal 0.0693238 -0.703883 -0.706925
    outer loop
      vertex 40.2924 9.33304 0
      vertex 40.1461 8.81647 0.5
      vertex 40.0808 9.3122 0
    endloop
  endfacet
  facet normal 0.483528 -0.516189 -0.70693
    outer loop
      vertex 38.3621 8.53348 0
      vertex 38.6918 8.15756 0.5
      vertex 38.2069 8.3881 0
    endloop
  endfacet
  facet normal 0.644227 0.292026 -0.706889
    outer loop
      vertex 37.9643 5.03762 0.5
      vertex 38.0386 4.87371 0.5
      vertex 37.5024 4.84628 0
    endloop
  endfacet
  facet normal 0.291927 -0.644255 -0.706905
    outer loop
      vertex 39.2613 9.09261 0
      vertex 39.4526 8.63067 0.5
      vertex 39.0676 9.00484 0
    endloop
  endfacet
  facet normal 0.644236 -0.291988 -0.706897
    outer loop
      vertex 37.5902 7.52744 0
      vertex 38.0386 7.30629 0.5
      vertex 37.5024 7.33372 0
    endloop
  endfacet
  facet normal -0.69787 0.115076 -0.70692
    outer loop
      vertex 43.7272 5.66579 0
      vertex 43.6926 5.45596 0
      vertex 43.2022 5.5535 0.5
    endloop
  endfacet
  facet normal 0.160541 -0.68884 -0.706913
    outer loop
      vertex 39.871 9.27755 0
      vertex 39.7932 8.7463 0.5
      vertex 39.6638 9.22926 0
    endloop
  endfacet
  facet normal -0.411938 -0.574944 -0.706927
    outer loop
      vertex 42.3106 8.79228 0
      vertex 42.4835 8.6684 0
      vertex 42.0328 8.37654 0.5
    endloop
  endfacet
  facet normal -0.448697 -0.546737 -0.70693
    outer loop
      vertex 42.4835 8.6684 0
      vertex 42.6479 8.53348 0
      vertex 42.3182 8.15756 0.5
    endloop
  endfacet
  facet normal 0.661973 0.249193 -0.706891
    outer loop
      vertex 37.9009 5.20604 0.5
      vertex 37.9643 5.03762 0.5
      vertex 37.5024 4.84628 0
    endloop
  endfacet
  facet normal -0.291937 0.64425 -0.706905
    outer loop
      vertex 41.7213 3.6236 0.5
      vertex 41.7487 3.08739 0
      vertex 41.5574 3.54933 0.5
    endloop
  endfacet
  facet normal -0.411939 0.574945 -0.706926
    outer loop
      vertex 42.4835 3.5116 0
      vertex 42.3106 3.38772 0
      vertex 42.1791 3.90828 0.5
    endloop
  endfacet
  facet normal 0.574923 -0.411923 -0.706954
    outer loop
      vertex 38.3233 7.76409 0.5
      vertex 38.2185 7.61782 0.5
      vertex 37.8027 7.8956 0
    endloop
  endfacet
  facet normal 0.0231448 0.706917 -0.706917
    outer loop
      vertex 40.505 3.34 0.5
      vertex 40.505 2.84 0
      vertex 40.3251 3.34589 0.5
    endloop
  endfacet
  facet normal -0.483575 0.516123 -0.706945
    outer loop
      vertex 42.4495 4.14546 0.5
      vertex 42.8031 3.7919 0
      vertex 42.3182 4.02244 0.5
    endloop
  endfacet
  facet normal -0.661989 -0.249199 -0.706874
    outer loop
      vertex 43.5825 7.13468 0
      vertex 43.1091 6.97396 0.5
      vertex 43.0457 7.14238 0.5
    endloop
  endfacet
  facet normal 0.333381 0.623801 -0.706915
    outer loop
      vertex 39.13 3.70843 0.5
      vertex 39.0676 3.17516 0
      vertex 38.88 3.27542 0
    endloop
  endfacet
  facet normal -0.291926 0.644253 -0.706907
    outer loop
      vertex 41.9424 3.17516 0
      vertex 41.7487 3.08739 0
      vertex 41.7213 3.6236 0.5
    endloop
  endfacet
  facet normal 0.0693654 0.703878 -0.706926
    outer loop
      vertex 40.1461 3.36353 0.5
      vertex 40.3251 3.34589 0.5
      vertex 40.0808 2.8678 0
    endloop
  endfacet
  facet normal 0.160559 0.68884 -0.706909
    outer loop
      vertex 39.9685 3.39284 0.5
      vertex 39.871 2.90245 0
      vertex 39.7932 3.4337 0.5
    endloop
  endfacet
  facet normal 0.483575 -0.516123 -0.706945
    outer loop
      vertex 38.6918 8.15756 0.5
      vertex 38.5605 8.03454 0.5
      vertex 38.2069 8.3881 0
    endloop
  endfacet
  facet normal -0.0693245 0.70389 -0.706918
    outer loop
      vertex 40.9292 2.8678 0
      vertex 40.7176 2.84696 0
      vertex 40.6849 3.34589 0.5
    endloop
  endfacet
  facet normal -0.333381 -0.623801 -0.706915
    outer loop
      vertex 41.9424 9.00484 0
      vertex 42.13 8.90458 0
      vertex 41.88 8.47157 0.5
    endloop
  endfacet
  facet normal -0.703923 0.0691784 -0.706899
    outer loop
      vertex 43.748 5.87744 0
      vertex 43.7272 5.66579 0
      vertex 43.2315 5.73105 0.5
    endloop
  endfacet
  facet normal -0.644219 -0.292023 -0.706898
    outer loop
      vertex 43.4198 7.52744 0
      vertex 43.0457 7.14238 0.5
      vertex 42.9714 7.30629 0.5
    endloop
  endfacet
  facet normal -0.249179 -0.66196 -0.706908
    outer loop
      vertex 41.7487 9.09261 0
      vertex 41.5574 8.63067 0.5
      vertex 41.389 8.69406 0.5
    endloop
  endfacet
  facet normal 0.688789 -0.160624 -0.706943
    outer loop
      vertex 37.3657 6.93116 0
      vertex 37.8487 6.80175 0.5
      vertex 37.3174 6.72404 0
    endloop
  endfacet
  facet normal 0.697873 -0.115166 -0.706902
    outer loop
      vertex 37.8078 6.6265 0.5
      vertex 37.7785 6.44895 0.5
      vertex 37.2828 6.51421 0
    endloop
  endfacet
  facet normal 0.291926 0.644253 -0.706907
    outer loop
      vertex 39.2887 3.6236 0.5
      vertex 39.2613 3.08739 0
      vertex 39.0676 3.17516 0
    endloop
  endfacet
  facet normal 0.51622 0.48353 -0.706905
    outer loop
      vertex 38.4374 4.2768 0.5
      vertex 38.2069 3.7919 0
      vertex 38.0615 3.94713 0
    endloop
  endfacet
  facet normal -0.574942 -0.411937 -0.70693
    outer loop
      vertex 43.0834 8.06847 0
      vertex 42.7915 7.61782 0.5
      vertex 42.6867 7.76409 0.5
    endloop
  endfacet
  facet normal 0.448706 -0.546732 -0.706928
    outer loop
      vertex 38.8309 8.27172 0.5
      vertex 38.6918 8.15756 0.5
      vertex 38.5265 8.6684 0
    endloop
  endfacet
  facet normal 0.160541 0.68884 -0.706913
    outer loop
      vertex 39.7932 3.4337 0.5
      vertex 39.871 2.90245 0
      vertex 39.6638 2.95074 0
    endloop
  endfacet
  facet normal -0.448698 0.546739 -0.706928
    outer loop
      vertex 42.6479 3.64652 0
      vertex 42.4835 3.5116 0
      vertex 42.1791 3.90828 0.5
    endloop
  endfacet
  facet normal -0.205333 -0.676843 -0.70691
    outer loop
      vertex 41.5497 9.16752 0
      vertex 41.389 8.69406 0.5
      vertex 41.2168 8.7463 0.5
    endloop
  endfacet
  facet normal -0.600612 -0.37347 -0.706954
    outer loop
      vertex 43.2073 7.8956 0
      vertex 43.3196 7.715 0
      vertex 42.7915 7.61782 0.5
    endloop
  endfacet
  facet normal -0.600523 -0.373706 -0.706906
    outer loop
      vertex 43.3196 7.715 0
      vertex 42.8866 7.465 0.5
      vertex 42.7915 7.61782 0.5
    endloop
  endfacet
  facet normal 0.623849 0.333327 -0.706898
    outer loop
      vertex 38.0386 4.87371 0.5
      vertex 38.1234 4.715 0.5
      vertex 37.5902 4.65256 0
    endloop
  endfacet
  facet normal 0.373491 0.600645 -0.706916
    outer loop
      vertex 39.13 3.70843 0.5
      vertex 38.88 3.27542 0
      vertex 38.6994 3.38772 0
    endloop
  endfacet
  facet normal -0.574939 0.411934 -0.706934
    outer loop
      vertex 42.7915 4.56218 0.5
      vertex 43.0834 4.11152 0
      vertex 42.6867 4.41591 0.5
    endloop
  endfacet
  facet normal 0.249182 0.661958 -0.706909
    outer loop
      vertex 39.621 3.48594 0.5
      vertex 39.4603 3.01248 0
      vertex 39.2613 3.08739 0
    endloop
  endfacet
  facet normal -0.703923 -0.0691778 -0.706899
    outer loop
      vertex 43.748 6.30256 0
      vertex 43.2491 6.26986 0.5
      vertex 43.2315 6.44895 0.5
    endloop
  endfacet
  facet normal -0.69787 -0.115076 -0.70692
    outer loop
      vertex 43.6926 6.72404 0
      vertex 43.7272 6.51421 0
      vertex 43.2022 6.6265 0.5
    endloop
  endfacet
  facet normal 0.249182 -0.661958 -0.706909
    outer loop
      vertex 39.4603 9.16752 0
      vertex 39.621 8.69406 0.5
      vertex 39.2613 9.09261 0
    endloop
  endfacet
  facet normal 0.688785 0.160749 -0.706919
    outer loop
      vertex 37.8078 5.5535 0.5
      vertex 37.8487 5.37825 0.5
      vertex 37.3174 5.45596 0
    endloop
  endfacet
  facet normal -0.706936 0.0231898 -0.706897
    outer loop
      vertex 43.255 6.09 0.5
      vertex 43.748 5.87744 0
      vertex 43.2491 5.91014 0.5
    endloop
  endfacet
  facet normal 0.706931 0.0232806 -0.706899
    outer loop
      vertex 37.7609 5.91014 0.5
      vertex 37.262 5.87744 0
      vertex 37.255 6.09 0
    endloop
  endfacet
  facet normal -0.291936 -0.644248 -0.706907
    outer loop
      vertex 41.9424 9.00484 0
      vertex 41.7213 8.5564 0.5
      vertex 41.5574 8.63067 0.5
    endloop
  endfacet
  facet normal -0.516037 0.483662 -0.706949
    outer loop
      vertex 42.5726 4.2768 0.5
      vertex 42.8031 3.7919 0
      vertex 42.4495 4.14546 0.5
    endloop
  endfacet
  facet normal -0.249179 0.66196 -0.706908
    outer loop
      vertex 41.5574 3.54933 0.5
      vertex 41.7487 3.08739 0
      vertex 41.389 3.48594 0.5
    endloop
  endfacet
  facet normal -0.249182 0.661958 -0.706909
    outer loop
      vertex 41.7487 3.08739 0
      vertex 41.5497 3.01248 0
      vertex 41.389 3.48594 0.5
    endloop
  endfacet
  facet normal 0.676761 -0.205502 -0.706939
    outer loop
      vertex 37.4275 7.13468 0
      vertex 37.8487 6.80175 0.5
      vertex 37.3657 6.93116 0
    endloop
  endfacet
  facet normal 0.411935 -0.574948 -0.706926
    outer loop
      vertex 38.9772 8.37654 0.5
      vertex 38.8309 8.27172 0.5
      vertex 38.5265 8.6684 0
    endloop
  endfacet
  facet normal 0.0231427 0.706917 -0.706918
    outer loop
      vertex 40.3251 3.34589 0.5
      vertex 40.505 2.84 0
      vertex 40.2924 2.84696 0
    endloop
  endfacet
  facet normal -0.205346 -0.676836 -0.706913
    outer loop
      vertex 41.3462 9.22926 0
      vertex 41.5497 9.16752 0
      vertex 41.2168 8.7463 0.5
    endloop
  endfacet
  facet normal -0.160541 0.68884 -0.706913
    outer loop
      vertex 41.2168 3.4337 0.5
      vertex 41.3462 2.95074 0
      vertex 41.139 2.90245 0
    endloop
  endfacet
  facet normal -0.160559 0.68884 -0.706909
    outer loop
      vertex 41.2168 3.4337 0.5
      vertex 41.139 2.90245 0
      vertex 41.0415 3.39284 0.5
    endloop
  endfacet
  facet normal 0.115255 0.697849 -0.706911
    outer loop
      vertex 39.9685 3.39284 0.5
      vertex 40.0808 2.8678 0
      vertex 39.871 2.90245 0
    endloop
  endfacet
  facet normal -0.160541 -0.68884 -0.706913
    outer loop
      vertex 41.3462 9.22926 0
      vertex 41.2168 8.7463 0.5
      vertex 41.139 9.27755 0
    endloop
  endfacet
  facet normal 0.291937 0.64425 -0.706905
    outer loop
      vertex 39.2887 3.6236 0.5
      vertex 39.4526 3.54933 0.5
      vertex 39.2613 3.08739 0
    endloop
  endfacet
  facet normal -0.546856 0.448539 -0.706938
    outer loop
      vertex 42.6867 4.41591 0.5
      vertex 43.0834 4.11152 0
      vertex 42.5726 4.2768 0.5
    endloop
  endfacet
  facet normal -0.51622 -0.48353 -0.706905
    outer loop
      vertex 42.8031 8.3881 0
      vertex 42.9485 8.23287 0
      vertex 42.5726 7.9032 0.5
    endloop
  endfacet
  facet normal 0.644236 0.291988 -0.706897
    outer loop
      vertex 38.0386 4.87371 0.5
      vertex 37.5902 4.65256 0
      vertex 37.5024 4.84628 0
    endloop
  endfacet
  facet normal 0.703924 -0.0691778 -0.706899
    outer loop
      vertex 37.7785 6.44895 0.5
      vertex 37.7609 6.26986 0.5
      vertex 37.2828 6.51421 0
    endloop
  endfacet
  facet normal 0.703923 -0.0691784 -0.706899
    outer loop
      vertex 37.2828 6.51421 0
      vertex 37.7609 6.26986 0.5
      vertex 37.262 6.30256 0
    endloop
  endfacet
  facet normal 0.623849 -0.333327 -0.706898
    outer loop
      vertex 38.1234 7.465 0.5
      vertex 38.0386 7.30629 0.5
      vertex 37.5902 7.52744 0
    endloop
  endfacet
  facet normal 0.706917 0.0231892 -0.706917
    outer loop
      vertex 37.755 6.09 0.5
      vertex 37.7609 5.91014 0.5
      vertex 37.255 6.09 0
    endloop
  endfacet
  facet normal -0.676761 0.205502 -0.706939
    outer loop
      vertex 43.6443 5.24884 0
      vertex 43.5825 5.04532 0
      vertex 43.1613 5.37825 0.5
    endloop
  endfacet
  facet normal -0.697873 0.115166 -0.706902
    outer loop
      vertex 43.2315 5.73105 0.5
      vertex 43.7272 5.66579 0
      vertex 43.2022 5.5535 0.5
    endloop
  endfacet
  facet normal 0.703923 0.0691784 -0.706899
    outer loop
      vertex 37.7609 5.91014 0.5
      vertex 37.2828 5.66579 0
      vertex 37.262 5.87744 0
    endloop
  endfacet
  facet normal -0.291927 -0.644255 -0.706905
    outer loop
      vertex 41.7487 9.09261 0
      vertex 41.9424 9.00484 0
      vertex 41.5574 8.63067 0.5
    endloop
  endfacet
  facet normal 0.623862 0.333285 -0.706907
    outer loop
      vertex 38.1234 4.715 0.5
      vertex 37.6904 4.465 0
      vertex 37.5902 4.65256 0
    endloop
  endfacet
  facet normal -0.546776 0.448689 -0.706905
    outer loop
      vertex 43.0834 4.11152 0
      vertex 42.9485 3.94713 0
      vertex 42.5726 4.2768 0.5
    endloop
  endfacet
  facet normal -0.160559 -0.68884 -0.706909
    outer loop
      vertex 41.139 9.27755 0
      vertex 41.2168 8.7463 0.5
      vertex 41.0415 8.78716 0.5
    endloop
  endfacet
  facet normal 0.0693245 0.70389 -0.706918
    outer loop
      vertex 40.3251 3.34589 0.5
      vertex 40.2924 2.84696 0
      vertex 40.0808 2.8678 0
    endloop
  endfacet
  facet normal 0.574923 0.411923 -0.706954
    outer loop
      vertex 38.2185 4.56218 0.5
      vertex 38.3233 4.41591 0.5
      vertex 37.8027 4.2844 0
    endloop
  endfacet
  facet normal 0.676761 0.205502 -0.706939
    outer loop
      vertex 37.8487 5.37825 0.5
      vertex 37.4275 5.04532 0
      vertex 37.3657 5.24884 0
    endloop
  endfacet
  facet normal -0.676928 -0.205189 -0.706871
    outer loop
      vertex 43.5825 7.13468 0
      vertex 43.1613 6.80175 0.5
      vertex 43.1091 6.97396 0.5
    endloop
  endfacet
  facet normal -0.644219 0.292023 -0.706898
    outer loop
      vertex 43.0457 5.03762 0.5
      vertex 43.4198 4.65256 0
      vertex 42.9714 4.87371 0.5
    endloop
  endfacet
  facet normal -0.706936 -0.0231898 -0.706897
    outer loop
      vertex 43.748 6.30256 0
      vertex 43.255 6.09 0.5
      vertex 43.2491 6.26986 0.5
    endloop
  endfacet
  facet normal -0.703923 0.0691778 -0.706899
    outer loop
      vertex 43.2491 5.91014 0.5
      vertex 43.748 5.87744 0
      vertex 43.2315 5.73105 0.5
    endloop
  endfacet
  facet normal 0.661989 -0.249199 -0.706874
    outer loop
      vertex 37.9643 7.14238 0.5
      vertex 37.9009 6.97396 0.5
      vertex 37.4275 7.13468 0
    endloop
  endfacet
  facet normal 0.676928 -0.205189 -0.706871
    outer loop
      vertex 37.9009 6.97396 0.5
      vertex 37.8487 6.80175 0.5
      vertex 37.4275 7.13468 0
    endloop
  endfacet
  facet normal 0.115168 0.697846 -0.706928
    outer loop
      vertex 40.1461 3.36353 0.5
      vertex 40.0808 2.8678 0
      vertex 39.9685 3.39284 0.5
    endloop
  endfacet
  facet normal 0.574884 0.412009 -0.706935
    outer loop
      vertex 38.3233 4.41591 0.5
      vertex 37.9266 4.11152 0
      vertex 37.8027 4.2844 0
    endloop
  endfacet
  facet normal -0.333381 0.623801 -0.706915
    outer loop
      vertex 42.13 3.27542 0
      vertex 41.9424 3.17516 0
      vertex 41.88 3.70843 0.5
    endloop
  endfacet
  facet normal 0.115255 -0.697849 -0.706911
    outer loop
      vertex 40.0808 9.3122 0
      vertex 39.9685 8.78716 0.5
      vertex 39.871 9.27755 0
    endloop
  endfacet
  facet normal -0.623849 0.333327 -0.706898
    outer loop
      vertex 42.9714 4.87371 0.5
      vertex 43.4198 4.65256 0
      vertex 42.8866 4.715 0.5
    endloop
  endfacet
  facet normal -0.51622 0.48353 -0.706905
    outer loop
      vertex 42.9485 3.94713 0
      vertex 42.8031 3.7919 0
      vertex 42.5726 4.2768 0.5
    endloop
  endfacet
  facet normal -0.373491 0.600645 -0.706916
    outer loop
      vertex 42.3106 3.38772 0
      vertex 42.13 3.27542 0
      vertex 41.88 3.70843 0.5
    endloop
  endfacet
  facet normal 0.0231448 -0.706917 -0.706918
    outer loop
      vertex 40.505 8.84 0.5
      vertex 40.3251 8.83411 0.5
      vertex 40.2924 9.33304 0
    endloop
  endfacet
  facet normal 0.546776 0.448689 -0.706905
    outer loop
      vertex 38.4374 4.2768 0.5
      vertex 38.0615 3.94713 0
      vertex 37.9266 4.11152 0
    endloop
  endfacet
  facet normal 0.688789 0.160624 -0.706943
    outer loop
      vertex 37.8487 5.37825 0.5
      vertex 37.3657 5.24884 0
      vertex 37.3174 5.45596 0
    endloop
  endfacet
  facet normal 0.483575 0.516123 -0.706945
    outer loop
      vertex 38.5605 4.14546 0.5
      vertex 38.6918 4.02244 0.5
      vertex 38.2069 3.7919 0
    endloop
  endfacet
  facet normal 0.373532 0.600607 -0.706927
    outer loop
      vertex 38.9772 3.80346 0.5
      vertex 39.13 3.70843 0.5
      vertex 38.6994 3.38772 0
    endloop
  endfacet
  facet normal 0.249179 -0.66196 -0.706908
    outer loop
      vertex 39.621 8.69406 0.5
      vertex 39.4526 8.63067 0.5
      vertex 39.2613 9.09261 0
    endloop
  endfacet
  facet normal -0.205333 0.676843 -0.70691
    outer loop
      vertex 41.389 3.48594 0.5
      vertex 41.5497 3.01248 0
      vertex 41.2168 3.4337 0.5
    endloop
  endfacet
  facet normal 0.69787 0.115076 -0.70692
    outer loop
      vertex 37.8078 5.5535 0.5
      vertex 37.3174 5.45596 0
      vertex 37.2828 5.66579 0
    endloop
  endfacet
  facet normal -0.516037 -0.483662 -0.706949
    outer loop
      vertex 42.8031 8.3881 0
      vertex 42.5726 7.9032 0.5
      vertex 42.4495 8.03454 0.5
    endloop
  endfacet
  facet normal 0.676928 0.205189 -0.706871
    outer loop
      vertex 37.8487 5.37825 0.5
      vertex 37.9009 5.20604 0.5
      vertex 37.4275 5.04532 0
    endloop
  endfacet
  facet normal 0.411934 0.574947 -0.706927
    outer loop
      vertex 38.8309 3.90828 0.5
      vertex 38.9772 3.80346 0.5
      vertex 38.6994 3.38772 0
    endloop
  endfacet
  facet normal -0.0231427 -0.706917 -0.706917
    outer loop
      vertex 40.505 9.34 0
      vertex 40.7176 9.33304 0
      vertex 40.505 8.84 0.5
    endloop
  endfacet
  facet normal 0.448706 0.546732 -0.706928
    outer loop
      vertex 38.6918 4.02244 0.5
      vertex 38.8309 3.90828 0.5
      vertex 38.5265 3.5116 0
    endloop
  endfacet
  facet normal 0.483528 0.516189 -0.70693
    outer loop
      vertex 38.6918 4.02244 0.5
      vertex 38.3621 3.64652 0
      vertex 38.2069 3.7919 0
    endloop
  endfacet
  facet normal 0.115168 -0.697846 -0.706928
    outer loop
      vertex 40.0808 9.3122 0
      vertex 40.1461 8.81647 0.5
      vertex 39.9685 8.78716 0.5
    endloop
  endfacet
  facet normal 0.448697 0.546737 -0.70693
    outer loop
      vertex 38.6918 4.02244 0.5
      vertex 38.5265 3.5116 0
      vertex 38.3621 3.64652 0
    endloop
  endfacet
  facet normal -0.115168 -0.697846 -0.706928
    outer loop
      vertex 40.9292 9.3122 0
      vertex 41.0415 8.78716 0.5
      vertex 40.8639 8.81647 0.5
    endloop
  endfacet
  facet normal 0.249179 0.66196 -0.706908
    outer loop
      vertex 39.4526 3.54933 0.5
      vertex 39.621 3.48594 0.5
      vertex 39.2613 3.08739 0
    endloop
  endfacet
  facet normal -0.0693663 -0.703887 -0.706917
    outer loop
      vertex 40.7176 9.33304 0
      vertex 40.8639 8.81647 0.5
      vertex 40.6849 8.83411 0.5
    endloop
  endfacet
  facet normal 0.205333 0.676843 -0.70691
    outer loop
      vertex 39.621 3.48594 0.5
      vertex 39.7932 3.4337 0.5
      vertex 39.4603 3.01248 0
    endloop
  endfacet
  facet normal 0.291936 -0.644248 -0.706907
    outer loop
      vertex 39.4526 8.63067 0.5
      vertex 39.2887 8.5564 0.5
      vertex 39.0676 9.00484 0
    endloop
  endfacet
  facet normal 0.333432 -0.623786 -0.706905
    outer loop
      vertex 39.2887 8.5564 0.5
      vertex 39.13 8.47157 0.5
      vertex 39.0676 9.00484 0
    endloop
  endfacet
  facet normal 0.995179 0.0980724 0
    outer loop
      vertex -2.72147 -16.6489 8
      vertex -2.73911 -16.4699 0.5
      vertex -2.73911 -16.4699 8
    endloop
  endfacet
  facet normal 0.995179 0.0980724 0
    outer loop
      vertex -2.73911 -16.4699 0.5
      vertex -2.72147 -16.6489 8
      vertex -2.72147 -16.6489 0.5
    endloop
  endfacet
  facet normal -0.995179 -0.0980724 0
    outer loop
      vertex 2.74911 -16.1101 0.5
      vertex 2.73147 -15.9311 8
      vertex 2.73147 -15.9311 0.5
    endloop
  endfacet
  facet normal -0.995179 -0.0980724 0
    outer loop
      vertex 2.73147 -15.9311 8
      vertex 2.74911 -16.1101 0.5
      vertex 2.74911 -16.1101 8
    endloop
  endfacet
  facet normal -0.999464 -0.0327229 0
    outer loop
      vertex 2.755 -16.29 0.5
      vertex 2.74911 -16.1101 8
      vertex 2.74911 -16.1101 0.5
    endloop
  endfacet
  facet normal -0.999464 -0.0327229 0
    outer loop
      vertex 2.74911 -16.1101 8
      vertex 2.755 -16.29 0.5
      vertex 2.755 -16.29 8
    endloop
  endfacet
  facet normal -0.729742 0.683723 0
    outer loop
      vertex 1.94954 -18.2345 0.5
      vertex 2.07256 -18.1032 8
      vertex 2.07256 -18.1032 0.5
    endloop
  endfacet
  facet normal -0.729742 0.683723 0
    outer loop
      vertex 2.07256 -18.1032 8
      vertex 1.94954 -18.2345 0.5
      vertex 1.94954 -18.2345 8
    endloop
  endfacet
  facet normal -0.84917 -0.528119 0
    outer loop
      vertex 2.38657 -14.915 0.5
      vertex 2.29154 -14.7622 8
      vertex 2.29154 -14.7622 0.5
    endloop
  endfacet
  facet normal -0.84917 -0.528119 0
    outer loop
      vertex 2.29154 -14.7622 8
      vertex 2.38657 -14.915 0.5
      vertex 2.38657 -14.915 8
    endloop
  endfacet
  facet normal 0.412861 -0.910794 0
    outer loop
      vertex -1.21129 -13.8236 0.5
      vertex -1.04738 -13.7493 8
      vertex -1.21129 -13.8236 8
    endloop
  endfacet
  facet normal 0.412861 -0.910794 0
    outer loop
      vertex -1.04738 -13.7493 8
      vertex -1.21129 -13.8236 0.5
      vertex -1.04738 -13.7493 0.5
    endloop
  endfacet
  facet normal -0.995179 0.0980724 0
    outer loop
      vertex 2.73147 -16.6489 0.5
      vertex 2.74911 -16.4699 8
      vertex 2.74911 -16.4699 0.5
    endloop
  endfacet
  facet normal -0.995179 0.0980724 0
    outer loop
      vertex 2.74911 -16.4699 8
      vertex 2.73147 -16.6489 0.5
      vertex 2.73147 -16.6489 8
    endloop
  endfacet
  facet normal -0.973894 0.227001 0
    outer loop
      vertex 2.6613 -17.0018 0.5
      vertex 2.70216 -16.8265 8
      vertex 2.70216 -16.8265 0.5
    endloop
  endfacet
  facet normal -0.973894 0.227001 0
    outer loop
      vertex 2.70216 -16.8265 8
      vertex 2.6613 -17.0018 0.5
      vertex 2.6613 -17.0018 8
    endloop
  endfacet
  facet normal 0.812892 0.582415 0
    outer loop
      vertex -2.17672 -17.9641 8
      vertex -2.28154 -17.8178 0.5
      vertex -2.28154 -17.8178 8
    endloop
  endfacet
  facet normal 0.812892 0.582415 0
    outer loop
      vertex -2.28154 -17.8178 0.5
      vertex -2.17672 -17.9641 8
      vertex -2.17672 -17.9641 0.5
    endloop
  endfacet
  facet normal 0.93589 -0.352293 0
    outer loop
      vertex -2.59906 -15.406 8
      vertex -2.53567 -15.2376 0.5
      vertex -2.53567 -15.2376 8
    endloop
  endfacet
  facet normal 0.93589 -0.352293 0
    outer loop
      vertex -2.53567 -15.2376 0.5
      vertex -2.59906 -15.406 8
      vertex -2.59906 -15.406 0.5
    endloop
  endfacet
  facet normal 0.729742 -0.683723 0
    outer loop
      vertex -2.06256 -14.4768 8
      vertex -1.93954 -14.3455 0.5
      vertex -1.93954 -14.3455 8
    endloop
  endfacet
  facet normal 0.729742 -0.683723 0
    outer loop
      vertex -1.93954 -14.3455 0.5
      vertex -2.06256 -14.4768 8
      vertex -2.06256 -14.4768 0.5
    endloop
  endfacet
  facet normal 0.634179 0.773187 -0
    outer loop
      vertex -1.66909 -18.4717 0.5
      vertex -1.8082 -18.3576 8
      vertex -1.66909 -18.4717 8
    endloop
  endfacet
  facet normal 0.634179 0.773187 0
    outer loop
      vertex -1.8082 -18.3576 8
      vertex -1.66909 -18.4717 0.5
      vertex -1.8082 -18.3576 0.5
    endloop
  endfacet
  facet normal -0.0327859 -0.999462 0
    outer loop
      vertex 0.00499916 -13.54 0.5
      vertex 0.184858 -13.5459 8
      vertex 0.00499916 -13.54 8
    endloop
  endfacet
  facet normal -0.0327859 -0.999462 -0
    outer loop
      vertex 0.184858 -13.5459 8
      vertex 0.00499916 -13.54 0.5
      vertex 0.184858 -13.5459 0.5
    endloop
  endfacet
  facet normal 0.097804 0.995206 -0
    outer loop
      vertex -0.174858 -19.0341 0.5
      vertex -0.353947 -19.0165 8
      vertex -0.174858 -19.0341 8
    endloop
  endfacet
  facet normal 0.097804 0.995206 0
    outer loop
      vertex -0.353947 -19.0165 8
      vertex -0.174858 -19.0341 0.5
      vertex -0.353947 -19.0165 0.5
    endloop
  endfacet
  facet normal 0.986654 -0.162831 0
    outer loop
      vertex -2.72147 -15.9311 8
      vertex -2.69216 -15.7535 0.5
      vertex -2.69216 -15.7535 8
    endloop
  endfacet
  facet normal 0.986654 -0.162831 0
    outer loop
      vertex -2.69216 -15.7535 0.5
      vertex -2.72147 -15.9311 8
      vertex -2.72147 -15.9311 0.5
    endloop
  endfacet
  facet normal 0.290091 0.956999 -0
    outer loop
      vertex -0.706752 -18.9463 0.5
      vertex -0.878958 -18.8941 8
      vertex -0.706752 -18.9463 8
    endloop
  endfacet
  facet normal 0.290091 0.956999 0
    outer loop
      vertex -0.878958 -18.8941 8
      vertex -0.706752 -18.9463 0.5
      vertex -0.878958 -18.8941 0.5
    endloop
  endfacet
  facet normal -0.956935 0.290304 0
    outer loop
      vertex 2.60906 -17.174 0.5
      vertex 2.6613 -17.0018 8
      vertex 2.6613 -17.0018 0.5
    endloop
  endfacet
  facet normal -0.956935 0.290304 0
    outer loop
      vertex 2.6613 -17.0018 8
      vertex 2.60906 -17.174 0.5
      vertex 2.60906 -17.174 8
    endloop
  endfacet
  facet normal -0.58242 0.812888 0
    outer loop
      vertex 1.67909 -18.4717 0.5
      vertex 1.53282 -18.5765 8
      vertex 1.67909 -18.4717 8
    endloop
  endfacet
  facet normal -0.58242 0.812888 0
    outer loop
      vertex 1.53282 -18.5765 8
      vertex 1.67909 -18.4717 0.5
      vertex 1.53282 -18.5765 0.5
    endloop
  endfacet
  facet normal -0.93589 0.352293 0
    outer loop
      vertex 2.54567 -17.3424 0.5
      vertex 2.60906 -17.174 8
      vertex 2.60906 -17.174 0.5
    endloop
  endfacet
  facet normal -0.93589 0.352293 0
    outer loop
      vertex 2.60906 -17.174 8
      vertex 2.54567 -17.3424 0.5
      vertex 2.54567 -17.3424 8
    endloop
  endfacet
  facet normal 0.227269 0.973832 -0
    outer loop
      vertex -0.531498 -18.9872 0.5
      vertex -0.706752 -18.9463 8
      vertex -0.531498 -18.9872 8
    endloop
  endfacet
  facet normal 0.227269 0.973832 0
    outer loop
      vertex -0.706752 -18.9463 8
      vertex -0.531498 -18.9872 0.5
      vertex -0.706752 -18.9463 0.5
    endloop
  endfacet
  facet normal 0.812892 -0.582415 0
    outer loop
      vertex -2.28154 -14.7622 8
      vertex -2.17672 -14.6159 0.5
      vertex -2.17672 -14.6159 8
    endloop
  endfacet
  facet normal 0.812892 -0.582415 0
    outer loop
      vertex -2.17672 -14.6159 0.5
      vertex -2.28154 -14.7622 8
      vertex -2.28154 -14.7622 0.5
    endloop
  endfacet
  facet normal 0.0327862 0.999462 -0
    outer loop
      vertex 0.00499916 -19.04 0.5
      vertex -0.174858 -19.0341 8
      vertex 0.00499916 -19.04 8
    endloop
  endfacet
  facet normal 0.0327862 0.999462 0
    outer loop
      vertex -0.174858 -19.0341 8
      vertex 0.00499916 -19.04 0.5
      vertex -0.174858 -19.0341 0.5
    endloop
  endfacet
  facet normal 0.683849 -0.729624 0
    outer loop
      vertex -1.93954 -14.3455 0.5
      vertex -1.8082 -14.2224 8
      vertex -1.93954 -14.3455 8
    endloop
  endfacet
  facet normal 0.683849 -0.729624 0
    outer loop
      vertex -1.8082 -14.2224 8
      vertex -1.93954 -14.3455 0.5
      vertex -1.8082 -14.2224 0.5
    endloop
  endfacet
  facet normal -0.812892 -0.582415 0
    outer loop
      vertex 2.29154 -14.7622 0.5
      vertex 2.18672 -14.6159 8
      vertex 2.18672 -14.6159 0.5
    endloop
  endfacet
  facet normal -0.812892 -0.582415 0
    outer loop
      vertex 2.18672 -14.6159 8
      vertex 2.29154 -14.7622 0.5
      vertex 2.29154 -14.7622 8
    endloop
  endfacet
  facet normal -0.162821 0.986656 0
    outer loop
      vertex 0.541498 -18.9872 0.5
      vertex 0.363947 -19.0165 8
      vertex 0.541498 -18.9872 8
    endloop
  endfacet
  facet normal -0.162821 0.986656 0
    outer loop
      vertex 0.363947 -19.0165 8
      vertex 0.541498 -18.9872 0.5
      vertex 0.363947 -19.0165 0.5
    endloop
  endfacet
  facet normal 0.881914 -0.47141 0
    outer loop
      vertex -2.4614 -15.0737 8
      vertex -2.37657 -14.915 0.5
      vertex -2.37657 -14.915 8
    endloop
  endfacet
  facet normal 0.881914 -0.47141 0
    outer loop
      vertex -2.37657 -14.915 0.5
      vertex -2.4614 -15.0737 8
      vertex -2.4614 -15.0737 0.5
    endloop
  endfacet
  facet normal -0.097804 0.995206 0
    outer loop
      vertex 0.363947 -19.0165 0.5
      vertex 0.184858 -19.0341 8
      vertex 0.363947 -19.0165 8
    endloop
  endfacet
  facet normal -0.097804 0.995206 0
    outer loop
      vertex 0.184858 -19.0341 8
      vertex 0.363947 -19.0165 0.5
      vertex 0.184858 -19.0341 0.5
    endloop
  endfacet
  facet normal -0.956935 -0.290304 0
    outer loop
      vertex 2.6613 -15.5782 0.5
      vertex 2.60906 -15.406 8
      vertex 2.60906 -15.406 0.5
    endloop
  endfacet
  facet normal -0.956935 -0.290304 0
    outer loop
      vertex 2.60906 -15.406 8
      vertex 2.6613 -15.5782 0.5
      vertex 2.6613 -15.5782 8
    endloop
  endfacet
  facet normal 0.999464 0.0327229 0
    outer loop
      vertex -2.73911 -16.4699 8
      vertex -2.745 -16.29 0.5
      vertex -2.745 -16.29 8
    endloop
  endfacet
  facet normal 0.999464 0.0327229 0
    outer loop
      vertex -2.745 -16.29 0.5
      vertex -2.73911 -16.4699 8
      vertex -2.73911 -16.4699 0.5
    endloop
  endfacet
  facet normal -0.52835 0.849027 0
    outer loop
      vertex 1.53282 -18.5765 0.5
      vertex 1.38 -18.6716 8
      vertex 1.53282 -18.5765 8
    endloop
  endfacet
  facet normal -0.52835 0.849027 0
    outer loop
      vertex 1.38 -18.6716 8
      vertex 1.53282 -18.5765 0.5
      vertex 1.38 -18.6716 0.5
    endloop
  endfacet
  facet normal 0.58242 -0.812888 0
    outer loop
      vertex -1.66909 -14.1083 0.5
      vertex -1.52282 -14.0035 8
      vertex -1.66909 -14.1083 8
    endloop
  endfacet
  facet normal 0.58242 -0.812888 0
    outer loop
      vertex -1.52282 -14.0035 8
      vertex -1.66909 -14.1083 0.5
      vertex -1.52282 -14.0035 0.5
    endloop
  endfacet
  facet normal -0.773001 -0.634405 0
    outer loop
      vertex 2.18672 -14.6159 0.5
      vertex 2.07256 -14.4768 8
      vertex 2.07256 -14.4768 0.5
    endloop
  endfacet
  facet normal -0.773001 -0.634405 0
    outer loop
      vertex 2.07256 -14.4768 8
      vertex 2.18672 -14.6159 0.5
      vertex 2.18672 -14.6159 8
    endloop
  endfacet
  facet normal 0.097804 -0.995206 0
    outer loop
      vertex -0.353947 -13.5635 0.5
      vertex -0.174858 -13.5459 8
      vertex -0.353947 -13.5635 8
    endloop
  endfacet
  facet normal 0.097804 -0.995206 0
    outer loop
      vertex -0.174858 -13.5459 8
      vertex -0.353947 -13.5635 0.5
      vertex -0.174858 -13.5459 0.5
    endloop
  endfacet
  facet normal -0.999464 0.0327229 0
    outer loop
      vertex 2.74911 -16.4699 0.5
      vertex 2.755 -16.29 8
      vertex 2.755 -16.29 0.5
    endloop
  endfacet
  facet normal -0.999464 0.0327229 0
    outer loop
      vertex 2.755 -16.29 8
      vertex 2.74911 -16.4699 0.5
      vertex 2.74911 -16.4699 8
    endloop
  endfacet
  facet normal -0.412861 0.910794 0
    outer loop
      vertex 1.22129 -18.7564 0.5
      vertex 1.05738 -18.8307 8
      vertex 1.22129 -18.7564 8
    endloop
  endfacet
  facet normal -0.412861 0.910794 0
    outer loop
      vertex 1.05738 -18.8307 8
      vertex 1.22129 -18.7564 0.5
      vertex 1.05738 -18.8307 0.5
    endloop
  endfacet
  facet normal -0.227269 -0.973832 0
    outer loop
      vertex 0.541498 -13.5928 0.5
      vertex 0.716752 -13.6337 8
      vertex 0.541498 -13.5928 8
    endloop
  endfacet
  facet normal -0.227269 -0.973832 -0
    outer loop
      vertex 0.716752 -13.6337 8
      vertex 0.541498 -13.5928 0.5
      vertex 0.716752 -13.6337 0.5
    endloop
  endfacet
  facet normal -0.290091 -0.956999 0
    outer loop
      vertex 0.716752 -13.6337 0.5
      vertex 0.888958 -13.6859 8
      vertex 0.716752 -13.6337 8
    endloop
  endfacet
  facet normal -0.290091 -0.956999 -0
    outer loop
      vertex 0.888958 -13.6859 8
      vertex 0.716752 -13.6337 0.5
      vertex 0.888958 -13.6859 0.5
    endloop
  endfacet
  facet normal 0.352301 0.935887 -0
    outer loop
      vertex -0.878958 -18.8941 0.5
      vertex -1.04738 -18.8307 8
      vertex -0.878958 -18.8941 8
    endloop
  endfacet
  facet normal 0.352301 0.935887 0
    outer loop
      vertex -1.04738 -18.8307 8
      vertex -0.878958 -18.8941 0.5
      vertex -1.04738 -18.8307 0.5
    endloop
  endfacet
  facet normal -0.352301 -0.935887 0
    outer loop
      vertex 0.888958 -13.6859 0.5
      vertex 1.05738 -13.7493 8
      vertex 0.888958 -13.6859 8
    endloop
  endfacet
  facet normal -0.352301 -0.935887 -0
    outer loop
      vertex 1.05738 -13.7493 8
      vertex 0.888958 -13.6859 0.5
      vertex 1.05738 -13.7493 0.5
    endloop
  endfacet
  facet normal -0.412861 -0.910794 0
    outer loop
      vertex 1.05738 -13.7493 0.5
      vertex 1.22129 -13.8236 8
      vertex 1.05738 -13.7493 8
    endloop
  endfacet
  facet normal -0.412861 -0.910794 -0
    outer loop
      vertex 1.22129 -13.8236 8
      vertex 1.05738 -13.7493 0.5
      vertex 1.22129 -13.8236 0.5
    endloop
  endfacet
  facet normal -0.634179 -0.773187 0
    outer loop
      vertex 1.67909 -14.1083 0.5
      vertex 1.8182 -14.2224 8
      vertex 1.67909 -14.1083 8
    endloop
  endfacet
  facet normal -0.634179 -0.773187 -0
    outer loop
      vertex 1.8182 -14.2224 8
      vertex 1.67909 -14.1083 0.5
      vertex 1.8182 -14.2224 0.5
    endloop
  endfacet
  facet normal -0.729742 -0.683723 0
    outer loop
      vertex 2.07256 -14.4768 0.5
      vertex 1.94954 -14.3455 8
      vertex 1.94954 -14.3455 0.5
    endloop
  endfacet
  facet normal -0.729742 -0.683723 0
    outer loop
      vertex 1.94954 -14.3455 8
      vertex 2.07256 -14.4768 0.5
      vertex 2.07256 -14.4768 8
    endloop
  endfacet
  facet normal -0.881914 -0.47141 0
    outer loop
      vertex 2.4714 -15.0737 0.5
      vertex 2.38657 -14.915 8
      vertex 2.38657 -14.915 0.5
    endloop
  endfacet
  facet normal -0.881914 -0.47141 0
    outer loop
      vertex 2.38657 -14.915 8
      vertex 2.4714 -15.0737 0.5
      vertex 2.4714 -15.0737 8
    endloop
  endfacet
  facet normal 0.0327862 -0.999462 0
    outer loop
      vertex -0.174858 -13.5459 0.5
      vertex 0.00499916 -13.54 8
      vertex -0.174858 -13.5459 8
    endloop
  endfacet
  facet normal 0.0327862 -0.999462 0
    outer loop
      vertex 0.00499916 -13.54 8
      vertex -0.174858 -13.5459 0.5
      vertex 0.00499916 -13.54 0.5
    endloop
  endfacet
  facet normal -0.58242 -0.812888 0
    outer loop
      vertex 1.53282 -14.0035 0.5
      vertex 1.67909 -14.1083 8
      vertex 1.53282 -14.0035 8
    endloop
  endfacet
  facet normal -0.58242 -0.812888 -0
    outer loop
      vertex 1.67909 -14.1083 8
      vertex 1.53282 -14.0035 0.5
      vertex 1.67909 -14.1083 0.5
    endloop
  endfacet
  facet normal -0.910847 -0.412743 0
    outer loop
      vertex 2.54567 -15.2376 0.5
      vertex 2.4714 -15.0737 8
      vertex 2.4714 -15.0737 0.5
    endloop
  endfacet
  facet normal -0.910847 -0.412743 0
    outer loop
      vertex 2.4714 -15.0737 8
      vertex 2.54567 -15.2376 0.5
      vertex 2.54567 -15.2376 8
    endloop
  endfacet
  facet normal 0.52835 -0.849027 0
    outer loop
      vertex -1.52282 -14.0035 0.5
      vertex -1.37 -13.9084 8
      vertex -1.52282 -14.0035 8
    endloop
  endfacet
  facet normal 0.52835 -0.849027 0
    outer loop
      vertex -1.37 -13.9084 8
      vertex -1.52282 -14.0035 0.5
      vertex -1.37 -13.9084 0.5
    endloop
  endfacet
  facet normal -0.683849 -0.729624 0
    outer loop
      vertex 1.8182 -14.2224 0.5
      vertex 1.94954 -14.3455 8
      vertex 1.8182 -14.2224 8
    endloop
  endfacet
  facet normal -0.683849 -0.729624 -0
    outer loop
      vertex 1.94954 -14.3455 8
      vertex 1.8182 -14.2224 0.5
      vertex 1.94954 -14.3455 0.5
    endloop
  endfacet
  facet normal 0.290091 -0.956999 0
    outer loop
      vertex -0.878958 -13.6859 0.5
      vertex -0.706752 -13.6337 8
      vertex -0.878958 -13.6859 8
    endloop
  endfacet
  facet normal 0.290091 -0.956999 0
    outer loop
      vertex -0.706752 -13.6337 8
      vertex -0.878958 -13.6859 0.5
      vertex -0.706752 -13.6337 0.5
    endloop
  endfacet
  facet normal 0.773001 -0.634405 0
    outer loop
      vertex -2.17672 -14.6159 8
      vertex -2.06256 -14.4768 0.5
      vertex -2.06256 -14.4768 8
    endloop
  endfacet
  facet normal 0.773001 -0.634405 0
    outer loop
      vertex -2.06256 -14.4768 0.5
      vertex -2.17672 -14.6159 8
      vertex -2.17672 -14.6159 0.5
    endloop
  endfacet
  facet normal 0.956935 -0.290304 0
    outer loop
      vertex -2.6513 -15.5782 8
      vertex -2.59906 -15.406 0.5
      vertex -2.59906 -15.406 8
    endloop
  endfacet
  facet normal 0.956935 -0.290304 0
    outer loop
      vertex -2.59906 -15.406 0.5
      vertex -2.6513 -15.5782 8
      vertex -2.6513 -15.5782 0.5
    endloop
  endfacet
  facet normal -0.881914 0.47141 0
    outer loop
      vertex 2.38657 -17.665 0.5
      vertex 2.4714 -17.5063 8
      vertex 2.4714 -17.5063 0.5
    endloop
  endfacet
  facet normal -0.881914 0.47141 0
    outer loop
      vertex 2.4714 -17.5063 8
      vertex 2.38657 -17.665 0.5
      vertex 2.38657 -17.665 8
    endloop
  endfacet
  facet normal -0.471257 -0.881996 0
    outer loop
      vertex 1.22129 -13.8236 0.5
      vertex 1.38 -13.9084 8
      vertex 1.22129 -13.8236 8
    endloop
  endfacet
  facet normal -0.471257 -0.881996 -0
    outer loop
      vertex 1.38 -13.9084 8
      vertex 1.22129 -13.8236 0.5
      vertex 1.38 -13.9084 0.5
    endloop
  endfacet
  facet normal 0.162821 -0.986656 0
    outer loop
      vertex -0.531498 -13.5928 0.5
      vertex -0.353947 -13.5635 8
      vertex -0.531498 -13.5928 8
    endloop
  endfacet
  facet normal 0.162821 -0.986656 0
    outer loop
      vertex -0.353947 -13.5635 8
      vertex -0.531498 -13.5928 0.5
      vertex -0.353947 -13.5635 0.5
    endloop
  endfacet
  facet normal 0.973894 0.227001 0
    outer loop
      vertex -2.6513 -17.0018 8
      vertex -2.69216 -16.8265 0.5
      vertex -2.69216 -16.8265 8
    endloop
  endfacet
  facet normal 0.973894 0.227001 0
    outer loop
      vertex -2.69216 -16.8265 0.5
      vertex -2.6513 -17.0018 8
      vertex -2.6513 -17.0018 0.5
    endloop
  endfacet
  facet normal 0.227269 -0.973832 0
    outer loop
      vertex -0.706752 -13.6337 0.5
      vertex -0.531498 -13.5928 8
      vertex -0.706752 -13.6337 8
    endloop
  endfacet
  facet normal 0.227269 -0.973832 0
    outer loop
      vertex -0.531498 -13.5928 8
      vertex -0.706752 -13.6337 0.5
      vertex -0.531498 -13.5928 0.5
    endloop
  endfacet
  facet normal -0.973894 -0.227001 0
    outer loop
      vertex 2.70216 -15.7535 0.5
      vertex 2.6613 -15.5782 8
      vertex 2.6613 -15.5782 0.5
    endloop
  endfacet
  facet normal -0.973894 -0.227001 0
    outer loop
      vertex 2.6613 -15.5782 8
      vertex 2.70216 -15.7535 0.5
      vertex 2.70216 -15.7535 8
    endloop
  endfacet
  facet normal 0.52835 0.849027 -0
    outer loop
      vertex -1.37 -18.6716 0.5
      vertex -1.52282 -18.5765 8
      vertex -1.37 -18.6716 8
    endloop
  endfacet
  facet normal 0.52835 0.849027 0
    outer loop
      vertex -1.52282 -18.5765 8
      vertex -1.37 -18.6716 0.5
      vertex -1.52282 -18.5765 0.5
    endloop
  endfacet
  facet normal 0.973894 -0.227001 0
    outer loop
      vertex -2.69216 -15.7535 8
      vertex -2.6513 -15.5782 0.5
      vertex -2.6513 -15.5782 8
    endloop
  endfacet
  facet normal 0.973894 -0.227001 0
    outer loop
      vertex -2.6513 -15.5782 0.5
      vertex -2.69216 -15.7535 8
      vertex -2.69216 -15.7535 0.5
    endloop
  endfacet
  facet normal -0.162821 -0.986656 0
    outer loop
      vertex 0.363947 -13.5635 0.5
      vertex 0.541498 -13.5928 8
      vertex 0.363947 -13.5635 8
    endloop
  endfacet
  facet normal -0.162821 -0.986656 -0
    outer loop
      vertex 0.541498 -13.5928 8
      vertex 0.363947 -13.5635 0.5
      vertex 0.541498 -13.5928 0.5
    endloop
  endfacet
  facet normal -0.097804 -0.995206 0
    outer loop
      vertex 0.184858 -13.5459 0.5
      vertex 0.363947 -13.5635 8
      vertex 0.184858 -13.5459 8
    endloop
  endfacet
  facet normal -0.097804 -0.995206 -0
    outer loop
      vertex 0.363947 -13.5635 8
      vertex 0.184858 -13.5459 0.5
      vertex 0.363947 -13.5635 0.5
    endloop
  endfacet
  facet normal -0.683849 0.729624 0
    outer loop
      vertex 1.94954 -18.2345 0.5
      vertex 1.8182 -18.3576 8
      vertex 1.94954 -18.2345 8
    endloop
  endfacet
  facet normal -0.683849 0.729624 0
    outer loop
      vertex 1.8182 -18.3576 8
      vertex 1.94954 -18.2345 0.5
      vertex 1.8182 -18.3576 0.5
    endloop
  endfacet
  facet normal 0.84917 -0.528119 0
    outer loop
      vertex -2.37657 -14.915 8
      vertex -2.28154 -14.7622 0.5
      vertex -2.28154 -14.7622 8
    endloop
  endfacet
  facet normal 0.84917 -0.528119 0
    outer loop
      vertex -2.28154 -14.7622 0.5
      vertex -2.37657 -14.915 8
      vertex -2.37657 -14.915 0.5
    endloop
  endfacet
  facet normal -0.84917 0.528119 0
    outer loop
      vertex 2.29154 -17.8178 0.5
      vertex 2.38657 -17.665 8
      vertex 2.38657 -17.665 0.5
    endloop
  endfacet
  facet normal -0.84917 0.528119 0
    outer loop
      vertex 2.38657 -17.665 8
      vertex 2.29154 -17.8178 0.5
      vertex 2.29154 -17.8178 8
    endloop
  endfacet
  facet normal 0.995179 -0.0980724 0
    outer loop
      vertex -2.73911 -16.1101 8
      vertex -2.72147 -15.9311 0.5
      vertex -2.72147 -15.9311 8
    endloop
  endfacet
  facet normal 0.995179 -0.0980724 0
    outer loop
      vertex -2.72147 -15.9311 0.5
      vertex -2.73911 -16.1101 8
      vertex -2.73911 -16.1101 0.5
    endloop
  endfacet
  facet normal 0.986654 0.162831 0
    outer loop
      vertex -2.69216 -16.8265 8
      vertex -2.72147 -16.6489 0.5
      vertex -2.72147 -16.6489 8
    endloop
  endfacet
  facet normal 0.986654 0.162831 0
    outer loop
      vertex -2.72147 -16.6489 0.5
      vertex -2.69216 -16.8265 8
      vertex -2.69216 -16.8265 0.5
    endloop
  endfacet
  facet normal 0.683849 0.729624 -0
    outer loop
      vertex -1.8082 -18.3576 0.5
      vertex -1.93954 -18.2345 8
      vertex -1.8082 -18.3576 8
    endloop
  endfacet
  facet normal 0.683849 0.729624 0
    outer loop
      vertex -1.93954 -18.2345 8
      vertex -1.8082 -18.3576 0.5
      vertex -1.93954 -18.2345 0.5
    endloop
  endfacet
  facet normal 0.634179 -0.773187 0
    outer loop
      vertex -1.8082 -14.2224 0.5
      vertex -1.66909 -14.1083 8
      vertex -1.8082 -14.2224 8
    endloop
  endfacet
  facet normal 0.634179 -0.773187 0
    outer loop
      vertex -1.66909 -14.1083 8
      vertex -1.8082 -14.2224 0.5
      vertex -1.66909 -14.1083 0.5
    endloop
  endfacet
  facet normal -0.93589 -0.352293 0
    outer loop
      vertex 2.60906 -15.406 0.5
      vertex 2.54567 -15.2376 8
      vertex 2.54567 -15.2376 0.5
    endloop
  endfacet
  facet normal -0.93589 -0.352293 0
    outer loop
      vertex 2.54567 -15.2376 8
      vertex 2.60906 -15.406 0.5
      vertex 2.60906 -15.406 8
    endloop
  endfacet
  facet normal -0.0327859 0.999462 0
    outer loop
      vertex 0.184858 -19.0341 0.5
      vertex 0.00499916 -19.04 8
      vertex 0.184858 -19.0341 8
    endloop
  endfacet
  facet normal -0.0327859 0.999462 0
    outer loop
      vertex 0.00499916 -19.04 8
      vertex 0.184858 -19.0341 0.5
      vertex 0.00499916 -19.04 0.5
    endloop
  endfacet
  facet normal -0.986654 -0.162831 0
    outer loop
      vertex 2.73147 -15.9311 0.5
      vertex 2.70216 -15.7535 8
      vertex 2.70216 -15.7535 0.5
    endloop
  endfacet
  facet normal -0.986654 -0.162831 0
    outer loop
      vertex 2.70216 -15.7535 8
      vertex 2.73147 -15.9311 0.5
      vertex 2.73147 -15.9311 8
    endloop
  endfacet
  facet normal -0.910847 0.412743 0
    outer loop
      vertex 2.4714 -17.5063 0.5
      vertex 2.54567 -17.3424 8
      vertex 2.54567 -17.3424 0.5
    endloop
  endfacet
  facet normal -0.910847 0.412743 0
    outer loop
      vertex 2.54567 -17.3424 8
      vertex 2.4714 -17.5063 0.5
      vertex 2.4714 -17.5063 8
    endloop
  endfacet
  facet normal -0.634179 0.773187 0
    outer loop
      vertex 1.8182 -18.3576 0.5
      vertex 1.67909 -18.4717 8
      vertex 1.8182 -18.3576 8
    endloop
  endfacet
  facet normal -0.634179 0.773187 0
    outer loop
      vertex 1.67909 -18.4717 8
      vertex 1.8182 -18.3576 0.5
      vertex 1.67909 -18.4717 0.5
    endloop
  endfacet
  facet normal 0.352301 -0.935887 0
    outer loop
      vertex -1.04738 -13.7493 0.5
      vertex -0.878958 -13.6859 8
      vertex -1.04738 -13.7493 8
    endloop
  endfacet
  facet normal 0.352301 -0.935887 0
    outer loop
      vertex -0.878958 -13.6859 8
      vertex -1.04738 -13.7493 0.5
      vertex -0.878958 -13.6859 0.5
    endloop
  endfacet
  facet normal -0.812892 0.582415 0
    outer loop
      vertex 2.18672 -17.9641 0.5
      vertex 2.29154 -17.8178 8
      vertex 2.29154 -17.8178 0.5
    endloop
  endfacet
  facet normal -0.812892 0.582415 0
    outer loop
      vertex 2.29154 -17.8178 8
      vertex 2.18672 -17.9641 0.5
      vertex 2.18672 -17.9641 8
    endloop
  endfacet
  facet normal 0.93589 0.352293 0
    outer loop
      vertex -2.53567 -17.3424 8
      vertex -2.59906 -17.174 0.5
      vertex -2.59906 -17.174 8
    endloop
  endfacet
  facet normal 0.93589 0.352293 0
    outer loop
      vertex -2.59906 -17.174 0.5
      vertex -2.53567 -17.3424 8
      vertex -2.53567 -17.3424 0.5
    endloop
  endfacet
  facet normal -0.52835 -0.849027 0
    outer loop
      vertex 1.38 -13.9084 0.5
      vertex 1.53282 -14.0035 8
      vertex 1.38 -13.9084 8
    endloop
  endfacet
  facet normal -0.52835 -0.849027 -0
    outer loop
      vertex 1.53282 -14.0035 8
      vertex 1.38 -13.9084 0.5
      vertex 1.53282 -14.0035 0.5
    endloop
  endfacet
  facet normal -0.986654 0.162831 0
    outer loop
      vertex 2.70216 -16.8265 0.5
      vertex 2.73147 -16.6489 8
      vertex 2.73147 -16.6489 0.5
    endloop
  endfacet
  facet normal -0.986654 0.162831 0
    outer loop
      vertex 2.73147 -16.6489 8
      vertex 2.70216 -16.8265 0.5
      vertex 2.70216 -16.8265 8
    endloop
  endfacet
  facet normal 0.999464 -0.0327229 0
    outer loop
      vertex -2.745 -16.29 8
      vertex -2.73911 -16.1101 0.5
      vertex -2.73911 -16.1101 8
    endloop
  endfacet
  facet normal 0.999464 -0.0327229 0
    outer loop
      vertex -2.73911 -16.1101 0.5
      vertex -2.745 -16.29 8
      vertex -2.745 -16.29 0.5
    endloop
  endfacet
  facet normal 0.773001 0.634405 0
    outer loop
      vertex -2.06256 -18.1032 8
      vertex -2.17672 -17.9641 0.5
      vertex -2.17672 -17.9641 8
    endloop
  endfacet
  facet normal 0.773001 0.634405 0
    outer loop
      vertex -2.17672 -17.9641 0.5
      vertex -2.06256 -18.1032 8
      vertex -2.06256 -18.1032 0.5
    endloop
  endfacet
  facet normal 0.956935 0.290304 0
    outer loop
      vertex -2.59906 -17.174 8
      vertex -2.6513 -17.0018 0.5
      vertex -2.6513 -17.0018 8
    endloop
  endfacet
  facet normal 0.956935 0.290304 0
    outer loop
      vertex -2.6513 -17.0018 0.5
      vertex -2.59906 -17.174 8
      vertex -2.59906 -17.174 0.5
    endloop
  endfacet
  facet normal 0.84917 0.528119 0
    outer loop
      vertex -2.28154 -17.8178 8
      vertex -2.37657 -17.665 0.5
      vertex -2.37657 -17.665 8
    endloop
  endfacet
  facet normal 0.84917 0.528119 0
    outer loop
      vertex -2.37657 -17.665 0.5
      vertex -2.28154 -17.8178 8
      vertex -2.28154 -17.8178 0.5
    endloop
  endfacet
  facet normal -0.471257 0.881996 0
    outer loop
      vertex 1.38 -18.6716 0.5
      vertex 1.22129 -18.7564 8
      vertex 1.38 -18.6716 8
    endloop
  endfacet
  facet normal -0.471257 0.881996 0
    outer loop
      vertex 1.22129 -18.7564 8
      vertex 1.38 -18.6716 0.5
      vertex 1.22129 -18.7564 0.5
    endloop
  endfacet
  facet normal 0.729742 0.683723 0
    outer loop
      vertex -1.93954 -18.2345 8
      vertex -2.06256 -18.1032 0.5
      vertex -2.06256 -18.1032 8
    endloop
  endfacet
  facet normal 0.729742 0.683723 0
    outer loop
      vertex -2.06256 -18.1032 0.5
      vertex -1.93954 -18.2345 8
      vertex -1.93954 -18.2345 0.5
    endloop
  endfacet
  facet normal 0.910847 -0.412743 0
    outer loop
      vertex -2.53567 -15.2376 8
      vertex -2.4614 -15.0737 0.5
      vertex -2.4614 -15.0737 8
    endloop
  endfacet
  facet normal 0.910847 -0.412743 0
    outer loop
      vertex -2.4614 -15.0737 0.5
      vertex -2.53567 -15.2376 8
      vertex -2.53567 -15.2376 0.5
    endloop
  endfacet
  facet normal -0.227269 0.973832 0
    outer loop
      vertex 0.716752 -18.9463 0.5
      vertex 0.541498 -18.9872 8
      vertex 0.716752 -18.9463 8
    endloop
  endfacet
  facet normal -0.227269 0.973832 0
    outer loop
      vertex 0.541498 -18.9872 8
      vertex 0.716752 -18.9463 0.5
      vertex 0.541498 -18.9872 0.5
    endloop
  endfacet
  facet normal -0.352301 0.935887 0
    outer loop
      vertex 1.05738 -18.8307 0.5
      vertex 0.888958 -18.8941 8
      vertex 1.05738 -18.8307 8
    endloop
  endfacet
  facet normal -0.352301 0.935887 0
    outer loop
      vertex 0.888958 -18.8941 8
      vertex 1.05738 -18.8307 0.5
      vertex 0.888958 -18.8941 0.5
    endloop
  endfacet
  facet normal 0.471257 0.881996 -0
    outer loop
      vertex -1.21129 -18.7564 0.5
      vertex -1.37 -18.6716 8
      vertex -1.21129 -18.7564 8
    endloop
  endfacet
  facet normal 0.471257 0.881996 0
    outer loop
      vertex -1.37 -18.6716 8
      vertex -1.21129 -18.7564 0.5
      vertex -1.37 -18.6716 0.5
    endloop
  endfacet
  facet normal -0.290091 0.956999 0
    outer loop
      vertex 0.888958 -18.8941 0.5
      vertex 0.716752 -18.9463 8
      vertex 0.888958 -18.8941 8
    endloop
  endfacet
  facet normal -0.290091 0.956999 0
    outer loop
      vertex 0.716752 -18.9463 8
      vertex 0.888958 -18.8941 0.5
      vertex 0.716752 -18.9463 0.5
    endloop
  endfacet
  facet normal -0.773001 0.634405 0
    outer loop
      vertex 2.07256 -18.1032 0.5
      vertex 2.18672 -17.9641 8
      vertex 2.18672 -17.9641 0.5
    endloop
  endfacet
  facet normal -0.773001 0.634405 0
    outer loop
      vertex 2.18672 -17.9641 8
      vertex 2.07256 -18.1032 0.5
      vertex 2.07256 -18.1032 8
    endloop
  endfacet
  facet normal 0.162821 0.986656 -0
    outer loop
      vertex -0.353947 -19.0165 0.5
      vertex -0.531498 -18.9872 8
      vertex -0.353947 -19.0165 8
    endloop
  endfacet
  facet normal 0.162821 0.986656 0
    outer loop
      vertex -0.531498 -18.9872 8
      vertex -0.353947 -19.0165 0.5
      vertex -0.531498 -18.9872 0.5
    endloop
  endfacet
  facet normal 0.471257 -0.881996 0
    outer loop
      vertex -1.37 -13.9084 0.5
      vertex -1.21129 -13.8236 8
      vertex -1.37 -13.9084 8
    endloop
  endfacet
  facet normal 0.471257 -0.881996 0
    outer loop
      vertex -1.21129 -13.8236 8
      vertex -1.37 -13.9084 0.5
      vertex -1.21129 -13.8236 0.5
    endloop
  endfacet
  facet normal 0.910847 0.412743 0
    outer loop
      vertex -2.4614 -17.5063 8
      vertex -2.53567 -17.3424 0.5
      vertex -2.53567 -17.3424 8
    endloop
  endfacet
  facet normal 0.910847 0.412743 0
    outer loop
      vertex -2.53567 -17.3424 0.5
      vertex -2.4614 -17.5063 8
      vertex -2.4614 -17.5063 0.5
    endloop
  endfacet
  facet normal 0.881914 0.47141 0
    outer loop
      vertex -2.37657 -17.665 8
      vertex -2.4614 -17.5063 0.5
      vertex -2.4614 -17.5063 8
    endloop
  endfacet
  facet normal 0.881914 0.47141 0
    outer loop
      vertex -2.4614 -17.5063 0.5
      vertex -2.37657 -17.665 8
      vertex -2.37657 -17.665 0.5
    endloop
  endfacet
  facet normal 0.58242 0.812888 -0
    outer loop
      vertex -1.52282 -18.5765 0.5
      vertex -1.66909 -18.4717 8
      vertex -1.52282 -18.5765 8
    endloop
  endfacet
  facet normal 0.58242 0.812888 0
    outer loop
      vertex -1.66909 -18.4717 8
      vertex -1.52282 -18.5765 0.5
      vertex -1.66909 -18.4717 0.5
    endloop
  endfacet
  facet normal 0.412861 0.910794 -0
    outer loop
      vertex -1.04738 -18.8307 0.5
      vertex -1.21129 -18.7564 8
      vertex -1.04738 -18.8307 8
    endloop
  endfacet
  facet normal 0.412861 0.910794 0
    outer loop
      vertex -1.21129 -18.7564 8
      vertex -1.04738 -18.8307 0.5
      vertex -1.21129 -18.7564 0.5
    endloop
  endfacet
  facet normal -0.706917 -0.0231427 -0.706917
    outer loop
      vertex 3.24804 -16.0774 0
      vertex 3.255 -16.29 0
      vertex 2.755 -16.29 0.5
    endloop
  endfacet
  facet normal -0.600637 -0.373486 -0.706926
    outer loop
      vertex 2.70728 -14.4844 0
      vertex 2.81958 -14.665 0
      vertex 2.29154 -14.7622 0.5
    endloop
  endfacet
  facet normal -0.48353 0.51622 -0.706905
    outer loop
      vertex 2.3031 -18.5881 0
      vertex 2.14787 -18.7335 0
      vertex 1.8182 -18.3576 0.5
    endloop
  endfacet
  facet normal 0.697846 -0.115168 -0.706928
    outer loop
      vertex -2.69216 -15.7535 0.5
      vertex -2.72147 -15.9311 0.5
      vertex -3.2172 -15.8658 0
    endloop
  endfacet
  facet normal -0.0231893 0.706917 -0.706917
    outer loop
      vertex 0.00499916 -19.04 0.5
      vertex 0.184858 -19.0341 0.5
      vertex 0.00499916 -19.54 0
    endloop
  endfacet
  facet normal -0.600617 -0.373538 -0.706915
    outer loop
      vertex 2.81958 -14.665 0
      vertex 2.38657 -14.915 0.5
      vertex 2.29154 -14.7622 0.5
    endloop
  endfacet
  facet normal 0.0691787 0.703923 -0.706899
    outer loop
      vertex -0.174858 -19.0341 0.5
      vertex -0.20756 -19.533 0
      vertex -0.419209 -19.5122 0
    endloop
  endfacet
  facet normal 0.448673 -0.546789 -0.706904
    outer loop
      vertex -1.97347 -13.7116 0
      vertex -1.8082 -14.2224 0.5
      vertex -2.13787 -13.8465 0
    endloop
  endfacet
  facet normal -0.66196 0.249179 -0.706908
    outer loop
      vertex 2.60906 -17.174 0.5
      vertex 3.00761 -17.5337 0
      vertex 2.54567 -17.3424 0.5
    endloop
  endfacet
  facet normal 0.412027 0.574875 -0.706932
    outer loop
      vertex -1.66909 -18.4717 0.5
      vertex -1.8006 -18.9923 0
      vertex -1.97347 -18.8684 0
    endloop
  endfacet
  facet normal 0.644253 -0.291926 -0.706907
    outer loop
      vertex -2.90984 -14.8526 0
      vertex -2.4614 -15.0737 0.5
      vertex -2.99761 -15.0463 0
    endloop
  endfacet
  facet normal -0.644255 -0.291927 -0.706905
    outer loop
      vertex 2.91984 -14.8526 0
      vertex 3.00761 -15.0463 0
      vertex 2.54567 -15.2376 0.5
    endloop
  endfacet
  facet normal 0.574947 -0.411934 -0.706927
    outer loop
      vertex -2.17672 -14.6159 0.5
      vertex -2.28154 -14.7622 0.5
      vertex -2.69728 -14.4844 0
    endloop
  endfacet
  facet normal 0.0232801 -0.706915 -0.706915
    outer loop
      vertex 0.00499916 -13.04 0
      vertex 0.00499916 -13.54 0.5
      vertex -0.20756 -13.047 0
    endloop
  endfacet
  facet normal -0.68884 -0.160541 -0.706913
    outer loop
      vertex 3.14426 -15.4488 0
      vertex 3.19255 -15.656 0
      vertex 2.6613 -15.5782 0.5
    endloop
  endfacet
  facet normal 0.70389 -0.0693245 -0.706918
    outer loop
      vertex -3.2172 -15.8658 0
      vertex -2.73911 -16.1101 0.5
      vertex -3.23804 -16.0774 0
    endloop
  endfacet
  facet normal 0.115073 0.69787 -0.70692
    outer loop
      vertex -0.531498 -18.9872 0.5
      vertex -0.419209 -19.5122 0
      vertex -0.629043 -19.4776 0
    endloop
  endfacet
  facet normal -0.644255 0.291927 -0.706905
    outer loop
      vertex 3.00761 -17.5337 0
      vertex 2.91984 -17.7274 0
      vertex 2.54567 -17.3424 0.5
    endloop
  endfacet
  facet normal -0.623786 -0.333432 -0.706905
    outer loop
      vertex 2.91984 -14.8526 0
      vertex 2.4714 -15.0737 0.5
      vertex 2.38657 -14.915 0.5
    endloop
  endfacet
  facet normal -0.68884 -0.160559 -0.706909
    outer loop
      vertex 3.19255 -15.656 0
      vertex 2.70216 -15.7535 0.5
      vertex 2.6613 -15.5782 0.5
    endloop
  endfacet
  facet normal -0.600637 0.373486 -0.706926
    outer loop
      vertex 2.81958 -17.915 0
      vertex 2.70728 -18.0956 0
      vertex 2.29154 -17.8178 0.5
    endloop
  endfacet
  facet normal -0.697846 -0.115168 -0.706928
    outer loop
      vertex 3.2272 -15.8658 0
      vertex 2.73147 -15.9311 0.5
      vertex 2.70216 -15.7535 0.5
    endloop
  endfacet
  facet normal 0.697849 -0.115255 -0.706911
    outer loop
      vertex -3.18255 -15.656 0
      vertex -2.69216 -15.7535 0.5
      vertex -3.2172 -15.8658 0
    endloop
  endfacet
  facet normal 0.516189 -0.483528 -0.70693
    outer loop
      vertex -2.2931 -13.9919 0
      vertex -2.06256 -14.4768 0.5
      vertex -2.43848 -14.1471 0
    endloop
  endfacet
  facet normal 0.115073 -0.69787 -0.70692
    outer loop
      vertex -0.419209 -13.0678 0
      vertex -0.531498 -13.5928 0.5
      vertex -0.629043 -13.1024 0
    endloop
  endfacet
  facet normal -0.623786 0.333432 -0.706905
    outer loop
      vertex 2.4714 -17.5063 0.5
      vertex 2.91984 -17.7274 0
      vertex 2.38657 -17.665 0.5
    endloop
  endfacet
  facet normal -0.703883 -0.0693238 -0.706925
    outer loop
      vertex 3.2272 -15.8658 0
      vertex 3.24804 -16.0774 0
      vertex 2.73147 -15.9311 0.5
    endloop
  endfacet
  facet normal -0.291991 0.644242 -0.70689
    outer loop
      vertex 1.44244 -19.2048 0
      vertex 1.24872 -19.2926 0
      vertex 1.05738 -18.8307 0.5
    endloop
  endfacet
  facet normal 0.412015 -0.574859 -0.706952
    outer loop
      vertex -1.8006 -13.5877 0
      vertex -1.52282 -14.0035 0.5
      vertex -1.97347 -13.7116 0
    endloop
  endfacet
  facet normal -0.160625 -0.688789 -0.706943
    outer loop
      vertex 0.846162 -13.1507 0
      vertex 0.716752 -13.6337 0.5
      vertex 0.639043 -13.1024 0
    endloop
  endfacet
  facet normal 0.483662 -0.516037 -0.706949
    outer loop
      vertex -1.8082 -14.2224 0.5
      vertex -1.93954 -14.3455 0.5
      vertex -2.2931 -13.9919 0
    endloop
  endfacet
  facet normal 0.676843 0.205333 -0.70691
    outer loop
      vertex -2.6513 -17.0018 0.5
      vertex -2.59906 -17.174 0.5
      vertex -3.07252 -17.3347 0
    endloop
  endfacet
  facet normal 0.0691782 -0.703923 -0.706899
    outer loop
      vertex -0.20756 -13.047 0
      vertex -0.174858 -13.5459 0.5
      vertex -0.353947 -13.5635 0.5
    endloop
  endfacet
  facet normal 0.546739 -0.448698 -0.706928
    outer loop
      vertex -2.43848 -14.1471 0
      vertex -2.17672 -14.6159 0.5
      vertex -2.5734 -14.3115 0
    endloop
  endfacet
  facet normal -0.24919 0.661974 -0.706891
    outer loop
      vertex 1.05738 -18.8307 0.5
      vertex 1.24872 -19.2926 0
      vertex 0.888958 -18.8941 0.5
    endloop
  endfacet
  facet normal 0.68884 -0.160559 -0.706909
    outer loop
      vertex -2.6513 -15.5782 0.5
      vertex -2.69216 -15.7535 0.5
      vertex -3.18255 -15.656 0
    endloop
  endfacet
  facet normal 0.205193 0.676926 -0.706871
    outer loop
      vertex -0.878958 -18.8941 0.5
      vertex -0.706752 -18.9463 0.5
      vertex -1.03968 -19.3675 0
    endloop
  endfacet
  facet normal 0.37347 -0.600612 -0.706954
    outer loop
      vertex -1.62 -13.4754 0
      vertex -1.52282 -14.0035 0.5
      vertex -1.8006 -13.5877 0
    endloop
  endfacet
  facet normal 0.516123 0.483575 -0.706945
    outer loop
      vertex -2.06256 -18.1032 0.5
      vertex -1.93954 -18.2345 0.5
      vertex -2.2931 -18.5881 0
    endloop
  endfacet
  facet normal -0.48353 -0.51622 -0.706905
    outer loop
      vertex 2.14787 -13.8465 0
      vertex 2.3031 -13.9919 0
      vertex 1.8182 -14.2224 0.5
    endloop
  endfacet
  facet normal -0.249121 -0.662016 -0.706876
    outer loop
      vertex 1.04968 -13.2125 0
      vertex 1.24872 -13.2874 0
      vertex 0.888958 -13.6859 0.5
    endloop
  endfacet
  facet normal 0.574945 -0.411939 -0.706926
    outer loop
      vertex -2.5734 -14.3115 0
      vertex -2.17672 -14.6159 0.5
      vertex -2.69728 -14.4844 0
    endloop
  endfacet
  facet normal 0.546731 -0.448704 -0.70693
    outer loop
      vertex -2.06256 -14.4768 0.5
      vertex -2.17672 -14.6159 0.5
      vertex -2.43848 -14.1471 0
    endloop
  endfacet
  facet normal 0.160746 0.688785 -0.70692
    outer loop
      vertex -0.531498 -18.9872 0.5
      vertex -0.629043 -19.4776 0
      vertex -0.706752 -18.9463 0.5
    endloop
  endfacet
  facet normal 0.697846 0.115168 -0.706928
    outer loop
      vertex -2.72147 -16.6489 0.5
      vertex -2.69216 -16.8265 0.5
      vertex -3.2172 -16.7142 0
    endloop
  endfacet
  facet normal 0.706917 -0.0231448 -0.706917
    outer loop
      vertex -2.73911 -16.1101 0.5
      vertex -2.745 -16.29 0.5
      vertex -3.245 -16.29 0
    endloop
  endfacet
  facet normal 0.24919 -0.661974 -0.706891
    outer loop
      vertex -0.878958 -13.6859 0.5
      vertex -1.04738 -13.7493 0.5
      vertex -1.23872 -13.2874 0
    endloop
  endfacet
  facet normal 0.0231902 -0.706936 -0.706897
    outer loop
      vertex 0.00499916 -13.54 0.5
      vertex -0.174858 -13.5459 0.5
      vertex -0.20756 -13.047 0
    endloop
  endfacet
  facet normal 0.291991 0.644242 -0.70689
    outer loop
      vertex -1.04738 -18.8307 0.5
      vertex -1.23872 -19.2926 0
      vertex -1.43244 -19.2048 0
    endloop
  endfacet
  facet normal -0.24919 -0.661974 -0.706891
    outer loop
      vertex 1.24872 -13.2874 0
      vertex 1.05738 -13.7493 0.5
      vertex 0.888958 -13.6859 0.5
    endloop
  endfacet
  facet normal -0.205193 -0.676926 -0.706871
    outer loop
      vertex 1.04968 -13.2125 0
      vertex 0.888958 -13.6859 0.5
      vertex 0.716752 -13.6337 0.5
    endloop
  endfacet
  facet normal -0.0691782 0.703923 -0.706899
    outer loop
      vertex 0.363947 -19.0165 0.5
      vertex 0.42921 -19.5122 0
      vertex 0.184858 -19.0341 0.5
    endloop
  endfacet
  facet normal 0.48353 -0.51622 -0.706905
    outer loop
      vertex -2.13787 -13.8465 0
      vertex -1.8082 -14.2224 0.5
      vertex -2.2931 -13.9919 0
    endloop
  endfacet
  facet normal 0.623786 -0.333432 -0.706905
    outer loop
      vertex -2.37657 -14.915 0.5
      vertex -2.4614 -15.0737 0.5
      vertex -2.90984 -14.8526 0
    endloop
  endfacet
  facet normal -0.448542 -0.54686 -0.706933
    outer loop
      vertex 1.98347 -13.7116 0
      vertex 1.8182 -14.2224 0.5
      vertex 1.67909 -14.1083 0.5
    endloop
  endfacet
  facet normal -0.661958 0.249182 -0.706909
    outer loop
      vertex 3.08252 -17.3347 0
      vertex 3.00761 -17.5337 0
      vertex 2.60906 -17.174 0.5
    endloop
  endfacet
  facet normal 0.292023 0.644219 -0.706898
    outer loop
      vertex -1.21129 -18.7564 0.5
      vertex -1.04738 -18.8307 0.5
      vertex -1.43244 -19.2048 0
    endloop
  endfacet
  facet normal 0.0691787 -0.703923 -0.706899
    outer loop
      vertex -0.20756 -13.047 0
      vertex -0.353947 -13.5635 0.5
      vertex -0.419209 -13.0678 0
    endloop
  endfacet
  facet normal -0.706917 0.0231427 -0.706917
    outer loop
      vertex 3.255 -16.29 0
      vertex 3.24804 -16.5026 0
      vertex 2.755 -16.29 0.5
    endloop
  endfacet
  facet normal 0.623786 0.333432 -0.706905
    outer loop
      vertex -2.4614 -17.5063 0.5
      vertex -2.37657 -17.665 0.5
      vertex -2.90984 -17.7274 0
    endloop
  endfacet
  facet normal 0.411923 0.574923 -0.706954
    outer loop
      vertex -1.66909 -18.4717 0.5
      vertex -1.52282 -18.5765 0.5
      vertex -1.8006 -18.9923 0
    endloop
  endfacet
  facet normal -0.448657 0.546769 -0.706931
    outer loop
      vertex 2.14787 -18.7335 0
      vertex 1.98347 -18.8684 0
      vertex 1.67909 -18.4717 0.5
    endloop
  endfacet
  facet normal -0.37347 -0.600612 -0.706954
    outer loop
      vertex 1.63 -13.4754 0
      vertex 1.8106 -13.5877 0
      vertex 1.53282 -14.0035 0.5
    endloop
  endfacet
  facet normal 0.68884 -0.160541 -0.706913
    outer loop
      vertex -3.13426 -15.4488 0
      vertex -2.6513 -15.5782 0.5
      vertex -3.18255 -15.656 0
    endloop
  endfacet
  facet normal -0.333327 0.623849 -0.706898
    outer loop
      vertex 1.38 -18.6716 0.5
      vertex 1.44244 -19.2048 0
      vertex 1.22129 -18.7564 0.5
    endloop
  endfacet
  facet normal 0.205504 -0.676761 -0.706939
    outer loop
      vertex -0.836162 -13.1507 0
      vertex -0.706752 -13.6337 0.5
      vertex -1.03968 -13.2125 0
    endloop
  endfacet
  facet normal -0.68884 0.160541 -0.706913
    outer loop
      vertex 3.19255 -16.924 0
      vertex 3.14426 -17.1312 0
      vertex 2.6613 -17.0018 0.5
    endloop
  endfacet
  facet normal -0.292023 0.644219 -0.706898
    outer loop
      vertex 1.22129 -18.7564 0.5
      vertex 1.44244 -19.2048 0
      vertex 1.05738 -18.8307 0.5
    endloop
  endfacet
  facet normal -0.574944 0.411938 -0.706927
    outer loop
      vertex 2.70728 -18.0956 0
      vertex 2.5834 -18.2685 0
      vertex 2.29154 -17.8178 0.5
    endloop
  endfacet
  facet normal -0.68884 0.160559 -0.706909
    outer loop
      vertex 2.70216 -16.8265 0.5
      vertex 3.19255 -16.924 0
      vertex 2.6613 -17.0018 0.5
    endloop
  endfacet
  facet normal -0.623801 0.333381 -0.706915
    outer loop
      vertex 2.91984 -17.7274 0
      vertex 2.81958 -17.915 0
      vertex 2.38657 -17.665 0.5
    endloop
  endfacet
  facet normal -0.448673 -0.546789 -0.706904
    outer loop
      vertex 1.98347 -13.7116 0
      vertex 2.14787 -13.8465 0
      vertex 1.8182 -14.2224 0.5
    endloop
  endfacet
  facet normal 0.448542 -0.54686 -0.706933
    outer loop
      vertex -1.66909 -14.1083 0.5
      vertex -1.8082 -14.2224 0.5
      vertex -1.97347 -13.7116 0
    endloop
  endfacet
  facet normal -0.412027 0.574875 -0.706932
    outer loop
      vertex 1.98347 -18.8684 0
      vertex 1.8106 -18.9923 0
      vertex 1.67909 -18.4717 0.5
    endloop
  endfacet
  facet normal -0.115074 0.69787 -0.70692
    outer loop
      vertex 0.541498 -18.9872 0.5
      vertex 0.639043 -19.4776 0
      vertex 0.42921 -19.5122 0
    endloop
  endfacet
  facet normal -0.697849 0.115255 -0.706911
    outer loop
      vertex 3.2272 -16.7142 0
      vertex 3.19255 -16.924 0
      vertex 2.70216 -16.8265 0.5
    endloop
  endfacet
  facet normal 0.160625 -0.688789 -0.706943
    outer loop
      vertex -0.629043 -13.1024 0
      vertex -0.706752 -13.6337 0.5
      vertex -0.836162 -13.1507 0
    endloop
  endfacet
  facet normal -0.676836 0.205346 -0.706913
    outer loop
      vertex 3.14426 -17.1312 0
      vertex 3.08252 -17.3347 0
      vertex 2.6613 -17.0018 0.5
    endloop
  endfacet
  facet normal 0.516123 -0.483575 -0.706945
    outer loop
      vertex -1.93954 -14.3455 0.5
      vertex -2.06256 -14.4768 0.5
      vertex -2.2931 -13.9919 0
    endloop
  endfacet
  facet normal 0.115165 -0.697872 -0.706902
    outer loop
      vertex -0.419209 -13.0678 0
      vertex -0.353947 -13.5635 0.5
      vertex -0.531498 -13.5928 0.5
    endloop
  endfacet
  facet normal -0.600617 0.373538 -0.706915
    outer loop
      vertex 2.38657 -17.665 0.5
      vertex 2.81958 -17.915 0
      vertex 2.29154 -17.8178 0.5
    endloop
  endfacet
  facet normal 0.160746 -0.688785 -0.70692
    outer loop
      vertex -0.629043 -13.1024 0
      vertex -0.531498 -13.5928 0.5
      vertex -0.706752 -13.6337 0.5
    endloop
  endfacet
  facet normal 0.0691782 0.703923 -0.706899
    outer loop
      vertex -0.353947 -19.0165 0.5
      vertex -0.174858 -19.0341 0.5
      vertex -0.419209 -19.5122 0
    endloop
  endfacet
  facet normal -0.02319 -0.706936 -0.706897
    outer loop
      vertex 0.21756 -13.047 0
      vertex 0.184858 -13.5459 0.5
      vertex 0.00499916 -13.54 0.5
    endloop
  endfacet
  facet normal 0.623801 -0.333381 -0.706915
    outer loop
      vertex -2.80958 -14.665 0
      vertex -2.37657 -14.915 0.5
      vertex -2.90984 -14.8526 0
    endloop
  endfacet
  facet normal 0.703878 -0.0693654 -0.706926
    outer loop
      vertex -2.72147 -15.9311 0.5
      vertex -2.73911 -16.1101 0.5
      vertex -3.2172 -15.8658 0
    endloop
  endfacet
  facet normal -0.516189 -0.483528 -0.70693
    outer loop
      vertex 2.3031 -13.9919 0
      vertex 2.44848 -14.1471 0
      vertex 2.07256 -14.4768 0.5
    endloop
  endfacet
  facet normal 0.333285 0.623862 -0.706907
    outer loop
      vertex -1.37 -18.6716 0.5
      vertex -1.43244 -19.2048 0
      vertex -1.62 -19.1046 0
    endloop
  endfacet
  facet normal -0.546737 -0.448697 -0.70693
    outer loop
      vertex 2.44848 -14.1471 0
      vertex 2.5834 -14.3115 0
      vertex 2.07256 -14.4768 0.5
    endloop
  endfacet
  facet normal -0.546732 -0.448706 -0.706928
    outer loop
      vertex 2.5834 -14.3115 0
      vertex 2.18672 -14.6159 0.5
      vertex 2.07256 -14.4768 0.5
    endloop
  endfacet
  facet normal -0.623801 -0.333381 -0.706915
    outer loop
      vertex 2.81958 -14.665 0
      vertex 2.91984 -14.8526 0
      vertex 2.38657 -14.915 0.5
    endloop
  endfacet
  facet normal 0.64425 0.291937 -0.706905
    outer loop
      vertex -2.53567 -17.3424 0.5
      vertex -2.4614 -17.5063 0.5
      vertex -2.99761 -17.5337 0
    endloop
  endfacet
  facet normal 0.373706 -0.600523 -0.706906
    outer loop
      vertex -1.37 -13.9084 0.5
      vertex -1.52282 -14.0035 0.5
      vertex -1.62 -13.4754 0
    endloop
  endfacet
  facet normal 0.0231896 0.706917 -0.706917
    outer loop
      vertex 0.00499916 -19.04 0.5
      vertex 0.00499916 -19.54 0
      vertex -0.174858 -19.0341 0.5
    endloop
  endfacet
  facet normal -0.66196 -0.249179 -0.706908
    outer loop
      vertex 3.00761 -15.0463 0
      vertex 2.60906 -15.406 0.5
      vertex 2.54567 -15.2376 0.5
    endloop
  endfacet
  facet normal 0.600645 -0.373491 -0.706916
    outer loop
      vertex -2.69728 -14.4844 0
      vertex -2.37657 -14.915 0.5
      vertex -2.80958 -14.665 0
    endloop
  endfacet
  facet normal 0.205193 -0.676926 -0.706871
    outer loop
      vertex -0.706752 -13.6337 0.5
      vertex -0.878958 -13.6859 0.5
      vertex -1.03968 -13.2125 0
    endloop
  endfacet
  facet normal -0.115074 -0.69787 -0.70692
    outer loop
      vertex 0.639043 -13.1024 0
      vertex 0.541498 -13.5928 0.5
      vertex 0.42921 -13.0678 0
    endloop
  endfacet
  facet normal -0.412015 -0.574859 -0.706952
    outer loop
      vertex 1.8106 -13.5877 0
      vertex 1.98347 -13.7116 0
      vertex 1.53282 -14.0035 0.5
    endloop
  endfacet
  facet normal 0.411937 -0.574942 -0.70693
    outer loop
      vertex -1.52282 -14.0035 0.5
      vertex -1.66909 -14.1083 0.5
      vertex -1.97347 -13.7116 0
    endloop
  endfacet
  facet normal -0.676836 -0.205346 -0.706913
    outer loop
      vertex 3.08252 -15.2453 0
      vertex 3.14426 -15.4488 0
      vertex 2.6613 -15.5782 0.5
    endloop
  endfacet
  facet normal -0.644248 -0.291936 -0.706907
    outer loop
      vertex 2.91984 -14.8526 0
      vertex 2.54567 -15.2376 0.5
      vertex 2.4714 -15.0737 0.5
    endloop
  endfacet
  facet normal 0.546737 0.448697 -0.70693
    outer loop
      vertex -2.06256 -18.1032 0.5
      vertex -2.43848 -18.4329 0
      vertex -2.5734 -18.2685 0
    endloop
  endfacet
  facet normal -0.292023 -0.644219 -0.706898
    outer loop
      vertex 1.44244 -13.3752 0
      vertex 1.22129 -13.8236 0.5
      vertex 1.05738 -13.7493 0.5
    endloop
  endfacet
  facet normal -0.574948 -0.411935 -0.706926
    outer loop
      vertex 2.5834 -14.3115 0
      vertex 2.29154 -14.7622 0.5
      vertex 2.18672 -14.6159 0.5
    endloop
  endfacet
  facet normal -0.574944 -0.411938 -0.706927
    outer loop
      vertex 2.5834 -14.3115 0
      vertex 2.70728 -14.4844 0
      vertex 2.29154 -14.7622 0.5
    endloop
  endfacet
  facet normal -0.0691784 -0.703923 -0.706899
    outer loop
      vertex 0.42921 -13.0678 0
      vertex 0.363947 -13.5635 0.5
      vertex 0.21756 -13.047 0
    endloop
  endfacet
  facet normal 0.205504 0.676761 -0.706939
    outer loop
      vertex -0.706752 -18.9463 0.5
      vertex -0.836162 -19.4293 0
      vertex -1.03968 -19.3675 0
    endloop
  endfacet
  facet normal 0.68884 0.160541 -0.706913
    outer loop
      vertex -2.6513 -17.0018 0.5
      vertex -3.13426 -17.1312 0
      vertex -3.18255 -16.924 0
    endloop
  endfacet
  facet normal 0.70389 0.0693245 -0.706918
    outer loop
      vertex -2.73911 -16.4699 0.5
      vertex -3.2172 -16.7142 0
      vertex -3.23804 -16.5026 0
    endloop
  endfacet
  facet normal 0.516189 0.483528 -0.70693
    outer loop
      vertex -2.06256 -18.1032 0.5
      vertex -2.2931 -18.5881 0
      vertex -2.43848 -18.4329 0
    endloop
  endfacet
  facet normal -0.703887 -0.0693663 -0.706917
    outer loop
      vertex 3.24804 -16.0774 0
      vertex 2.74911 -16.1101 0.5
      vertex 2.73147 -15.9311 0.5
    endloop
  endfacet
  facet normal -0.697849 -0.115255 -0.706911
    outer loop
      vertex 3.19255 -15.656 0
      vertex 3.2272 -15.8658 0
      vertex 2.70216 -15.7535 0.5
    endloop
  endfacet
  facet normal -0.706917 0.0231448 -0.706918
    outer loop
      vertex 2.755 -16.29 0.5
      vertex 3.24804 -16.5026 0
      vertex 2.74911 -16.4699 0.5
    endloop
  endfacet
  facet normal -0.333285 -0.623862 -0.706907
    outer loop
      vertex 1.44244 -13.3752 0
      vertex 1.63 -13.4754 0
      vertex 1.38 -13.9084 0.5
    endloop
  endfacet
  facet normal 0.291991 -0.644242 -0.70689
    outer loop
      vertex -1.23872 -13.2874 0
      vertex -1.04738 -13.7493 0.5
      vertex -1.43244 -13.3752 0
    endloop
  endfacet
  facet normal -0.483662 -0.516037 -0.706949
    outer loop
      vertex 2.3031 -13.9919 0
      vertex 1.94954 -14.3455 0.5
      vertex 1.8182 -14.2224 0.5
    endloop
  endfacet
  facet normal 0.574945 0.411939 -0.706926
    outer loop
      vertex -2.17672 -17.9641 0.5
      vertex -2.5734 -18.2685 0
      vertex -2.69728 -18.0956 0
    endloop
  endfacet
  facet normal 0.706917 -0.0231427 -0.706918
    outer loop
      vertex -3.23804 -16.0774 0
      vertex -2.73911 -16.1101 0.5
      vertex -3.245 -16.29 0
    endloop
  endfacet
  facet normal -0.703883 0.0693238 -0.706925
    outer loop
      vertex 3.24804 -16.5026 0
      vertex 3.2272 -16.7142 0
      vertex 2.73147 -16.6489 0.5
    endloop
  endfacet
  facet normal -0.676843 0.205333 -0.70691
    outer loop
      vertex 2.6613 -17.0018 0.5
      vertex 3.08252 -17.3347 0
      vertex 2.60906 -17.174 0.5
    endloop
  endfacet
  facet normal -0.0232805 0.706931 -0.706899
    outer loop
      vertex 0.184858 -19.0341 0.5
      vertex 0.21756 -19.533 0
      vertex 0.00499916 -19.54 0
    endloop
  endfacet
  facet normal 0.48353 0.51622 -0.706905
    outer loop
      vertex -1.8082 -18.3576 0.5
      vertex -2.13787 -18.7335 0
      vertex -2.2931 -18.5881 0
    endloop
  endfacet
  facet normal -0.205504 -0.676761 -0.706939
    outer loop
      vertex 0.846162 -13.1507 0
      vertex 1.04968 -13.2125 0
      vertex 0.716752 -13.6337 0.5
    endloop
  endfacet
  facet normal -0.205193 0.676926 -0.706871
    outer loop
      vertex 0.888958 -18.8941 0.5
      vertex 1.04968 -19.3675 0
      vertex 0.716752 -18.9463 0.5
    endloop
  endfacet
  facet normal -0.333327 -0.623849 -0.706898
    outer loop
      vertex 1.44244 -13.3752 0
      vertex 1.38 -13.9084 0.5
      vertex 1.22129 -13.8236 0.5
    endloop
  endfacet
  facet normal 0.661958 0.249182 -0.706909
    outer loop
      vertex -2.59906 -17.174 0.5
      vertex -2.99761 -17.5337 0
      vertex -3.07252 -17.3347 0
    endloop
  endfacet
  facet normal 0.623801 0.333381 -0.706915
    outer loop
      vertex -2.37657 -17.665 0.5
      vertex -2.80958 -17.915 0
      vertex -2.90984 -17.7274 0
    endloop
  endfacet
  facet normal -0.546732 0.448706 -0.706928
    outer loop
      vertex 2.18672 -17.9641 0.5
      vertex 2.5834 -18.2685 0
      vertex 2.07256 -18.1032 0.5
    endloop
  endfacet
  facet normal 0.661958 -0.249182 -0.706909
    outer loop
      vertex -2.99761 -15.0463 0
      vertex -2.59906 -15.406 0.5
      vertex -3.07252 -15.2453 0
    endloop
  endfacet
  facet normal 0.64425 -0.291937 -0.706905
    outer loop
      vertex -2.4614 -15.0737 0.5
      vertex -2.53567 -15.2376 0.5
      vertex -2.99761 -15.0463 0
    endloop
  endfacet
  facet normal -0.373678 0.600478 -0.706958
    outer loop
      vertex 1.53282 -18.5765 0.5
      vertex 1.8106 -18.9923 0
      vertex 1.38 -18.6716 0.5
    endloop
  endfacet
  facet normal 0.600645 0.373491 -0.706916
    outer loop
      vertex -2.37657 -17.665 0.5
      vertex -2.69728 -18.0956 0
      vertex -2.80958 -17.915 0
    endloop
  endfacet
  facet normal 0.600607 -0.373532 -0.706927
    outer loop
      vertex -2.28154 -14.7622 0.5
      vertex -2.37657 -14.915 0.5
      vertex -2.69728 -14.4844 0
    endloop
  endfacet
  facet normal -0.411923 0.574923 -0.706954
    outer loop
      vertex 1.67909 -18.4717 0.5
      vertex 1.8106 -18.9923 0
      vertex 1.53282 -18.5765 0.5
    endloop
  endfacet
  facet normal -0.160746 -0.688785 -0.70692
    outer loop
      vertex 0.639043 -13.1024 0
      vertex 0.716752 -13.6337 0.5
      vertex 0.541498 -13.5928 0.5
    endloop
  endfacet
  facet normal 0.644253 0.291926 -0.706907
    outer loop
      vertex -2.4614 -17.5063 0.5
      vertex -2.90984 -17.7274 0
      vertex -2.99761 -17.5337 0
    endloop
  endfacet
  facet normal -0.448562 0.546884 -0.706902
    outer loop
      vertex 1.8182 -18.3576 0.5
      vertex 2.14787 -18.7335 0
      vertex 1.67909 -18.4717 0.5
    endloop
  endfacet
  facet normal -0.483662 0.516037 -0.706949
    outer loop
      vertex 1.94954 -18.2345 0.5
      vertex 2.3031 -18.5881 0
      vertex 1.8182 -18.3576 0.5
    endloop
  endfacet
  facet normal -0.697846 0.115168 -0.706928
    outer loop
      vertex 2.73147 -16.6489 0.5
      vertex 3.2272 -16.7142 0
      vertex 2.70216 -16.8265 0.5
    endloop
  endfacet
  facet normal -0.411937 -0.574942 -0.70693
    outer loop
      vertex 1.98347 -13.7116 0
      vertex 1.67909 -14.1083 0.5
      vertex 1.53282 -14.0035 0.5
    endloop
  endfacet
  facet normal 0.333285 -0.623862 -0.706907
    outer loop
      vertex -1.43244 -13.3752 0
      vertex -1.37 -13.9084 0.5
      vertex -1.62 -13.4754 0
    endloop
  endfacet
  facet normal 0.160625 0.688789 -0.706943
    outer loop
      vertex -0.706752 -18.9463 0.5
      vertex -0.629043 -19.4776 0
      vertex -0.836162 -19.4293 0
    endloop
  endfacet
  facet normal 0.333327 0.623849 -0.706898
    outer loop
      vertex -1.37 -18.6716 0.5
      vertex -1.21129 -18.7564 0.5
      vertex -1.43244 -19.2048 0
    endloop
  endfacet
  facet normal 0.600607 0.373532 -0.706927
    outer loop
      vertex -2.37657 -17.665 0.5
      vertex -2.28154 -17.8178 0.5
      vertex -2.69728 -18.0956 0
    endloop
  endfacet
  facet normal -0.516123 0.483575 -0.706945
    outer loop
      vertex 2.07256 -18.1032 0.5
      vertex 2.3031 -18.5881 0
      vertex 1.94954 -18.2345 0.5
    endloop
  endfacet
  facet normal -0.0691784 0.703923 -0.706899
    outer loop
      vertex 0.42921 -19.5122 0
      vertex 0.21756 -19.533 0
      vertex 0.184858 -19.0341 0.5
    endloop
  endfacet
  facet normal -0.373706 -0.600523 -0.706906
    outer loop
      vertex 1.63 -13.4754 0
      vertex 1.53282 -14.0035 0.5
      vertex 1.38 -13.9084 0.5
    endloop
  endfacet
  facet normal -0.676843 -0.205333 -0.70691
    outer loop
      vertex 3.08252 -15.2453 0
      vertex 2.6613 -15.5782 0.5
      vertex 2.60906 -15.406 0.5
    endloop
  endfacet
  facet normal -0.115165 0.697872 -0.706903
    outer loop
      vertex 0.541498 -18.9872 0.5
      vertex 0.42921 -19.5122 0
      vertex 0.363947 -19.0165 0.5
    endloop
  endfacet
  facet normal 0.24919 0.661974 -0.706891
    outer loop
      vertex -1.04738 -18.8307 0.5
      vertex -0.878958 -18.8941 0.5
      vertex -1.23872 -19.2926 0
    endloop
  endfacet
  facet normal -0.291991 -0.644242 -0.70689
    outer loop
      vertex 1.24872 -13.2874 0
      vertex 1.44244 -13.3752 0
      vertex 1.05738 -13.7493 0.5
    endloop
  endfacet
  facet normal -0.574948 0.411935 -0.706926
    outer loop
      vertex 2.29154 -17.8178 0.5
      vertex 2.5834 -18.2685 0
      vertex 2.18672 -17.9641 0.5
    endloop
  endfacet
  facet normal 0.706917 0.0231427 -0.706918
    outer loop
      vertex -2.73911 -16.4699 0.5
      vertex -3.23804 -16.5026 0
      vertex -3.245 -16.29 0
    endloop
  endfacet
  facet normal -0.661958 -0.249182 -0.706909
    outer loop
      vertex 3.00761 -15.0463 0
      vertex 3.08252 -15.2453 0
      vertex 2.60906 -15.406 0.5
    endloop
  endfacet
  facet normal 0.676843 -0.205333 -0.70691
    outer loop
      vertex -2.59906 -15.406 0.5
      vertex -2.6513 -15.5782 0.5
      vertex -3.07252 -15.2453 0
    endloop
  endfacet
  facet normal -0.546737 0.448697 -0.70693
    outer loop
      vertex 2.5834 -18.2685 0
      vertex 2.44848 -18.4329 0
      vertex 2.07256 -18.1032 0.5
    endloop
  endfacet
  facet normal 0.483662 0.516037 -0.706949
    outer loop
      vertex -1.93954 -18.2345 0.5
      vertex -1.8082 -18.3576 0.5
      vertex -2.2931 -18.5881 0
    endloop
  endfacet
  facet normal 0.0232807 0.706931 -0.706899
    outer loop
      vertex -0.174858 -19.0341 0.5
      vertex 0.00499916 -19.54 0
      vertex -0.20756 -19.533 0
    endloop
  endfacet
  facet normal 0.703878 0.0693654 -0.706926
    outer loop
      vertex -2.73911 -16.4699 0.5
      vertex -2.72147 -16.6489 0.5
      vertex -3.2172 -16.7142 0
    endloop
  endfacet
  facet normal -0.706917 -0.0231448 -0.706918
    outer loop
      vertex 3.24804 -16.0774 0
      vertex 2.755 -16.29 0.5
      vertex 2.74911 -16.1101 0.5
    endloop
  endfacet
  facet normal -0.160746 0.688785 -0.70692
    outer loop
      vertex 0.716752 -18.9463 0.5
      vertex 0.639043 -19.4776 0
      vertex 0.541498 -18.9872 0.5
    endloop
  endfacet
  facet normal -0.703887 0.0693663 -0.706917
    outer loop
      vertex 2.74911 -16.4699 0.5
      vertex 3.24804 -16.5026 0
      vertex 2.73147 -16.6489 0.5
    endloop
  endfacet
  facet normal 0.333327 -0.623849 -0.706898
    outer loop
      vertex -1.21129 -13.8236 0.5
      vertex -1.37 -13.9084 0.5
      vertex -1.43244 -13.3752 0
    endloop
  endfacet
  facet normal 0.115165 0.697872 -0.706902
    outer loop
      vertex -0.353947 -19.0165 0.5
      vertex -0.419209 -19.5122 0
      vertex -0.531498 -18.9872 0.5
    endloop
  endfacet
  facet normal -0.160625 0.688789 -0.706943
    outer loop
      vertex 0.716752 -18.9463 0.5
      vertex 0.846162 -19.4293 0
      vertex 0.639043 -19.4776 0
    endloop
  endfacet
  facet normal -0.333285 0.623862 -0.706907
    outer loop
      vertex 1.63 -19.1046 0
      vertex 1.44244 -19.2048 0
      vertex 1.38 -18.6716 0.5
    endloop
  endfacet
  facet normal -0.516189 0.483528 -0.70693
    outer loop
      vertex 2.44848 -18.4329 0
      vertex 2.3031 -18.5881 0
      vertex 2.07256 -18.1032 0.5
    endloop
  endfacet
  facet normal -0.373494 0.60065 -0.70691
    outer loop
      vertex 1.8106 -18.9923 0
      vertex 1.63 -19.1046 0
      vertex 1.38 -18.6716 0.5
    endloop
  endfacet
  facet normal 0.676836 -0.205346 -0.706913
    outer loop
      vertex -3.07252 -15.2453 0
      vertex -2.6513 -15.5782 0.5
      vertex -3.13426 -15.4488 0
    endloop
  endfacet
  facet normal 0.448673 0.546789 -0.706904
    outer loop
      vertex -1.8082 -18.3576 0.5
      vertex -1.97347 -18.8684 0
      vertex -2.13787 -18.7335 0
    endloop
  endfacet
  facet normal 0.448542 0.54686 -0.706933
    outer loop
      vertex -1.8082 -18.3576 0.5
      vertex -1.66909 -18.4717 0.5
      vertex -1.97347 -18.8684 0
    endloop
  endfacet
  facet normal 0.249121 -0.662016 -0.706876
    outer loop
      vertex -1.03968 -13.2125 0
      vertex -0.878958 -13.6859 0.5
      vertex -1.23872 -13.2874 0
    endloop
  endfacet
  facet normal 0.66196 0.249179 -0.706908
    outer loop
      vertex -2.59906 -17.174 0.5
      vertex -2.53567 -17.3424 0.5
      vertex -2.99761 -17.5337 0
    endloop
  endfacet
  facet normal -0.644248 0.291936 -0.706907
    outer loop
      vertex 2.54567 -17.3424 0.5
      vertex 2.91984 -17.7274 0
      vertex 2.4714 -17.5063 0.5
    endloop
  endfacet
  facet normal 0.706917 0.0231448 -0.706917
    outer loop
      vertex -2.745 -16.29 0.5
      vertex -2.73911 -16.4699 0.5
      vertex -3.245 -16.29 0
    endloop
  endfacet
  facet normal -0.249121 0.662016 -0.706876
    outer loop
      vertex 1.24872 -19.2926 0
      vertex 1.04968 -19.3675 0
      vertex 0.888958 -18.8941 0.5
    endloop
  endfacet
  facet normal 0.373494 0.60065 -0.70691
    outer loop
      vertex -1.37 -18.6716 0.5
      vertex -1.62 -19.1046 0
      vertex -1.8006 -18.9923 0
    endloop
  endfacet
  facet normal -0.516123 -0.483575 -0.706945
    outer loop
      vertex 2.3031 -13.9919 0
      vertex 2.07256 -14.4768 0.5
      vertex 1.94954 -14.3455 0.5
    endloop
  endfacet
  facet normal 0.373678 0.600478 -0.706958
    outer loop
      vertex -1.52282 -18.5765 0.5
      vertex -1.37 -18.6716 0.5
      vertex -1.8006 -18.9923 0
    endloop
  endfacet
  facet normal -0.02328 -0.706915 -0.706915
    outer loop
      vertex 0.00499916 -13.04 0
      vertex 0.21756 -13.047 0
      vertex 0.00499916 -13.54 0.5
    endloop
  endfacet
  facet normal 0.249121 0.662016 -0.706876
    outer loop
      vertex -0.878958 -18.8941 0.5
      vertex -1.03968 -19.3675 0
      vertex -1.23872 -19.2926 0
    endloop
  endfacet
  facet normal -0.205504 0.676761 -0.706939
    outer loop
      vertex 1.04968 -19.3675 0
      vertex 0.846162 -19.4293 0
      vertex 0.716752 -18.9463 0.5
    endloop
  endfacet
  facet normal 0.66196 -0.249179 -0.706908
    outer loop
      vertex -2.53567 -15.2376 0.5
      vertex -2.59906 -15.406 0.5
      vertex -2.99761 -15.0463 0
    endloop
  endfacet
  facet normal -0.115165 -0.697872 -0.706903
    outer loop
      vertex 0.42921 -13.0678 0
      vertex 0.541498 -13.5928 0.5
      vertex 0.363947 -13.5635 0.5
    endloop
  endfacet
  facet normal -0.0691782 -0.703923 -0.706899
    outer loop
      vertex 0.21756 -13.047 0
      vertex 0.363947 -13.5635 0.5
      vertex 0.184858 -13.5459 0.5
    endloop
  endfacet
  facet normal 0.574947 0.411934 -0.706927
    outer loop
      vertex -2.28154 -17.8178 0.5
      vertex -2.17672 -17.9641 0.5
      vertex -2.69728 -18.0956 0
    endloop
  endfacet
  facet normal 0.546732 0.448706 -0.706928
    outer loop
      vertex -2.17672 -17.9641 0.5
      vertex -2.06256 -18.1032 0.5
      vertex -2.5734 -18.2685 0
    endloop
  endfacet
  facet normal 0.697849 0.115255 -0.706911
    outer loop
      vertex -2.69216 -16.8265 0.5
      vertex -3.18255 -16.924 0
      vertex -3.2172 -16.7142 0
    endloop
  endfacet
  facet normal 0.292023 -0.644219 -0.706898
    outer loop
      vertex -1.04738 -13.7493 0.5
      vertex -1.21129 -13.8236 0.5
      vertex -1.43244 -13.3752 0
    endloop
  endfacet
  facet normal 0.676836 0.205346 -0.706913
    outer loop
      vertex -2.6513 -17.0018 0.5
      vertex -3.07252 -17.3347 0
      vertex -3.13426 -17.1312 0
    endloop
  endfacet
  facet normal 0.68884 0.160559 -0.706909
    outer loop
      vertex -2.69216 -16.8265 0.5
      vertex -2.6513 -17.0018 0.5
      vertex -3.18255 -16.924 0
    endloop
  endfacet
  facet normal 0.849207 0.52806 0
    outer loop
      vertex -9.97264 -0.576842 8
      vertex -10.3873 0.0899992 0
      vertex -10.3873 0.0899992 8
    endloop
  endfacet
  facet normal 0.849207 0.52806 0
    outer loop
      vertex -10.3873 0.0899992 0
      vertex -9.97264 -0.576842 8
      vertex -9.97264 -0.576842 0
    endloop
  endfacet
  facet normal -0.471396 0.881921 0
    outer loop
      vertex 6.005 -4.3023 0
      vertex 5.31246 -4.67247 8
      vertex 6.005 -4.3023 8
    endloop
  endfacet
  facet normal -0.471396 0.881921 0
    outer loop
      vertex 5.31246 -4.67247 8
      vertex 6.005 -4.3023 0
      vertex 5.31246 -4.67247 0
    endloop
  endfacet
  facet normal 0.881905 0.471428 0
    outer loop
      vertex -10.3873 0.0899992 8
      vertex -10.7575 0.782536 0
      vertex -10.7575 0.782536 8
    endloop
  endfacet
  facet normal 0.881905 0.471428 0
    outer loop
      vertex -10.7575 0.782536 0
      vertex -10.3873 0.0899992 8
      vertex -10.3873 0.0899992 0
    endloop
  endfacet
  facet normal -0.773011 0.634393 0
    outer loop
      vertex 9.02708 -1.82215 0
      vertex 9.52524 -1.21514 8
      vertex 9.52524 -1.21514 0
    endloop
  endfacet
  facet normal -0.773011 0.634393 0
    outer loop
      vertex 9.52524 -1.21514 8
      vertex 9.02708 -1.82215 0
      vertex 9.02708 -1.82215 8
    endloop
  endfacet
  facet normal 0.910855 0.412726 0
    outer loop
      vertex -10.7575 0.782536 8
      vertex -11.0816 1.4978 0
      vertex -11.0816 1.4978 8
    endloop
  endfacet
  facet normal 0.910855 0.412726 0
    outer loop
      vertex -11.0816 1.4978 0
      vertex -10.7575 0.782536 8
      vertex -10.7575 0.782536 0
    endloop
  endfacet
  facet normal -0.999464 0.032728 0
    outer loop
      vertex 11.9793 5.30516 0
      vertex 12.005 6.09 8
      vertex 12.005 6.09 0
    endloop
  endfacet
  facet normal -0.999464 0.032728 0
    outer loop
      vertex 12.005 6.09 8
      vertex 11.9793 5.30516 0
      vertex 11.9793 5.30516 8
    endloop
  endfacet
  facet normal 0.683596 0.729861 -0
    outer loop
      vertex -7.90715 -2.93208 0
      vertex -8.48028 -2.39528 8
      vertex -7.90715 -2.93208 8
    endloop
  endfacet
  facet normal 0.683596 0.729861 0
    outer loop
      vertex -8.48028 -2.39528 8
      vertex -7.90715 -2.93208 0
      vertex -8.48028 -2.39528 0
    endloop
  endfacet
  facet normal 0.935909 0.352241 0
    outer loop
      vertex -11.0816 1.4978 8
      vertex -11.3582 2.23273 0
      vertex -11.3582 2.23273 8
    endloop
  endfacet
  facet normal 0.935909 0.352241 0
    outer loop
      vertex -11.3582 2.23273 0
      vertex -11.0816 1.4978 8
      vertex -11.0816 1.4978 0
    endloop
  endfacet
  facet normal -0.935909 0.352241 0
    outer loop
      vertex 11.0916 1.4978 0
      vertex 11.3682 2.23273 8
      vertex 11.3682 2.23273 0
    endloop
  endfacet
  facet normal -0.935909 0.352241 0
    outer loop
      vertex 11.3682 2.23273 8
      vertex 11.0916 1.4978 0
      vertex 11.0916 1.4978 8
    endloop
  endfacet
  facet normal 0.290288 0.956939 -0
    outer loop
      vertex -3.10083 -5.50111 0
      vertex -3.85227 -5.27316 8
      vertex -3.10083 -5.50111 8
    endloop
  endfacet
  facet normal 0.290288 0.956939 0
    outer loop
      vertex -3.85227 -5.27316 8
      vertex -3.10083 -5.50111 0
      vertex -3.85227 -5.27316 0
    endloop
  endfacet
  facet normal 0.956957 0.29023 0
    outer loop
      vertex -11.3582 2.23273 8
      vertex -11.5861 2.98417 0
      vertex -11.5861 2.98417 8
    endloop
  endfacet
  facet normal 0.956957 0.29023 0
    outer loop
      vertex -11.5861 2.98417 0
      vertex -11.3582 2.23273 8
      vertex -11.3582 2.23273 0
    endloop
  endfacet
  facet normal 0.973881 0.227059 0
    outer loop
      vertex -11.5861 2.98417 8
      vertex -11.7644 3.74892 0
      vertex -11.7644 3.74892 8
    endloop
  endfacet
  facet normal 0.973881 0.227059 0
    outer loop
      vertex -11.7644 3.74892 0
      vertex -11.5861 2.98417 8
      vertex -11.5861 2.98417 0
    endloop
  endfacet
  facet normal -0.290288 0.956939 0
    outer loop
      vertex 3.86227 -5.27316 0
      vertex 3.11083 -5.50111 8
      vertex 3.86227 -5.27316 8
    endloop
  endfacet
  facet normal -0.290288 0.956939 0
    outer loop
      vertex 3.11083 -5.50111 8
      vertex 3.86227 -5.27316 0
      vertex 3.11083 -5.50111 0
    endloop
  endfacet
  facet normal -0.528061 0.849207 0
    outer loop
      vertex 6.67184 -3.88764 0
      vertex 6.005 -4.3023 8
      vertex 6.67184 -3.88764 8
    endloop
  endfacet
  facet normal -0.528061 0.849207 0
    outer loop
      vertex 6.005 -4.3023 8
      vertex 6.67184 -3.88764 0
      vertex 6.005 -4.3023 0
    endloop
  endfacet
  facet normal -0.812851 0.582471 0
    outer loop
      vertex 9.52524 -1.21514 0
      vertex 9.98263 -0.576842 8
      vertex 9.98263 -0.576842 0
    endloop
  endfacet
  facet normal -0.812851 0.582471 0
    outer loop
      vertex 9.98263 -0.576842 8
      vertex 9.52524 -1.21514 0
      vertex 9.52524 -1.21514 8
    endloop
  endfacet
  facet normal -0.0327154 0.999465 0
    outer loop
      vertex 0.789837 -5.88431 0
      vertex 0.00499916 -5.91 8
      vertex 0.789837 -5.88431 8
    endloop
  endfacet
  facet normal -0.0327154 0.999465 0
    outer loop
      vertex 0.00499916 -5.91 8
      vertex 0.789837 -5.88431 0
      vertex 0.00499916 -5.91 0
    endloop
  endfacet
  facet normal -0.956957 0.29023 0
    outer loop
      vertex 11.3682 2.23273 0
      vertex 11.5961 2.98417 8
      vertex 11.5961 2.98417 0
    endloop
  endfacet
  facet normal -0.956957 0.29023 0
    outer loop
      vertex 11.5961 2.98417 8
      vertex 11.3682 2.23273 0
      vertex 11.3682 2.23273 8
    endloop
  endfacet
  facet normal 0.352252 0.935905 -0
    outer loop
      vertex -3.85227 -5.27316 0
      vertex -4.5872 -4.99655 8
      vertex -3.85227 -5.27316 8
    endloop
  endfacet
  facet normal 0.352252 0.935905 0
    outer loop
      vertex -4.5872 -4.99655 8
      vertex -3.85227 -5.27316 0
      vertex -4.5872 -4.99655 0
    endloop
  endfacet
  facet normal -0.729861 0.683596 0
    outer loop
      vertex 8.49028 -2.39528 0
      vertex 9.02708 -1.82215 8
      vertex 9.02708 -1.82215 0
    endloop
  endfacet
  facet normal -0.729861 0.683596 0
    outer loop
      vertex 9.02708 -1.82215 8
      vertex 8.49028 -2.39528 0
      vertex 8.49028 -2.39528 8
    endloop
  endfacet
  facet normal 0.995181 0.0980574 0
    outer loop
      vertex -11.8923 4.52369 8
      vertex -11.9693 5.30516 0
      vertex -11.9693 5.30516 8
    endloop
  endfacet
  facet normal 0.995181 0.0980574 0
    outer loop
      vertex -11.9693 5.30516 0
      vertex -11.8923 4.52369 8
      vertex -11.8923 4.52369 0
    endloop
  endfacet
  facet normal -0.412707 0.910864 0
    outer loop
      vertex 5.31246 -4.67247 0
      vertex 4.5972 -4.99655 8
      vertex 5.31246 -4.67247 8
    endloop
  endfacet
  facet normal -0.412707 0.910864 0
    outer loop
      vertex 4.5972 -4.99655 8
      vertex 5.31246 -4.67247 0
      vertex 4.5972 -4.99655 0
    endloop
  endfacet
  facet normal 0.528061 0.849207 -0
    outer loop
      vertex -5.995 -4.3023 0
      vertex -6.66184 -3.88764 8
      vertex -5.995 -4.3023 8
    endloop
  endfacet
  facet normal 0.528061 0.849207 0
    outer loop
      vertex -6.66184 -3.88764 8
      vertex -5.995 -4.3023 0
      vertex -6.66184 -3.88764 0
    endloop
  endfacet
  facet normal 0.471396 0.881921 -0
    outer loop
      vertex -5.30246 -4.67247 0
      vertex -5.995 -4.3023 8
      vertex -5.30246 -4.67247 8
    endloop
  endfacet
  facet normal 0.471396 0.881921 0
    outer loop
      vertex -5.995 -4.3023 8
      vertex -5.30246 -4.67247 0
      vertex -5.995 -4.3023 0
    endloop
  endfacet
  facet normal -0.683596 0.729861 0
    outer loop
      vertex 8.49028 -2.39528 0
      vertex 7.91715 -2.93208 8
      vertex 8.49028 -2.39528 8
    endloop
  endfacet
  facet normal -0.683596 0.729861 0
    outer loop
      vertex 7.91715 -2.93208 8
      vertex 8.49028 -2.39528 0
      vertex 7.91715 -2.93208 0
    endloop
  endfacet
  facet normal -0.227071 0.973878 0
    outer loop
      vertex 3.11083 -5.50111 0
      vertex 2.34608 -5.67942 8
      vertex 3.11083 -5.50111 8
    endloop
  endfacet
  facet normal -0.227071 0.973878 0
    outer loop
      vertex 2.34608 -5.67942 8
      vertex 3.11083 -5.50111 0
      vertex 2.34608 -5.67942 0
    endloop
  endfacet
  facet normal 0.999464 0.032728 0
    outer loop
      vertex -11.9693 5.30516 8
      vertex -11.995 6.09 0
      vertex -11.995 6.09 8
    endloop
  endfacet
  facet normal 0.999464 0.032728 0
    outer loop
      vertex -11.995 6.09 0
      vertex -11.9693 5.30516 8
      vertex -11.9693 5.30516 0
    endloop
  endfacet
  facet normal -0.995181 0.0980574 0
    outer loop
      vertex 11.9023 4.52369 0
      vertex 11.9793 5.30516 8
      vertex 11.9793 5.30516 0
    endloop
  endfacet
  facet normal -0.995181 0.0980574 0
    outer loop
      vertex 11.9793 5.30516 8
      vertex 11.9023 4.52369 0
      vertex 11.9023 4.52369 8
    endloop
  endfacet
  facet normal -0.881905 0.471428 0
    outer loop
      vertex 10.3973 0.0899992 0
      vertex 10.7675 0.782536 8
      vertex 10.7675 0.782536 0
    endloop
  endfacet
  facet normal -0.881905 0.471428 0
    outer loop
      vertex 10.7675 0.782536 8
      vertex 10.3973 0.0899992 0
      vertex 10.3973 0.0899992 8
    endloop
  endfacet
  facet normal 0.986646 0.162877 0
    outer loop
      vertex -11.7644 3.74892 8
      vertex -11.8923 4.52369 0
      vertex -11.8923 4.52369 8
    endloop
  endfacet
  facet normal 0.986646 0.162877 0
    outer loop
      vertex -11.8923 4.52369 0
      vertex -11.7644 3.74892 8
      vertex -11.7644 3.74892 0
    endloop
  endfacet
  facet normal -0.352252 0.935905 0
    outer loop
      vertex 4.5972 -4.99655 0
      vertex 3.86227 -5.27316 8
      vertex 4.5972 -4.99655 8
    endloop
  endfacet
  facet normal -0.352252 0.935905 0
    outer loop
      vertex 3.86227 -5.27316 8
      vertex 4.5972 -4.99655 0
      vertex 3.86227 -5.27316 0
    endloop
  endfacet
  facet normal -0.910855 0.412726 0
    outer loop
      vertex 10.7675 0.782536 0
      vertex 11.0916 1.4978 8
      vertex 11.0916 1.4978 0
    endloop
  endfacet
  facet normal -0.910855 0.412726 0
    outer loop
      vertex 11.0916 1.4978 8
      vertex 10.7675 0.782536 0
      vertex 10.7675 0.782536 8
    endloop
  endfacet
  facet normal 0.729861 0.683596 0
    outer loop
      vertex -8.48028 -2.39528 8
      vertex -9.01708 -1.82215 0
      vertex -9.01708 -1.82215 8
    endloop
  endfacet
  facet normal 0.729861 0.683596 0
    outer loop
      vertex -9.01708 -1.82215 0
      vertex -8.48028 -2.39528 8
      vertex -8.48028 -2.39528 0
    endloop
  endfacet
  facet normal 0.812845 0.582479 0
    outer loop
      vertex -9.51524 -1.21514 8
      vertex -9.97264 -0.576842 0
      vertex -9.97264 -0.576842 8
    endloop
  endfacet
  facet normal 0.812845 0.582479 0
    outer loop
      vertex -9.97264 -0.576842 0
      vertex -9.51524 -1.21514 8
      vertex -9.51524 -1.21514 0
    endloop
  endfacet
  facet normal -0.634393 0.773011 0
    outer loop
      vertex 7.91715 -2.93208 0
      vertex 7.31014 -3.43024 8
      vertex 7.91715 -2.93208 8
    endloop
  endfacet
  facet normal -0.634393 0.773011 0
    outer loop
      vertex 7.31014 -3.43024 8
      vertex 7.91715 -2.93208 0
      vertex 7.31014 -3.43024 0
    endloop
  endfacet
  facet normal 0.0980192 0.995185 -0
    outer loop
      vertex -0.779837 -5.88431 0
      vertex -1.56131 -5.80734 8
      vertex -0.779837 -5.88431 8
    endloop
  endfacet
  facet normal 0.0980192 0.995185 0
    outer loop
      vertex -1.56131 -5.80734 8
      vertex -0.779837 -5.88431 0
      vertex -1.56131 -5.80734 0
    endloop
  endfacet
  facet normal 0.162902 0.986642 -0
    outer loop
      vertex -1.56131 -5.80734 0
      vertex -2.33608 -5.67942 8
      vertex -1.56131 -5.80734 8
    endloop
  endfacet
  facet normal 0.162902 0.986642 0
    outer loop
      vertex -2.33608 -5.67942 8
      vertex -1.56131 -5.80734 0
      vertex -2.33608 -5.67942 0
    endloop
  endfacet
  facet normal 0.773011 0.634393 0
    outer loop
      vertex -9.01708 -1.82215 8
      vertex -9.51524 -1.21514 0
      vertex -9.51524 -1.21514 8
    endloop
  endfacet
  facet normal 0.773011 0.634393 0
    outer loop
      vertex -9.51524 -1.21514 0
      vertex -9.01708 -1.82215 8
      vertex -9.01708 -1.82215 0
    endloop
  endfacet
  facet normal -0.162902 0.986642 0
    outer loop
      vertex 2.34608 -5.67942 0
      vertex 1.57131 -5.80734 8
      vertex 2.34608 -5.67942 8
    endloop
  endfacet
  facet normal -0.162902 0.986642 0
    outer loop
      vertex 1.57131 -5.80734 8
      vertex 2.34608 -5.67942 0
      vertex 1.57131 -5.80734 0
    endloop
  endfacet
  facet normal -0.849201 0.528069 0
    outer loop
      vertex 9.98263 -0.576842 0
      vertex 10.3973 0.0899992 8
      vertex 10.3973 0.0899992 0
    endloop
  endfacet
  facet normal -0.849201 0.528069 0
    outer loop
      vertex 10.3973 0.0899992 8
      vertex 9.98263 -0.576842 0
      vertex 9.98263 -0.576842 8
    endloop
  endfacet
  facet normal 0.0327154 0.999465 -0
    outer loop
      vertex 0.00499916 -5.91 0
      vertex -0.779837 -5.88431 8
      vertex 0.00499916 -5.91 8
    endloop
  endfacet
  facet normal 0.0327154 0.999465 0
    outer loop
      vertex -0.779837 -5.88431 8
      vertex 0.00499916 -5.91 0
      vertex -0.779837 -5.88431 0
    endloop
  endfacet
  facet normal -0.0980192 0.995185 0
    outer loop
      vertex 1.57131 -5.80734 0
      vertex 0.789837 -5.88431 8
      vertex 1.57131 -5.80734 8
    endloop
  endfacet
  facet normal -0.0980192 0.995185 0
    outer loop
      vertex 0.789837 -5.88431 8
      vertex 1.57131 -5.80734 0
      vertex 0.789837 -5.88431 0
    endloop
  endfacet
  facet normal -0.973881 0.227059 0
    outer loop
      vertex 11.5961 2.98417 0
      vertex 11.7744 3.74892 8
      vertex 11.7744 3.74892 0
    endloop
  endfacet
  facet normal -0.973881 0.227059 0
    outer loop
      vertex 11.7744 3.74892 8
      vertex 11.5961 2.98417 0
      vertex 11.5961 2.98417 8
    endloop
  endfacet
  facet normal -0.986646 0.162877 0
    outer loop
      vertex 11.7744 3.74892 0
      vertex 11.9023 4.52369 8
      vertex 11.9023 4.52369 0
    endloop
  endfacet
  facet normal -0.986646 0.162877 0
    outer loop
      vertex 11.9023 4.52369 8
      vertex 11.7744 3.74892 0
      vertex 11.7744 3.74892 8
    endloop
  endfacet
  facet normal 0.634393 0.773011 -0
    outer loop
      vertex -7.30014 -3.43024 0
      vertex -7.90715 -2.93208 8
      vertex -7.30014 -3.43024 8
    endloop
  endfacet
  facet normal 0.634393 0.773011 0
    outer loop
      vertex -7.90715 -2.93208 8
      vertex -7.30014 -3.43024 0
      vertex -7.90715 -2.93208 0
    endloop
  endfacet
  facet normal 0.227071 0.973878 -0
    outer loop
      vertex -2.33608 -5.67942 0
      vertex -3.10083 -5.50111 8
      vertex -2.33608 -5.67942 8
    endloop
  endfacet
  facet normal 0.227071 0.973878 0
    outer loop
      vertex -3.10083 -5.50111 8
      vertex -2.33608 -5.67942 0
      vertex -3.10083 -5.50111 0
    endloop
  endfacet
  facet normal -0.582478 0.812846 0
    outer loop
      vertex 7.31014 -3.43024 0
      vertex 6.67184 -3.88764 8
      vertex 7.31014 -3.43024 8
    endloop
  endfacet
  facet normal -0.582478 0.812846 0
    outer loop
      vertex 6.67184 -3.88764 8
      vertex 7.31014 -3.43024 0
      vertex 6.67184 -3.88764 0
    endloop
  endfacet
  facet normal 0.582478 0.812846 -0
    outer loop
      vertex -6.66184 -3.88764 0
      vertex -7.30014 -3.43024 8
      vertex -6.66184 -3.88764 8
    endloop
  endfacet
  facet normal 0.582478 0.812846 0
    outer loop
      vertex -7.30014 -3.43024 8
      vertex -6.66184 -3.88764 0
      vertex -7.30014 -3.43024 0
    endloop
  endfacet
  facet normal 0.412707 0.910864 -0
    outer loop
      vertex -4.5872 -4.99655 0
      vertex -5.30246 -4.67247 8
      vertex -4.5872 -4.99655 8
    endloop
  endfacet
  facet normal 0.412707 0.910864 0
    outer loop
      vertex -5.30246 -4.67247 8
      vertex -4.5872 -4.99655 0
      vertex -5.30246 -4.67247 0
    endloop
  endfacet
  facet normal -1 0 0
    outer loop
      vertex 12.005 6.09 0
      vertex 12.005 23.99 8
      vertex 12.005 23.99 0
    endloop
  endfacet
  facet normal -1 -0 0
    outer loop
      vertex 12.005 23.99 8
      vertex 12.005 6.09 0
      vertex 12.005 6.09 8
    endloop
  endfacet
  facet normal 1 -0 0
    outer loop
      vertex -11.995 6.09 8
      vertex -11.995 23.99 0
      vertex -11.995 23.99 8
    endloop
  endfacet
  facet normal 1 0 0
    outer loop
      vertex -11.995 23.99 0
      vertex -11.995 6.09 8
      vertex -11.995 6.09 0
    endloop
  endfacet
  facet normal 0.162995 -0.986627 0
    outer loop
      vertex 45.2881 -24.5587 0
      vertex 45.6755 -24.4947 8
      vertex 45.2881 -24.5587 8
    endloop
  endfacet
  facet normal 0.162995 -0.986627 0
    outer loop
      vertex 45.6755 -24.4947 8
      vertex 45.2881 -24.5587 0
      vertex 45.6755 -24.4947 0
    endloop
  endfacet
  facet normal 0 -1 0
    outer loop
      vertex -44.495 -24.61 0
      vertex 44.505 -24.61 8
      vertex -44.495 -24.61 8
    endloop
  endfacet
  facet normal 0 -1 -0
    outer loop
      vertex 44.505 -24.61 8
      vertex -44.495 -24.61 0
      vertex 44.505 -24.61 0
    endloop
  endfacet
  facet normal 0.0978138 -0.995205 0
    outer loop
      vertex 44.8974 -24.5971 0
      vertex 45.2881 -24.5587 8
      vertex 44.8974 -24.5971 8
    endloop
  endfacet
  facet normal 0.0978138 -0.995205 0
    outer loop
      vertex 45.2881 -24.5587 8
      vertex 44.8974 -24.5971 0
      vertex 45.2881 -24.5587 0
    endloop
  endfacet
  facet normal -0.412862 0.910793 0
    outer loop
      vertex -46.7911 23.5333 0
      vertex -47.1487 23.3712 8
      vertex -46.7911 23.5333 8
    endloop
  endfacet
  facet normal -0.412862 0.910793 0
    outer loop
      vertex -47.1487 23.3712 8
      vertex -46.7911 23.5333 0
      vertex -47.1487 23.3712 0
    endloop
  endfacet
  facet normal 0.0328569 -0.99946 0
    outer loop
      vertex 44.505 -24.61 0
      vertex 44.8974 -24.5971 8
      vertex 44.505 -24.61 8
    endloop
  endfacet
  facet normal 0.0328569 -0.99946 0
    outer loop
      vertex 44.8974 -24.5971 8
      vertex 44.505 -24.61 0
      vertex 44.8974 -24.5971 0
    endloop
  endfacet
  facet normal -0.163036 0.98662 0
    outer loop
      vertex -45.2782 23.9387 0
      vertex -45.6655 23.8747 8
      vertex -45.2782 23.9387 8
    endloop
  endfacet
  facet normal -0.163036 0.98662 0
    outer loop
      vertex -45.6655 23.8747 8
      vertex -45.2782 23.9387 0
      vertex -45.6655 23.8747 0
    endloop
  endfacet
  facet normal -0.99946 -0.0328569 0
    outer loop
      vertex -50.4821 -19.0024 0
      vertex -50.495 -18.61 8
      vertex -50.495 -18.61 0
    endloop
  endfacet
  facet normal -0.99946 -0.0328569 0
    outer loop
      vertex -50.495 -18.61 8
      vertex -50.4821 -19.0024 0
      vertex -50.4821 -19.0024 8
    endloop
  endfacet
  facet normal -0.995205 0.0978138 0
    outer loop
      vertex -50.4821 18.3824 0
      vertex -50.4437 18.7731 8
      vertex -50.4437 18.7731 0
    endloop
  endfacet
  facet normal -0.995205 0.0978138 0
    outer loop
      vertex -50.4437 18.7731 8
      vertex -50.4821 18.3824 0
      vertex -50.4821 18.3824 8
    endloop
  endfacet
  facet normal -0.163036 -0.98662 0
    outer loop
      vertex -45.6655 -24.4947 0
      vertex -45.2782 -24.5587 8
      vertex -45.6655 -24.4947 8
    endloop
  endfacet
  facet normal -0.163036 -0.98662 -0
    outer loop
      vertex -45.2782 -24.5587 8
      vertex -45.6655 -24.4947 0
      vertex -45.2782 -24.5587 0
    endloop
  endfacet
  facet normal -0.77298 0.63443 0
    outer loop
      vertex -49.2551 21.6426 0
      vertex -49.006 21.9461 8
      vertex -49.006 21.9461 0
    endloop
  endfacet
  facet normal -0.77298 0.63443 0
    outer loop
      vertex -49.006 21.9461 8
      vertex -49.2551 21.6426 0
      vertex -49.2551 21.6426 8
    endloop
  endfacet
  facet normal -0.412862 -0.910793 0
    outer loop
      vertex -47.1487 -23.9912 0
      vertex -46.7911 -24.1533 8
      vertex -47.1487 -23.9912 8
    endloop
  endfacet
  facet normal -0.412862 -0.910793 -0
    outer loop
      vertex -46.7911 -24.1533 8
      vertex -47.1487 -23.9912 0
      vertex -46.7911 -24.1533 0
    endloop
  endfacet
  facet normal -0.471394 -0.881923 0
    outer loop
      vertex -47.495 -23.8061 0
      vertex -47.1487 -23.9912 8
      vertex -47.495 -23.8061 8
    endloop
  endfacet
  facet normal -0.471394 -0.881923 -0
    outer loop
      vertex -47.1487 -23.9912 8
      vertex -47.495 -23.8061 0
      vertex -47.1487 -23.9912 0
    endloop
  endfacet
  facet normal -0.227165 -0.973856 0
    outer loop
      vertex -46.0479 -24.4055 0
      vertex -45.6655 -24.4947 8
      vertex -46.0479 -24.4055 8
    endloop
  endfacet
  facet normal -0.227165 -0.973856 -0
    outer loop
      vertex -45.6655 -24.4947 8
      vertex -46.0479 -24.4055 0
      vertex -45.6655 -24.4947 0
    endloop
  endfacet
  facet normal 0.63443 -0.77298 0
    outer loop
      vertex 48.1576 -23.3701 0
      vertex 48.4611 -23.121 8
      vertex 48.1576 -23.3701 8
    endloop
  endfacet
  facet normal 0.63443 -0.77298 0
    outer loop
      vertex 48.4611 -23.121 8
      vertex 48.1576 -23.3701 0
      vertex 48.4611 -23.121 0
    endloop
  endfacet
  facet normal 0.77298 0.63443 0
    outer loop
      vertex 49.2651 21.6426 8
      vertex 49.016 21.9461 0
      vertex 49.016 21.9461 8
    endloop
  endfacet
  facet normal 0.77298 0.63443 0
    outer loop
      vertex 49.016 21.9461 0
      vertex 49.2651 21.6426 8
      vertex 49.2651 21.6426 0
    endloop
  endfacet
  facet normal -0.683678 0.729783 0
    outer loop
      vertex -48.4511 22.501 0
      vertex -48.7376 22.2326 8
      vertex -48.4511 22.501 8
    endloop
  endfacet
  facet normal -0.683678 0.729783 0
    outer loop
      vertex -48.7376 22.2326 8
      vertex -48.4511 22.501 0
      vertex -48.7376 22.2326 0
    endloop
  endfacet
  facet normal -0.471394 0.881923 0
    outer loop
      vertex -47.1487 23.3712 0
      vertex -47.495 23.1861 8
      vertex -47.1487 23.3712 8
    endloop
  endfacet
  facet normal -0.471394 0.881923 0
    outer loop
      vertex -47.495 23.1861 8
      vertex -47.1487 23.3712 0
      vertex -47.495 23.1861 0
    endloop
  endfacet
  facet normal -0.683678 -0.729783 0
    outer loop
      vertex -48.7376 -22.8526 0
      vertex -48.4511 -23.121 8
      vertex -48.7376 -22.8526 8
    endloop
  endfacet
  facet normal -0.683678 -0.729783 -0
    outer loop
      vertex -48.4511 -23.121 8
      vertex -48.7376 -22.8526 0
      vertex -48.4511 -23.121 0
    endloop
  endfacet
  facet normal 0.99946 0.0328569 0
    outer loop
      vertex 50.505 17.99 8
      vertex 50.4921 18.3824 0
      vertex 50.4921 18.3824 8
    endloop
  endfacet
  facet normal 0.99946 0.0328569 0
    outer loop
      vertex 50.4921 18.3824 0
      vertex 50.505 17.99 8
      vertex 50.505 17.99 0
    endloop
  endfacet
  facet normal 0 1 -0
    outer loop
      vertex 44.505 23.99 0
      vertex 12.005 23.99 8
      vertex 44.505 23.99 8
    endloop
  endfacet
  facet normal 0 1 0
    outer loop
      vertex 12.005 23.99 8
      vertex 44.505 23.99 0
      vertex 12.005 23.99 0
    endloop
  endfacet
  facet normal 0 1 -0
    outer loop
      vertex -11.995 23.99 0
      vertex -44.495 23.99 8
      vertex -11.995 23.99 8
    endloop
  endfacet
  facet normal 0 1 0
    outer loop
      vertex -44.495 23.99 8
      vertex -11.995 23.99 0
      vertex -44.495 23.99 0
    endloop
  endfacet
  facet normal 1 -0 0
    outer loop
      vertex 50.505 -18.61 8
      vertex 50.505 17.99 0
      vertex 50.505 17.99 8
    endloop
  endfacet
  facet normal 1 0 0
    outer loop
      vertex 50.505 17.99 0
      vertex 50.505 -18.61 8
      vertex 50.505 -18.61 0
    endloop
  endfacet
  facet normal -0.93592 -0.352212 0
    outer loop
      vertex -50.0383 -20.9061 0
      vertex -50.1766 -20.5386 8
      vertex -50.1766 -20.5386 0
    endloop
  endfacet
  facet normal -0.93592 -0.352212 0
    outer loop
      vertex -50.1766 -20.5386 8
      vertex -50.0383 -20.9061 0
      vertex -50.0383 -20.9061 8
    endloop
  endfacet
  facet normal -0.097789 -0.995207 0
    outer loop
      vertex -45.2782 -24.5587 0
      vertex -44.8874 -24.5971 8
      vertex -45.2782 -24.5587 8
    endloop
  endfacet
  facet normal -0.097789 -0.995207 -0
    outer loop
      vertex -44.8874 -24.5971 8
      vertex -45.2782 -24.5587 0
      vertex -44.8874 -24.5971 0
    endloop
  endfacet
  facet normal -0.849227 -0.528028 0
    outer loop
      vertex -49.4838 -21.9434 0
      vertex -49.6911 -21.61 8
      vertex -49.6911 -21.61 0
    endloop
  endfacet
  facet normal -0.849227 -0.528028 0
    outer loop
      vertex -49.6911 -21.61 8
      vertex -49.4838 -21.9434 0
      vertex -49.4838 -21.9434 8
    endloop
  endfacet
  facet normal 0.528028 0.849227 -0
    outer loop
      vertex 47.8384 22.9788 0
      vertex 47.505 23.1861 8
      vertex 47.8384 22.9788 8
    endloop
  endfacet
  facet normal 0.528028 0.849227 0
    outer loop
      vertex 47.505 23.1861 8
      vertex 47.8384 22.9788 0
      vertex 47.505 23.1861 0
    endloop
  endfacet
  facet normal 0.683678 -0.729783 0
    outer loop
      vertex 48.4611 -23.121 0
      vertex 48.7476 -22.8526 8
      vertex 48.4611 -23.121 8
    endloop
  endfacet
  facet normal 0.683678 -0.729783 0
    outer loop
      vertex 48.7476 -22.8526 8
      vertex 48.4611 -23.121 0
      vertex 48.7476 -22.8526 0
    endloop
  endfacet
  facet normal 0.729783 -0.683678 0
    outer loop
      vertex 48.7476 -22.8526 8
      vertex 49.016 -22.5661 0
      vertex 49.016 -22.5661 8
    endloop
  endfacet
  facet normal 0.729783 -0.683678 0
    outer loop
      vertex 49.016 -22.5661 0
      vertex 48.7476 -22.8526 8
      vertex 48.7476 -22.8526 0
    endloop
  endfacet
  facet normal -0.0328569 0.99946 0
    outer loop
      vertex -44.495 23.99 0
      vertex -44.8874 23.9771 8
      vertex -44.495 23.99 8
    endloop
  endfacet
  facet normal -0.0328569 0.99946 0
    outer loop
      vertex -44.8874 23.9771 8
      vertex -44.495 23.99 0
      vertex -44.8874 23.9771 0
    endloop
  endfacet
  facet normal -1 0 0
    outer loop
      vertex -50.495 -18.61 0
      vertex -50.495 17.99 8
      vertex -50.495 17.99 0
    endloop
  endfacet
  facet normal -1 -0 0
    outer loop
      vertex -50.495 17.99 8
      vertex -50.495 -18.61 0
      vertex -50.495 -18.61 8
    endloop
  endfacet
  facet normal 0.412862 0.910793 -0
    outer loop
      vertex 47.1587 23.3712 0
      vertex 46.8011 23.5333 8
      vertex 47.1587 23.3712 8
    endloop
  endfacet
  facet normal 0.412862 0.910793 0
    outer loop
      vertex 46.8011 23.5333 8
      vertex 47.1587 23.3712 0
      vertex 46.8011 23.5333 0
    endloop
  endfacet
  facet normal -0.973856 -0.227165 0
    outer loop
      vertex -50.2905 -20.1629 0
      vertex -50.3797 -19.7805 8
      vertex -50.3797 -19.7805 0
    endloop
  endfacet
  facet normal -0.973856 -0.227165 0
    outer loop
      vertex -50.3797 -19.7805 8
      vertex -50.2905 -20.1629 0
      vertex -50.2905 -20.1629 8
    endloop
  endfacet
  facet normal -0.097789 0.995207 0
    outer loop
      vertex -44.8874 23.9771 0
      vertex -45.2782 23.9387 8
      vertex -44.8874 23.9771 8
    endloop
  endfacet
  facet normal -0.097789 0.995207 0
    outer loop
      vertex -45.2782 23.9387 8
      vertex -44.8874 23.9771 0
      vertex -45.2782 23.9387 0
    endloop
  endfacet
  facet normal 0.910793 0.412862 0
    outer loop
      vertex 50.0483 20.2861 8
      vertex 49.8862 20.6437 0
      vertex 49.8862 20.6437 8
    endloop
  endfacet
  facet normal 0.910793 0.412862 0
    outer loop
      vertex 49.8862 20.6437 0
      vertex 50.0483 20.2861 8
      vertex 50.0483 20.2861 0
    endloop
  endfacet
  facet normal 0.93592 -0.352212 0
    outer loop
      vertex 50.0483 -20.9061 8
      vertex 50.1866 -20.5386 0
      vertex 50.1866 -20.5386 8
    endloop
  endfacet
  facet normal 0.93592 -0.352212 0
    outer loop
      vertex 50.1866 -20.5386 0
      vertex 50.0483 -20.9061 8
      vertex 50.0483 -20.9061 0
    endloop
  endfacet
  facet normal 0.227165 0.973856 -0
    outer loop
      vertex 46.0579 23.7855 0
      vertex 45.6755 23.8747 8
      vertex 46.0579 23.7855 8
    endloop
  endfacet
  facet normal 0.227165 0.973856 0
    outer loop
      vertex 45.6755 23.8747 8
      vertex 46.0579 23.7855 0
      vertex 45.6755 23.8747 0
    endloop
  endfacet
  facet normal 0.93592 0.352212 0
    outer loop
      vertex 50.1866 19.9186 8
      vertex 50.0483 20.2861 0
      vertex 50.0483 20.2861 8
    endloop
  endfacet
  facet normal 0.93592 0.352212 0
    outer loop
      vertex 50.0483 20.2861 0
      vertex 50.1866 19.9186 8
      vertex 50.1866 19.9186 0
    endloop
  endfacet
  facet normal -0.528028 0.849227 0
    outer loop
      vertex -47.495 23.1861 0
      vertex -47.8284 22.9788 8
      vertex -47.495 23.1861 8
    endloop
  endfacet
  facet normal -0.528028 0.849227 0
    outer loop
      vertex -47.8284 22.9788 8
      vertex -47.495 23.1861 0
      vertex -47.8284 22.9788 0
    endloop
  endfacet
  facet normal 0.63443 0.77298 -0
    outer loop
      vertex 48.4611 22.501 0
      vertex 48.1576 22.7501 8
      vertex 48.4611 22.501 8
    endloop
  endfacet
  facet normal 0.63443 0.77298 0
    outer loop
      vertex 48.1576 22.7501 8
      vertex 48.4611 22.501 0
      vertex 48.1576 22.7501 0
    endloop
  endfacet
  facet normal -0.910793 0.412862 0
    outer loop
      vertex -50.0383 20.2861 0
      vertex -49.8762 20.6437 8
      vertex -49.8762 20.6437 0
    endloop
  endfacet
  facet normal -0.910793 0.412862 0
    outer loop
      vertex -49.8762 20.6437 8
      vertex -50.0383 20.2861 0
      vertex -50.0383 20.2861 8
    endloop
  endfacet
  facet normal -0.63443 -0.77298 0
    outer loop
      vertex -48.4511 -23.121 0
      vertex -48.1476 -23.3701 8
      vertex -48.4511 -23.121 8
    endloop
  endfacet
  facet normal -0.63443 -0.77298 -0
    outer loop
      vertex -48.1476 -23.3701 8
      vertex -48.4511 -23.121 0
      vertex -48.1476 -23.3701 0
    endloop
  endfacet
  facet normal 0.881923 -0.471394 0
    outer loop
      vertex 49.7011 -21.61 8
      vertex 49.8862 -21.2637 0
      vertex 49.8862 -21.2637 8
    endloop
  endfacet
  facet normal 0.881923 -0.471394 0
    outer loop
      vertex 49.8862 -21.2637 0
      vertex 49.7011 -21.61 8
      vertex 49.7011 -21.61 0
    endloop
  endfacet
  facet normal 0.471394 -0.881923 0
    outer loop
      vertex 47.1587 -23.9912 0
      vertex 47.505 -23.8061 8
      vertex 47.1587 -23.9912 8
    endloop
  endfacet
  facet normal 0.471394 -0.881923 0
    outer loop
      vertex 47.505 -23.8061 8
      vertex 47.1587 -23.9912 0
      vertex 47.505 -23.8061 0
    endloop
  endfacet
  facet normal -0.352212 -0.93592 0
    outer loop
      vertex -46.7911 -24.1533 0
      vertex -46.4236 -24.2916 8
      vertex -46.7911 -24.1533 8
    endloop
  endfacet
  facet normal -0.352212 -0.93592 -0
    outer loop
      vertex -46.4236 -24.2916 8
      vertex -46.7911 -24.1533 0
      vertex -46.4236 -24.2916 0
    endloop
  endfacet
  facet normal -0.290128 -0.956988 0
    outer loop
      vertex -46.4236 -24.2916 0
      vertex -46.0479 -24.4055 8
      vertex -46.4236 -24.2916 8
    endloop
  endfacet
  facet normal -0.290128 -0.956988 -0
    outer loop
      vertex -46.0479 -24.4055 8
      vertex -46.4236 -24.2916 0
      vertex -46.0479 -24.4055 0
    endloop
  endfacet
  facet normal -0.352212 0.93592 0
    outer loop
      vertex -46.4236 23.6716 0
      vertex -46.7911 23.5333 8
      vertex -46.4236 23.6716 8
    endloop
  endfacet
  facet normal -0.352212 0.93592 0
    outer loop
      vertex -46.7911 23.5333 8
      vertex -46.4236 23.6716 0
      vertex -46.7911 23.5333 0
    endloop
  endfacet
  facet normal 0.528028 -0.849227 0
    outer loop
      vertex 47.505 -23.8061 0
      vertex 47.8384 -23.5988 8
      vertex 47.505 -23.8061 8
    endloop
  endfacet
  facet normal 0.528028 -0.849227 0
    outer loop
      vertex 47.8384 -23.5988 8
      vertex 47.505 -23.8061 0
      vertex 47.8384 -23.5988 0
    endloop
  endfacet
  facet normal -0.63443 0.77298 0
    outer loop
      vertex -48.1476 22.7501 0
      vertex -48.4511 22.501 8
      vertex -48.1476 22.7501 8
    endloop
  endfacet
  facet normal -0.63443 0.77298 0
    outer loop
      vertex -48.4511 22.501 8
      vertex -48.1476 22.7501 0
      vertex -48.4511 22.501 0
    endloop
  endfacet
  facet normal 0.0328569 0.99946 -0
    outer loop
      vertex 44.8974 23.9771 0
      vertex 44.505 23.99 8
      vertex 44.8974 23.9771 8
    endloop
  endfacet
  facet normal 0.0328569 0.99946 0
    outer loop
      vertex 44.505 23.99 8
      vertex 44.8974 23.9771 0
      vertex 44.505 23.99 0
    endloop
  endfacet
  facet normal -0.881923 0.471394 0
    outer loop
      vertex -49.8762 20.6437 0
      vertex -49.6911 20.99 8
      vertex -49.6911 20.99 0
    endloop
  endfacet
  facet normal -0.881923 0.471394 0
    outer loop
      vertex -49.6911 20.99 8
      vertex -49.8762 20.6437 0
      vertex -49.8762 20.6437 8
    endloop
  endfacet
  facet normal -0.729783 0.683678 0
    outer loop
      vertex -49.006 21.9461 0
      vertex -48.7376 22.2326 8
      vertex -48.7376 22.2326 0
    endloop
  endfacet
  facet normal -0.729783 0.683678 0
    outer loop
      vertex -48.7376 22.2326 8
      vertex -49.006 21.9461 0
      vertex -49.006 21.9461 8
    endloop
  endfacet
  facet normal -0.986627 -0.162995 0
    outer loop
      vertex -50.3797 -19.7805 0
      vertex -50.4437 -19.3931 8
      vertex -50.4437 -19.3931 0
    endloop
  endfacet
  facet normal -0.986627 -0.162995 0
    outer loop
      vertex -50.4437 -19.3931 8
      vertex -50.3797 -19.7805 0
      vertex -50.3797 -19.7805 8
    endloop
  endfacet
  facet normal 0.582418 -0.812889 0
    outer loop
      vertex 47.8384 -23.5988 0
      vertex 48.1576 -23.3701 8
      vertex 47.8384 -23.5988 8
    endloop
  endfacet
  facet normal 0.582418 -0.812889 0
    outer loop
      vertex 48.1576 -23.3701 8
      vertex 47.8384 -23.5988 0
      vertex 48.1576 -23.3701 0
    endloop
  endfacet
  facet normal -0.849227 0.528028 0
    outer loop
      vertex -49.6911 20.99 0
      vertex -49.4838 21.3234 8
      vertex -49.4838 21.3234 0
    endloop
  endfacet
  facet normal -0.849227 0.528028 0
    outer loop
      vertex -49.4838 21.3234 8
      vertex -49.6911 20.99 0
      vertex -49.6911 20.99 8
    endloop
  endfacet
  facet normal 0.162995 0.986627 -0
    outer loop
      vertex 45.6755 23.8747 0
      vertex 45.2881 23.9387 8
      vertex 45.6755 23.8747 8
    endloop
  endfacet
  facet normal 0.162995 0.986627 0
    outer loop
      vertex 45.2881 23.9387 8
      vertex 45.6755 23.8747 0
      vertex 45.2881 23.9387 0
    endloop
  endfacet
  facet normal 0.881923 0.471394 0
    outer loop
      vertex 49.8862 20.6437 8
      vertex 49.7011 20.99 0
      vertex 49.7011 20.99 8
    endloop
  endfacet
  facet normal 0.881923 0.471394 0
    outer loop
      vertex 49.7011 20.99 0
      vertex 49.8862 20.6437 8
      vertex 49.8862 20.6437 0
    endloop
  endfacet
  facet normal -0.582418 0.812889 0
    outer loop
      vertex -47.8284 22.9788 0
      vertex -48.1476 22.7501 8
      vertex -47.8284 22.9788 8
    endloop
  endfacet
  facet normal -0.582418 0.812889 0
    outer loop
      vertex -48.1476 22.7501 8
      vertex -47.8284 22.9788 0
      vertex -48.1476 22.7501 0
    endloop
  endfacet
  facet normal 0.995205 0.0978138 0
    outer loop
      vertex 50.4921 18.3824 8
      vertex 50.4537 18.7731 0
      vertex 50.4537 18.7731 8
    endloop
  endfacet
  facet normal 0.995205 0.0978138 0
    outer loop
      vertex 50.4537 18.7731 0
      vertex 50.4921 18.3824 8
      vertex 50.4921 18.3824 0
    endloop
  endfacet
  facet normal -0.812889 0.582418 0
    outer loop
      vertex -49.4838 21.3234 0
      vertex -49.2551 21.6426 8
      vertex -49.2551 21.6426 0
    endloop
  endfacet
  facet normal -0.812889 0.582418 0
    outer loop
      vertex -49.2551 21.6426 8
      vertex -49.4838 21.3234 0
      vertex -49.4838 21.3234 8
    endloop
  endfacet
  facet normal -0.0328569 -0.99946 0
    outer loop
      vertex -44.8874 -24.5971 0
      vertex -44.495 -24.61 8
      vertex -44.8874 -24.5971 8
    endloop
  endfacet
  facet normal -0.0328569 -0.99946 -0
    outer loop
      vertex -44.495 -24.61 8
      vertex -44.8874 -24.5971 0
      vertex -44.495 -24.61 0
    endloop
  endfacet
  facet normal -0.99946 0.0328569 0
    outer loop
      vertex -50.495 17.99 0
      vertex -50.4821 18.3824 8
      vertex -50.4821 18.3824 0
    endloop
  endfacet
  facet normal -0.99946 0.0328569 0
    outer loop
      vertex -50.4821 18.3824 8
      vertex -50.495 17.99 0
      vertex -50.495 17.99 8
    endloop
  endfacet
  facet normal -0.227165 0.973856 0
    outer loop
      vertex -45.6655 23.8747 0
      vertex -46.0479 23.7855 8
      vertex -45.6655 23.8747 8
    endloop
  endfacet
  facet normal -0.227165 0.973856 0
    outer loop
      vertex -46.0479 23.7855 8
      vertex -45.6655 23.8747 0
      vertex -46.0479 23.7855 0
    endloop
  endfacet
  facet normal -0.290128 0.956988 0
    outer loop
      vertex -46.0479 23.7855 0
      vertex -46.4236 23.6716 8
      vertex -46.0479 23.7855 8
    endloop
  endfacet
  facet normal -0.290128 0.956988 0
    outer loop
      vertex -46.4236 23.6716 8
      vertex -46.0479 23.7855 0
      vertex -46.4236 23.6716 0
    endloop
  endfacet
  facet normal 0.290128 0.956988 -0
    outer loop
      vertex 46.4336 23.6716 0
      vertex 46.0579 23.7855 8
      vertex 46.4336 23.6716 8
    endloop
  endfacet
  facet normal 0.290128 0.956988 0
    outer loop
      vertex 46.0579 23.7855 8
      vertex 46.4336 23.6716 0
      vertex 46.0579 23.7855 0
    endloop
  endfacet
  facet normal 0.849227 0.528028 0
    outer loop
      vertex 49.7011 20.99 8
      vertex 49.4938 21.3234 0
      vertex 49.4938 21.3234 8
    endloop
  endfacet
  facet normal 0.849227 0.528028 0
    outer loop
      vertex 49.4938 21.3234 0
      vertex 49.7011 20.99 8
      vertex 49.7011 20.99 0
    endloop
  endfacet
  facet normal 0.352212 0.93592 -0
    outer loop
      vertex 46.8011 23.5333 0
      vertex 46.4336 23.6716 8
      vertex 46.8011 23.5333 8
    endloop
  endfacet
  facet normal 0.352212 0.93592 0
    outer loop
      vertex 46.4336 23.6716 8
      vertex 46.8011 23.5333 0
      vertex 46.4336 23.6716 0
    endloop
  endfacet
  facet normal 0.582418 0.812889 -0
    outer loop
      vertex 48.1576 22.7501 0
      vertex 47.8384 22.9788 8
      vertex 48.1576 22.7501 8
    endloop
  endfacet
  facet normal 0.582418 0.812889 0
    outer loop
      vertex 47.8384 22.9788 8
      vertex 48.1576 22.7501 0
      vertex 47.8384 22.9788 0
    endloop
  endfacet
  facet normal -0.729783 -0.683678 0
    outer loop
      vertex -48.7376 -22.8526 0
      vertex -49.006 -22.5661 8
      vertex -49.006 -22.5661 0
    endloop
  endfacet
  facet normal -0.729783 -0.683678 0
    outer loop
      vertex -49.006 -22.5661 8
      vertex -48.7376 -22.8526 0
      vertex -48.7376 -22.8526 8
    endloop
  endfacet
  facet normal 0.986627 0.162995 0
    outer loop
      vertex 50.4537 18.7731 8
      vertex 50.3897 19.1605 0
      vertex 50.3897 19.1605 8
    endloop
  endfacet
  facet normal 0.986627 0.162995 0
    outer loop
      vertex 50.3897 19.1605 0
      vertex 50.4537 18.7731 8
      vertex 50.4537 18.7731 0
    endloop
  endfacet
  facet normal 0.956988 0.290128 0
    outer loop
      vertex 50.3005 19.5429 8
      vertex 50.1866 19.9186 0
      vertex 50.1866 19.9186 8
    endloop
  endfacet
  facet normal 0.956988 0.290128 0
    outer loop
      vertex 50.1866 19.9186 0
      vertex 50.3005 19.5429 8
      vertex 50.3005 19.5429 0
    endloop
  endfacet
  facet normal -0.582418 -0.812889 0
    outer loop
      vertex -48.1476 -23.3701 0
      vertex -47.8284 -23.5988 8
      vertex -48.1476 -23.3701 8
    endloop
  endfacet
  facet normal -0.582418 -0.812889 -0
    outer loop
      vertex -47.8284 -23.5988 8
      vertex -48.1476 -23.3701 0
      vertex -47.8284 -23.5988 0
    endloop
  endfacet
  facet normal -0.93592 0.352212 0
    outer loop
      vertex -50.1766 19.9186 0
      vertex -50.0383 20.2861 8
      vertex -50.0383 20.2861 0
    endloop
  endfacet
  facet normal -0.93592 0.352212 0
    outer loop
      vertex -50.0383 20.2861 8
      vertex -50.1766 19.9186 0
      vertex -50.1766 19.9186 8
    endloop
  endfacet
  facet normal -0 0 1
    outer loop
      vertex -38.1134 7.465 8
      vertex -11.995 6.09 8
      vertex -11.995 23.99 8
    endloop
  endfacet
  facet normal 0 0 1
    outer loop
      vertex -11.995 6.09 8
      vertex -37.7509 6.26986 8
      vertex -37.745 6.09 8
    endloop
  endfacet
  facet normal 0 0 1
    outer loop
      vertex -11.995 6.09 8
      vertex -37.7685 6.44895 8
      vertex -37.7509 6.26986 8
    endloop
  endfacet
  facet normal 0 0 1
    outer loop
      vertex -11.995 6.09 8
      vertex -37.7978 6.6265 8
      vertex -37.7685 6.44895 8
    endloop
  endfacet
  facet normal 0 0 1
    outer loop
      vertex -11.995 6.09 8
      vertex -37.8387 6.80175 8
      vertex -37.7978 6.6265 8
    endloop
  endfacet
  facet normal 0 0 1
    outer loop
      vertex -11.995 6.09 8
      vertex -37.8909 6.97396 8
      vertex -37.8387 6.80175 8
    endloop
  endfacet
  facet normal 0 0 1
    outer loop
      vertex -11.995 6.09 8
      vertex -37.9543 7.14238 8
      vertex -37.8909 6.97396 8
    endloop
  endfacet
  facet normal 0 0 1
    outer loop
      vertex -11.995 6.09 8
      vertex -38.0286 7.30629 8
      vertex -37.9543 7.14238 8
    endloop
  endfacet
  facet normal 0 0 1
    outer loop
      vertex -11.995 6.09 8
      vertex -38.1134 7.465 8
      vertex -38.0286 7.30629 8
    endloop
  endfacet
  facet normal 0 0 1
    outer loop
      vertex -11.995 23.99 8
      vertex -38.2085 7.61782 8
      vertex -38.1134 7.465 8
    endloop
  endfacet
  facet normal 0 0 1
    outer loop
      vertex -11.995 23.99 8
      vertex -38.3133 7.76409 8
      vertex -38.2085 7.61782 8
    endloop
  endfacet
  facet normal 0 0 1
    outer loop
      vertex -11.995 23.99 8
      vertex -38.4274 7.9032 8
      vertex -38.3133 7.76409 8
    endloop
  endfacet
  facet normal 0 0 1
    outer loop
      vertex -11.995 23.99 8
      vertex -38.5505 8.03454 8
      vertex -38.4274 7.9032 8
    endloop
  endfacet
  facet normal 0 0 1
    outer loop
      vertex -11.995 23.99 8
      vertex -38.6818 8.15756 8
      vertex -38.5505 8.03454 8
    endloop
  endfacet
  facet normal 0 0 1
    outer loop
      vertex -11.995 23.99 8
      vertex -38.8209 8.27172 8
      vertex -38.6818 8.15756 8
    endloop
  endfacet
  facet normal -0 0 1
    outer loop
      vertex -44.495 23.99 8
      vertex -38.8209 8.27172 8
      vertex -11.995 23.99 8
    endloop
  endfacet
  facet normal 0 0 1
    outer loop
      vertex -38.8209 8.27172 8
      vertex -44.495 23.99 8
      vertex -38.9672 8.37654 8
    endloop
  endfacet
  facet normal 0 0 1
    outer loop
      vertex -38.9672 8.37654 8
      vertex -44.495 23.99 8
      vertex -39.12 8.47157 8
    endloop
  endfacet
  facet normal 0 0 1
    outer loop
      vertex -39.12 8.47157 8
      vertex -44.495 23.99 8
      vertex -39.2787 8.5564 8
    endloop
  endfacet
  facet normal 0 0 1
    outer loop
      vertex -39.2787 8.5564 8
      vertex -44.495 23.99 8
      vertex -39.4426 8.63067 8
    endloop
  endfacet
  facet normal 0 0 1
    outer loop
      vertex -39.4426 8.63067 8
      vertex -44.495 23.99 8
      vertex -39.611 8.69406 8
    endloop
  endfacet
  facet normal 0 0 1
    outer loop
      vertex -39.611 8.69406 8
      vertex -44.495 23.99 8
      vertex -39.7832 8.7463 8
    endloop
  endfacet
  facet normal 0 0 1
    outer loop
      vertex -39.7832 8.7463 8
      vertex -44.495 23.99 8
      vertex -39.9585 8.78716 8
    endloop
  endfacet
  facet normal 0 0 1
    outer loop
      vertex -39.9585 8.78716 8
      vertex -44.495 23.99 8
      vertex -40.1361 8.81647 8
    endloop
  endfacet
  facet normal 0 0 1
    outer loop
      vertex -40.1361 8.81647 8
      vertex -44.495 23.99 8
      vertex -40.3151 8.83411 8
    endloop
  endfacet
  facet normal 0 0 1
    outer loop
      vertex -40.3151 8.83411 8
      vertex -44.495 23.99 8
      vertex -40.495 8.84 8
    endloop
  endfacet
  facet normal 0 0 1
    outer loop
      vertex -40.495 8.84 8
      vertex -44.495 23.99 8
      vertex -40.6749 8.83411 8
    endloop
  endfacet
  facet normal 0 0 1
    outer loop
      vertex -40.6749 8.83411 8
      vertex -44.495 23.99 8
      vertex -40.8539 8.81647 8
    endloop
  endfacet
  facet normal 0 0 1
    outer loop
      vertex -40.8539 8.81647 8
      vertex -44.495 23.99 8
      vertex -41.0315 8.78716 8
    endloop
  endfacet
  facet normal 0 0 1
    outer loop
      vertex -41.0315 8.78716 8
      vertex -44.495 23.99 8
      vertex -41.2068 8.7463 8
    endloop
  endfacet
  facet normal -0 0 1
    outer loop
      vertex -50.495 17.99 8
      vertex -41.2068 8.7463 8
      vertex -44.495 23.99 8
    endloop
  endfacet
  facet normal 0 0 1
    outer loop
      vertex -41.2068 8.7463 8
      vertex -50.495 17.99 8
      vertex -41.379 8.69406 8
    endloop
  endfacet
  facet normal 0 0 1
    outer loop
      vertex -43.2215 6.44895 8
      vertex -50.495 17.99 8
      vertex -43.2391 6.26986 8
    endloop
  endfacet
  facet normal 0 0 1
    outer loop
      vertex -43.1922 6.6265 8
      vertex -50.495 17.99 8
      vertex -43.2215 6.44895 8
    endloop
  endfacet
  facet normal 0 0 1
    outer loop
      vertex -43.1513 6.80175 8
      vertex -50.495 17.99 8
      vertex -43.1922 6.6265 8
    endloop
  endfacet
  facet normal 0 0 1
    outer loop
      vertex -43.0991 6.97396 8
      vertex -50.495 17.99 8
      vertex -43.1513 6.80175 8
    endloop
  endfacet
  facet normal 0 0 1
    outer loop
      vertex -43.0357 7.14238 8
      vertex -50.495 17.99 8
      vertex -43.0991 6.97396 8
    endloop
  endfacet
  facet normal 0 0 1
    outer loop
      vertex -42.9614 7.30629 8
      vertex -50.495 17.99 8
      vertex -43.0357 7.14238 8
    endloop
  endfacet
  facet normal 0 0 1
    outer loop
      vertex -42.8766 7.465 8
      vertex -50.495 17.99 8
      vertex -42.9614 7.30629 8
    endloop
  endfacet
  facet normal 0 0 1
    outer loop
      vertex -42.7815 7.61782 8
      vertex -50.495 17.99 8
      vertex -42.8766 7.465 8
    endloop
  endfacet
  facet normal 0 0 1
    outer loop
      vertex -42.6767 7.76409 8
      vertex -50.495 17.99 8
      vertex -42.7815 7.61782 8
    endloop
  endfacet
  facet normal 0 0 1
    outer loop
      vertex -42.5626 7.9032 8
      vertex -50.495 17.99 8
      vertex -42.6767 7.76409 8
    endloop
  endfacet
  facet normal 0 0 1
    outer loop
      vertex -42.4395 8.03454 8
      vertex -50.495 17.99 8
      vertex -42.5626 7.9032 8
    endloop
  endfacet
  facet normal 0 0 1
    outer loop
      vertex -42.3082 8.15756 8
      vertex -50.495 17.99 8
      vertex -42.4395 8.03454 8
    endloop
  endfacet
  facet normal 0 0 1
    outer loop
      vertex -42.1691 8.27172 8
      vertex -50.495 17.99 8
      vertex -42.3082 8.15756 8
    endloop
  endfacet
  facet normal 0 0 1
    outer loop
      vertex -42.0228 8.37654 8
      vertex -50.495 17.99 8
      vertex -42.1691 8.27172 8
    endloop
  endfacet
  facet normal 0 0 1
    outer loop
      vertex -41.87 8.47157 8
      vertex -50.495 17.99 8
      vertex -42.0228 8.37654 8
    endloop
  endfacet
  facet normal 0 0 1
    outer loop
      vertex -41.7113 8.5564 8
      vertex -50.495 17.99 8
      vertex -41.87 8.47157 8
    endloop
  endfacet
  facet normal 0 0 1
    outer loop
      vertex -41.5474 8.63067 8
      vertex -50.495 17.99 8
      vertex -41.7113 8.5564 8
    endloop
  endfacet
  facet normal 0 0 1
    outer loop
      vertex -41.379 8.69406 8
      vertex -50.495 17.99 8
      vertex -41.5474 8.63067 8
    endloop
  endfacet
  facet normal 0 0 1
    outer loop
      vertex 8.49028 -2.39528 8
      vertex 2.74911 -16.1101 8
      vertex 2.755 -16.29 8
    endloop
  endfacet
  facet normal 0 0 1
    outer loop
      vertex 3.86227 -5.27316 8
      vertex 2.73147 -15.9311 8
      vertex 2.74911 -16.1101 8
    endloop
  endfacet
  facet normal 0 0 1
    outer loop
      vertex 3.86227 -5.27316 8
      vertex 2.70216 -15.7535 8
      vertex 2.73147 -15.9311 8
    endloop
  endfacet
  facet normal 0 0 1
    outer loop
      vertex 3.86227 -5.27316 8
      vertex 2.6613 -15.5782 8
      vertex 2.70216 -15.7535 8
    endloop
  endfacet
  facet normal 0 0 1
    outer loop
      vertex 3.86227 -5.27316 8
      vertex 2.60906 -15.406 8
      vertex 2.6613 -15.5782 8
    endloop
  endfacet
  facet normal 0 0 1
    outer loop
      vertex 3.86227 -5.27316 8
      vertex 2.54567 -15.2376 8
      vertex 2.60906 -15.406 8
    endloop
  endfacet
  facet normal 0 0 1
    outer loop
      vertex 3.86227 -5.27316 8
      vertex 2.4714 -15.0737 8
      vertex 2.54567 -15.2376 8
    endloop
  endfacet
  facet normal 0 0 1
    outer loop
      vertex 3.86227 -5.27316 8
      vertex 2.38657 -14.915 8
      vertex 2.4714 -15.0737 8
    endloop
  endfacet
  facet normal 0 0 1
    outer loop
      vertex 1.38 -13.9084 8
      vertex 3.11083 -5.50111 8
      vertex 2.34608 -5.67942 8
    endloop
  endfacet
  facet normal 0 0 1
    outer loop
      vertex 3.86227 -5.27316 8
      vertex 2.29154 -14.7622 8
      vertex 2.38657 -14.915 8
    endloop
  endfacet
  facet normal 0 0 1
    outer loop
      vertex 3.86227 -5.27316 8
      vertex 2.18672 -14.6159 8
      vertex 2.29154 -14.7622 8
    endloop
  endfacet
  facet normal 0 0 1
    outer loop
      vertex 3.86227 -5.27316 8
      vertex 2.07256 -14.4768 8
      vertex 2.18672 -14.6159 8
    endloop
  endfacet
  facet normal 0 0 1
    outer loop
      vertex 3.86227 -5.27316 8
      vertex 1.94954 -14.3455 8
      vertex 2.07256 -14.4768 8
    endloop
  endfacet
  facet normal 0 0 1
    outer loop
      vertex 3.86227 -5.27316 8
      vertex 1.8182 -14.2224 8
      vertex 1.94954 -14.3455 8
    endloop
  endfacet
  facet normal 0 0 1
    outer loop
      vertex 3.11083 -5.50111 8
      vertex 1.67909 -14.1083 8
      vertex 1.8182 -14.2224 8
    endloop
  endfacet
  facet normal 0 0 1
    outer loop
      vertex 1.05738 -13.7493 8
      vertex 2.34608 -5.67942 8
      vertex 1.57131 -5.80734 8
    endloop
  endfacet
  facet normal 0 0 1
    outer loop
      vertex 3.11083 -5.50111 8
      vertex 1.53282 -14.0035 8
      vertex 1.67909 -14.1083 8
    endloop
  endfacet
  facet normal 0 0 1
    outer loop
      vertex 3.11083 -5.50111 8
      vertex 1.38 -13.9084 8
      vertex 1.53282 -14.0035 8
    endloop
  endfacet
  facet normal 0 0 1
    outer loop
      vertex 2.34608 -5.67942 8
      vertex 1.22129 -13.8236 8
      vertex 1.38 -13.9084 8
    endloop
  endfacet
  facet normal 0 0 1
    outer loop
      vertex 2.34608 -5.67942 8
      vertex 1.05738 -13.7493 8
      vertex 1.22129 -13.8236 8
    endloop
  endfacet
  facet normal 0 0 1
    outer loop
      vertex 1.57131 -5.80734 8
      vertex 0.888958 -13.6859 8
      vertex 1.05738 -13.7493 8
    endloop
  endfacet
  facet normal 0 0 1
    outer loop
      vertex 0.716752 -13.6337 8
      vertex 1.57131 -5.80734 8
      vertex 0.789837 -5.88431 8
    endloop
  endfacet
  facet normal 0 0 1
    outer loop
      vertex 1.57131 -5.80734 8
      vertex 0.716752 -13.6337 8
      vertex 0.888958 -13.6859 8
    endloop
  endfacet
  facet normal 0 0 1
    outer loop
      vertex 0.789837 -5.88431 8
      vertex 0.541498 -13.5928 8
      vertex 0.716752 -13.6337 8
    endloop
  endfacet
  facet normal 0 0 1
    outer loop
      vertex 0.789837 -5.88431 8
      vertex 0.363947 -13.5635 8
      vertex 0.541498 -13.5928 8
    endloop
  endfacet
  facet normal 0 0 1
    outer loop
      vertex 0.789837 -5.88431 8
      vertex 0.184858 -13.5459 8
      vertex 0.363947 -13.5635 8
    endloop
  endfacet
  facet normal -0 0 1
    outer loop
      vertex 0.00499916 -5.91 8
      vertex 0.184858 -13.5459 8
      vertex 0.789837 -5.88431 8
    endloop
  endfacet
  facet normal 0 0 1
    outer loop
      vertex 0.00499916 -5.91 8
      vertex 0.00499916 -13.54 8
      vertex 0.184858 -13.5459 8
    endloop
  endfacet
  facet normal 0 0 1
    outer loop
      vertex 0.00499916 -5.91 8
      vertex -0.174858 -13.5459 8
      vertex 0.00499916 -13.54 8
    endloop
  endfacet
  facet normal 0 0 1
    outer loop
      vertex -0.779837 -5.88431 8
      vertex -0.174858 -13.5459 8
      vertex 0.00499916 -5.91 8
    endloop
  endfacet
  facet normal 0 0 1
    outer loop
      vertex -0.174858 -13.5459 8
      vertex -0.779837 -5.88431 8
      vertex -0.353947 -13.5635 8
    endloop
  endfacet
  facet normal 0 0 1
    outer loop
      vertex -0.353947 -13.5635 8
      vertex -0.779837 -5.88431 8
      vertex -0.531498 -13.5928 8
    endloop
  endfacet
  facet normal 0 0 1
    outer loop
      vertex -0.531498 -13.5928 8
      vertex -0.779837 -5.88431 8
      vertex -0.706752 -13.6337 8
    endloop
  endfacet
  facet normal 0 0 1
    outer loop
      vertex -1.56131 -5.80734 8
      vertex -0.706752 -13.6337 8
      vertex -0.779837 -5.88431 8
    endloop
  endfacet
  facet normal 0 0 1
    outer loop
      vertex -0.706752 -13.6337 8
      vertex -1.56131 -5.80734 8
      vertex -0.878958 -13.6859 8
    endloop
  endfacet
  facet normal 0 0 1
    outer loop
      vertex -0.878958 -13.6859 8
      vertex -1.56131 -5.80734 8
      vertex -1.04738 -13.7493 8
    endloop
  endfacet
  facet normal 0 0 1
    outer loop
      vertex -2.33608 -5.67942 8
      vertex -1.04738 -13.7493 8
      vertex -1.56131 -5.80734 8
    endloop
  endfacet
  facet normal 0 0 1
    outer loop
      vertex -1.04738 -13.7493 8
      vertex -2.33608 -5.67942 8
      vertex -1.21129 -13.8236 8
    endloop
  endfacet
  facet normal 0 0 1
    outer loop
      vertex -1.21129 -13.8236 8
      vertex -2.33608 -5.67942 8
      vertex -1.37 -13.9084 8
    endloop
  endfacet
  facet normal 0 0 1
    outer loop
      vertex -3.10083 -5.50111 8
      vertex -1.37 -13.9084 8
      vertex -2.33608 -5.67942 8
    endloop
  endfacet
  facet normal 0 0 1
    outer loop
      vertex -1.37 -13.9084 8
      vertex -3.10083 -5.50111 8
      vertex -1.52282 -14.0035 8
    endloop
  endfacet
  facet normal 0 0 1
    outer loop
      vertex -1.52282 -14.0035 8
      vertex -3.10083 -5.50111 8
      vertex -1.66909 -14.1083 8
    endloop
  endfacet
  facet normal 0 0 1
    outer loop
      vertex -1.66909 -14.1083 8
      vertex -3.10083 -5.50111 8
      vertex -1.8082 -14.2224 8
    endloop
  endfacet
  facet normal 0 0 1
    outer loop
      vertex -3.85227 -5.27316 8
      vertex -1.8082 -14.2224 8
      vertex -3.10083 -5.50111 8
    endloop
  endfacet
  facet normal 0 0 1
    outer loop
      vertex -1.8082 -14.2224 8
      vertex -3.85227 -5.27316 8
      vertex -1.93954 -14.3455 8
    endloop
  endfacet
  facet normal 0 0 1
    outer loop
      vertex -1.93954 -14.3455 8
      vertex -3.85227 -5.27316 8
      vertex -2.06256 -14.4768 8
    endloop
  endfacet
  facet normal 0 0 1
    outer loop
      vertex -4.5872 -4.99655 8
      vertex -2.06256 -14.4768 8
      vertex -3.85227 -5.27316 8
    endloop
  endfacet
  facet normal 0 0 1
    outer loop
      vertex -2.06256 -14.4768 8
      vertex -4.5872 -4.99655 8
      vertex -2.17672 -14.6159 8
    endloop
  endfacet
  facet normal 0 0 1
    outer loop
      vertex -2.17672 -14.6159 8
      vertex -4.5872 -4.99655 8
      vertex -2.28154 -14.7622 8
    endloop
  endfacet
  facet normal 0 0 1
    outer loop
      vertex -5.30246 -4.67247 8
      vertex -2.28154 -14.7622 8
      vertex -4.5872 -4.99655 8
    endloop
  endfacet
  facet normal 0 0 1
    outer loop
      vertex -2.28154 -14.7622 8
      vertex -5.30246 -4.67247 8
      vertex -2.37657 -14.915 8
    endloop
  endfacet
  facet normal 0 0 1
    outer loop
      vertex -2.37657 -14.915 8
      vertex -5.30246 -4.67247 8
      vertex -2.4614 -15.0737 8
    endloop
  endfacet
  facet normal 0 0 1
    outer loop
      vertex -5.995 -4.3023 8
      vertex -2.4614 -15.0737 8
      vertex -5.30246 -4.67247 8
    endloop
  endfacet
  facet normal 0 0 1
    outer loop
      vertex -2.4614 -15.0737 8
      vertex -5.995 -4.3023 8
      vertex -2.53567 -15.2376 8
    endloop
  endfacet
  facet normal 0 0 1
    outer loop
      vertex -6.66184 -3.88764 8
      vertex -2.59906 -15.406 8
      vertex -5.995 -4.3023 8
    endloop
  endfacet
  facet normal 0 0 1
    outer loop
      vertex -2.53567 -15.2376 8
      vertex -5.995 -4.3023 8
      vertex -2.59906 -15.406 8
    endloop
  endfacet
  facet normal 0 0 1
    outer loop
      vertex 44.505 23.99 8
      vertex 50.505 17.99 8
      vertex 50.4921 18.3824 8
    endloop
  endfacet
  facet normal 0 0 1
    outer loop
      vertex 50.505 17.99 8
      vertex 43.2022 5.5535 8
      vertex 50.505 -18.61 8
    endloop
  endfacet
  facet normal 0 0 1
    outer loop
      vertex 44.505 23.99 8
      vertex 50.4921 18.3824 8
      vertex 50.4537 18.7731 8
    endloop
  endfacet
  facet normal -0 0 1
    outer loop
      vertex 43.1613 5.37825 8
      vertex 50.505 -18.61 8
      vertex 43.2022 5.5535 8
    endloop
  endfacet
  facet normal 0 0 1
    outer loop
      vertex 44.505 23.99 8
      vertex 50.4537 18.7731 8
      vertex 50.3897 19.1605 8
    endloop
  endfacet
  facet normal -0 0 1
    outer loop
      vertex 43.1091 5.20604 8
      vertex 50.505 -18.61 8
      vertex 43.1613 5.37825 8
    endloop
  endfacet
  facet normal 0 0 1
    outer loop
      vertex 44.505 23.99 8
      vertex 50.3897 19.1605 8
      vertex 50.3005 19.5429 8
    endloop
  endfacet
  facet normal -0 0 1
    outer loop
      vertex 43.0457 5.03762 8
      vertex 50.505 -18.61 8
      vertex 43.1091 5.20604 8
    endloop
  endfacet
  facet normal 0 0 1
    outer loop
      vertex 44.505 23.99 8
      vertex 50.3005 19.5429 8
      vertex 50.1866 19.9186 8
    endloop
  endfacet
  facet normal -0 0 1
    outer loop
      vertex 42.9714 4.87371 8
      vertex 50.505 -18.61 8
      vertex 43.0457 5.03762 8
    endloop
  endfacet
  facet normal 0 0 1
    outer loop
      vertex 44.505 23.99 8
      vertex 50.1866 19.9186 8
      vertex 50.0483 20.2861 8
    endloop
  endfacet
  facet normal -0 0 1
    outer loop
      vertex 42.8866 4.715 8
      vertex 50.505 -18.61 8
      vertex 42.9714 4.87371 8
    endloop
  endfacet
  facet normal 0 0 1
    outer loop
      vertex 44.505 23.99 8
      vertex 50.0483 20.2861 8
      vertex 49.8862 20.6437 8
    endloop
  endfacet
  facet normal -0 0 1
    outer loop
      vertex 42.7915 4.56218 8
      vertex 50.505 -18.61 8
      vertex 42.8866 4.715 8
    endloop
  endfacet
  facet normal 0 0 1
    outer loop
      vertex 44.505 23.99 8
      vertex 49.8862 20.6437 8
      vertex 49.7011 20.99 8
    endloop
  endfacet
  facet normal 0 0 1
    outer loop
      vertex 50.505 17.99 8
      vertex 43.2315 5.73105 8
      vertex 43.2022 5.5535 8
    endloop
  endfacet
  facet normal 0 0 1
    outer loop
      vertex 44.505 23.99 8
      vertex 49.7011 20.99 8
      vertex 49.4938 21.3234 8
    endloop
  endfacet
  facet normal -0 0 1
    outer loop
      vertex 42.6867 4.41591 8
      vertex 50.505 -18.61 8
      vertex 42.7915 4.56218 8
    endloop
  endfacet
  facet normal 0 0 1
    outer loop
      vertex 44.505 23.99 8
      vertex 49.4938 21.3234 8
      vertex 49.2651 21.6426 8
    endloop
  endfacet
  facet normal -0 0 1
    outer loop
      vertex 42.5726 4.2768 8
      vertex 50.505 -18.61 8
      vertex 42.6867 4.41591 8
    endloop
  endfacet
  facet normal 0 0 1
    outer loop
      vertex 44.505 23.99 8
      vertex 49.2651 21.6426 8
      vertex 49.016 21.9461 8
    endloop
  endfacet
  facet normal -0 0 1
    outer loop
      vertex 42.4495 4.14546 8
      vertex 50.505 -18.61 8
      vertex 42.5726 4.2768 8
    endloop
  endfacet
  facet normal 0 0 1
    outer loop
      vertex 44.505 23.99 8
      vertex 49.016 21.9461 8
      vertex 48.7476 22.2326 8
    endloop
  endfacet
  facet normal -0 0 1
    outer loop
      vertex 42.3182 4.02244 8
      vertex 50.505 -18.61 8
      vertex 42.4495 4.14546 8
    endloop
  endfacet
  facet normal 0 0 1
    outer loop
      vertex 44.505 23.99 8
      vertex 48.7476 22.2326 8
      vertex 48.4611 22.501 8
    endloop
  endfacet
  facet normal -0 0 1
    outer loop
      vertex 42.1791 3.90828 8
      vertex 50.505 -18.61 8
      vertex 42.3182 4.02244 8
    endloop
  endfacet
  facet normal 0 0 1
    outer loop
      vertex 44.505 23.99 8
      vertex 48.4611 22.501 8
      vertex 48.1576 22.7501 8
    endloop
  endfacet
  facet normal -0 0 1
    outer loop
      vertex 42.0328 3.80346 8
      vertex 50.505 -18.61 8
      vertex 42.1791 3.90828 8
    endloop
  endfacet
  facet normal 0 0 1
    outer loop
      vertex 44.505 23.99 8
      vertex 48.1576 22.7501 8
      vertex 47.8384 22.9788 8
    endloop
  endfacet
  facet normal 0 0 1
    outer loop
      vertex 50.505 17.99 8
      vertex 43.2491 5.91014 8
      vertex 43.2315 5.73105 8
    endloop
  endfacet
  facet normal 0 0 1
    outer loop
      vertex 44.505 23.99 8
      vertex 47.8384 22.9788 8
      vertex 47.505 23.1861 8
    endloop
  endfacet
  facet normal -0 0 1
    outer loop
      vertex 41.88 3.70843 8
      vertex 50.505 -18.61 8
      vertex 42.0328 3.80346 8
    endloop
  endfacet
  facet normal 0 0 1
    outer loop
      vertex 44.505 23.99 8
      vertex 47.505 23.1861 8
      vertex 47.1587 23.3712 8
    endloop
  endfacet
  facet normal -0 0 1
    outer loop
      vertex 41.7213 3.6236 8
      vertex 50.505 -18.61 8
      vertex 41.88 3.70843 8
    endloop
  endfacet
  facet normal 0 0 1
    outer loop
      vertex 44.505 23.99 8
      vertex 47.1587 23.3712 8
      vertex 46.8011 23.5333 8
    endloop
  endfacet
  facet normal -0 0 1
    outer loop
      vertex 41.5574 3.54933 8
      vertex 50.505 -18.61 8
      vertex 41.7213 3.6236 8
    endloop
  endfacet
  facet normal 0 0 1
    outer loop
      vertex 44.505 23.99 8
      vertex 46.8011 23.5333 8
      vertex 46.4336 23.6716 8
    endloop
  endfacet
  facet normal -0 0 1
    outer loop
      vertex 41.389 3.48594 8
      vertex 50.505 -18.61 8
      vertex 41.5574 3.54933 8
    endloop
  endfacet
  facet normal 0 0 1
    outer loop
      vertex 44.505 23.99 8
      vertex 46.4336 23.6716 8
      vertex 46.0579 23.7855 8
    endloop
  endfacet
  facet normal -0 0 1
    outer loop
      vertex 41.2168 3.4337 8
      vertex 50.505 -18.61 8
      vertex 41.389 3.48594 8
    endloop
  endfacet
  facet normal 0 0 1
    outer loop
      vertex 44.505 23.99 8
      vertex 46.0579 23.7855 8
      vertex 45.6755 23.8747 8
    endloop
  endfacet
  facet normal -0 0 1
    outer loop
      vertex 41.0415 3.39284 8
      vertex 50.505 -18.61 8
      vertex 41.2168 3.4337 8
    endloop
  endfacet
  facet normal 0 0 1
    outer loop
      vertex 44.505 23.99 8
      vertex 45.6755 23.8747 8
      vertex 45.2881 23.9387 8
    endloop
  endfacet
  facet normal -0 0 1
    outer loop
      vertex 40.8639 3.36353 8
      vertex 50.505 -18.61 8
      vertex 41.0415 3.39284 8
    endloop
  endfacet
  facet normal 0 0 1
    outer loop
      vertex 44.505 23.99 8
      vertex 45.2881 23.9387 8
      vertex 44.8974 23.9771 8
    endloop
  endfacet
  facet normal 0 0 1
    outer loop
      vertex 50.505 17.99 8
      vertex 43.255 6.09 8
      vertex 43.2491 5.91014 8
    endloop
  endfacet
  facet normal 0 0 1
    outer loop
      vertex 50.505 17.99 8
      vertex 44.505 23.99 8
      vertex 41.2168 8.7463 8
    endloop
  endfacet
  facet normal -0 0 1
    outer loop
      vertex 40.6849 3.34589 8
      vertex 50.505 -18.61 8
      vertex 40.8639 3.36353 8
    endloop
  endfacet
  facet normal -0 0 1
    outer loop
      vertex 40.505 3.34 8
      vertex 50.505 -18.61 8
      vertex 40.6849 3.34589 8
    endloop
  endfacet
  facet normal 0 0 1
    outer loop
      vertex 50.505 17.99 8
      vertex 43.2491 6.26986 8
      vertex 43.255 6.09 8
    endloop
  endfacet
  facet normal 0 0 1
    outer loop
      vertex 50.505 17.99 8
      vertex 43.2315 6.44895 8
      vertex 43.2491 6.26986 8
    endloop
  endfacet
  facet normal 0 0 1
    outer loop
      vertex 50.505 17.99 8
      vertex 43.2022 6.6265 8
      vertex 43.2315 6.44895 8
    endloop
  endfacet
  facet normal 0 0 1
    outer loop
      vertex 50.505 17.99 8
      vertex 43.1613 6.80175 8
      vertex 43.2022 6.6265 8
    endloop
  endfacet
  facet normal 0 0 1
    outer loop
      vertex 50.505 17.99 8
      vertex 43.1091 6.97396 8
      vertex 43.1613 6.80175 8
    endloop
  endfacet
  facet normal 0 0 1
    outer loop
      vertex 50.505 17.99 8
      vertex 43.0457 7.14238 8
      vertex 43.1091 6.97396 8
    endloop
  endfacet
  facet normal 0 0 1
    outer loop
      vertex 50.505 17.99 8
      vertex 42.9714 7.30629 8
      vertex 43.0457 7.14238 8
    endloop
  endfacet
  facet normal 0 0 1
    outer loop
      vertex 50.505 17.99 8
      vertex 42.8866 7.465 8
      vertex 42.9714 7.30629 8
    endloop
  endfacet
  facet normal 0 0 1
    outer loop
      vertex 50.505 17.99 8
      vertex 42.7915 7.61782 8
      vertex 42.8866 7.465 8
    endloop
  endfacet
  facet normal 0 0 1
    outer loop
      vertex 50.505 17.99 8
      vertex 42.6867 7.76409 8
      vertex 42.7915 7.61782 8
    endloop
  endfacet
  facet normal 0 0 1
    outer loop
      vertex 50.505 17.99 8
      vertex 42.5726 7.9032 8
      vertex 42.6867 7.76409 8
    endloop
  endfacet
  facet normal 0 0 1
    outer loop
      vertex 50.505 17.99 8
      vertex 42.4495 8.03454 8
      vertex 42.5726 7.9032 8
    endloop
  endfacet
  facet normal 0 0 1
    outer loop
      vertex 50.505 17.99 8
      vertex 42.3182 8.15756 8
      vertex 42.4495 8.03454 8
    endloop
  endfacet
  facet normal 0 0 1
    outer loop
      vertex 50.505 17.99 8
      vertex 42.1791 8.27172 8
      vertex 42.3182 8.15756 8
    endloop
  endfacet
  facet normal 0 0 1
    outer loop
      vertex 50.505 17.99 8
      vertex 42.0328 8.37654 8
      vertex 42.1791 8.27172 8
    endloop
  endfacet
  facet normal 0 0 1
    outer loop
      vertex 50.505 17.99 8
      vertex 41.88 8.47157 8
      vertex 42.0328 8.37654 8
    endloop
  endfacet
  facet normal 0 0 1
    outer loop
      vertex 50.505 17.99 8
      vertex 41.7213 8.5564 8
      vertex 41.88 8.47157 8
    endloop
  endfacet
  facet normal 0 0 1
    outer loop
      vertex 50.505 17.99 8
      vertex 41.5574 8.63067 8
      vertex 41.7213 8.5564 8
    endloop
  endfacet
  facet normal 0 0 1
    outer loop
      vertex 50.505 17.99 8
      vertex 41.389 8.69406 8
      vertex 41.5574 8.63067 8
    endloop
  endfacet
  facet normal 0 0 1
    outer loop
      vertex 50.505 17.99 8
      vertex 41.2168 8.7463 8
      vertex 41.389 8.69406 8
    endloop
  endfacet
  facet normal 0 0 1
    outer loop
      vertex 44.505 23.99 8
      vertex 41.0415 8.78716 8
      vertex 41.2168 8.7463 8
    endloop
  endfacet
  facet normal 0 0 1
    outer loop
      vertex 44.505 23.99 8
      vertex 40.8639 8.81647 8
      vertex 41.0415 8.78716 8
    endloop
  endfacet
  facet normal 0 0 1
    outer loop
      vertex 44.505 23.99 8
      vertex 40.6849 8.83411 8
      vertex 40.8639 8.81647 8
    endloop
  endfacet
  facet normal 0 0 1
    outer loop
      vertex 44.505 23.99 8
      vertex 40.505 8.84 8
      vertex 40.6849 8.83411 8
    endloop
  endfacet
  facet normal 0 0 1
    outer loop
      vertex 44.505 23.99 8
      vertex 40.3251 8.83411 8
      vertex 40.505 8.84 8
    endloop
  endfacet
  facet normal 0 0 1
    outer loop
      vertex 44.505 23.99 8
      vertex 40.1461 8.81647 8
      vertex 40.3251 8.83411 8
    endloop
  endfacet
  facet normal 0 0 1
    outer loop
      vertex 44.505 23.99 8
      vertex 39.9685 8.78716 8
      vertex 40.1461 8.81647 8
    endloop
  endfacet
  facet normal 0 0 1
    outer loop
      vertex 44.505 23.99 8
      vertex 39.7932 8.7463 8
      vertex 39.9685 8.78716 8
    endloop
  endfacet
  facet normal 0 0 1
    outer loop
      vertex 44.505 23.99 8
      vertex 39.621 8.69406 8
      vertex 39.7932 8.7463 8
    endloop
  endfacet
  facet normal 0 0 1
    outer loop
      vertex 44.505 23.99 8
      vertex 39.4526 8.63067 8
      vertex 39.621 8.69406 8
    endloop
  endfacet
  facet normal 0 0 1
    outer loop
      vertex 44.505 23.99 8
      vertex 39.2887 8.5564 8
      vertex 39.4526 8.63067 8
    endloop
  endfacet
  facet normal 0 0 1
    outer loop
      vertex 44.505 23.99 8
      vertex 39.13 8.47157 8
      vertex 39.2887 8.5564 8
    endloop
  endfacet
  facet normal 0 0 1
    outer loop
      vertex 44.505 23.99 8
      vertex 38.9772 8.37654 8
      vertex 39.13 8.47157 8
    endloop
  endfacet
  facet normal 0 0 1
    outer loop
      vertex 44.505 23.99 8
      vertex 38.8309 8.27172 8
      vertex 38.9772 8.37654 8
    endloop
  endfacet
  facet normal 0 0 1
    outer loop
      vertex 44.505 23.99 8
      vertex 38.6918 8.15756 8
      vertex 38.8309 8.27172 8
    endloop
  endfacet
  facet normal -0 0 1
    outer loop
      vertex 12.005 23.99 8
      vertex 38.6918 8.15756 8
      vertex 44.505 23.99 8
    endloop
  endfacet
  facet normal 0 0 1
    outer loop
      vertex 38.6918 8.15756 8
      vertex 12.005 23.99 8
      vertex 38.5605 8.03454 8
    endloop
  endfacet
  facet normal 0 0 1
    outer loop
      vertex 38.5605 8.03454 8
      vertex 12.005 23.99 8
      vertex 38.4374 7.9032 8
    endloop
  endfacet
  facet normal 0 0 1
    outer loop
      vertex 38.4374 7.9032 8
      vertex 12.005 23.99 8
      vertex 38.3233 7.76409 8
    endloop
  endfacet
  facet normal 0 0 1
    outer loop
      vertex 38.3233 7.76409 8
      vertex 12.005 23.99 8
      vertex 38.2185 7.61782 8
    endloop
  endfacet
  facet normal 0 0 1
    outer loop
      vertex 38.2185 7.61782 8
      vertex 12.005 23.99 8
      vertex 38.1234 7.465 8
    endloop
  endfacet
  facet normal 0 0 1
    outer loop
      vertex 12.005 6.09 8
      vertex 38.1234 7.465 8
      vertex 12.005 23.99 8
    endloop
  endfacet
  facet normal 0 0 1
    outer loop
      vertex 37.7785 6.44895 8
      vertex 12.005 6.09 8
      vertex 37.7609 6.26986 8
    endloop
  endfacet
  facet normal 0 0 1
    outer loop
      vertex 37.8078 6.6265 8
      vertex 12.005 6.09 8
      vertex 37.7785 6.44895 8
    endloop
  endfacet
  facet normal 0 0 1
    outer loop
      vertex 37.8487 6.80175 8
      vertex 12.005 6.09 8
      vertex 37.8078 6.6265 8
    endloop
  endfacet
  facet normal 0 0 1
    outer loop
      vertex 37.9009 6.97396 8
      vertex 12.005 6.09 8
      vertex 37.8487 6.80175 8
    endloop
  endfacet
  facet normal 0 0 1
    outer loop
      vertex 37.9643 7.14238 8
      vertex 12.005 6.09 8
      vertex 37.9009 6.97396 8
    endloop
  endfacet
  facet normal 0 0 1
    outer loop
      vertex 38.0386 7.30629 8
      vertex 12.005 6.09 8
      vertex 37.9643 7.14238 8
    endloop
  endfacet
  facet normal 0 0 1
    outer loop
      vertex 38.1234 7.465 8
      vertex 12.005 6.09 8
      vertex 38.0386 7.30629 8
    endloop
  endfacet
  facet normal 0 0 1
    outer loop
      vertex 40.3251 3.34589 8
      vertex 50.505 -18.61 8
      vertex 40.505 3.34 8
    endloop
  endfacet
  facet normal 0 0 1
    outer loop
      vertex 40.1461 3.36353 8
      vertex 50.505 -18.61 8
      vertex 40.3251 3.34589 8
    endloop
  endfacet
  facet normal 0 0 1
    outer loop
      vertex 39.9685 3.39284 8
      vertex 50.505 -18.61 8
      vertex 40.1461 3.36353 8
    endloop
  endfacet
  facet normal 0 0 1
    outer loop
      vertex 50.505 -18.61 8
      vertex 44.505 -24.61 8
      vertex 50.4921 -19.0024 8
    endloop
  endfacet
  facet normal 0 0 1
    outer loop
      vertex 50.4921 -19.0024 8
      vertex 44.505 -24.61 8
      vertex 50.4537 -19.3931 8
    endloop
  endfacet
  facet normal 0 0 1
    outer loop
      vertex 50.3897 -19.7805 8
      vertex 44.505 -24.61 8
      vertex 50.3005 -20.1629 8
    endloop
  endfacet
  facet normal 0 0 1
    outer loop
      vertex 50.3005 -20.1629 8
      vertex 44.505 -24.61 8
      vertex 50.1866 -20.5386 8
    endloop
  endfacet
  facet normal 0 0 1
    outer loop
      vertex 50.1866 -20.5386 8
      vertex 44.505 -24.61 8
      vertex 50.0483 -20.9061 8
    endloop
  endfacet
  facet normal 0 0 1
    outer loop
      vertex 49.8862 -21.2637 8
      vertex 44.505 -24.61 8
      vertex 49.7011 -21.61 8
    endloop
  endfacet
  facet normal 0 0 1
    outer loop
      vertex 49.7011 -21.61 8
      vertex 44.505 -24.61 8
      vertex 49.4938 -21.9434 8
    endloop
  endfacet
  facet normal 0 0 1
    outer loop
      vertex 49.2651 -22.2626 8
      vertex 44.505 -24.61 8
      vertex 49.016 -22.5661 8
    endloop
  endfacet
  facet normal 0 0 1
    outer loop
      vertex 49.016 -22.5661 8
      vertex 44.505 -24.61 8
      vertex 48.7476 -22.8526 8
    endloop
  endfacet
  facet normal 0 0 1
    outer loop
      vertex 48.7476 -22.8526 8
      vertex 44.505 -24.61 8
      vertex 48.4611 -23.121 8
    endloop
  endfacet
  facet normal 0 0 1
    outer loop
      vertex 48.1576 -23.3701 8
      vertex 44.505 -24.61 8
      vertex 47.8384 -23.5988 8
    endloop
  endfacet
  facet normal 0 0 1
    outer loop
      vertex 47.8384 -23.5988 8
      vertex 44.505 -24.61 8
      vertex 47.505 -23.8061 8
    endloop
  endfacet
  facet normal 0 0 1
    outer loop
      vertex 47.505 -23.8061 8
      vertex 44.505 -24.61 8
      vertex 47.1587 -23.9912 8
    endloop
  endfacet
  facet normal 0 0 1
    outer loop
      vertex 46.8011 -24.1533 8
      vertex 44.505 -24.61 8
      vertex 46.4336 -24.2916 8
    endloop
  endfacet
  facet normal 0 0 1
    outer loop
      vertex 46.4336 -24.2916 8
      vertex 44.505 -24.61 8
      vertex 46.0579 -24.4055 8
    endloop
  endfacet
  facet normal 0 0 1
    outer loop
      vertex 46.0579 -24.4055 8
      vertex 44.505 -24.61 8
      vertex 45.6755 -24.4947 8
    endloop
  endfacet
  facet normal 0 0 1
    outer loop
      vertex 45.2881 -24.5587 8
      vertex 44.505 -24.61 8
      vertex 44.8974 -24.5971 8
    endloop
  endfacet
  facet normal 0 0 1
    outer loop
      vertex 45.6755 -24.4947 8
      vertex 44.505 -24.61 8
      vertex 45.2881 -24.5587 8
    endloop
  endfacet
  facet normal 0 0 1
    outer loop
      vertex 47.1587 -23.9912 8
      vertex 44.505 -24.61 8
      vertex 46.8011 -24.1533 8
    endloop
  endfacet
  facet normal 0 0 1
    outer loop
      vertex 48.4611 -23.121 8
      vertex 44.505 -24.61 8
      vertex 48.1576 -23.3701 8
    endloop
  endfacet
  facet normal 0 0 1
    outer loop
      vertex 49.4938 -21.9434 8
      vertex 44.505 -24.61 8
      vertex 49.2651 -22.2626 8
    endloop
  endfacet
  facet normal 0 0 1
    outer loop
      vertex 50.0483 -20.9061 8
      vertex 44.505 -24.61 8
      vertex 49.8862 -21.2637 8
    endloop
  endfacet
  facet normal 0 0 1
    outer loop
      vertex 50.4537 -19.3931 8
      vertex 44.505 -24.61 8
      vertex 50.3897 -19.7805 8
    endloop
  endfacet
  facet normal 0 0 1
    outer loop
      vertex 50.505 -18.61 8
      vertex 39.9685 3.39284 8
      vertex 44.505 -24.61 8
    endloop
  endfacet
  facet normal 0 0 1
    outer loop
      vertex 39.7932 3.4337 8
      vertex 44.505 -24.61 8
      vertex 39.9685 3.39284 8
    endloop
  endfacet
  facet normal 0 0 1
    outer loop
      vertex 39.621 3.48594 8
      vertex 44.505 -24.61 8
      vertex 39.7932 3.4337 8
    endloop
  endfacet
  facet normal 0 0 1
    outer loop
      vertex 39.4526 3.54933 8
      vertex 44.505 -24.61 8
      vertex 39.621 3.48594 8
    endloop
  endfacet
  facet normal 0 0 1
    outer loop
      vertex 39.2887 3.6236 8
      vertex 44.505 -24.61 8
      vertex 39.4526 3.54933 8
    endloop
  endfacet
  facet normal 0 0 1
    outer loop
      vertex 39.13 3.70843 8
      vertex 44.505 -24.61 8
      vertex 39.2887 3.6236 8
    endloop
  endfacet
  facet normal 0 0 1
    outer loop
      vertex 38.9772 3.80346 8
      vertex 44.505 -24.61 8
      vertex 39.13 3.70843 8
    endloop
  endfacet
  facet normal 0 0 1
    outer loop
      vertex 38.8309 3.90828 8
      vertex 44.505 -24.61 8
      vertex 38.9772 3.80346 8
    endloop
  endfacet
  facet normal 0 0 1
    outer loop
      vertex 9.98263 -0.576842 8
      vertex 38.8309 3.90828 8
      vertex 38.6918 4.02244 8
    endloop
  endfacet
  facet normal 0 0 1
    outer loop
      vertex 10.3973 0.0899992 8
      vertex 38.6918 4.02244 8
      vertex 38.5605 4.14546 8
    endloop
  endfacet
  facet normal 0 0 1
    outer loop
      vertex 10.3973 0.0899992 8
      vertex 38.5605 4.14546 8
      vertex 38.4374 4.2768 8
    endloop
  endfacet
  facet normal 0 0 1
    outer loop
      vertex 10.7675 0.782536 8
      vertex 38.4374 4.2768 8
      vertex 38.3233 4.41591 8
    endloop
  endfacet
  facet normal 0 0 1
    outer loop
      vertex 11.0916 1.4978 8
      vertex 38.3233 4.41591 8
      vertex 38.2185 4.56218 8
    endloop
  endfacet
  facet normal 0 0 1
    outer loop
      vertex 11.0916 1.4978 8
      vertex 38.2185 4.56218 8
      vertex 38.1234 4.715 8
    endloop
  endfacet
  facet normal 0 0 1
    outer loop
      vertex 11.3682 2.23273 8
      vertex 38.1234 4.715 8
      vertex 38.0386 4.87371 8
    endloop
  endfacet
  facet normal 0 0 1
    outer loop
      vertex 11.5961 2.98417 8
      vertex 38.0386 4.87371 8
      vertex 37.9643 5.03762 8
    endloop
  endfacet
  facet normal 0 0 1
    outer loop
      vertex 11.5961 2.98417 8
      vertex 37.9643 5.03762 8
      vertex 37.9009 5.20604 8
    endloop
  endfacet
  facet normal 0 0 1
    outer loop
      vertex 11.7744 3.74892 8
      vertex 37.9009 5.20604 8
      vertex 37.8487 5.37825 8
    endloop
  endfacet
  facet normal 0 0 1
    outer loop
      vertex 11.9023 4.52369 8
      vertex 37.8487 5.37825 8
      vertex 37.8078 5.5535 8
    endloop
  endfacet
  facet normal 0 0 1
    outer loop
      vertex 37.7609 6.26986 8
      vertex 12.005 6.09 8
      vertex 37.755 6.09 8
    endloop
  endfacet
  facet normal 0 0 1
    outer loop
      vertex 37.755 6.09 8
      vertex 12.005 6.09 8
      vertex 37.7609 5.91014 8
    endloop
  endfacet
  facet normal 0 0 1
    outer loop
      vertex 11.9793 5.30516 8
      vertex 37.7609 5.91014 8
      vertex 12.005 6.09 8
    endloop
  endfacet
  facet normal 0 0 1
    outer loop
      vertex 37.7609 5.91014 8
      vertex 11.9793 5.30516 8
      vertex 37.7785 5.73105 8
    endloop
  endfacet
  facet normal 0 0 1
    outer loop
      vertex 37.7785 5.73105 8
      vertex 11.9793 5.30516 8
      vertex 37.8078 5.5535 8
    endloop
  endfacet
  facet normal 0 0 1
    outer loop
      vertex 11.9023 4.52369 8
      vertex 37.8078 5.5535 8
      vertex 11.9793 5.30516 8
    endloop
  endfacet
  facet normal 0 0 1
    outer loop
      vertex 37.8487 5.37825 8
      vertex 11.9023 4.52369 8
      vertex 11.7744 3.74892 8
    endloop
  endfacet
  facet normal 0 0 1
    outer loop
      vertex 37.9009 5.20604 8
      vertex 11.7744 3.74892 8
      vertex 11.5961 2.98417 8
    endloop
  endfacet
  facet normal 0 0 1
    outer loop
      vertex 38.0386 4.87371 8
      vertex 11.5961 2.98417 8
      vertex 11.3682 2.23273 8
    endloop
  endfacet
  facet normal 0 0 1
    outer loop
      vertex 38.1234 4.715 8
      vertex 11.3682 2.23273 8
      vertex 11.0916 1.4978 8
    endloop
  endfacet
  facet normal 0 0 1
    outer loop
      vertex 38.3233 4.41591 8
      vertex 11.0916 1.4978 8
      vertex 10.7675 0.782536 8
    endloop
  endfacet
  facet normal 0 0 1
    outer loop
      vertex 38.4374 4.2768 8
      vertex 10.7675 0.782536 8
      vertex 10.3973 0.0899992 8
    endloop
  endfacet
  facet normal 0 0 1
    outer loop
      vertex 38.6918 4.02244 8
      vertex 10.3973 0.0899992 8
      vertex 9.98263 -0.576842 8
    endloop
  endfacet
  facet normal 0 0 1
    outer loop
      vertex 38.8309 3.90828 8
      vertex 9.98263 -0.576842 8
      vertex 44.505 -24.61 8
    endloop
  endfacet
  facet normal -0 0 1
    outer loop
      vertex 9.52524 -1.21514 8
      vertex 44.505 -24.61 8
      vertex 9.98263 -0.576842 8
    endloop
  endfacet
  facet normal -0 0 1
    outer loop
      vertex 9.02708 -1.82215 8
      vertex 44.505 -24.61 8
      vertex 9.52524 -1.21514 8
    endloop
  endfacet
  facet normal -0 0 1
    outer loop
      vertex 8.49028 -2.39528 8
      vertex 44.505 -24.61 8
      vertex 9.02708 -1.82215 8
    endloop
  endfacet
  facet normal 0 0 1
    outer loop
      vertex 2.74911 -16.1101 8
      vertex 8.49028 -2.39528 8
      vertex 7.91715 -2.93208 8
    endloop
  endfacet
  facet normal 0 0 1
    outer loop
      vertex 2.74911 -16.1101 8
      vertex 7.91715 -2.93208 8
      vertex 7.31014 -3.43024 8
    endloop
  endfacet
  facet normal 0 0 1
    outer loop
      vertex 2.74911 -16.1101 8
      vertex 7.31014 -3.43024 8
      vertex 6.67184 -3.88764 8
    endloop
  endfacet
  facet normal 0 0 1
    outer loop
      vertex 2.74911 -16.1101 8
      vertex 6.67184 -3.88764 8
      vertex 6.005 -4.3023 8
    endloop
  endfacet
  facet normal 0 0 1
    outer loop
      vertex 2.74911 -16.1101 8
      vertex 6.005 -4.3023 8
      vertex 5.31246 -4.67247 8
    endloop
  endfacet
  facet normal 0 0 1
    outer loop
      vertex 2.74911 -16.1101 8
      vertex 5.31246 -4.67247 8
      vertex 4.5972 -4.99655 8
    endloop
  endfacet
  facet normal 0 0 1
    outer loop
      vertex 2.74911 -16.1101 8
      vertex 4.5972 -4.99655 8
      vertex 3.86227 -5.27316 8
    endloop
  endfacet
  facet normal 0 0 1
    outer loop
      vertex 1.8182 -14.2224 8
      vertex 3.86227 -5.27316 8
      vertex 3.11083 -5.50111 8
    endloop
  endfacet
  facet normal 0 0 1
    outer loop
      vertex 8.49028 -2.39528 8
      vertex 2.755 -16.29 8
      vertex 44.505 -24.61 8
    endloop
  endfacet
  facet normal -0 0 1
    outer loop
      vertex 2.74911 -16.4699 8
      vertex 44.505 -24.61 8
      vertex 2.755 -16.29 8
    endloop
  endfacet
  facet normal -0 0 1
    outer loop
      vertex 2.73147 -16.6489 8
      vertex 44.505 -24.61 8
      vertex 2.74911 -16.4699 8
    endloop
  endfacet
  facet normal -0 0 1
    outer loop
      vertex 2.70216 -16.8265 8
      vertex 44.505 -24.61 8
      vertex 2.73147 -16.6489 8
    endloop
  endfacet
  facet normal -0 0 1
    outer loop
      vertex 2.6613 -17.0018 8
      vertex 44.505 -24.61 8
      vertex 2.70216 -16.8265 8
    endloop
  endfacet
  facet normal -0 0 1
    outer loop
      vertex 2.60906 -17.174 8
      vertex 44.505 -24.61 8
      vertex 2.6613 -17.0018 8
    endloop
  endfacet
  facet normal -0 0 1
    outer loop
      vertex 2.54567 -17.3424 8
      vertex 44.505 -24.61 8
      vertex 2.60906 -17.174 8
    endloop
  endfacet
  facet normal -0 0 1
    outer loop
      vertex 2.4714 -17.5063 8
      vertex 44.505 -24.61 8
      vertex 2.54567 -17.3424 8
    endloop
  endfacet
  facet normal -0 0 1
    outer loop
      vertex 2.38657 -17.665 8
      vertex 44.505 -24.61 8
      vertex 2.4714 -17.5063 8
    endloop
  endfacet
  facet normal -0 0 1
    outer loop
      vertex 2.29154 -17.8178 8
      vertex 44.505 -24.61 8
      vertex 2.38657 -17.665 8
    endloop
  endfacet
  facet normal -0 0 1
    outer loop
      vertex 2.18672 -17.9641 8
      vertex 44.505 -24.61 8
      vertex 2.29154 -17.8178 8
    endloop
  endfacet
  facet normal -0 0 1
    outer loop
      vertex 2.07256 -18.1032 8
      vertex 44.505 -24.61 8
      vertex 2.18672 -17.9641 8
    endloop
  endfacet
  facet normal -0 0 1
    outer loop
      vertex 1.94954 -18.2345 8
      vertex 44.505 -24.61 8
      vertex 2.07256 -18.1032 8
    endloop
  endfacet
  facet normal -0 0 1
    outer loop
      vertex 1.8182 -18.3576 8
      vertex 44.505 -24.61 8
      vertex 1.94954 -18.2345 8
    endloop
  endfacet
  facet normal -0 0 1
    outer loop
      vertex 1.67909 -18.4717 8
      vertex 44.505 -24.61 8
      vertex 1.8182 -18.3576 8
    endloop
  endfacet
  facet normal -0 0 1
    outer loop
      vertex 1.53282 -18.5765 8
      vertex 44.505 -24.61 8
      vertex 1.67909 -18.4717 8
    endloop
  endfacet
  facet normal -0 0 1
    outer loop
      vertex 1.38 -18.6716 8
      vertex 44.505 -24.61 8
      vertex 1.53282 -18.5765 8
    endloop
  endfacet
  facet normal -0 0 1
    outer loop
      vertex 1.22129 -18.7564 8
      vertex 44.505 -24.61 8
      vertex 1.38 -18.6716 8
    endloop
  endfacet
  facet normal -0 0 1
    outer loop
      vertex 1.05738 -18.8307 8
      vertex 44.505 -24.61 8
      vertex 1.22129 -18.7564 8
    endloop
  endfacet
  facet normal -0 0 1
    outer loop
      vertex 0.888958 -18.8941 8
      vertex 44.505 -24.61 8
      vertex 1.05738 -18.8307 8
    endloop
  endfacet
  facet normal -0 0 1
    outer loop
      vertex 0.716752 -18.9463 8
      vertex 44.505 -24.61 8
      vertex 0.888958 -18.8941 8
    endloop
  endfacet
  facet normal -0 0 1
    outer loop
      vertex 0.541498 -18.9872 8
      vertex 44.505 -24.61 8
      vertex 0.716752 -18.9463 8
    endloop
  endfacet
  facet normal -0 0 1
    outer loop
      vertex 0.363947 -19.0165 8
      vertex 44.505 -24.61 8
      vertex 0.541498 -18.9872 8
    endloop
  endfacet
  facet normal -0 0 1
    outer loop
      vertex 0.184858 -19.0341 8
      vertex 44.505 -24.61 8
      vertex 0.363947 -19.0165 8
    endloop
  endfacet
  facet normal -0 0 1
    outer loop
      vertex 0.00499916 -19.04 8
      vertex 44.505 -24.61 8
      vertex 0.184858 -19.0341 8
    endloop
  endfacet
  facet normal 0 0 1
    outer loop
      vertex -44.495 -24.61 8
      vertex 0.00499916 -19.04 8
      vertex -0.174858 -19.0341 8
    endloop
  endfacet
  facet normal 0 0 1
    outer loop
      vertex -44.495 -24.61 8
      vertex -0.174858 -19.0341 8
      vertex -0.353947 -19.0165 8
    endloop
  endfacet
  facet normal 0 0 1
    outer loop
      vertex -2.59906 -15.406 8
      vertex -6.66184 -3.88764 8
      vertex -2.6513 -15.5782 8
    endloop
  endfacet
  facet normal 0 0 1
    outer loop
      vertex -7.30014 -3.43024 8
      vertex -2.6513 -15.5782 8
      vertex -6.66184 -3.88764 8
    endloop
  endfacet
  facet normal 0 0 1
    outer loop
      vertex -2.6513 -15.5782 8
      vertex -7.30014 -3.43024 8
      vertex -2.69216 -15.7535 8
    endloop
  endfacet
  facet normal 0 0 1
    outer loop
      vertex -2.69216 -15.7535 8
      vertex -7.30014 -3.43024 8
      vertex -2.72147 -15.9311 8
    endloop
  endfacet
  facet normal 0 0 1
    outer loop
      vertex -7.90715 -2.93208 8
      vertex -2.72147 -15.9311 8
      vertex -7.30014 -3.43024 8
    endloop
  endfacet
  facet normal 0 0 1
    outer loop
      vertex -2.72147 -15.9311 8
      vertex -7.90715 -2.93208 8
      vertex -2.73911 -16.1101 8
    endloop
  endfacet
  facet normal 0 0 1
    outer loop
      vertex -8.48028 -2.39528 8
      vertex -2.73911 -16.1101 8
      vertex -7.90715 -2.93208 8
    endloop
  endfacet
  facet normal 0 0 1
    outer loop
      vertex -2.73911 -16.1101 8
      vertex -8.48028 -2.39528 8
      vertex -2.745 -16.29 8
    endloop
  endfacet
  facet normal 0 0 1
    outer loop
      vertex -2.745 -16.29 8
      vertex -8.48028 -2.39528 8
      vertex -2.73911 -16.4699 8
    endloop
  endfacet
  facet normal 0 0 1
    outer loop
      vertex -44.495 -24.61 8
      vertex -2.73911 -16.4699 8
      vertex -8.48028 -2.39528 8
    endloop
  endfacet
  facet normal 0 0 1
    outer loop
      vertex -2.73911 -16.4699 8
      vertex -44.495 -24.61 8
      vertex -2.72147 -16.6489 8
    endloop
  endfacet
  facet normal 0 0 1
    outer loop
      vertex -2.72147 -16.6489 8
      vertex -44.495 -24.61 8
      vertex -2.69216 -16.8265 8
    endloop
  endfacet
  facet normal 0 0 1
    outer loop
      vertex -2.69216 -16.8265 8
      vertex -44.495 -24.61 8
      vertex -2.6513 -17.0018 8
    endloop
  endfacet
  facet normal 0 0 1
    outer loop
      vertex -2.6513 -17.0018 8
      vertex -44.495 -24.61 8
      vertex -2.59906 -17.174 8
    endloop
  endfacet
  facet normal 0 0 1
    outer loop
      vertex -44.495 -24.61 8
      vertex -8.48028 -2.39528 8
      vertex -9.01708 -1.82215 8
    endloop
  endfacet
  facet normal 0 0 1
    outer loop
      vertex -44.495 -24.61 8
      vertex -9.01708 -1.82215 8
      vertex -9.51524 -1.21514 8
    endloop
  endfacet
  facet normal 0 0 1
    outer loop
      vertex -44.495 -24.61 8
      vertex -9.51524 -1.21514 8
      vertex -9.97264 -0.576842 8
    endloop
  endfacet
  facet normal 0 0 1
    outer loop
      vertex -38.6818 4.02244 8
      vertex -9.97264 -0.576842 8
      vertex -10.3873 0.0899992 8
    endloop
  endfacet
  facet normal 0 0 1
    outer loop
      vertex -38.5505 4.14546 8
      vertex -10.3873 0.0899992 8
      vertex -10.7575 0.782536 8
    endloop
  endfacet
  facet normal 0 0 1
    outer loop
      vertex -2.59906 -17.174 8
      vertex -44.495 -24.61 8
      vertex -2.53567 -17.3424 8
    endloop
  endfacet
  facet normal 0 0 1
    outer loop
      vertex -37.7509 5.91014 8
      vertex -11.995 6.09 8
      vertex -37.745 6.09 8
    endloop
  endfacet
  facet normal 0 0 1
    outer loop
      vertex -11.995 6.09 8
      vertex -37.7509 5.91014 8
      vertex -11.9693 5.30516 8
    endloop
  endfacet
  facet normal -0 0 1
    outer loop
      vertex -37.7685 5.73105 8
      vertex -11.9693 5.30516 8
      vertex -37.7509 5.91014 8
    endloop
  endfacet
  facet normal 0 0 1
    outer loop
      vertex -11.9693 5.30516 8
      vertex -37.7685 5.73105 8
      vertex -11.8923 4.52369 8
    endloop
  endfacet
  facet normal -0 0 1
    outer loop
      vertex -37.7978 5.5535 8
      vertex -11.8923 4.52369 8
      vertex -37.7685 5.73105 8
    endloop
  endfacet
  facet normal -0 0 1
    outer loop
      vertex -37.8387 5.37825 8
      vertex -11.8923 4.52369 8
      vertex -37.7978 5.5535 8
    endloop
  endfacet
  facet normal 0 0 1
    outer loop
      vertex -11.8923 4.52369 8
      vertex -37.8387 5.37825 8
      vertex -11.7644 3.74892 8
    endloop
  endfacet
  facet normal -0 0 1
    outer loop
      vertex -37.8909 5.20604 8
      vertex -11.7644 3.74892 8
      vertex -37.8387 5.37825 8
    endloop
  endfacet
  facet normal 0 0 1
    outer loop
      vertex -11.7644 3.74892 8
      vertex -37.8909 5.20604 8
      vertex -11.5861 2.98417 8
    endloop
  endfacet
  facet normal -0 0 1
    outer loop
      vertex -37.9543 5.03762 8
      vertex -11.5861 2.98417 8
      vertex -37.8909 5.20604 8
    endloop
  endfacet
  facet normal -0 0 1
    outer loop
      vertex -38.0286 4.87371 8
      vertex -11.5861 2.98417 8
      vertex -37.9543 5.03762 8
    endloop
  endfacet
  facet normal 0 0 1
    outer loop
      vertex -11.5861 2.98417 8
      vertex -38.0286 4.87371 8
      vertex -11.3582 2.23273 8
    endloop
  endfacet
  facet normal -0 0 1
    outer loop
      vertex -38.1134 4.715 8
      vertex -11.3582 2.23273 8
      vertex -38.0286 4.87371 8
    endloop
  endfacet
  facet normal 0 0 1
    outer loop
      vertex -11.3582 2.23273 8
      vertex -38.1134 4.715 8
      vertex -11.0816 1.4978 8
    endloop
  endfacet
  facet normal -0 0 1
    outer loop
      vertex -38.2085 4.56218 8
      vertex -11.0816 1.4978 8
      vertex -38.1134 4.715 8
    endloop
  endfacet
  facet normal -0 0 1
    outer loop
      vertex -38.3133 4.41591 8
      vertex -11.0816 1.4978 8
      vertex -38.2085 4.56218 8
    endloop
  endfacet
  facet normal 0 0 1
    outer loop
      vertex -11.0816 1.4978 8
      vertex -38.3133 4.41591 8
      vertex -10.7575 0.782536 8
    endloop
  endfacet
  facet normal -0 0 1
    outer loop
      vertex -38.4274 4.2768 8
      vertex -10.7575 0.782536 8
      vertex -38.3133 4.41591 8
    endloop
  endfacet
  facet normal -0 0 1
    outer loop
      vertex -38.5505 4.14546 8
      vertex -10.7575 0.782536 8
      vertex -38.4274 4.2768 8
    endloop
  endfacet
  facet normal 0 0 1
    outer loop
      vertex -10.3873 0.0899992 8
      vertex -38.5505 4.14546 8
      vertex -38.6818 4.02244 8
    endloop
  endfacet
  facet normal 0 0 1
    outer loop
      vertex -9.97264 -0.576842 8
      vertex -38.6818 4.02244 8
      vertex -38.8209 3.90828 8
    endloop
  endfacet
  facet normal 0 0 1
    outer loop
      vertex -9.97264 -0.576842 8
      vertex -38.8209 3.90828 8
      vertex -44.495 -24.61 8
    endloop
  endfacet
  facet normal 0 0 1
    outer loop
      vertex -2.53567 -17.3424 8
      vertex -44.495 -24.61 8
      vertex -2.4614 -17.5063 8
    endloop
  endfacet
  facet normal 0 0 1
    outer loop
      vertex -2.4614 -17.5063 8
      vertex -44.495 -24.61 8
      vertex -2.37657 -17.665 8
    endloop
  endfacet
  facet normal 0 0 1
    outer loop
      vertex -2.37657 -17.665 8
      vertex -44.495 -24.61 8
      vertex -2.28154 -17.8178 8
    endloop
  endfacet
  facet normal 0 0 1
    outer loop
      vertex -2.28154 -17.8178 8
      vertex -44.495 -24.61 8
      vertex -2.17672 -17.9641 8
    endloop
  endfacet
  facet normal 0 0 1
    outer loop
      vertex -2.17672 -17.9641 8
      vertex -44.495 -24.61 8
      vertex -2.06256 -18.1032 8
    endloop
  endfacet
  facet normal 0 0 1
    outer loop
      vertex -2.06256 -18.1032 8
      vertex -44.495 -24.61 8
      vertex -1.93954 -18.2345 8
    endloop
  endfacet
  facet normal 0 0 1
    outer loop
      vertex -1.93954 -18.2345 8
      vertex -44.495 -24.61 8
      vertex -1.8082 -18.3576 8
    endloop
  endfacet
  facet normal 0 0 1
    outer loop
      vertex -1.8082 -18.3576 8
      vertex -44.495 -24.61 8
      vertex -1.66909 -18.4717 8
    endloop
  endfacet
  facet normal 0 0 1
    outer loop
      vertex -1.66909 -18.4717 8
      vertex -44.495 -24.61 8
      vertex -1.52282 -18.5765 8
    endloop
  endfacet
  facet normal 0 0 1
    outer loop
      vertex -44.495 -24.61 8
      vertex -38.8209 3.90828 8
      vertex -38.9672 3.80346 8
    endloop
  endfacet
  facet normal 0 0 1
    outer loop
      vertex -44.495 -24.61 8
      vertex -38.9672 3.80346 8
      vertex -39.12 3.70843 8
    endloop
  endfacet
  facet normal 0 0 1
    outer loop
      vertex -44.495 -24.61 8
      vertex -39.12 3.70843 8
      vertex -39.2787 3.6236 8
    endloop
  endfacet
  facet normal 0 0 1
    outer loop
      vertex -44.495 -24.61 8
      vertex -39.2787 3.6236 8
      vertex -39.4426 3.54933 8
    endloop
  endfacet
  facet normal 0 0 1
    outer loop
      vertex -44.495 -24.61 8
      vertex -39.4426 3.54933 8
      vertex -39.611 3.48594 8
    endloop
  endfacet
  facet normal 0 0 1
    outer loop
      vertex -44.495 -24.61 8
      vertex -39.611 3.48594 8
      vertex -39.7832 3.4337 8
    endloop
  endfacet
  facet normal 0 0 1
    outer loop
      vertex -44.495 -24.61 8
      vertex -39.7832 3.4337 8
      vertex -39.9585 3.39284 8
    endloop
  endfacet
  facet normal 0 0 1
    outer loop
      vertex -50.495 -18.61 8
      vertex -39.9585 3.39284 8
      vertex -40.1361 3.36353 8
    endloop
  endfacet
  facet normal 0 0 1
    outer loop
      vertex -50.495 -18.61 8
      vertex -40.1361 3.36353 8
      vertex -40.3151 3.34589 8
    endloop
  endfacet
  facet normal 0 0 1
    outer loop
      vertex -50.495 -18.61 8
      vertex -40.3151 3.34589 8
      vertex -40.495 3.34 8
    endloop
  endfacet
  facet normal 0 0 1
    outer loop
      vertex -50.495 -18.61 8
      vertex -40.495 3.34 8
      vertex -40.6749 3.34589 8
    endloop
  endfacet
  facet normal 0 0 1
    outer loop
      vertex -50.495 -18.61 8
      vertex -40.6749 3.34589 8
      vertex -40.8539 3.36353 8
    endloop
  endfacet
  facet normal 0 0 1
    outer loop
      vertex -50.495 -18.61 8
      vertex -40.8539 3.36353 8
      vertex -41.0315 3.39284 8
    endloop
  endfacet
  facet normal 0 0 1
    outer loop
      vertex -50.495 -18.61 8
      vertex -41.0315 3.39284 8
      vertex -41.2068 3.4337 8
    endloop
  endfacet
  facet normal 0 0 1
    outer loop
      vertex -50.495 -18.61 8
      vertex -41.2068 3.4337 8
      vertex -41.379 3.48594 8
    endloop
  endfacet
  facet normal 0 0 1
    outer loop
      vertex -50.495 -18.61 8
      vertex -41.379 3.48594 8
      vertex -41.5474 3.54933 8
    endloop
  endfacet
  facet normal 0 0 1
    outer loop
      vertex -50.495 -18.61 8
      vertex -41.5474 3.54933 8
      vertex -41.7113 3.6236 8
    endloop
  endfacet
  facet normal 0 0 1
    outer loop
      vertex -50.495 -18.61 8
      vertex -41.7113 3.6236 8
      vertex -41.87 3.70843 8
    endloop
  endfacet
  facet normal 0 0 1
    outer loop
      vertex -43.2391 6.26986 8
      vertex -50.495 17.99 8
      vertex -43.245 6.09 8
    endloop
  endfacet
  facet normal 0 0 1
    outer loop
      vertex 0.00499916 -19.04 8
      vertex -44.495 -24.61 8
      vertex 44.505 -24.61 8
    endloop
  endfacet
  facet normal 0 0 1
    outer loop
      vertex -0.531498 -18.9872 8
      vertex -44.495 -24.61 8
      vertex -0.353947 -19.0165 8
    endloop
  endfacet
  facet normal 0 0 1
    outer loop
      vertex -0.706752 -18.9463 8
      vertex -44.495 -24.61 8
      vertex -0.531498 -18.9872 8
    endloop
  endfacet
  facet normal 0 0 1
    outer loop
      vertex -0.878958 -18.8941 8
      vertex -44.495 -24.61 8
      vertex -0.706752 -18.9463 8
    endloop
  endfacet
  facet normal 0 0 1
    outer loop
      vertex -1.04738 -18.8307 8
      vertex -44.495 -24.61 8
      vertex -0.878958 -18.8941 8
    endloop
  endfacet
  facet normal 0 0 1
    outer loop
      vertex -1.21129 -18.7564 8
      vertex -44.495 -24.61 8
      vertex -1.04738 -18.8307 8
    endloop
  endfacet
  facet normal 0 0 1
    outer loop
      vertex -1.37 -18.6716 8
      vertex -44.495 -24.61 8
      vertex -1.21129 -18.7564 8
    endloop
  endfacet
  facet normal 0 0 1
    outer loop
      vertex -1.52282 -18.5765 8
      vertex -44.495 -24.61 8
      vertex -1.37 -18.6716 8
    endloop
  endfacet
  facet normal 0 0 1
    outer loop
      vertex -50.495 -18.61 8
      vertex -41.87 3.70843 8
      vertex -42.0228 3.80346 8
    endloop
  endfacet
  facet normal 0 0 1
    outer loop
      vertex -50.495 -18.61 8
      vertex -42.0228 3.80346 8
      vertex -42.1691 3.90828 8
    endloop
  endfacet
  facet normal 0 0 1
    outer loop
      vertex -50.495 -18.61 8
      vertex -42.1691 3.90828 8
      vertex -42.3082 4.02244 8
    endloop
  endfacet
  facet normal 0 0 1
    outer loop
      vertex -50.495 -18.61 8
      vertex -42.3082 4.02244 8
      vertex -42.4395 4.14546 8
    endloop
  endfacet
  facet normal 0 0 1
    outer loop
      vertex -50.495 -18.61 8
      vertex -42.4395 4.14546 8
      vertex -42.5626 4.2768 8
    endloop
  endfacet
  facet normal 0 0 1
    outer loop
      vertex -50.495 -18.61 8
      vertex -42.5626 4.2768 8
      vertex -42.6767 4.41591 8
    endloop
  endfacet
  facet normal 0 0 1
    outer loop
      vertex -50.495 -18.61 8
      vertex -42.6767 4.41591 8
      vertex -42.7815 4.56218 8
    endloop
  endfacet
  facet normal 0 0 1
    outer loop
      vertex -50.495 -18.61 8
      vertex -42.7815 4.56218 8
      vertex -42.8766 4.715 8
    endloop
  endfacet
  facet normal 0 0 1
    outer loop
      vertex -50.495 -18.61 8
      vertex -42.8766 4.715 8
      vertex -42.9614 4.87371 8
    endloop
  endfacet
  facet normal 0 0 1
    outer loop
      vertex -50.495 -18.61 8
      vertex -42.9614 4.87371 8
      vertex -43.0357 5.03762 8
    endloop
  endfacet
  facet normal 0 0 1
    outer loop
      vertex -50.495 -18.61 8
      vertex -43.0357 5.03762 8
      vertex -43.0991 5.20604 8
    endloop
  endfacet
  facet normal 0 0 1
    outer loop
      vertex -50.495 -18.61 8
      vertex -43.0991 5.20604 8
      vertex -43.1513 5.37825 8
    endloop
  endfacet
  facet normal 0 0 1
    outer loop
      vertex -50.495 -18.61 8
      vertex -43.1513 5.37825 8
      vertex -43.1922 5.5535 8
    endloop
  endfacet
  facet normal 0 0 1
    outer loop
      vertex -50.495 17.99 8
      vertex -43.1922 5.5535 8
      vertex -43.2215 5.73105 8
    endloop
  endfacet
  facet normal 0 0 1
    outer loop
      vertex -50.495 17.99 8
      vertex -43.2215 5.73105 8
      vertex -43.2391 5.91014 8
    endloop
  endfacet
  facet normal 0 0 1
    outer loop
      vertex -43.245 6.09 8
      vertex -50.495 17.99 8
      vertex -43.2391 5.91014 8
    endloop
  endfacet
  facet normal 0 0 1
    outer loop
      vertex -50.495 17.99 8
      vertex -44.495 23.99 8
      vertex -44.8874 23.9771 8
    endloop
  endfacet
  facet normal 0 0 1
    outer loop
      vertex -43.1922 5.5535 8
      vertex -50.495 17.99 8
      vertex -50.495 -18.61 8
    endloop
  endfacet
  facet normal 0 0 1
    outer loop
      vertex -50.495 17.99 8
      vertex -44.8874 23.9771 8
      vertex -45.2782 23.9387 8
    endloop
  endfacet
  facet normal 0 0 1
    outer loop
      vertex -39.9585 3.39284 8
      vertex -50.495 -18.61 8
      vertex -44.495 -24.61 8
    endloop
  endfacet
  facet normal 0 0 1
    outer loop
      vertex -50.495 17.99 8
      vertex -45.2782 23.9387 8
      vertex -45.6655 23.8747 8
    endloop
  endfacet
  facet normal 0 0 1
    outer loop
      vertex -44.495 -24.61 8
      vertex -50.495 -18.61 8
      vertex -44.8874 -24.5971 8
    endloop
  endfacet
  facet normal 0 0 1
    outer loop
      vertex -50.495 17.99 8
      vertex -45.6655 23.8747 8
      vertex -46.0479 23.7855 8
    endloop
  endfacet
  facet normal 0 0 1
    outer loop
      vertex -44.8874 -24.5971 8
      vertex -50.495 -18.61 8
      vertex -45.2782 -24.5587 8
    endloop
  endfacet
  facet normal 0 0 1
    outer loop
      vertex -50.495 17.99 8
      vertex -46.0479 23.7855 8
      vertex -46.4236 23.6716 8
    endloop
  endfacet
  facet normal 0 0 1
    outer loop
      vertex -45.2782 -24.5587 8
      vertex -50.495 -18.61 8
      vertex -45.6655 -24.4947 8
    endloop
  endfacet
  facet normal 0 0 1
    outer loop
      vertex -50.495 17.99 8
      vertex -46.4236 23.6716 8
      vertex -46.7911 23.5333 8
    endloop
  endfacet
  facet normal 0 0 1
    outer loop
      vertex -45.6655 -24.4947 8
      vertex -50.495 -18.61 8
      vertex -46.0479 -24.4055 8
    endloop
  endfacet
  facet normal 0 0 1
    outer loop
      vertex -50.495 17.99 8
      vertex -46.7911 23.5333 8
      vertex -47.1487 23.3712 8
    endloop
  endfacet
  facet normal 0 0 1
    outer loop
      vertex -46.0479 -24.4055 8
      vertex -50.495 -18.61 8
      vertex -46.4236 -24.2916 8
    endloop
  endfacet
  facet normal 0 0 1
    outer loop
      vertex -50.495 17.99 8
      vertex -47.1487 23.3712 8
      vertex -47.495 23.1861 8
    endloop
  endfacet
  facet normal 0 0 1
    outer loop
      vertex -46.4236 -24.2916 8
      vertex -50.495 -18.61 8
      vertex -46.7911 -24.1533 8
    endloop
  endfacet
  facet normal 0 0 1
    outer loop
      vertex -50.495 17.99 8
      vertex -47.495 23.1861 8
      vertex -47.8284 22.9788 8
    endloop
  endfacet
  facet normal 0 0 1
    outer loop
      vertex -46.7911 -24.1533 8
      vertex -50.495 -18.61 8
      vertex -47.1487 -23.9912 8
    endloop
  endfacet
  facet normal 0 0 1
    outer loop
      vertex -50.495 17.99 8
      vertex -47.8284 22.9788 8
      vertex -48.1476 22.7501 8
    endloop
  endfacet
  facet normal 0 0 1
    outer loop
      vertex -47.1487 -23.9912 8
      vertex -50.495 -18.61 8
      vertex -47.495 -23.8061 8
    endloop
  endfacet
  facet normal 0 0 1
    outer loop
      vertex -50.495 17.99 8
      vertex -48.1476 22.7501 8
      vertex -48.4511 22.501 8
    endloop
  endfacet
  facet normal 0 0 1
    outer loop
      vertex -47.495 -23.8061 8
      vertex -50.495 -18.61 8
      vertex -47.8284 -23.5988 8
    endloop
  endfacet
  facet normal 0 0 1
    outer loop
      vertex -50.495 17.99 8
      vertex -48.4511 22.501 8
      vertex -48.7376 22.2326 8
    endloop
  endfacet
  facet normal 0 0 1
    outer loop
      vertex -47.8284 -23.5988 8
      vertex -50.495 -18.61 8
      vertex -48.1476 -23.3701 8
    endloop
  endfacet
  facet normal 0 0 1
    outer loop
      vertex -50.495 17.99 8
      vertex -48.7376 22.2326 8
      vertex -49.006 21.9461 8
    endloop
  endfacet
  facet normal 0 0 1
    outer loop
      vertex -48.1476 -23.3701 8
      vertex -50.495 -18.61 8
      vertex -48.4511 -23.121 8
    endloop
  endfacet
  facet normal 0 0 1
    outer loop
      vertex -50.495 17.99 8
      vertex -49.006 21.9461 8
      vertex -49.2551 21.6426 8
    endloop
  endfacet
  facet normal 0 0 1
    outer loop
      vertex -48.4511 -23.121 8
      vertex -50.495 -18.61 8
      vertex -48.7376 -22.8526 8
    endloop
  endfacet
  facet normal 0 0 1
    outer loop
      vertex -50.495 17.99 8
      vertex -49.2551 21.6426 8
      vertex -49.4838 21.3234 8
    endloop
  endfacet
  facet normal 0 0 1
    outer loop
      vertex -48.7376 -22.8526 8
      vertex -50.495 -18.61 8
      vertex -49.006 -22.5661 8
    endloop
  endfacet
  facet normal 0 0 1
    outer loop
      vertex -50.495 17.99 8
      vertex -49.4838 21.3234 8
      vertex -49.6911 20.99 8
    endloop
  endfacet
  facet normal 0 0 1
    outer loop
      vertex -49.006 -22.5661 8
      vertex -50.495 -18.61 8
      vertex -49.2551 -22.2626 8
    endloop
  endfacet
  facet normal 0 0 1
    outer loop
      vertex -50.495 17.99 8
      vertex -49.6911 20.99 8
      vertex -49.8762 20.6437 8
    endloop
  endfacet
  facet normal 0 0 1
    outer loop
      vertex -49.2551 -22.2626 8
      vertex -50.495 -18.61 8
      vertex -49.4838 -21.9434 8
    endloop
  endfacet
  facet normal 0 0 1
    outer loop
      vertex -50.495 17.99 8
      vertex -49.8762 20.6437 8
      vertex -50.0383 20.2861 8
    endloop
  endfacet
  facet normal 0 0 1
    outer loop
      vertex -49.4838 -21.9434 8
      vertex -50.495 -18.61 8
      vertex -49.6911 -21.61 8
    endloop
  endfacet
  facet normal 0 0 1
    outer loop
      vertex -50.495 17.99 8
      vertex -50.0383 20.2861 8
      vertex -50.1766 19.9186 8
    endloop
  endfacet
  facet normal 0 0 1
    outer loop
      vertex -49.6911 -21.61 8
      vertex -50.495 -18.61 8
      vertex -49.8762 -21.2637 8
    endloop
  endfacet
  facet normal 0 0 1
    outer loop
      vertex -50.495 17.99 8
      vertex -50.1766 19.9186 8
      vertex -50.2905 19.5429 8
    endloop
  endfacet
  facet normal 0 0 1
    outer loop
      vertex -49.8762 -21.2637 8
      vertex -50.495 -18.61 8
      vertex -50.0383 -20.9061 8
    endloop
  endfacet
  facet normal 0 0 1
    outer loop
      vertex -50.495 17.99 8
      vertex -50.2905 19.5429 8
      vertex -50.3797 19.1605 8
    endloop
  endfacet
  facet normal 0 0 1
    outer loop
      vertex -50.0383 -20.9061 8
      vertex -50.495 -18.61 8
      vertex -50.1766 -20.5386 8
    endloop
  endfacet
  facet normal 0 0 1
    outer loop
      vertex -50.495 17.99 8
      vertex -50.3797 19.1605 8
      vertex -50.4437 18.7731 8
    endloop
  endfacet
  facet normal 0 0 1
    outer loop
      vertex -50.1766 -20.5386 8
      vertex -50.495 -18.61 8
      vertex -50.2905 -20.1629 8
    endloop
  endfacet
  facet normal 0 0 1
    outer loop
      vertex -50.495 17.99 8
      vertex -50.4437 18.7731 8
      vertex -50.4821 18.3824 8
    endloop
  endfacet
  facet normal 0 0 1
    outer loop
      vertex -50.2905 -20.1629 8
      vertex -50.495 -18.61 8
      vertex -50.3797 -19.7805 8
    endloop
  endfacet
  facet normal 0 0 1
    outer loop
      vertex -50.3797 -19.7805 8
      vertex -50.495 -18.61 8
      vertex -50.4437 -19.3931 8
    endloop
  endfacet
  facet normal 0 0 1
    outer loop
      vertex -50.4437 -19.3931 8
      vertex -50.495 -18.61 8
      vertex -50.4821 -19.0024 8
    endloop
  endfacet
  facet normal 0.973856 0.227165 0
    outer loop
      vertex 50.3897 19.1605 8
      vertex 50.3005 19.5429 0
      vertex 50.3005 19.5429 8
    endloop
  endfacet
  facet normal 0.973856 0.227165 0
    outer loop
      vertex 50.3005 19.5429 0
      vertex 50.3897 19.1605 8
      vertex 50.3897 19.1605 0
    endloop
  endfacet
  facet normal 0.812889 0.582418 0
    outer loop
      vertex 49.4938 21.3234 8
      vertex 49.2651 21.6426 0
      vertex 49.2651 21.6426 8
    endloop
  endfacet
  facet normal 0.812889 0.582418 0
    outer loop
      vertex 49.2651 21.6426 0
      vertex 49.4938 21.3234 8
      vertex 49.4938 21.3234 0
    endloop
  endfacet
  facet normal -0.986627 0.162995 0
    outer loop
      vertex -50.4437 18.7731 0
      vertex -50.3797 19.1605 8
      vertex -50.3797 19.1605 0
    endloop
  endfacet
  facet normal -0.986627 0.162995 0
    outer loop
      vertex -50.3797 19.1605 8
      vertex -50.4437 18.7731 0
      vertex -50.4437 18.7731 8
    endloop
  endfacet
  facet normal 0.0978138 0.995205 -0
    outer loop
      vertex 45.2881 23.9387 0
      vertex 44.8974 23.9771 8
      vertex 45.2881 23.9387 8
    endloop
  endfacet
  facet normal 0.0978138 0.995205 0
    outer loop
      vertex 44.8974 23.9771 8
      vertex 45.2881 23.9387 0
      vertex 44.8974 23.9771 0
    endloop
  endfacet
  facet normal 0.412862 -0.910793 0
    outer loop
      vertex 46.8011 -24.1533 0
      vertex 47.1587 -23.9912 8
      vertex 46.8011 -24.1533 8
    endloop
  endfacet
  facet normal 0.412862 -0.910793 0
    outer loop
      vertex 47.1587 -23.9912 8
      vertex 46.8011 -24.1533 0
      vertex 47.1587 -23.9912 0
    endloop
  endfacet
  facet normal -0.528028 -0.849227 0
    outer loop
      vertex -47.8284 -23.5988 0
      vertex -47.495 -23.8061 8
      vertex -47.8284 -23.5988 8
    endloop
  endfacet
  facet normal -0.528028 -0.849227 -0
    outer loop
      vertex -47.495 -23.8061 8
      vertex -47.8284 -23.5988 0
      vertex -47.495 -23.8061 0
    endloop
  endfacet
  facet normal 0.910793 -0.412862 0
    outer loop
      vertex 49.8862 -21.2637 8
      vertex 50.0483 -20.9061 0
      vertex 50.0483 -20.9061 8
    endloop
  endfacet
  facet normal 0.910793 -0.412862 0
    outer loop
      vertex 50.0483 -20.9061 0
      vertex 49.8862 -21.2637 8
      vertex 49.8862 -21.2637 0
    endloop
  endfacet
  facet normal 0.227165 -0.973856 0
    outer loop
      vertex 45.6755 -24.4947 0
      vertex 46.0579 -24.4055 8
      vertex 45.6755 -24.4947 8
    endloop
  endfacet
  facet normal 0.227165 -0.973856 0
    outer loop
      vertex 46.0579 -24.4055 8
      vertex 45.6755 -24.4947 0
      vertex 46.0579 -24.4055 0
    endloop
  endfacet
  facet normal -0.956988 0.290128 0
    outer loop
      vertex -50.2905 19.5429 0
      vertex -50.1766 19.9186 8
      vertex -50.1766 19.9186 0
    endloop
  endfacet
  facet normal -0.956988 0.290128 0
    outer loop
      vertex -50.1766 19.9186 8
      vertex -50.2905 19.5429 0
      vertex -50.2905 19.5429 8
    endloop
  endfacet
  facet normal -0.812889 -0.582418 0
    outer loop
      vertex -49.2551 -22.2626 0
      vertex -49.4838 -21.9434 8
      vertex -49.4838 -21.9434 0
    endloop
  endfacet
  facet normal -0.812889 -0.582418 0
    outer loop
      vertex -49.4838 -21.9434 8
      vertex -49.2551 -22.2626 0
      vertex -49.2551 -22.2626 8
    endloop
  endfacet
  facet normal 0.471394 0.881923 -0
    outer loop
      vertex 47.505 23.1861 0
      vertex 47.1587 23.3712 8
      vertex 47.505 23.1861 8
    endloop
  endfacet
  facet normal 0.471394 0.881923 0
    outer loop
      vertex 47.1587 23.3712 8
      vertex 47.505 23.1861 0
      vertex 47.1587 23.3712 0
    endloop
  endfacet
  facet normal -0.973856 0.227165 0
    outer loop
      vertex -50.3797 19.1605 0
      vertex -50.2905 19.5429 8
      vertex -50.2905 19.5429 0
    endloop
  endfacet
  facet normal -0.973856 0.227165 0
    outer loop
      vertex -50.2905 19.5429 8
      vertex -50.3797 19.1605 0
      vertex -50.3797 19.1605 8
    endloop
  endfacet
  facet normal 0.849227 -0.528028 0
    outer loop
      vertex 49.4938 -21.9434 8
      vertex 49.7011 -21.61 0
      vertex 49.7011 -21.61 8
    endloop
  endfacet
  facet normal 0.849227 -0.528028 0
    outer loop
      vertex 49.7011 -21.61 0
      vertex 49.4938 -21.9434 8
      vertex 49.4938 -21.9434 0
    endloop
  endfacet
  facet normal 0.986627 -0.162995 0
    outer loop
      vertex 50.3897 -19.7805 8
      vertex 50.4537 -19.3931 0
      vertex 50.4537 -19.3931 8
    endloop
  endfacet
  facet normal 0.986627 -0.162995 0
    outer loop
      vertex 50.4537 -19.3931 0
      vertex 50.3897 -19.7805 8
      vertex 50.3897 -19.7805 0
    endloop
  endfacet
  facet normal -0.77298 -0.63443 0
    outer loop
      vertex -49.006 -22.5661 0
      vertex -49.2551 -22.2626 8
      vertex -49.2551 -22.2626 0
    endloop
  endfacet
  facet normal -0.77298 -0.63443 0
    outer loop
      vertex -49.2551 -22.2626 8
      vertex -49.006 -22.5661 0
      vertex -49.006 -22.5661 8
    endloop
  endfacet
  facet normal -0.956988 -0.290128 0
    outer loop
      vertex -50.1766 -20.5386 0
      vertex -50.2905 -20.1629 8
      vertex -50.2905 -20.1629 0
    endloop
  endfacet
  facet normal -0.956988 -0.290128 0
    outer loop
      vertex -50.2905 -20.1629 8
      vertex -50.1766 -20.5386 0
      vertex -50.1766 -20.5386 8
    endloop
  endfacet
  facet normal 0.812889 -0.582418 0
    outer loop
      vertex 49.2651 -22.2626 8
      vertex 49.4938 -21.9434 0
      vertex 49.4938 -21.9434 8
    endloop
  endfacet
  facet normal 0.812889 -0.582418 0
    outer loop
      vertex 49.4938 -21.9434 0
      vertex 49.2651 -22.2626 8
      vertex 49.2651 -22.2626 0
    endloop
  endfacet
  facet normal -0.881923 -0.471394 0
    outer loop
      vertex -49.6911 -21.61 0
      vertex -49.8762 -21.2637 8
      vertex -49.8762 -21.2637 0
    endloop
  endfacet
  facet normal -0.881923 -0.471394 0
    outer loop
      vertex -49.8762 -21.2637 8
      vertex -49.6911 -21.61 0
      vertex -49.6911 -21.61 8
    endloop
  endfacet
  facet normal 0.995205 -0.0978138 0
    outer loop
      vertex 50.4537 -19.3931 8
      vertex 50.4921 -19.0024 0
      vertex 50.4921 -19.0024 8
    endloop
  endfacet
  facet normal 0.995205 -0.0978138 0
    outer loop
      vertex 50.4921 -19.0024 0
      vertex 50.4537 -19.3931 8
      vertex 50.4537 -19.3931 0
    endloop
  endfacet
  facet normal 0.99946 -0.0328569 0
    outer loop
      vertex 50.4921 -19.0024 8
      vertex 50.505 -18.61 0
      vertex 50.505 -18.61 8
    endloop
  endfacet
  facet normal 0.99946 -0.0328569 0
    outer loop
      vertex 50.505 -18.61 0
      vertex 50.4921 -19.0024 8
      vertex 50.4921 -19.0024 0
    endloop
  endfacet
  facet normal -0.995205 -0.0978138 0
    outer loop
      vertex -50.4437 -19.3931 0
      vertex -50.4821 -19.0024 8
      vertex -50.4821 -19.0024 0
    endloop
  endfacet
  facet normal -0.995205 -0.0978138 0
    outer loop
      vertex -50.4821 -19.0024 8
      vertex -50.4437 -19.3931 0
      vertex -50.4437 -19.3931 8
    endloop
  endfacet
  facet normal 0.352212 -0.93592 0
    outer loop
      vertex 46.4336 -24.2916 0
      vertex 46.8011 -24.1533 8
      vertex 46.4336 -24.2916 8
    endloop
  endfacet
  facet normal 0.352212 -0.93592 0
    outer loop
      vertex 46.8011 -24.1533 8
      vertex 46.4336 -24.2916 0
      vertex 46.8011 -24.1533 0
    endloop
  endfacet
  facet normal 0.683678 0.729783 -0
    outer loop
      vertex 48.7476 22.2326 0
      vertex 48.4611 22.501 8
      vertex 48.7476 22.2326 8
    endloop
  endfacet
  facet normal 0.683678 0.729783 0
    outer loop
      vertex 48.4611 22.501 8
      vertex 48.7476 22.2326 0
      vertex 48.4611 22.501 0
    endloop
  endfacet
  facet normal 0.729783 0.683678 0
    outer loop
      vertex 49.016 21.9461 8
      vertex 48.7476 22.2326 0
      vertex 48.7476 22.2326 8
    endloop
  endfacet
  facet normal 0.729783 0.683678 0
    outer loop
      vertex 48.7476 22.2326 0
      vertex 49.016 21.9461 8
      vertex 49.016 21.9461 0
    endloop
  endfacet
  facet normal -0.910793 -0.412862 0
    outer loop
      vertex -49.8762 -21.2637 0
      vertex -50.0383 -20.9061 8
      vertex -50.0383 -20.9061 0
    endloop
  endfacet
  facet normal -0.910793 -0.412862 0
    outer loop
      vertex -50.0383 -20.9061 8
      vertex -49.8762 -21.2637 0
      vertex -49.8762 -21.2637 8
    endloop
  endfacet
  facet normal 0.973856 -0.227165 0
    outer loop
      vertex 50.3005 -20.1629 8
      vertex 50.3897 -19.7805 0
      vertex 50.3897 -19.7805 8
    endloop
  endfacet
  facet normal 0.973856 -0.227165 0
    outer loop
      vertex 50.3897 -19.7805 0
      vertex 50.3005 -20.1629 8
      vertex 50.3005 -20.1629 0
    endloop
  endfacet
  facet normal 0.956988 -0.290128 0
    outer loop
      vertex 50.1866 -20.5386 8
      vertex 50.3005 -20.1629 0
      vertex 50.3005 -20.1629 8
    endloop
  endfacet
  facet normal 0.956988 -0.290128 0
    outer loop
      vertex 50.3005 -20.1629 0
      vertex 50.1866 -20.5386 8
      vertex 50.1866 -20.5386 0
    endloop
  endfacet
  facet normal 0.77298 -0.63443 0
    outer loop
      vertex 49.016 -22.5661 8
      vertex 49.2651 -22.2626 0
      vertex 49.2651 -22.2626 8
    endloop
  endfacet
  facet normal 0.77298 -0.63443 0
    outer loop
      vertex 49.2651 -22.2626 0
      vertex 49.016 -22.5661 8
      vertex 49.016 -22.5661 0
    endloop
  endfacet
  facet normal 0.290128 -0.956988 0
    outer loop
      vertex 46.0579 -24.4055 0
      vertex 46.4336 -24.2916 8
      vertex 46.0579 -24.4055 8
    endloop
  endfacet
  facet normal 0.290128 -0.956988 0
    outer loop
      vertex 46.4336 -24.2916 8
      vertex 46.0579 -24.4055 0
      vertex 46.4336 -24.2916 0
    endloop
  endfacet
endsolid OpenSCAD_Model
